execution_id,execution_datetime,data_source,check_type,check_name,schedule_type,execution_status,records_checked,records_failed,execution_duration_sec,cpu_usage_percent,memory_usage_mb,threshold_value,actual_value,threshold_breached,incident_created
EXEC-000001,2025-09-30 11:00:00,CRM_CLIENTS,RANGE_CHECK,CHECK_691,WEEKLY,SUCCESS,7371,59,42.63,25.46,50.0,1.4688,1.158579420649715,False,False
EXEC-000002,2025-09-22 15:00:00,FRAUD_DETECTION,NULL_CHECK,CHECK_540,HOURLY,TIMEOUT,355,0,8.8,15.48,316.18,3.9598,,False,False
EXEC-000003,2025-10-26 09:00:00,CRM_CLIENTS,CONSISTENCY_CHECK,CHECK_509,ON_DEMAND,SUCCESS,61359,1265,16.64,23.5,240.8,4.6061,2.4688332562265405,False,False
EXEC-000004,2025-10-20 18:00:00,CREDIT_BUREAU,RANGE_CHECK,CHECK_798,HOURLY,TIMEOUT,4546,0,7.44,20.04,102.38,1.4737,,False,False
EXEC-000005,2025-12-26 18:00:00,INTERNET_BANK,NULL_CHECK,CHECK_431,ON_DEMAND,SUCCESS,110927,8,15.97,17.2,311.18,4.7003,4.040425972079566,False,False
EXEC-000006,2025-10-25 17:00:00,INTERNET_BANK,REFERENTIAL_INTEGRITY,CHECK_516,ON_DEMAND,SUCCESS,11126,87,7.6,27.44,256.0,2.4528,2.1319686628329158,False,False
EXEC-000007,2026-02-26 04:00:00,CRM_CLIENTS,NULL_CHECK,CHECK_292,ON_DEMAND,SUCCESS,279240,16,19.21,51.59,178.07,4.9649,2.08741173430022,False,False
EXEC-000008,2026-03-02 13:00:00,MOBILE_APP,NULL_CHECK,CHECK_299,ON_DEMAND,SUCCESS,1234,247,0.81,24.32,206.29,2.98,0.6131554267666302,False,False
EXEC-000009,2025-11-06 06:00:00,INTERNET_BANK,REFERENTIAL_INTEGRITY,CHECK_579,WEEKLY,SUCCESS,463927,4,6.19,30.63,263.61,0.7974,0.5412309343862,False,False
EXEC-000010,2026-02-11 09:00:00,FRAUD_DETECTION,RANGE_CHECK,CHECK_103,HOURLY,SUCCESS,51343,11,3.69,55.89,555.91,3.7359,1.5521124130083346,False,False
EXEC-000011,2025-12-29 22:00:00,MOBILE_APP,SCHEMA_VALIDATION,CHECK_214,HOURLY,SUCCESS,52853,1565,36.79,25.34,536.23,1.6971,0.6709701185709372,False,False
EXEC-000012,2025-09-11 04:00:00,PAYMENT_SYSTEM,CONSISTENCY_CHECK,CHECK_385,DAILY,SUCCESS,583165,122,3.32,42.31,1947.22,2.9561,1.0576781040313346,False,False
EXEC-000013,2025-12-26 02:00:00,CRM_CLIENTS,FORMAT_CHECK,CHECK_163,ON_DEMAND,SUCCESS,38078,20,9.61,38.48,686.81,1.3214,0.7986613280456225,False,False
EXEC-000014,2026-01-11 20:00:00,FRAUD_DETECTION,RANGE_CHECK,CHECK_761,DAILY,SUCCESS,15563,39,1.69,34.86,109.6,3.6105,1.9353529972537828,False,False
EXEC-000015,2026-01-26 14:00:00,CREDIT_BUREAU,FORMAT_CHECK,CHECK_947,ON_DEMAND,SUCCESS,368,614,5.2,18.19,927.53,0.4434,0.25325224313732214,False,False
EXEC-000016,2025-10-06 08:00:00,MOBILE_APP,DUPLICATE_CHECK,CHECK_147,WEEKLY,FAILED,33910,21,6.79,19.28,338.16,2.8075,11.278161272302524,True,True
EXEC-000017,2026-02-22 21:00:00,FRAUD_DETECTION,RANGE_CHECK,CHECK_881,DAILY,SUCCESS,3697,226,8.48,76.14,846.97,0.5244,0.0672361755421598,False,False
EXEC-000018,2026-01-16 08:00:00,SCORING_ENGINE,DUPLICATE_CHECK,CHECK_744,HOURLY,SUCCESS,12282,52766,522.65,36.42,793.98,4.5617,3.696269524962963,False,False
EXEC-000019,2025-11-12 11:00:00,MOBILE_APP,SCHEMA_VALIDATION,CHECK_817,DAILY,SKIPPED,16741,0,3.39,68.62,233.5,0.7901,,False,False
EXEC-000020,2025-10-28 04:00:00,CRM_CLIENTS,NULL_CHECK,CHECK_465,DAILY,SUCCESS,1666,1,29.79,10.83,45.29,1.8402,0.7923774580780434,False,False
EXEC-000021,2025-11-04 21:00:00,MOBILE_APP,REFERENTIAL_INTEGRITY,CHECK_934,ON_DEMAND,FAILED,53502,866,6.18,26.11,591.95,1.256,2.0136340416456293,True,False
EXEC-000022,2026-02-13 00:00:00,PAYMENT_SYSTEM,CONSISTENCY_CHECK,CHECK_256,ON_DEMAND,TIMEOUT,10187,0,3.87,48.49,583.6,3.6037,,False,False
EXEC-000023,2025-09-23 20:00:00,INTERNET_BANK,REFERENTIAL_INTEGRITY,CHECK_933,ON_DEMAND,SUCCESS,42080,0,26.9,3.3,485.04,0.3337,0.19229514603404832,False,False
EXEC-000024,2025-11-17 09:00:00,PAYMENT_SYSTEM,SCHEMA_VALIDATION,CHECK_549,HOURLY,SUCCESS,23663,0,1.94,58.69,17.76,0.9853,0.7064305591098639,False,False
EXEC-000025,2026-02-16 17:00:00,LOAN_REGISTRY,RANGE_CHECK,CHECK_649,HOURLY,SUCCESS,10084,119,8.22,40.57,2700.25,3.2419,1.097815937687109,False,False
EXEC-000026,2026-03-10 06:00:00,CREDIT_BUREAU,CONSISTENCY_CHECK,CHECK_164,HOURLY,SUCCESS,183630,1437,26.84,11.91,3999.52,1.1538,0.3778071745175182,False,False
EXEC-000027,2026-02-04 06:00:00,INTERNET_BANK,NULL_CHECK,CHECK_125,DAILY,SUCCESS,1747,246,9.0,59.74,1381.82,3.5283,2.656897887146932,False,False
EXEC-000028,2026-01-11 04:00:00,CRM_CLIENTS,DUPLICATE_CHECK,CHECK_476,ON_DEMAND,SUCCESS,369,630,1.43,18.47,1141.94,0.8421,0.5859400250127792,False,False
EXEC-000029,2025-12-19 23:00:00,FRAUD_DETECTION,FRESHNESS_CHECK,CHECK_433,DAILY,SUCCESS,5668,419,1.17,51.89,1339.42,3.286,1.4650434069983074,False,False
EXEC-000030,2026-01-04 21:00:00,FRAUD_DETECTION,CONSISTENCY_CHECK,CHECK_764,ON_DEMAND,SUCCESS,8236,88,7.21,35.95,277.07,2.3469,0.418701367804863,False,False
EXEC-000031,2025-11-07 23:00:00,MOBILE_APP,DUPLICATE_CHECK,CHECK_631,HOURLY,FAILED,9711,458,6.88,48.85,333.1,0.1314,0.6023921300260071,True,True
EXEC-000032,2025-09-15 07:00:00,SCORING_ENGINE,SCHEMA_VALIDATION,CHECK_774,ON_DEMAND,SUCCESS,1402,446,5.76,26.6,1478.73,3.0591,1.2024338668319858,False,False
EXEC-000033,2025-09-13 10:00:00,FRAUD_DETECTION,REFERENTIAL_INTEGRITY,CHECK_146,ON_DEMAND,SUCCESS,3050,113,7.17,36.36,164.11,2.6067,1.906761920190737,False,False
EXEC-000034,2026-02-02 14:00:00,FRAUD_DETECTION,CONSISTENCY_CHECK,CHECK_137,ON_DEMAND,SUCCESS,96282,1186,39.06,21.45,697.23,1.586,0.20324584591382128,False,False
EXEC-000035,2025-11-04 04:00:00,CREDIT_BUREAU,FRESHNESS_CHECK,CHECK_125,HOURLY,SUCCESS,1422,523,5.74,13.93,1963.83,4.0083,2.612500674857109,False,False
EXEC-000036,2025-09-02 06:00:00,INTERNET_BANK,COMPLETENESS_CHECK,CHECK_255,DAILY,SUCCESS,17092,177,10.79,47.04,253.06,2.1721,1.810140354225453,False,False
EXEC-000037,2025-12-31 07:00:00,LOAN_REGISTRY,REFERENTIAL_INTEGRITY,CHECK_595,ON_DEMAND,SUCCESS,424,3,0.67,6.85,175.51,2.7092,1.412754881312474,False,False
EXEC-000038,2025-09-06 20:00:00,CREDIT_BUREAU,DUPLICATE_CHECK,CHECK_976,DAILY,SUCCESS,4077,2,3.61,17.01,103.7,4.7723,2.8556210360619287,False,False
EXEC-000039,2026-01-06 03:00:00,FRAUD_DETECTION,NULL_CHECK,CHECK_798,ON_DEMAND,SUCCESS,3418,3,6.48,29.2,603.79,3.3881,1.4404865470548913,False,False
EXEC-000040,2025-12-25 14:00:00,SCORING_ENGINE,CONSISTENCY_CHECK,CHECK_282,HOURLY,TIMEOUT,469091,0,2.67,16.42,235.56,0.2492,,False,False
EXEC-000041,2026-01-20 20:00:00,SCORING_ENGINE,CONSISTENCY_CHECK,CHECK_846,HOURLY,SUCCESS,22199,1383,91.42,56.28,449.95,4.1663,0.9672713198763938,False,False
EXEC-000042,2025-09-03 12:00:00,LOAN_REGISTRY,SCHEMA_VALIDATION,CHECK_231,HOURLY,FAILED,222,25,5.9,45.91,137.98,0.8709,4.072564214720641,True,True
EXEC-000043,2025-12-17 13:00:00,CREDIT_BUREAU,FRESHNESS_CHECK,CHECK_167,WEEKLY,SUCCESS,5677,239,46.65,59.04,82.54,3.3559,2.7212922713481795,False,False
EXEC-000044,2026-02-06 04:00:00,PAYMENT_SYSTEM,NULL_CHECK,CHECK_416,ON_DEMAND,SUCCESS,44353,28,67.01,14.6,155.18,4.3099,1.918000558712496,False,False
EXEC-000045,2025-09-30 02:00:00,LOAN_REGISTRY,FRESHNESS_CHECK,CHECK_290,WEEKLY,SUCCESS,2352,2,14.42,68.42,246.96,4.4543,3.745566328743624,False,False
EXEC-000046,2025-10-16 18:00:00,CREDIT_BUREAU,RANGE_CHECK,CHECK_427,HOURLY,SUCCESS,10810,222,18.7,35.68,574.82,0.7949,0.4145840590661612,False,False
EXEC-000047,2025-10-03 18:00:00,MOBILE_APP,DUPLICATE_CHECK,CHECK_574,WEEKLY,SUCCESS,25307,7,0.79,5.14,191.85,2.3809,2.0610259046669777,False,False
EXEC-000048,2026-02-25 16:00:00,CRM_CLIENTS,SCHEMA_VALIDATION,CHECK_778,HOURLY,SUCCESS,62737,0,6.52,12.8,146.71,2.1919,1.8052265700265466,False,False
EXEC-000049,2026-03-11 15:00:00,LOAN_REGISTRY,ACCURACY_CHECK,CHECK_967,HOURLY,SUCCESS,239,84,3.84,23.0,418.49,2.3829,1.495350270710565,False,False
EXEC-000050,2025-10-10 18:00:00,INTERNET_BANK,COMPLETENESS_CHECK,CHECK_299,ON_DEMAND,SUCCESS,274,791,4.8,12.92,82.86,0.6137,0.269966300330785,False,False
EXEC-000051,2025-10-17 08:00:00,MOBILE_APP,SCHEMA_VALIDATION,CHECK_222,WEEKLY,SUCCESS,39371,77,94.81,52.17,1376.91,3.4458,2.563265018352151,False,False
EXEC-000052,2026-02-09 14:00:00,PAYMENT_SYSTEM,FORMAT_CHECK,CHECK_535,HOURLY,FAILED,864571,22,5.68,50.64,668.25,3.0007,13.718597171696233,True,True
EXEC-000053,2026-02-16 17:00:00,INTERNET_BANK,NULL_CHECK,CHECK_127,WEEKLY,FAILED,17559,19,10.94,52.66,282.24,3.9508,16.065397255804427,True,True
EXEC-000054,2026-03-08 22:00:00,LOAN_REGISTRY,REFERENTIAL_INTEGRITY,CHECK_718,WEEKLY,SUCCESS,1753,23,22.86,26.51,2597.84,4.6552,2.868829792019496,False,False
EXEC-000055,2026-03-08 06:00:00,CRM_CLIENTS,COMPLETENESS_CHECK,CHECK_408,DAILY,SUCCESS,46127,1536,0.69,21.62,1759.42,1.7245,1.1434662616208915,False,False
EXEC-000056,2025-12-26 07:00:00,PAYMENT_SYSTEM,DUPLICATE_CHECK,CHECK_332,WEEKLY,SUCCESS,1925,12,4.93,49.16,304.36,3.5003,2.277110741726471,False,False
EXEC-000057,2025-10-11 21:00:00,CRM_CLIENTS,COMPLETENESS_CHECK,CHECK_687,ON_DEMAND,SUCCESS,6163,47,4.22,11.95,477.79,2.7313,1.8050954798741163,False,False
EXEC-000058,2025-09-12 02:00:00,PAYMENT_SYSTEM,ACCURACY_CHECK,CHECK_808,HOURLY,SUCCESS,5790,3,1.1,38.03,79.49,4.7205,3.650426534799427,False,False
EXEC-000059,2025-12-18 05:00:00,CREDIT_BUREAU,CONSISTENCY_CHECK,CHECK_910,HOURLY,SUCCESS,23887,3,3.24,5.38,426.41,3.9465,3.2780925355388235,False,False
EXEC-000060,2025-11-23 23:00:00,PAYMENT_SYSTEM,COMPLETENESS_CHECK,CHECK_226,HOURLY,SUCCESS,650,18,0.81,38.89,199.29,1.0929,0.6281584494678042,False,False
EXEC-000061,2025-12-16 12:00:00,MOBILE_APP,ACCURACY_CHECK,CHECK_887,ON_DEMAND,SUCCESS,26685,87,5.69,59.14,136.06,1.5179,0.4809015132319688,False,False
EXEC-000062,2026-03-03 07:00:00,CREDIT_BUREAU,COMPLETENESS_CHECK,CHECK_322,WEEKLY,SUCCESS,13072,0,11.58,27.2,209.2,2.5182,0.8258116984971186,False,False
EXEC-000063,2026-01-24 06:00:00,INTERNET_BANK,SCHEMA_VALIDATION,CHECK_881,HOURLY,SUCCESS,12507,4,6.48,28.5,339.27,1.1669,0.5055541811933867,False,False
EXEC-000064,2025-12-10 03:00:00,PAYMENT_SYSTEM,REFERENTIAL_INTEGRITY,CHECK_507,ON_DEMAND,SUCCESS,2970,4,3.42,34.31,705.03,1.988,0.6931736773220145,False,False
EXEC-000065,2025-09-14 06:00:00,CRM_CLIENTS,COMPLETENESS_CHECK,CHECK_641,ON_DEMAND,FAILED,8201,1,1.26,32.13,1105.88,2.5142,5.568998086945216,True,True
EXEC-000066,2025-10-07 09:00:00,CRM_CLIENTS,ACCURACY_CHECK,CHECK_925,DAILY,SUCCESS,4299,165,2.81,39.68,366.92,4.6974,1.9673141946584571,False,False
EXEC-000067,2025-09-19 17:00:00,MOBILE_APP,SCHEMA_VALIDATION,CHECK_742,DAILY,SUCCESS,2441,0,6.69,34.63,774.19,0.3726,0.25034610227243675,False,False
EXEC-000068,2025-12-12 11:00:00,CRM_CLIENTS,FORMAT_CHECK,CHECK_810,HOURLY,SUCCESS,7301,10,51.93,14.44,1082.65,4.076,3.4885045277123985,False,False
EXEC-000069,2025-10-17 17:00:00,PAYMENT_SYSTEM,FRESHNESS_CHECK,CHECK_188,HOURLY,SUCCESS,22839,0,13.29,18.51,562.94,2.3556,0.4055167525416214,False,False
EXEC-000070,2025-11-28 03:00:00,CRM_CLIENTS,ACCURACY_CHECK,CHECK_606,WEEKLY,FAILED,2764,6,41.76,74.56,250.74,4.4131,9.641240673134808,True,True
EXEC-000071,2026-01-08 13:00:00,SCORING_ENGINE,DUPLICATE_CHECK,CHECK_268,WEEKLY,SUCCESS,5699,1,0.27,15.94,225.54,0.2477,0.1204515826922618,False,False
EXEC-000072,2025-10-23 05:00:00,CREDIT_BUREAU,CONSISTENCY_CHECK,CHECK_135,ON_DEMAND,SUCCESS,172,444,14.55,64.17,139.68,2.8225,1.701853925825815,False,False
EXEC-000073,2025-12-05 19:00:00,CREDIT_BUREAU,FRESHNESS_CHECK,CHECK_303,WEEKLY,SUCCESS,714,20,1.01,55.84,125.68,3.2522,0.6432731896922418,False,False
EXEC-000074,2025-12-26 00:00:00,MOBILE_APP,ACCURACY_CHECK,CHECK_224,DAILY,SUCCESS,3580,27,2.71,50.03,310.9,4.6224,0.5934361888498156,False,False
EXEC-000075,2026-01-19 15:00:00,SCORING_ENGINE,FRESHNESS_CHECK,CHECK_302,WEEKLY,FAILED,138,70,1.64,67.62,258.37,2.7559,11.266297754086098,True,True
EXEC-000076,2025-09-26 09:00:00,INTERNET_BANK,CONSISTENCY_CHECK,CHECK_487,ON_DEMAND,SUCCESS,3166,40,4.05,51.86,155.27,4.1723,1.2874457764064882,False,False
EXEC-000077,2026-03-01 05:00:00,LOAN_REGISTRY,CONSISTENCY_CHECK,CHECK_737,WEEKLY,SUCCESS,87685,9,1.19,8.34,258.02,4.8821,1.4738559566440745,False,False
EXEC-000078,2026-01-03 04:00:00,LOAN_REGISTRY,COMPLETENESS_CHECK,CHECK_454,WEEKLY,SUCCESS,120762,174,18.48,20.17,560.94,1.5922,0.8739204707930398,False,False
EXEC-000079,2025-09-26 15:00:00,FRAUD_DETECTION,ACCURACY_CHECK,CHECK_459,ON_DEMAND,SUCCESS,7973,21,5.97,21.32,296.45,4.9645,2.145470267305511,False,False
EXEC-000080,2026-02-18 01:00:00,PAYMENT_SYSTEM,ACCURACY_CHECK,CHECK_826,DAILY,FAILED,385950,7996,26.98,37.4,60.67,0.8875,2.0346394567906985,True,True
EXEC-000081,2025-12-15 06:00:00,INTERNET_BANK,CONSISTENCY_CHECK,CHECK_257,HOURLY,SUCCESS,8240,33,26.08,42.38,554.31,3.4283,2.446045749550547,False,False
EXEC-000082,2025-12-12 08:00:00,SCORING_ENGINE,NULL_CHECK,CHECK_630,DAILY,SUCCESS,1096,0,25.74,11.54,496.28,3.2611,1.8124190024561209,False,False
EXEC-000083,2026-01-17 21:00:00,FRAUD_DETECTION,RANGE_CHECK,CHECK_894,HOURLY,SUCCESS,4001,10,19.24,35.71,307.87,0.6608,0.3134539960422327,False,False
EXEC-000084,2025-09-08 18:00:00,MOBILE_APP,COMPLETENESS_CHECK,CHECK_500,ON_DEMAND,SUCCESS,38654,8,1.19,28.7,736.28,0.4561,0.15307921451654533,False,False
EXEC-000085,2025-09-09 22:00:00,CREDIT_BUREAU,RANGE_CHECK,CHECK_280,DAILY,SUCCESS,16111,11078,45.05,2.78,137.52,3.0148,1.5822840240132208,False,False
EXEC-000086,2025-12-07 07:00:00,PAYMENT_SYSTEM,REFERENTIAL_INTEGRITY,CHECK_838,HOURLY,SUCCESS,29985,95,14.6,56.22,222.18,2.0921,1.6190583927555617,False,False
EXEC-000087,2025-12-21 20:00:00,MOBILE_APP,SCHEMA_VALIDATION,CHECK_127,HOURLY,SUCCESS,7825,3,36.02,19.62,57.46,0.4289,0.32282659841443506,False,False
EXEC-000088,2025-11-03 01:00:00,CRM_CLIENTS,FORMAT_CHECK,CHECK_715,DAILY,SUCCESS,30212,0,45.72,22.42,185.33,3.7628,0.47865284294208077,False,False
EXEC-000089,2025-10-02 18:00:00,PAYMENT_SYSTEM,DUPLICATE_CHECK,CHECK_760,DAILY,SUCCESS,4002,25,9.04,25.85,1115.63,0.5442,0.15603029532994714,False,False
EXEC-000090,2025-10-17 21:00:00,CRM_CLIENTS,FORMAT_CHECK,CHECK_290,WEEKLY,FAILED,5622,2925,17.36,23.65,216.74,4.0626,8.547328359752958,True,True
EXEC-000091,2026-02-27 04:00:00,PAYMENT_SYSTEM,CONSISTENCY_CHECK,CHECK_689,HOURLY,FAILED,1228,30,1.17,37.44,462.81,0.5166,2.378169613646896,True,True
EXEC-000092,2025-10-05 04:00:00,MOBILE_APP,SCHEMA_VALIDATION,CHECK_843,HOURLY,SUCCESS,11043,1273,11.94,28.47,86.24,3.5739,2.549310591383306,False,False
EXEC-000093,2026-01-02 17:00:00,CRM_CLIENTS,COMPLETENESS_CHECK,CHECK_746,HOURLY,FAILED,63389,16,14.93,45.02,96.07,4.3516,16.087125853999254,True,True
EXEC-000094,2025-10-09 16:00:00,CRM_CLIENTS,RANGE_CHECK,CHECK_976,ON_DEMAND,SUCCESS,223,18,2.25,8.14,49.21,4.2731,1.6892100262532,False,False
EXEC-000095,2025-10-03 11:00:00,PAYMENT_SYSTEM,RANGE_CHECK,CHECK_596,DAILY,SUCCESS,11304,101,13.34,21.01,443.87,3.7525,2.884256166682222,False,False
EXEC-000096,2025-11-30 04:00:00,SCORING_ENGINE,RANGE_CHECK,CHECK_902,HOURLY,SUCCESS,14510,4307,14.89,36.59,371.19,0.9501,0.774055564114556,False,False
EXEC-000097,2025-12-23 22:00:00,INTERNET_BANK,RANGE_CHECK,CHECK_352,WEEKLY,SUCCESS,2909,6335,9.45,33.14,167.83,2.3739,1.6930921392606466,False,False
EXEC-000098,2025-12-18 15:00:00,MOBILE_APP,COMPLETENESS_CHECK,CHECK_452,HOURLY,SUCCESS,6763,9154,38.6,18.8,338.74,1.7778,0.24756766215160414,False,False
EXEC-000099,2025-10-13 05:00:00,MOBILE_APP,FORMAT_CHECK,CHECK_230,HOURLY,TIMEOUT,556,0,1.66,31.41,237.25,2.2931,,False,False
EXEC-000100,2025-11-02 08:00:00,MOBILE_APP,NULL_CHECK,CHECK_836,HOURLY,SUCCESS,132636,61,36.04,23.82,81.7,3.7331,3.16877614142374,False,False
EXEC-000101,2025-11-12 11:00:00,FRAUD_DETECTION,REFERENTIAL_INTEGRITY,CHECK_482,HOURLY,SUCCESS,8841,1569,2.8,27.09,177.5,4.287,2.006055692311369,False,False
EXEC-000102,2025-09-27 21:00:00,CRM_CLIENTS,NULL_CHECK,CHECK_730,ON_DEMAND,SUCCESS,34954,0,2.1,40.05,63.68,3.2898,0.36039380618034655,False,False
EXEC-000103,2025-11-19 00:00:00,INTERNET_BANK,CONSISTENCY_CHECK,CHECK_460,HOURLY,SUCCESS,5039,26,37.55,16.19,413.03,0.0795,0.026237614094781477,False,False
EXEC-000104,2025-09-17 18:00:00,FRAUD_DETECTION,REFERENTIAL_INTEGRITY,CHECK_947,ON_DEMAND,SUCCESS,1249,199,10.82,41.25,200.36,0.643,0.3707541275180544,False,False
EXEC-000105,2025-12-04 09:00:00,FRAUD_DETECTION,CONSISTENCY_CHECK,CHECK_980,WEEKLY,FAILED,86,81,32.35,41.24,105.24,1.7116,3.7886306592442613,True,False
EXEC-000106,2025-12-16 07:00:00,MOBILE_APP,REFERENTIAL_INTEGRITY,CHECK_775,ON_DEMAND,SUCCESS,46543,1,3.51,17.15,396.55,4.5422,1.6933932356970873,False,False
EXEC-000107,2026-03-07 19:00:00,CRM_CLIENTS,FORMAT_CHECK,CHECK_799,ON_DEMAND,FAILED,35989,1513,4.1,9.66,4527.64,3.0286,5.640740659452619,True,True
EXEC-000108,2026-03-04 18:00:00,LOAN_REGISTRY,SCHEMA_VALIDATION,CHECK_318,HOURLY,SUCCESS,22411,1,0.79,51.0,499.81,4.0153,2.1796717312909775,False,False
EXEC-000109,2025-09-28 04:00:00,FRAUD_DETECTION,SCHEMA_VALIDATION,CHECK_340,WEEKLY,FAILED,26468,11271,6.04,20.39,717.54,2.3028,5.362066899431051,True,True
EXEC-000110,2026-03-07 08:00:00,CRM_CLIENTS,ACCURACY_CHECK,CHECK_251,ON_DEMAND,SUCCESS,22992,4879,1.98,17.66,89.17,4.6601,1.8127474961164791,False,False
EXEC-000111,2026-03-06 09:00:00,INTERNET_BANK,NULL_CHECK,CHECK_273,DAILY,SUCCESS,6708,190,28.55,27.72,123.57,1.3952,0.6099662912988882,False,False
EXEC-000112,2025-12-11 10:00:00,INTERNET_BANK,FRESHNESS_CHECK,CHECK_254,DAILY,SUCCESS,72676,66,16.98,42.21,335.48,4.3152,0.5856871428240903,False,False
EXEC-000113,2026-03-08 12:00:00,PAYMENT_SYSTEM,FORMAT_CHECK,CHECK_755,DAILY,TIMEOUT,58646,0,0.72,55.46,175.01,0.8732,,False,False
EXEC-000114,2025-12-11 13:00:00,LOAN_REGISTRY,DUPLICATE_CHECK,CHECK_809,WEEKLY,SUCCESS,264524,58708,4.75,22.11,378.99,3.6303,2.035507385788707,False,False
EXEC-000115,2025-10-05 06:00:00,SCORING_ENGINE,CONSISTENCY_CHECK,CHECK_889,WEEKLY,FAILED,3987,19,38.97,41.75,826.74,3.4244,12.611436136211315,True,True
EXEC-000116,2026-01-16 18:00:00,PAYMENT_SYSTEM,FORMAT_CHECK,CHECK_934,ON_DEMAND,SUCCESS,2948,200,1.27,25.88,353.65,0.5684,0.4606893277201832,False,False
EXEC-000117,2025-09-14 21:00:00,CRM_CLIENTS,COMPLETENESS_CHECK,CHECK_553,DAILY,SUCCESS,20877,314,1.7,50.16,2583.25,4.2071,2.9825462442507713,False,False
EXEC-000118,2025-12-16 11:00:00,PAYMENT_SYSTEM,FRESHNESS_CHECK,CHECK_332,DAILY,SUCCESS,1009,2639,13.4,15.09,100.54,4.1405,2.596639105829173,False,False
EXEC-000119,2026-01-22 10:00:00,SCORING_ENGINE,COMPLETENESS_CHECK,CHECK_816,HOURLY,SUCCESS,17779,108,4.12,57.56,330.35,4.3359,0.8743148520070285,False,False
EXEC-000120,2025-10-02 17:00:00,PAYMENT_SYSTEM,RANGE_CHECK,CHECK_730,WEEKLY,SUCCESS,24460,6,17.05,61.21,308.96,1.3097,0.9430714887902975,False,False
EXEC-000121,2025-12-23 18:00:00,CREDIT_BUREAU,CONSISTENCY_CHECK,CHECK_294,DAILY,SUCCESS,166493,333,21.97,29.06,489.57,0.7247,0.2984325328932005,False,False
EXEC-000122,2025-12-01 20:00:00,FRAUD_DETECTION,CONSISTENCY_CHECK,CHECK_634,WEEKLY,SUCCESS,775,8,166.14,9.43,447.11,2.3066,0.4489995189587045,False,False
EXEC-000123,2025-09-18 18:00:00,FRAUD_DETECTION,COMPLETENESS_CHECK,CHECK_717,WEEKLY,SUCCESS,344,2127,1.18,42.41,141.69,4.2937,2.3615468212313937,False,False
EXEC-000124,2025-10-17 17:00:00,PAYMENT_SYSTEM,ACCURACY_CHECK,CHECK_722,WEEKLY,SUCCESS,2296,893,215.48,25.1,109.54,3.9989,1.5136913043879197,False,False
EXEC-000125,2025-09-24 11:00:00,FRAUD_DETECTION,CONSISTENCY_CHECK,CHECK_278,DAILY,SUCCESS,5974,0,81.97,8.7,168.18,3.4515,1.1906909226073035,False,False
EXEC-000126,2025-10-03 04:00:00,LOAN_REGISTRY,SCHEMA_VALIDATION,CHECK_101,ON_DEMAND,SKIPPED,12161,0,9.6,32.7,136.24,4.9236,,False,False
EXEC-000127,2025-09-02 08:00:00,CRM_CLIENTS,REFERENTIAL_INTEGRITY,CHECK_394,DAILY,SUCCESS,114431,81,57.31,24.95,659.78,3.2499,2.282741644308348,False,False
EXEC-000128,2025-10-07 11:00:00,FRAUD_DETECTION,SCHEMA_VALIDATION,CHECK_472,HOURLY,SUCCESS,33524,44,2.57,9.49,327.16,4.4987,1.4234800322155852,False,False
EXEC-000129,2026-02-10 19:00:00,CRM_CLIENTS,ACCURACY_CHECK,CHECK_973,ON_DEMAND,SUCCESS,1307,29,9.86,7.48,214.42,2.2839,1.2102376080140629,False,False
EXEC-000130,2025-09-15 12:00:00,SCORING_ENGINE,RANGE_CHECK,CHECK_585,WEEKLY,SUCCESS,14317,3,1.9,29.48,2718.53,3.9617,1.153999577682811,False,False
EXEC-000131,2026-02-08 03:00:00,FRAUD_DETECTION,SCHEMA_VALIDATION,CHECK_807,ON_DEMAND,SUCCESS,2003,218,116.35,44.18,283.32,3.4296,1.7675036525675425,False,False
EXEC-000132,2026-01-02 06:00:00,PAYMENT_SYSTEM,NULL_CHECK,CHECK_810,WEEKLY,SUCCESS,25539,2676,6.91,13.81,111.94,0.2479,0.12294169917729883,False,False
EXEC-000133,2026-01-17 13:00:00,MOBILE_APP,ACCURACY_CHECK,CHECK_948,ON_DEMAND,FAILED,5353,94,119.2,19.22,1961.09,1.8706,5.526058322514689,True,True
EXEC-000134,2026-03-04 23:00:00,CREDIT_BUREAU,REFERENTIAL_INTEGRITY,CHECK_900,WEEKLY,TIMEOUT,12599,0,3.23,9.11,157.52,4.1172,,False,False
EXEC-000135,2025-10-07 11:00:00,PAYMENT_SYSTEM,FRESHNESS_CHECK,CHECK_951,HOURLY,FAILED,1128,2810,3.27,47.64,2191.38,1.8944,3.455082401556874,True,True
EXEC-000136,2025-11-30 05:00:00,SCORING_ENGINE,SCHEMA_VALIDATION,CHECK_327,ON_DEMAND,TIMEOUT,3998,0,25.15,22.18,125.22,1.4726,,False,False
EXEC-000137,2025-10-25 04:00:00,INTERNET_BANK,CONSISTENCY_CHECK,CHECK_900,WEEKLY,SUCCESS,985374,105,0.72,8.8,356.16,0.1421,0.0416711064050165,False,False
EXEC-000138,2026-03-11 13:00:00,SCORING_ENGINE,FORMAT_CHECK,CHECK_462,HOURLY,FAILED,43307,518,2.23,32.42,364.86,0.7828,2.4981849933829303,True,True
EXEC-000139,2025-11-24 12:00:00,CREDIT_BUREAU,FRESHNESS_CHECK,CHECK_330,ON_DEMAND,SUCCESS,3091,521,13.2,52.31,158.07,0.796,0.5848085270700462,False,False
EXEC-000140,2025-09-28 23:00:00,CRM_CLIENTS,FRESHNESS_CHECK,CHECK_232,HOURLY,FAILED,482,3,0.91,39.61,616.26,4.6535,8.775718241953982,True,False
EXEC-000141,2025-12-24 00:00:00,MOBILE_APP,FRESHNESS_CHECK,CHECK_332,HOURLY,TIMEOUT,13330,0,4.84,43.08,883.58,0.6728,,False,False
EXEC-000142,2025-10-28 11:00:00,FRAUD_DETECTION,SCHEMA_VALIDATION,CHECK_533,HOURLY,SUCCESS,4178,4,7.65,9.99,241.35,2.4526,0.5268409774258556,False,False
EXEC-000143,2025-11-03 04:00:00,CREDIT_BUREAU,FORMAT_CHECK,CHECK_537,HOURLY,FAILED,2030,683,2.29,28.82,950.92,3.8823,11.421176555605932,True,False
EXEC-000144,2025-10-06 10:00:00,PAYMENT_SYSTEM,FORMAT_CHECK,CHECK_189,HOURLY,SUCCESS,41867,8,44.24,5.2,192.27,2.4684,0.27150930883223373,False,False
EXEC-000145,2025-09-06 17:00:00,FRAUD_DETECTION,DUPLICATE_CHECK,CHECK_619,HOURLY,SUCCESS,31697,10,4.47,5.56,1572.48,2.0692,1.8048643487101332,False,False
EXEC-000146,2026-02-08 12:00:00,MOBILE_APP,REFERENTIAL_INTEGRITY,CHECK_458,DAILY,FAILED,431,110,28.29,19.77,94.53,4.5253,8.6964248725197,True,True
EXEC-000147,2025-11-14 13:00:00,MOBILE_APP,REFERENTIAL_INTEGRITY,CHECK_135,WEEKLY,FAILED,155123,2714,18.11,15.96,82.19,4.4904,14.215128356983213,True,True
EXEC-000148,2025-10-14 05:00:00,PAYMENT_SYSTEM,RANGE_CHECK,CHECK_580,DAILY,SUCCESS,32175,7,50.94,18.46,413.08,4.2219,2.1495822673029776,False,False
EXEC-000149,2025-10-28 19:00:00,INTERNET_BANK,SCHEMA_VALIDATION,CHECK_506,DAILY,SUCCESS,14296,192,10.21,47.1,267.09,2.4489,0.9306804914649316,False,False
EXEC-000150,2026-02-21 23:00:00,LOAN_REGISTRY,ACCURACY_CHECK,CHECK_193,ON_DEMAND,SUCCESS,2139,34,0.31,57.74,128.32,2.8487,0.7751386386591432,False,False
EXEC-000151,2025-11-21 10:00:00,CRM_CLIENTS,DUPLICATE_CHECK,CHECK_150,ON_DEMAND,SKIPPED,1326,0,154.27,63.63,141.5,0.9132,,False,False
EXEC-000152,2026-01-18 05:00:00,INTERNET_BANK,NULL_CHECK,CHECK_664,HOURLY,SUCCESS,55687,0,13.81,32.76,177.29,4.2801,3.317517657275727,False,False
EXEC-000153,2025-09-02 19:00:00,SCORING_ENGINE,SCHEMA_VALIDATION,CHECK_570,ON_DEMAND,SUCCESS,42108,32,12.96,37.01,358.38,0.9297,0.5369428538360745,False,False
EXEC-000154,2026-02-26 12:00:00,CREDIT_BUREAU,ACCURACY_CHECK,CHECK_146,HOURLY,SKIPPED,719,0,11.85,15.22,233.35,0.8901,,False,False
EXEC-000155,2025-12-03 06:00:00,CREDIT_BUREAU,RANGE_CHECK,CHECK_623,DAILY,SUCCESS,10094,28,1.19,52.71,355.83,4.8469,1.9552151894157555,False,False
EXEC-000156,2025-11-04 00:00:00,LOAN_REGISTRY,RANGE_CHECK,CHECK_291,ON_DEMAND,SKIPPED,1068,0,84.26,17.9,167.95,1.7776,,False,False
EXEC-000157,2026-02-16 03:00:00,CREDIT_BUREAU,SCHEMA_VALIDATION,CHECK_498,ON_DEMAND,SUCCESS,501564,0,11.94,83.14,574.96,4.8026,0.8081514164707915,False,False
EXEC-000158,2026-03-06 21:00:00,CRM_CLIENTS,COMPLETENESS_CHECK,CHECK_721,DAILY,TIMEOUT,8476,0,22.26,7.96,601.56,4.6907,,False,False
EXEC-000159,2025-11-21 04:00:00,PAYMENT_SYSTEM,FRESHNESS_CHECK,CHECK_609,DAILY,FAILED,91751,8,11.58,24.27,435.06,4.52,22.231964089297225,True,True
EXEC-000160,2025-09-21 06:00:00,MOBILE_APP,NULL_CHECK,CHECK_906,HOURLY,SUCCESS,18391,35,4.09,32.19,132.73,4.5524,3.157181377353754,False,False
EXEC-000161,2026-01-25 16:00:00,INTERNET_BANK,SCHEMA_VALIDATION,CHECK_223,ON_DEMAND,SUCCESS,11515,84,10.09,20.95,701.11,3.0188,0.8074204115984994,False,False
EXEC-000162,2025-11-12 00:00:00,CREDIT_BUREAU,FORMAT_CHECK,CHECK_882,DAILY,SUCCESS,2828,293,3.37,18.68,254.41,0.2344,0.04234264614527141,False,False
EXEC-000163,2026-01-11 14:00:00,MOBILE_APP,SCHEMA_VALIDATION,CHECK_617,HOURLY,FAILED,49208,0,6.03,12.44,367.04,4.3664,13.613879977650505,True,True
EXEC-000164,2025-11-05 16:00:00,FRAUD_DETECTION,CONSISTENCY_CHECK,CHECK_926,DAILY,SUCCESS,31014,49,1.44,15.66,328.92,4.8839,1.351375163113565,False,False
EXEC-000165,2026-02-28 03:00:00,SCORING_ENGINE,CONSISTENCY_CHECK,CHECK_262,DAILY,SUCCESS,461,4,15.38,12.7,2065.3,3.9851,3.119988649220849,False,False
EXEC-000166,2025-12-09 21:00:00,FRAUD_DETECTION,CONSISTENCY_CHECK,CHECK_949,ON_DEMAND,SUCCESS,1349,83225,1.48,18.09,133.59,3.2557,2.1530897231629456,False,False
EXEC-000167,2025-12-27 12:00:00,FRAUD_DETECTION,CONSISTENCY_CHECK,CHECK_974,WEEKLY,SUCCESS,11882,18,20.78,26.71,322.76,1.0349,0.4113071115336936,False,False
EXEC-000168,2025-10-17 11:00:00,LOAN_REGISTRY,COMPLETENESS_CHECK,CHECK_304,DAILY,SUCCESS,535482,12084,10.63,22.34,393.68,4.6903,2.0233072063707356,False,False
EXEC-000169,2026-01-17 01:00:00,SCORING_ENGINE,FRESHNESS_CHECK,CHECK_490,ON_DEMAND,SUCCESS,128703,0,4.63,31.51,651.26,0.3068,0.24215430961558443,False,False
EXEC-000170,2026-01-19 11:00:00,CREDIT_BUREAU,FORMAT_CHECK,CHECK_139,DAILY,SUCCESS,2007,0,10.35,7.14,778.93,2.0431,1.0056157067857145,False,False
EXEC-000171,2025-12-08 04:00:00,FRAUD_DETECTION,RANGE_CHECK,CHECK_201,HOURLY,TIMEOUT,29,0,31.07,25.08,13.74,1.8234,,False,False
EXEC-000172,2025-12-01 22:00:00,CRM_CLIENTS,FORMAT_CHECK,CHECK_114,WEEKLY,FAILED,642,1562,3.85,6.16,654.29,4.2706,10.913405127894675,True,True
EXEC-000173,2025-11-25 00:00:00,PAYMENT_SYSTEM,ACCURACY_CHECK,CHECK_603,WEEKLY,SUCCESS,3274,45,6.14,53.46,1775.01,0.5546,0.20078974384282627,False,False
EXEC-000174,2025-10-13 13:00:00,LOAN_REGISTRY,REFERENTIAL_INTEGRITY,CHECK_227,ON_DEMAND,TIMEOUT,6098,0,6.0,42.25,143.09,0.8243,,False,False
EXEC-000175,2026-01-22 10:00:00,CREDIT_BUREAU,ACCURACY_CHECK,CHECK_259,DAILY,SUCCESS,3162,8,7.79,36.85,201.11,1.3624,0.44551627260365867,False,False
EXEC-000176,2025-11-27 00:00:00,INTERNET_BANK,FRESHNESS_CHECK,CHECK_505,WEEKLY,SUCCESS,59642,514,73.72,29.96,445.69,2.0142,1.4220555803887767,False,False
EXEC-000177,2026-02-17 20:00:00,LOAN_REGISTRY,NULL_CHECK,CHECK_202,ON_DEMAND,SUCCESS,1101,3,35.23,6.53,79.95,2.8748,0.8036402046108015,False,False
EXEC-000178,2025-09-01 11:00:00,INTERNET_BANK,ACCURACY_CHECK,CHECK_462,HOURLY,SUCCESS,5816,586,57.42,61.32,173.02,4.3633,2.9236259904639783,False,False
EXEC-000179,2025-10-10 02:00:00,SCORING_ENGINE,DUPLICATE_CHECK,CHECK_760,ON_DEMAND,SUCCESS,136216,90,3.35,51.95,572.21,2.1547,1.7499186768708568,False,False
EXEC-000180,2026-01-17 10:00:00,PAYMENT_SYSTEM,SCHEMA_VALIDATION,CHECK_965,ON_DEMAND,TIMEOUT,241587,0,21.52,44.36,324.14,1.3529,,False,False
EXEC-000181,2025-11-05 06:00:00,LOAN_REGISTRY,DUPLICATE_CHECK,CHECK_943,DAILY,SUCCESS,1095,19433,282.88,46.83,4860.22,0.3696,0.1574467904430127,False,False
EXEC-000182,2025-11-26 08:00:00,INTERNET_BANK,RANGE_CHECK,CHECK_666,HOURLY,SUCCESS,512,28,6.7,6.54,75.48,1.5182,1.0963401367069763,False,False
EXEC-000183,2025-10-14 18:00:00,LOAN_REGISTRY,CONSISTENCY_CHECK,CHECK_327,WEEKLY,SUCCESS,12739,20449,7.5,32.27,207.82,2.1718,0.2930675912632882,False,False
EXEC-000184,2025-11-02 22:00:00,INTERNET_BANK,CONSISTENCY_CHECK,CHECK_671,DAILY,SUCCESS,216344,29,1.21,47.29,1866.08,3.6082,0.8741014236126236,False,False
EXEC-000185,2025-10-11 22:00:00,MOBILE_APP,SCHEMA_VALIDATION,CHECK_794,WEEKLY,SUCCESS,18111,36,68.73,3.89,1250.29,1.7535,0.4224056365559745,False,False
EXEC-000186,2025-11-24 22:00:00,MOBILE_APP,ACCURACY_CHECK,CHECK_673,HOURLY,FAILED,345,128,41.72,22.3,541.86,3.8705,6.2442632864255865,True,True
EXEC-000187,2025-10-16 05:00:00,CRM_CLIENTS,ACCURACY_CHECK,CHECK_747,ON_DEMAND,SUCCESS,6491,61,6.0,11.73,40.54,1.6699,0.4566186767165666,False,False
EXEC-000188,2025-09-14 17:00:00,LOAN_REGISTRY,RANGE_CHECK,CHECK_287,WEEKLY,SUCCESS,1425,13,46.75,23.67,875.99,0.0286,0.020386454346972695,False,False
EXEC-000189,2025-11-18 19:00:00,LOAN_REGISTRY,REFERENTIAL_INTEGRITY,CHECK_823,DAILY,SUCCESS,30626,108,5.91,26.76,4317.93,0.696,0.607053454191919,False,False
EXEC-000190,2025-11-25 07:00:00,PAYMENT_SYSTEM,FORMAT_CHECK,CHECK_191,WEEKLY,SUCCESS,6911,0,271.49,21.44,1496.82,1.074,0.40985587097265047,False,False
EXEC-000191,2025-09-16 21:00:00,SCORING_ENGINE,REFERENTIAL_INTEGRITY,CHECK_979,HOURLY,SUCCESS,6664,1679,0.51,53.13,315.06,1.8458,1.158347684641,False,False
EXEC-000192,2025-09-25 15:00:00,INTERNET_BANK,FRESHNESS_CHECK,CHECK_604,DAILY,SUCCESS,40951,17747,0.57,49.46,703.88,0.2594,0.12111952878477439,False,False
EXEC-000193,2026-01-13 17:00:00,PAYMENT_SYSTEM,DUPLICATE_CHECK,CHECK_782,HOURLY,SUCCESS,42086,1,282.99,16.82,170.62,4.1634,1.3873798661774173,False,False
EXEC-000194,2025-10-16 09:00:00,PAYMENT_SYSTEM,SCHEMA_VALIDATION,CHECK_912,DAILY,SUCCESS,580,6264,9.45,54.8,591.19,1.1739,0.5632721266369387,False,False
EXEC-000195,2025-11-14 10:00:00,LOAN_REGISTRY,DUPLICATE_CHECK,CHECK_962,DAILY,SUCCESS,5028,0,6.76,18.41,667.49,3.8387,2.636582463683533,False,False
EXEC-000196,2025-12-04 09:00:00,LOAN_REGISTRY,NULL_CHECK,CHECK_745,HOURLY,SUCCESS,4400,7739,0.33,10.55,125.76,3.0936,0.4090098083465511,False,False
EXEC-000197,2025-10-09 10:00:00,PAYMENT_SYSTEM,DUPLICATE_CHECK,CHECK_545,HOURLY,SUCCESS,17354,43,1.32,27.0,1053.57,4.3651,3.6085076571667307,False,False
EXEC-000198,2025-09-01 23:00:00,CREDIT_BUREAU,REFERENTIAL_INTEGRITY,CHECK_824,HOURLY,SUCCESS,16753,0,1.09,30.15,522.13,1.9858,1.0292858825258058,False,False
EXEC-000199,2025-11-11 17:00:00,SCORING_ENGINE,ACCURACY_CHECK,CHECK_880,WEEKLY,FAILED,13162,17,0.34,16.27,195.35,3.3489,6.122911726614376,True,True
EXEC-000200,2025-10-08 19:00:00,MOBILE_APP,REFERENTIAL_INTEGRITY,CHECK_368,HOURLY,SUCCESS,18025,628,2.48,12.45,89.83,1.8609,0.5117734743900785,False,False
EXEC-000201,2025-09-05 16:00:00,FRAUD_DETECTION,ACCURACY_CHECK,CHECK_646,HOURLY,SUCCESS,2860,4,4.67,37.98,389.3,3.8076,2.054578393250501,False,False
EXEC-000202,2026-01-20 02:00:00,INTERNET_BANK,DUPLICATE_CHECK,CHECK_980,WEEKLY,SUCCESS,1533,132,126.18,40.18,207.5,2.0679,1.0442330708474716,False,False
EXEC-000203,2025-10-07 12:00:00,CRM_CLIENTS,CONSISTENCY_CHECK,CHECK_364,ON_DEMAND,TIMEOUT,161,0,36.9,44.59,148.32,4.6172,,False,False
EXEC-000204,2025-12-26 12:00:00,FRAUD_DETECTION,NULL_CHECK,CHECK_898,DAILY,SUCCESS,3620,10,26.61,27.11,856.64,4.725,2.414046684060668,False,False
EXEC-000205,2025-11-10 10:00:00,CRM_CLIENTS,NULL_CHECK,CHECK_512,WEEKLY,SUCCESS,1322,27,6.89,5.24,626.12,4.7943,3.3149468937652924,False,False
EXEC-000206,2026-01-31 14:00:00,CRM_CLIENTS,FORMAT_CHECK,CHECK_589,DAILY,SUCCESS,9439,538,1.48,25.97,2461.67,3.5265,2.6335280221599504,False,False
EXEC-000207,2025-10-20 06:00:00,INTERNET_BANK,REFERENTIAL_INTEGRITY,CHECK_305,ON_DEMAND,SUCCESS,794,39,1.2,33.52,417.16,1.1983,0.14681927387483487,False,False
EXEC-000208,2025-10-21 04:00:00,SCORING_ENGINE,FRESHNESS_CHECK,CHECK_432,DAILY,FAILED,7454,1,4.64,42.29,228.82,4.1594,18.60109083522249,True,True
EXEC-000209,2025-10-13 01:00:00,SCORING_ENGINE,SCHEMA_VALIDATION,CHECK_553,HOURLY,SUCCESS,4007,54,4.25,21.68,91.98,1.008,0.8650404676835004,False,False
EXEC-000210,2026-01-04 20:00:00,INTERNET_BANK,FRESHNESS_CHECK,CHECK_871,ON_DEMAND,SUCCESS,1185,0,0.58,47.56,475.75,3.7273,0.6433109056110072,False,False
EXEC-000211,2025-12-20 23:00:00,CRM_CLIENTS,NULL_CHECK,CHECK_368,HOURLY,SUCCESS,248,0,2.82,33.06,1970.62,4.8567,2.985610548567423,False,False
EXEC-000212,2026-01-19 07:00:00,CREDIT_BUREAU,DUPLICATE_CHECK,CHECK_234,WEEKLY,SUCCESS,57092,2381,2.72,39.92,1930.3,1.9462,1.6370329707255613,False,False
EXEC-000213,2026-01-08 06:00:00,CRM_CLIENTS,NULL_CHECK,CHECK_248,ON_DEMAND,SUCCESS,16401,118,1.8,44.36,180.24,0.0909,0.07838034657768203,False,False
EXEC-000214,2026-02-25 02:00:00,PAYMENT_SYSTEM,NULL_CHECK,CHECK_314,HOURLY,FAILED,42862,10339,3.91,16.27,1655.88,4.1076,7.796162680250243,True,True
EXEC-000215,2025-12-03 21:00:00,CRM_CLIENTS,RANGE_CHECK,CHECK_321,DAILY,FAILED,93010,127,15.83,23.26,640.96,4.1986,15.12011463752528,True,True
EXEC-000216,2026-01-30 08:00:00,SCORING_ENGINE,NULL_CHECK,CHECK_807,WEEKLY,SUCCESS,13635,1,3.88,37.99,204.36,1.0895,0.7867646918650593,False,False
EXEC-000217,2025-11-08 19:00:00,PAYMENT_SYSTEM,RANGE_CHECK,CHECK_256,HOURLY,SUCCESS,10809,95,3.28,31.7,1604.01,2.6465,1.4283924293052952,False,False
EXEC-000218,2025-10-20 19:00:00,CRM_CLIENTS,FORMAT_CHECK,CHECK_245,ON_DEMAND,SUCCESS,6174,11,5.19,2.39,514.64,2.0685,0.8397255413091671,False,False
EXEC-000219,2025-11-10 13:00:00,INTERNET_BANK,FRESHNESS_CHECK,CHECK_265,DAILY,SUCCESS,1685,116,0.88,17.52,410.31,0.0588,0.02603116393560678,False,False
EXEC-000220,2026-01-11 20:00:00,PAYMENT_SYSTEM,ACCURACY_CHECK,CHECK_829,WEEKLY,SUCCESS,163941,60,4.99,16.63,467.99,3.741,0.833047565331178,False,False
EXEC-000221,2025-12-30 13:00:00,INTERNET_BANK,SCHEMA_VALIDATION,CHECK_620,DAILY,SUCCESS,24601,3,1.35,22.3,316.74,1.62,0.9683553223524913,False,False
EXEC-000222,2025-11-04 04:00:00,LOAN_REGISTRY,CONSISTENCY_CHECK,CHECK_117,HOURLY,SUCCESS,70947,32,20.58,22.2,224.78,4.7238,1.5516432019980275,False,False
EXEC-000223,2025-11-22 20:00:00,CRM_CLIENTS,REFERENTIAL_INTEGRITY,CHECK_749,DAILY,FAILED,16410,324,1.09,43.33,423.58,4.1209,7.934026233228577,True,True
EXEC-000224,2026-02-15 05:00:00,INTERNET_BANK,REFERENTIAL_INTEGRITY,CHECK_208,ON_DEMAND,FAILED,265,2517,69.99,52.26,514.11,4.0307,8.797736569524481,True,True
EXEC-000225,2026-02-14 21:00:00,CRM_CLIENTS,COMPLETENESS_CHECK,CHECK_872,ON_DEMAND,TIMEOUT,3646,0,0.27,21.83,326.02,3.752,,False,False
EXEC-000226,2025-12-03 11:00:00,SCORING_ENGINE,DUPLICATE_CHECK,CHECK_722,WEEKLY,SUCCESS,32702,5,16.46,16.72,350.15,2.6386,0.7587248191685145,False,False
EXEC-000227,2026-01-28 07:00:00,PAYMENT_SYSTEM,ACCURACY_CHECK,CHECK_399,ON_DEMAND,SUCCESS,15115,33,4.18,23.24,2397.8,1.0037,0.3030095797478126,False,False
EXEC-000228,2025-09-17 16:00:00,MOBILE_APP,NULL_CHECK,CHECK_359,DAILY,SUCCESS,390,9,29.24,88.38,1358.93,2.6641,1.1451100796262037,False,False
EXEC-000229,2025-11-26 01:00:00,PAYMENT_SYSTEM,RANGE_CHECK,CHECK_257,DAILY,SUCCESS,119825,20733,3.51,14.27,1301.15,0.6429,0.08891872342202681,False,False
EXEC-000230,2025-09-02 01:00:00,CRM_CLIENTS,ACCURACY_CHECK,CHECK_454,HOURLY,SUCCESS,1012,81,0.33,17.46,321.44,4.7841,0.9255233532970205,False,False
EXEC-000231,2026-01-26 21:00:00,MOBILE_APP,REFERENTIAL_INTEGRITY,CHECK_673,HOURLY,FAILED,46375,182,1.11,14.99,883.48,0.7042,2.2670700611328445,True,False
EXEC-000232,2026-02-06 05:00:00,CRM_CLIENTS,RANGE_CHECK,CHECK_786,DAILY,SUCCESS,514,29,4.1,35.27,1269.38,0.1461,0.06732169347005044,False,False
EXEC-000233,2025-10-25 03:00:00,SCORING_ENGINE,COMPLETENESS_CHECK,CHECK_978,DAILY,SUCCESS,4520,0,0.92,20.15,342.48,0.081,0.04029681726077472,False,False
EXEC-000234,2025-09-21 23:00:00,CREDIT_BUREAU,SCHEMA_VALIDATION,CHECK_858,ON_DEMAND,FAILED,255,32,9.57,2.82,1004.73,4.1072,7.032214634269553,True,True
EXEC-000235,2025-09-21 08:00:00,CRM_CLIENTS,CONSISTENCY_CHECK,CHECK_679,WEEKLY,SUCCESS,2129,127,30.75,33.1,1451.46,2.0667,1.608620737521329,False,False
EXEC-000236,2026-02-04 14:00:00,INTERNET_BANK,RANGE_CHECK,CHECK_257,WEEKLY,SKIPPED,294,0,2.37,64.95,643.46,0.8515,,False,False
EXEC-000237,2026-02-26 22:00:00,LOAN_REGISTRY,FRESHNESS_CHECK,CHECK_834,WEEKLY,FAILED,139875,314,15.18,9.11,356.15,3.8584,15.52872772225439,True,True
EXEC-000238,2025-12-08 16:00:00,SCORING_ENGINE,REFERENTIAL_INTEGRITY,CHECK_935,WEEKLY,SUCCESS,50328,31,10.37,8.27,394.86,2.6251,1.8027319219791678,False,False
EXEC-000239,2025-11-09 13:00:00,PAYMENT_SYSTEM,ACCURACY_CHECK,CHECK_780,DAILY,SUCCESS,16243,28,18.94,15.95,1238.57,2.897,1.422541360161502,False,False
EXEC-000240,2026-01-20 02:00:00,CRM_CLIENTS,NULL_CHECK,CHECK_801,ON_DEMAND,SUCCESS,5112,958,2.76,37.32,1530.58,2.7896,0.3798285195725826,False,False
EXEC-000241,2025-10-08 16:00:00,INTERNET_BANK,FRESHNESS_CHECK,CHECK_746,DAILY,SUCCESS,3374,73,15.52,25.31,3078.45,4.4824,3.052691233200839,False,False
EXEC-000242,2025-12-08 00:00:00,LOAN_REGISTRY,CONSISTENCY_CHECK,CHECK_980,WEEKLY,SUCCESS,5679,3857,18.77,39.45,147.04,1.7468,0.9452492623943692,False,False
EXEC-000243,2025-10-19 00:00:00,PAYMENT_SYSTEM,NULL_CHECK,CHECK_288,WEEKLY,SUCCESS,8241,15250,14.97,49.0,373.06,4.7455,3.8284705374464956,False,False
EXEC-000244,2025-12-06 17:00:00,FRAUD_DETECTION,CONSISTENCY_CHECK,CHECK_282,WEEKLY,SUCCESS,9684,33,26.93,25.18,221.91,0.6754,0.24361953862654157,False,False
EXEC-000245,2025-12-05 08:00:00,SCORING_ENGINE,SCHEMA_VALIDATION,CHECK_851,HOURLY,SUCCESS,3958,266,6.71,16.4,643.99,2.972,0.6579866609018128,False,False
EXEC-000246,2025-10-31 10:00:00,MOBILE_APP,CONSISTENCY_CHECK,CHECK_462,HOURLY,SUCCESS,8749,1847,3.15,39.11,196.45,3.6081,1.7712669395123035,False,False
EXEC-000247,2026-01-24 11:00:00,SCORING_ENGINE,SCHEMA_VALIDATION,CHECK_514,HOURLY,SKIPPED,3334,0,13.23,4.63,488.09,3.1984,,False,False
EXEC-000248,2025-09-05 16:00:00,SCORING_ENGINE,ACCURACY_CHECK,CHECK_158,DAILY,SUCCESS,6421,148,1.09,11.95,73.63,4.6521,1.3800726610316476,False,False
EXEC-000249,2026-02-09 12:00:00,PAYMENT_SYSTEM,SCHEMA_VALIDATION,CHECK_486,ON_DEMAND,SKIPPED,297861,0,3.8,39.78,128.04,1.0654,,False,False
EXEC-000250,2026-02-28 18:00:00,SCORING_ENGINE,FRESHNESS_CHECK,CHECK_287,HOURLY,FAILED,4278,1,158.58,11.85,256.43,3.7703,10.94684404590005,True,True
EXEC-000251,2025-09-23 06:00:00,SCORING_ENGINE,NULL_CHECK,CHECK_940,HOURLY,SUCCESS,16394,13,2.63,14.92,345.08,2.2596,1.9053843170761269,False,False
EXEC-000252,2026-02-03 02:00:00,PAYMENT_SYSTEM,RANGE_CHECK,CHECK_732,WEEKLY,SUCCESS,40606,2389,2.09,17.74,758.04,1.392,1.165543452451422,False,False
EXEC-000253,2025-12-28 17:00:00,INTERNET_BANK,REFERENTIAL_INTEGRITY,CHECK_445,HOURLY,SUCCESS,1360,327,2.89,49.59,512.49,0.2571,0.14831190803030628,False,False
EXEC-000254,2025-12-13 11:00:00,MOBILE_APP,FORMAT_CHECK,CHECK_316,DAILY,SUCCESS,33647,22,0.88,39.29,242.15,0.7798,0.6698798427532476,False,False
EXEC-000255,2025-11-16 13:00:00,LOAN_REGISTRY,ACCURACY_CHECK,CHECK_480,HOURLY,SUCCESS,15457,1495,2.66,23.54,309.54,1.298,0.20562945627684956,False,False
EXEC-000256,2026-02-01 09:00:00,FRAUD_DETECTION,COMPLETENESS_CHECK,CHECK_771,WEEKLY,SUCCESS,5969,2909,4.05,14.05,81.12,3.1004,1.2168434052249317,False,False
EXEC-000257,2025-11-08 13:00:00,MOBILE_APP,REFERENTIAL_INTEGRITY,CHECK_150,ON_DEMAND,SUCCESS,18248,415,8.14,12.49,1414.24,4.7906,3.4384839573501713,False,False
EXEC-000258,2025-12-04 01:00:00,FRAUD_DETECTION,RANGE_CHECK,CHECK_498,HOURLY,FAILED,20216,19,9.8,17.6,2026.56,1.4723,4.116076968508747,True,True
EXEC-000259,2026-02-10 18:00:00,MOBILE_APP,DUPLICATE_CHECK,CHECK_348,WEEKLY,SUCCESS,3068,15,20.82,43.11,469.71,0.4428,0.20703966558439293,False,False
EXEC-000260,2026-01-12 07:00:00,INTERNET_BANK,FRESHNESS_CHECK,CHECK_953,WEEKLY,SUCCESS,85096,146,2.34,46.36,938.37,1.8014,1.345717161247885,False,False
EXEC-000261,2025-12-02 00:00:00,INTERNET_BANK,FRESHNESS_CHECK,CHECK_750,ON_DEMAND,SUCCESS,2536,33,195.84,11.11,184.47,4.9783,0.8962132472997728,False,False
EXEC-000262,2025-10-25 18:00:00,MOBILE_APP,REFERENTIAL_INTEGRITY,CHECK_909,WEEKLY,SUCCESS,83633,452,1.32,37.17,182.19,3.9176,0.9337357140790389,False,False
EXEC-000263,2026-02-11 23:00:00,MOBILE_APP,FRESHNESS_CHECK,CHECK_839,WEEKLY,SUCCESS,90034,9,4.47,29.47,79.61,0.7995,0.629286283045229,False,False
EXEC-000264,2025-11-15 06:00:00,CREDIT_BUREAU,REFERENTIAL_INTEGRITY,CHECK_590,HOURLY,SUCCESS,2710,367,14.25,13.9,169.15,0.925,0.16483870279781088,False,False
EXEC-000265,2026-01-28 13:00:00,INTERNET_BANK,FORMAT_CHECK,CHECK_985,DAILY,SUCCESS,94516,17,3.34,27.24,187.68,2.9805,0.6528813268856213,False,False
EXEC-000266,2025-10-16 13:00:00,CRM_CLIENTS,FRESHNESS_CHECK,CHECK_917,WEEKLY,SUCCESS,3379,103,6.56,31.54,300.99,0.979,0.22686544231135009,False,False
EXEC-000267,2025-09-06 20:00:00,MOBILE_APP,CONSISTENCY_CHECK,CHECK_350,WEEKLY,SUCCESS,11642,45,3.18,22.19,961.26,4.9847,3.533118213552741,False,False
EXEC-000268,2025-11-20 00:00:00,MOBILE_APP,COMPLETENESS_CHECK,CHECK_168,ON_DEMAND,SUCCESS,27266,2,12.17,20.14,223.73,4.0488,1.5774699996679133,False,False
EXEC-000269,2026-02-13 20:00:00,FRAUD_DETECTION,DUPLICATE_CHECK,CHECK_975,HOURLY,SUCCESS,1116678,0,10.73,4.28,255.41,0.1089,0.05821990523056336,False,False
EXEC-000270,2026-01-10 06:00:00,SCORING_ENGINE,FORMAT_CHECK,CHECK_763,HOURLY,SUCCESS,1135,0,69.34,61.78,211.5,1.4534,0.4836487386167668,False,False
EXEC-000271,2025-11-14 17:00:00,PAYMENT_SYSTEM,DUPLICATE_CHECK,CHECK_217,ON_DEMAND,SUCCESS,1070,40,2.1,11.58,772.47,1.3778,0.8132414656617638,False,False
EXEC-000272,2026-03-08 07:00:00,CRM_CLIENTS,FRESHNESS_CHECK,CHECK_644,ON_DEMAND,SUCCESS,4723,493,4.0,69.18,263.64,4.1001,1.350699211061215,False,False
EXEC-000273,2026-02-21 23:00:00,MOBILE_APP,FORMAT_CHECK,CHECK_156,ON_DEMAND,SUCCESS,14388,439,8.39,19.25,2663.92,2.0317,1.793829179018423,False,False
EXEC-000274,2025-10-20 09:00:00,PAYMENT_SYSTEM,FORMAT_CHECK,CHECK_378,DAILY,SUCCESS,19611,0,0.57,43.73,888.22,1.5632,1.0914814869373852,False,False
EXEC-000275,2025-10-08 11:00:00,SCORING_ENGINE,COMPLETENESS_CHECK,CHECK_506,WEEKLY,FAILED,42942,119,58.58,10.32,299.15,3.3983,9.310731081614051,True,True
EXEC-000276,2025-12-01 08:00:00,CREDIT_BUREAU,CONSISTENCY_CHECK,CHECK_800,DAILY,SUCCESS,21160,179,99.59,3.2,820.97,4.1648,3.265700414359905,False,False
EXEC-000277,2026-01-05 13:00:00,FRAUD_DETECTION,DUPLICATE_CHECK,CHECK_912,DAILY,FAILED,10060,19,5.73,68.96,990.03,4.8029,7.902010569808353,True,True
EXEC-000278,2026-02-26 04:00:00,INTERNET_BANK,CONSISTENCY_CHECK,CHECK_603,HOURLY,SUCCESS,233313,1571,7.19,13.04,375.81,4.3271,1.6526838187272024,False,False
EXEC-000279,2025-11-26 23:00:00,MOBILE_APP,FRESHNESS_CHECK,CHECK_382,HOURLY,SUCCESS,7958,1751,28.41,39.84,221.81,3.5549,0.8607301596527591,False,False
EXEC-000280,2025-10-04 17:00:00,SCORING_ENGINE,FRESHNESS_CHECK,CHECK_207,ON_DEMAND,FAILED,2927,2,8.05,48.25,641.36,1.8679,3.803832323306117,True,True
EXEC-000281,2025-12-02 18:00:00,PAYMENT_SYSTEM,FRESHNESS_CHECK,CHECK_947,WEEKLY,SUCCESS,3000,0,5.84,29.44,541.92,2.6173,1.117525824737074,False,False
EXEC-000282,2026-02-24 07:00:00,CRM_CLIENTS,CONSISTENCY_CHECK,CHECK_341,ON_DEMAND,SUCCESS,1826,10,7.01,38.22,379.15,2.7742,1.151716614291699,False,False
EXEC-000283,2025-12-15 21:00:00,FRAUD_DETECTION,CONSISTENCY_CHECK,CHECK_106,WEEKLY,SUCCESS,13876,58,69.0,32.68,277.97,2.682,2.347442929868666,False,False
EXEC-000284,2026-01-16 19:00:00,INTERNET_BANK,DUPLICATE_CHECK,CHECK_597,WEEKLY,TIMEOUT,53578,0,53.58,42.78,128.36,4.8514,,False,False
EXEC-000285,2025-09-07 22:00:00,FRAUD_DETECTION,RANGE_CHECK,CHECK_785,DAILY,FAILED,409895,197,0.34,37.43,3389.8,3.8786,10.00332742784405,True,True
EXEC-000286,2025-09-22 11:00:00,SCORING_ENGINE,RANGE_CHECK,CHECK_422,WEEKLY,FAILED,1916,106,289.63,24.6,266.2,0.3235,1.4068269052644828,True,True
EXEC-000287,2026-03-13 14:00:00,FRAUD_DETECTION,RANGE_CHECK,CHECK_334,DAILY,SKIPPED,63347,0,13.84,37.07,3873.16,3.008,,False,False
EXEC-000288,2025-10-07 13:00:00,SCORING_ENGINE,RANGE_CHECK,CHECK_977,DAILY,SUCCESS,259169,8,17.32,11.0,1116.64,3.6065,0.5821979841758337,False,False
EXEC-000289,2025-11-22 08:00:00,LOAN_REGISTRY,NULL_CHECK,CHECK_672,WEEKLY,SUCCESS,862,33,4.77,33.67,114.25,1.7681,1.53729876504217,False,False
EXEC-000290,2025-12-06 12:00:00,CREDIT_BUREAU,CONSISTENCY_CHECK,CHECK_412,DAILY,SUCCESS,10542,132,130.73,14.98,275.05,0.702,0.5500677599216057,False,False
EXEC-000291,2025-11-26 01:00:00,SCORING_ENGINE,FRESHNESS_CHECK,CHECK_890,ON_DEMAND,TIMEOUT,4759,0,1.96,58.87,155.97,1.4474,,False,False
EXEC-000292,2025-11-23 09:00:00,INTERNET_BANK,REFERENTIAL_INTEGRITY,CHECK_224,WEEKLY,SUCCESS,3611,8970,0.34,19.29,109.83,0.8866,0.16744673901647847,False,False
EXEC-000293,2026-03-09 18:00:00,CREDIT_BUREAU,RANGE_CHECK,CHECK_768,HOURLY,SUCCESS,34550,75,13.23,16.92,501.62,2.9187,2.159904247382141,False,False
EXEC-000294,2026-02-28 21:00:00,INTERNET_BANK,COMPLETENESS_CHECK,CHECK_675,DAILY,SUCCESS,10380,0,0.57,11.71,1388.66,2.1297,1.8098294583903087,False,False
EXEC-000295,2025-11-02 10:00:00,FRAUD_DETECTION,DUPLICATE_CHECK,CHECK_431,ON_DEMAND,SKIPPED,64059,0,11.52,18.0,1432.1,4.9793,,False,False
EXEC-000296,2026-02-17 15:00:00,LOAN_REGISTRY,COMPLETENESS_CHECK,CHECK_252,DAILY,SUCCESS,4395,0,32.42,9.12,519.16,4.8073,1.709989337226741,False,False
EXEC-000297,2026-02-28 08:00:00,INTERNET_BANK,RANGE_CHECK,CHECK_113,WEEKLY,SUCCESS,177192,0,8.27,39.63,1448.38,4.1351,1.7766135532252625,False,False
EXEC-000298,2025-09-02 03:00:00,CREDIT_BUREAU,RANGE_CHECK,CHECK_775,ON_DEMAND,SUCCESS,10,708,5.37,6.97,189.03,3.1198,1.3338086420489987,False,False
EXEC-000299,2025-10-21 21:00:00,INTERNET_BANK,DUPLICATE_CHECK,CHECK_173,WEEKLY,FAILED,6401,113,1.31,21.01,633.3,0.7794,2.9640263053626272,True,True
EXEC-000300,2025-09-07 16:00:00,INTERNET_BANK,COMPLETENESS_CHECK,CHECK_325,HOURLY,SKIPPED,40797,0,3.68,15.6,168.71,1.6872,,False,False
EXEC-000301,2025-12-21 17:00:00,FRAUD_DETECTION,ACCURACY_CHECK,CHECK_893,WEEKLY,SKIPPED,14460,0,1.32,10.65,612.53,2.0937,,False,False
EXEC-000302,2026-03-09 01:00:00,CREDIT_BUREAU,NULL_CHECK,CHECK_494,DAILY,SUCCESS,29352,6,187.87,44.21,1807.34,3.7068,2.6567502328335815,False,False
EXEC-000303,2026-01-22 06:00:00,PAYMENT_SYSTEM,COMPLETENESS_CHECK,CHECK_278,HOURLY,SUCCESS,4873,522,13.05,23.06,242.52,3.6317,1.310470122865191,False,False
EXEC-000304,2026-03-13 20:00:00,CREDIT_BUREAU,FORMAT_CHECK,CHECK_510,HOURLY,SUCCESS,6301,30633,0.48,31.85,248.91,3.8071,1.9123754261705925,False,False
EXEC-000305,2025-12-26 11:00:00,PAYMENT_SYSTEM,FRESHNESS_CHECK,CHECK_776,DAILY,SUCCESS,4614,3,119.61,31.69,243.68,4.6865,1.376138344987644,False,False
EXEC-000306,2025-09-01 11:00:00,INTERNET_BANK,DUPLICATE_CHECK,CHECK_158,HOURLY,SUCCESS,29735,0,13.76,27.43,109.43,2.0664,1.7350050021912402,False,False
EXEC-000307,2026-02-12 04:00:00,LOAN_REGISTRY,ACCURACY_CHECK,CHECK_620,HOURLY,FAILED,354042,0,7.04,36.5,953.07,0.6523,3.080244861989805,True,True
EXEC-000308,2025-11-06 00:00:00,CRM_CLIENTS,NULL_CHECK,CHECK_903,DAILY,FAILED,15126,85,15.83,0.85,73.7,4.3366,18.895522506074453,True,True
EXEC-000309,2025-11-03 22:00:00,PAYMENT_SYSTEM,REFERENTIAL_INTEGRITY,CHECK_393,ON_DEMAND,SUCCESS,899,657,11.58,21.02,230.44,4.9724,4.122426278940092,False,False
EXEC-000310,2025-10-08 00:00:00,FRAUD_DETECTION,COMPLETENESS_CHECK,CHECK_779,WEEKLY,SUCCESS,19611,14,25.64,48.15,68.69,3.4822,1.7766400888263225,False,False
EXEC-000311,2025-12-14 13:00:00,CRM_CLIENTS,FORMAT_CHECK,CHECK_508,ON_DEMAND,TIMEOUT,14291,0,57.51,31.99,175.34,1.347,,False,False
EXEC-000312,2026-01-24 00:00:00,INTERNET_BANK,REFERENTIAL_INTEGRITY,CHECK_334,DAILY,SUCCESS,288,0,8.02,46.43,359.29,2.1829,1.769830067902068,False,False
EXEC-000313,2025-11-25 17:00:00,PAYMENT_SYSTEM,FRESHNESS_CHECK,CHECK_684,DAILY,SUCCESS,5883,2961,21.44,24.0,826.47,2.0202,1.1002453910298702,False,False
EXEC-000314,2025-12-02 19:00:00,INTERNET_BANK,ACCURACY_CHECK,CHECK_948,DAILY,SUCCESS,386,0,1.84,40.08,369.87,3.1101,0.9762020893372585,False,False
EXEC-000315,2025-11-08 02:00:00,PAYMENT_SYSTEM,ACCURACY_CHECK,CHECK_837,DAILY,SUCCESS,1793,0,7.75,20.31,757.09,3.693,1.5524944045870221,False,False
EXEC-000316,2026-01-16 04:00:00,SCORING_ENGINE,REFERENTIAL_INTEGRITY,CHECK_584,WEEKLY,SUCCESS,36363,0,13.53,35.11,217.85,1.7548,1.0960819715416168,False,False
EXEC-000317,2026-03-12 22:00:00,INTERNET_BANK,COMPLETENESS_CHECK,CHECK_772,ON_DEMAND,SUCCESS,126322,40,8.7,30.46,63.98,4.5063,3.7192754632104688,False,False
EXEC-000318,2026-03-12 12:00:00,FRAUD_DETECTION,FRESHNESS_CHECK,CHECK_474,ON_DEMAND,SUCCESS,9907,4757,33.85,2.5,872.26,2.6269,0.31548398430917096,False,False
EXEC-000319,2025-12-31 19:00:00,FRAUD_DETECTION,DUPLICATE_CHECK,CHECK_495,WEEKLY,SUCCESS,2078,19,0.89,13.0,155.32,4.0631,0.9612089708589296,False,False
EXEC-000320,2025-10-03 19:00:00,PAYMENT_SYSTEM,ACCURACY_CHECK,CHECK_164,HOURLY,SUCCESS,3861,20,93.23,32.13,922.16,4.3871,3.562260421739748,False,False
EXEC-000321,2026-01-08 16:00:00,CREDIT_BUREAU,REFERENTIAL_INTEGRITY,CHECK_421,DAILY,SUCCESS,3213,205,23.37,12.8,406.64,4.294,1.1294336678675319,False,False
EXEC-000322,2026-02-09 01:00:00,CRM_CLIENTS,RANGE_CHECK,CHECK_848,DAILY,SUCCESS,2432,2,2.46,20.2,990.38,3.0352,2.6516142600884547,False,False
EXEC-000323,2025-11-06 23:00:00,INTERNET_BANK,SCHEMA_VALIDATION,CHECK_383,ON_DEMAND,TIMEOUT,2673,0,32.85,50.76,579.07,1.1405,,False,False
EXEC-000324,2025-11-23 14:00:00,SCORING_ENGINE,ACCURACY_CHECK,CHECK_909,HOURLY,SUCCESS,320,0,3.97,29.54,225.61,3.1814,0.7755628086125926,False,False
EXEC-000325,2025-12-20 20:00:00,SCORING_ENGINE,SCHEMA_VALIDATION,CHECK_587,WEEKLY,TIMEOUT,1733,0,4.48,10.34,525.2,3.2738,,False,False
EXEC-000326,2025-09-16 15:00:00,CREDIT_BUREAU,DUPLICATE_CHECK,CHECK_146,ON_DEMAND,FAILED,17946,234,32.27,11.23,197.79,1.9667,4.083559608188337,True,True
EXEC-000327,2025-12-24 17:00:00,CRM_CLIENTS,FRESHNESS_CHECK,CHECK_470,DAILY,SKIPPED,5126,0,4.99,27.58,1836.98,2.8477,,False,False
EXEC-000328,2025-12-31 19:00:00,SCORING_ENGINE,DUPLICATE_CHECK,CHECK_426,DAILY,SUCCESS,5671,1,1.46,5.62,308.86,2.7335,2.3089493907444223,False,False
EXEC-000329,2026-02-08 21:00:00,SCORING_ENGINE,COMPLETENESS_CHECK,CHECK_357,DAILY,SUCCESS,318447,45,16.56,16.63,207.33,0.0336,0.012205869308480553,False,False
EXEC-000330,2025-11-22 07:00:00,INTERNET_BANK,NULL_CHECK,CHECK_682,DAILY,SUCCESS,6126,257,2.01,30.62,980.68,3.1243,2.749858676022314,False,False
EXEC-000331,2026-03-01 18:00:00,INTERNET_BANK,SCHEMA_VALIDATION,CHECK_174,ON_DEMAND,SUCCESS,205819,60,60.73,5.4,293.94,0.4346,0.3660709557994582,False,False
EXEC-000332,2025-12-23 19:00:00,PAYMENT_SYSTEM,DUPLICATE_CHECK,CHECK_918,ON_DEMAND,SKIPPED,3792,0,2.94,24.09,112.59,1.8242,,False,False
EXEC-000333,2026-02-16 07:00:00,MOBILE_APP,FORMAT_CHECK,CHECK_278,WEEKLY,SUCCESS,214,0,1.85,11.26,602.38,2.3028,1.6804337627921655,False,False
EXEC-000334,2025-11-17 16:00:00,SCORING_ENGINE,NULL_CHECK,CHECK_741,ON_DEMAND,SUCCESS,31026,0,7.0,23.68,380.69,3.7151,2.5888815798340388,False,False
EXEC-000335,2026-01-26 01:00:00,SCORING_ENGINE,CONSISTENCY_CHECK,CHECK_775,HOURLY,SKIPPED,100172,0,5.84,50.91,209.45,0.9368,,False,False
EXEC-000336,2026-03-11 23:00:00,CRM_CLIENTS,NULL_CHECK,CHECK_168,ON_DEMAND,SUCCESS,11397,2904,0.25,46.74,1974.5,4.7069,3.2257460456686076,False,False
EXEC-000337,2025-09-06 14:00:00,SCORING_ENGINE,FORMAT_CHECK,CHECK_477,HOURLY,SUCCESS,13155,47,3.16,12.48,608.83,0.3288,0.20798386420223958,False,False
EXEC-000338,2025-09-27 00:00:00,CRM_CLIENTS,NULL_CHECK,CHECK_188,DAILY,SUCCESS,663,8710,0.66,44.64,265.23,0.2925,0.1438234529705957,False,False
EXEC-000339,2025-10-06 05:00:00,CREDIT_BUREAU,FORMAT_CHECK,CHECK_538,ON_DEMAND,FAILED,30071,5,1.77,52.17,538.53,0.7438,2.46966139999344,True,True
EXEC-000340,2026-03-12 21:00:00,INTERNET_BANK,COMPLETENESS_CHECK,CHECK_837,DAILY,SUCCESS,14281,18,4.4,49.87,281.42,0.807,0.7099650671255858,False,False
EXEC-000341,2025-10-17 18:00:00,PAYMENT_SYSTEM,REFERENTIAL_INTEGRITY,CHECK_374,ON_DEMAND,SUCCESS,3023,55,9.49,39.05,611.24,2.9331,0.9030184087605582,False,False
EXEC-000342,2025-11-18 22:00:00,CRM_CLIENTS,SCHEMA_VALIDATION,CHECK_173,WEEKLY,SUCCESS,10135,60,9.57,4.56,231.56,3.9407,2.975052504450547,False,False
EXEC-000343,2026-01-19 04:00:00,SCORING_ENGINE,ACCURACY_CHECK,CHECK_179,DAILY,SUCCESS,521,17,17.5,26.59,413.57,3.5708,0.7436925430322661,False,False
EXEC-000344,2025-09-15 23:00:00,CREDIT_BUREAU,FRESHNESS_CHECK,CHECK_679,DAILY,SUCCESS,15294,1791,8.86,22.83,509.21,0.9332,0.5153795033842123,False,False
EXEC-000345,2025-11-09 23:00:00,CRM_CLIENTS,FRESHNESS_CHECK,CHECK_884,DAILY,SUCCESS,1027469,11,0.81,26.42,187.49,4.4274,1.7436281760705612,False,False
EXEC-000346,2026-02-07 10:00:00,PAYMENT_SYSTEM,FRESHNESS_CHECK,CHECK_789,HOURLY,FAILED,605,13,29.35,28.89,343.03,0.8472,2.782500239281343,True,True
EXEC-000347,2026-01-19 18:00:00,CREDIT_BUREAU,CONSISTENCY_CHECK,CHECK_450,WEEKLY,SUCCESS,2572,9,6.66,27.02,4081.61,2.9982,1.3122771498169097,False,False
EXEC-000348,2026-03-02 14:00:00,CRM_CLIENTS,COMPLETENESS_CHECK,CHECK_437,DAILY,SUCCESS,12412,1669,4.39,29.16,1696.72,2.6073,1.4193756350571096,False,False
EXEC-000349,2025-09-25 18:00:00,FRAUD_DETECTION,ACCURACY_CHECK,CHECK_538,WEEKLY,SUCCESS,42462,202,72.96,67.54,784.48,3.0479,0.3180433983080774,False,False
EXEC-000350,2025-10-06 00:00:00,CREDIT_BUREAU,CONSISTENCY_CHECK,CHECK_378,HOURLY,SUCCESS,194951,0,2.58,20.79,1041.91,1.1977,0.33651169987593466,False,False
EXEC-000351,2026-03-07 05:00:00,SCORING_ENGINE,ACCURACY_CHECK,CHECK_117,HOURLY,SUCCESS,165253,0,1.31,42.56,1026.26,2.8394,1.8472917047471813,False,False
EXEC-000352,2026-01-29 14:00:00,PAYMENT_SYSTEM,FRESHNESS_CHECK,CHECK_683,DAILY,SKIPPED,49446,0,0.93,26.98,935.58,1.864,,False,False
EXEC-000353,2025-10-17 07:00:00,CREDIT_BUREAU,NULL_CHECK,CHECK_786,ON_DEMAND,SUCCESS,2065,442,13.39,40.26,156.3,3.4113,2.6011358662216764,False,False
EXEC-000354,2025-11-15 08:00:00,PAYMENT_SYSTEM,NULL_CHECK,CHECK_193,DAILY,SUCCESS,358,1,0.1,29.4,336.59,2.1661,0.5305463986334545,False,False
EXEC-000355,2025-11-13 05:00:00,LOAN_REGISTRY,ACCURACY_CHECK,CHECK_690,ON_DEMAND,SUCCESS,384,1,4.59,13.18,2024.16,0.1849,0.08833842985530395,False,False
EXEC-000356,2025-11-14 13:00:00,FRAUD_DETECTION,ACCURACY_CHECK,CHECK_838,WEEKLY,FAILED,5537,15,14.66,8.97,301.61,2.0109,7.5891307459280215,True,True
EXEC-000357,2026-01-05 14:00:00,SCORING_ENGINE,REFERENTIAL_INTEGRITY,CHECK_484,DAILY,SUCCESS,6411,6223,4.75,52.42,391.13,0.325,0.08305860370168675,False,False
EXEC-000358,2025-10-04 01:00:00,CREDIT_BUREAU,FORMAT_CHECK,CHECK_706,HOURLY,SUCCESS,5454,8,57.15,14.53,455.1,3.684,1.9799596446870085,False,False
EXEC-000359,2025-09-13 11:00:00,PAYMENT_SYSTEM,FRESHNESS_CHECK,CHECK_316,WEEKLY,SUCCESS,24043,0,5.84,34.26,1125.56,1.2045,0.6974523414879955,False,False
EXEC-000360,2025-11-27 12:00:00,CREDIT_BUREAU,NULL_CHECK,CHECK_705,ON_DEMAND,FAILED,121730,500,1.6,12.32,1770.98,0.9261,1.6539403860216957,True,True
EXEC-000361,2025-09-04 23:00:00,INTERNET_BANK,CONSISTENCY_CHECK,CHECK_428,WEEKLY,FAILED,11820,1,0.56,18.51,492.25,4.141,17.645484725653713,True,True
EXEC-000362,2026-01-18 15:00:00,MOBILE_APP,FORMAT_CHECK,CHECK_561,DAILY,SUCCESS,239642,0,6.07,31.85,24.58,2.8049,0.589681708318958,False,False
EXEC-000363,2025-10-12 01:00:00,CREDIT_BUREAU,REFERENTIAL_INTEGRITY,CHECK_660,HOURLY,FAILED,32117,12,4.34,43.26,728.81,4.5008,11.234290489966625,True,True
EXEC-000364,2025-12-05 17:00:00,CREDIT_BUREAU,RANGE_CHECK,CHECK_608,WEEKLY,SUCCESS,1109,32,0.44,47.17,414.7,1.6911,1.1284010739413866,False,False
EXEC-000365,2026-02-01 13:00:00,CREDIT_BUREAU,DUPLICATE_CHECK,CHECK_466,DAILY,FAILED,437,3,1.15,48.0,373.67,1.2069,5.721810763836254,True,True
EXEC-000366,2025-11-11 08:00:00,MOBILE_APP,COMPLETENESS_CHECK,CHECK_924,DAILY,SUCCESS,13233,470,0.68,14.07,795.74,1.3438,1.1786933372177495,False,False
EXEC-000367,2025-10-02 21:00:00,CREDIT_BUREAU,ACCURACY_CHECK,CHECK_289,DAILY,SUCCESS,3905,644,2.4,20.69,369.85,4.9924,4.014469316994039,False,False
EXEC-000368,2025-12-26 07:00:00,CRM_CLIENTS,COMPLETENESS_CHECK,CHECK_161,DAILY,SUCCESS,3949,167,1.76,42.84,963.91,4.0975,3.095209663316649,False,False
EXEC-000369,2025-11-20 19:00:00,MOBILE_APP,CONSISTENCY_CHECK,CHECK_588,ON_DEMAND,SUCCESS,17139,1180,10.63,27.88,1525.17,3.6977,2.7402382075726064,False,False
EXEC-000370,2025-10-11 13:00:00,INTERNET_BANK,REFERENTIAL_INTEGRITY,CHECK_922,ON_DEMAND,SUCCESS,1691825,595,2.08,28.55,2047.84,0.8682,0.4447116244555018,False,False
EXEC-000371,2025-10-02 22:00:00,SCORING_ENGINE,DUPLICATE_CHECK,CHECK_100,ON_DEMAND,SUCCESS,16047,1172,25.11,40.7,341.48,0.2167,0.1748818276066875,False,False
EXEC-000372,2025-11-25 10:00:00,PAYMENT_SYSTEM,CONSISTENCY_CHECK,CHECK_930,DAILY,SUCCESS,138,7,7.02,11.48,597.44,1.7801,1.193090071664576,False,False
EXEC-000373,2026-03-03 06:00:00,SCORING_ENGINE,SCHEMA_VALIDATION,CHECK_240,ON_DEMAND,FAILED,1116,294,2.15,5.56,1178.52,4.7513,22.54887538174508,True,True
EXEC-000374,2025-11-22 07:00:00,FRAUD_DETECTION,REFERENTIAL_INTEGRITY,CHECK_118,HOURLY,SUCCESS,2302,3,1.06,28.29,743.42,1.6536,0.4529340463867,False,False
EXEC-000375,2025-09-16 01:00:00,INTERNET_BANK,DUPLICATE_CHECK,CHECK_359,HOURLY,SUCCESS,82288,283,2.85,39.44,288.3,3.5037,0.7795360082146743,False,False
EXEC-000376,2026-02-10 11:00:00,FRAUD_DETECTION,RANGE_CHECK,CHECK_272,WEEKLY,SUCCESS,17845,0,14.14,10.33,263.64,2.092,0.8307007670521367,False,False
EXEC-000377,2025-12-04 13:00:00,PAYMENT_SYSTEM,CONSISTENCY_CHECK,CHECK_545,ON_DEMAND,SUCCESS,112747,4603,1.79,27.49,162.65,0.2764,0.050872883728638,False,False
EXEC-000378,2026-03-04 16:00:00,FRAUD_DETECTION,FORMAT_CHECK,CHECK_262,HOURLY,SUCCESS,1200,0,15.74,42.34,69.33,1.2566,0.23556918980165814,False,False
EXEC-000379,2025-10-28 00:00:00,INTERNET_BANK,SCHEMA_VALIDATION,CHECK_782,HOURLY,SUCCESS,966,266,15.39,5.26,451.02,4.5341,2.2444757666665702,False,False
EXEC-000380,2025-09-03 04:00:00,CREDIT_BUREAU,NULL_CHECK,CHECK_115,ON_DEMAND,SUCCESS,25540,468,147.02,13.0,143.08,4.8451,2.2584248845946027,False,False
EXEC-000381,2026-02-15 02:00:00,INTERNET_BANK,NULL_CHECK,CHECK_172,HOURLY,SUCCESS,144,2917,64.66,36.25,142.37,0.3754,0.29540538756633794,False,False
EXEC-000382,2025-11-13 20:00:00,CREDIT_BUREAU,RANGE_CHECK,CHECK_737,WEEKLY,SUCCESS,249864,117,2.23,48.35,3247.38,2.0616,0.5954905924407893,False,False
EXEC-000383,2026-01-19 13:00:00,FRAUD_DETECTION,COMPLETENESS_CHECK,CHECK_987,ON_DEMAND,FAILED,92426,2,0.79,38.71,783.08,1.5594,3.458085675974288,True,True
EXEC-000384,2025-12-22 21:00:00,LOAN_REGISTRY,ACCURACY_CHECK,CHECK_767,HOURLY,SUCCESS,5509,2109,8.49,46.43,176.69,0.6273,0.5489964515995304,False,False
EXEC-000385,2025-10-05 03:00:00,SCORING_ENGINE,COMPLETENESS_CHECK,CHECK_608,DAILY,SUCCESS,36867,32,9.15,8.89,588.16,0.4087,0.0921609467375527,False,False
EXEC-000386,2025-10-01 06:00:00,SCORING_ENGINE,CONSISTENCY_CHECK,CHECK_198,DAILY,FAILED,16673,1,13.4,36.48,162.25,4.0017,18.99611845319062,True,True
EXEC-000387,2026-02-19 22:00:00,SCORING_ENGINE,DUPLICATE_CHECK,CHECK_239,HOURLY,TIMEOUT,8502,0,6.81,15.56,412.03,4.8771,,False,False
EXEC-000388,2025-11-18 06:00:00,SCORING_ENGINE,FRESHNESS_CHECK,CHECK_846,ON_DEMAND,SUCCESS,12285,11312,3.96,6.61,710.64,2.0808,1.5399756583779796,False,False
EXEC-000389,2025-12-04 18:00:00,CREDIT_BUREAU,NULL_CHECK,CHECK_777,WEEKLY,SUCCESS,2299,7,36.77,42.22,455.46,1.5372,1.1266922736937164,False,False
EXEC-000390,2025-09-01 00:00:00,LOAN_REGISTRY,DUPLICATE_CHECK,CHECK_191,HOURLY,SUCCESS,5091,874,23.73,10.28,179.83,3.3417,1.4519536002939415,False,False
EXEC-000391,2026-01-24 18:00:00,SCORING_ENGINE,REFERENTIAL_INTEGRITY,CHECK_253,WEEKLY,SUCCESS,103794,406,5.54,15.2,387.49,2.0574,1.6967172539921187,False,False
EXEC-000392,2025-12-29 02:00:00,FRAUD_DETECTION,NULL_CHECK,CHECK_414,DAILY,FAILED,26381,32,54.49,15.38,448.32,3.2762,8.838180858834466,True,False
EXEC-000393,2025-12-31 19:00:00,CREDIT_BUREAU,DUPLICATE_CHECK,CHECK_175,ON_DEMAND,SUCCESS,443,7,3.76,4.9,154.03,4.0282,0.5537656529586646,False,False
EXEC-000394,2026-02-02 09:00:00,FRAUD_DETECTION,ACCURACY_CHECK,CHECK_306,WEEKLY,SUCCESS,8055,11,57.38,5.67,286.64,1.913,0.9848470752830534,False,False
EXEC-000395,2026-03-09 21:00:00,MOBILE_APP,RANGE_CHECK,CHECK_685,HOURLY,TIMEOUT,181241,0,2.22,40.38,235.88,0.0137,,False,False
EXEC-000396,2025-10-27 01:00:00,INTERNET_BANK,DUPLICATE_CHECK,CHECK_349,DAILY,SKIPPED,805,0,1.83,43.13,375.69,2.8849,,False,False
EXEC-000397,2025-09-10 04:00:00,FRAUD_DETECTION,CONSISTENCY_CHECK,CHECK_869,WEEKLY,SUCCESS,4218,43,11.45,37.78,391.34,3.8131,0.8773962879149377,False,False
EXEC-000398,2025-10-04 06:00:00,PAYMENT_SYSTEM,CONSISTENCY_CHECK,CHECK_833,ON_DEMAND,SUCCESS,12609,12,28.28,23.84,144.42,2.7275,0.9091479648910339,False,False
EXEC-000399,2025-09-08 06:00:00,FRAUD_DETECTION,REFERENTIAL_INTEGRITY,CHECK_540,HOURLY,SUCCESS,21132,14471,2.3,32.31,233.45,2.1676,0.2681964348297095,False,False
EXEC-000400,2025-12-03 22:00:00,CRM_CLIENTS,COMPLETENESS_CHECK,CHECK_735,WEEKLY,SUCCESS,33575,188,0.57,20.21,133.1,4.6349,2.501725531740572,False,False
EXEC-000401,2025-11-05 17:00:00,MOBILE_APP,DUPLICATE_CHECK,CHECK_513,HOURLY,SUCCESS,42628,65,11.74,13.26,929.64,4.7006,1.8974450022843394,False,False
EXEC-000402,2025-10-29 17:00:00,LOAN_REGISTRY,NULL_CHECK,CHECK_573,HOURLY,SUCCESS,8827,6,0.68,17.57,379.46,3.6077,0.5707705046873934,False,False
EXEC-000403,2025-10-24 13:00:00,INTERNET_BANK,COMPLETENESS_CHECK,CHECK_644,WEEKLY,SUCCESS,7496,159,6.32,28.98,56.25,3.0013,1.9063691341178712,False,False
EXEC-000404,2025-11-19 22:00:00,CREDIT_BUREAU,DUPLICATE_CHECK,CHECK_680,DAILY,SUCCESS,161933,3520,0.25,18.36,727.44,0.9382,0.8310826538693777,False,False
EXEC-000405,2025-09-16 10:00:00,INTERNET_BANK,FRESHNESS_CHECK,CHECK_762,DAILY,SUCCESS,47027,565,10.85,12.63,512.06,1.2575,0.2559347873639041,False,False
EXEC-000406,2025-11-01 05:00:00,CREDIT_BUREAU,SCHEMA_VALIDATION,CHECK_564,DAILY,SUCCESS,14008,1,12.65,14.53,1225.03,4.6476,1.8374542351082193,False,False
EXEC-000407,2025-11-06 20:00:00,CRM_CLIENTS,NULL_CHECK,CHECK_515,HOURLY,SUCCESS,3160,2263,128.75,10.3,545.99,4.0829,1.8312371208716125,False,False
EXEC-000408,2025-11-11 08:00:00,MOBILE_APP,COMPLETENESS_CHECK,CHECK_137,WEEKLY,SUCCESS,13874,0,10.54,29.94,195.37,4.6391,2.198592277950853,False,False
EXEC-000409,2025-11-07 11:00:00,INTERNET_BANK,REFERENTIAL_INTEGRITY,CHECK_679,WEEKLY,FAILED,16318,276,10.32,45.78,532.23,3.6267,8.43096602444928,True,True
EXEC-000410,2025-10-16 06:00:00,MOBILE_APP,SCHEMA_VALIDATION,CHECK_635,HOURLY,SUCCESS,23266,13879,3.59,12.67,233.57,4.0336,0.7402037566550697,False,False
EXEC-000411,2025-12-10 16:00:00,CREDIT_BUREAU,RANGE_CHECK,CHECK_585,ON_DEMAND,TIMEOUT,1403,0,26.45,18.28,412.37,3.9317,,False,False
EXEC-000412,2026-02-05 07:00:00,FRAUD_DETECTION,REFERENTIAL_INTEGRITY,CHECK_320,DAILY,FAILED,3555,244,2.46,29.59,7566.95,4.7978,14.010108659708745,True,True
EXEC-000413,2025-09-21 21:00:00,MOBILE_APP,CONSISTENCY_CHECK,CHECK_175,WEEKLY,FAILED,2171,1,1.12,11.57,1345.09,3.4062,6.827172139836672,True,True
EXEC-000414,2026-02-01 10:00:00,INTERNET_BANK,CONSISTENCY_CHECK,CHECK_268,WEEKLY,SUCCESS,10720,75,6.73,6.09,1550.34,2.0298,0.6472846801538296,False,False
EXEC-000415,2025-11-17 00:00:00,INTERNET_BANK,FORMAT_CHECK,CHECK_536,DAILY,SUCCESS,1029,0,1.25,57.93,190.01,0.3014,0.13204314101063558,False,False
EXEC-000416,2025-10-16 21:00:00,LOAN_REGISTRY,ACCURACY_CHECK,CHECK_602,DAILY,FAILED,29991,2,22.18,56.2,1202.92,3.0623,10.280128442399224,True,True
EXEC-000417,2025-09-11 17:00:00,LOAN_REGISTRY,FORMAT_CHECK,CHECK_595,DAILY,SUCCESS,104409,452,1.3,34.74,332.23,4.2909,1.902448152575873,False,False
EXEC-000418,2025-10-11 05:00:00,SCORING_ENGINE,CONSISTENCY_CHECK,CHECK_336,DAILY,SUCCESS,9104,10,6.33,24.9,1301.54,0.9879,0.40436772478745464,False,False
EXEC-000419,2025-11-09 16:00:00,LOAN_REGISTRY,FRESHNESS_CHECK,CHECK_181,ON_DEMAND,SUCCESS,2838,2153,7.65,55.01,1562.49,2.9172,2.2961902697259484,False,False
EXEC-000420,2026-01-04 03:00:00,FRAUD_DETECTION,ACCURACY_CHECK,CHECK_917,ON_DEMAND,FAILED,132841,769,29.96,47.11,120.28,0.4227,0.9215424390495303,True,True
EXEC-000421,2025-12-12 06:00:00,CREDIT_BUREAU,SCHEMA_VALIDATION,CHECK_716,HOURLY,SUCCESS,3097,8,84.76,17.18,223.66,3.0416,1.375096537851486,False,False
EXEC-000422,2026-01-26 09:00:00,CRM_CLIENTS,NULL_CHECK,CHECK_888,DAILY,SUCCESS,45488,137,398.92,22.19,147.4,4.9588,2.8377930620159857,False,False
EXEC-000423,2025-10-23 12:00:00,LOAN_REGISTRY,SCHEMA_VALIDATION,CHECK_289,ON_DEMAND,FAILED,41579,371,72.08,31.7,913.34,1.4252,6.682603337538565,True,True
EXEC-000424,2025-09-22 14:00:00,SCORING_ENGINE,FRESHNESS_CHECK,CHECK_235,HOURLY,SUCCESS,1586,218,0.37,33.43,175.03,1.0117,0.7304863338929425,False,False
EXEC-000425,2025-10-25 07:00:00,CREDIT_BUREAU,NULL_CHECK,CHECK_548,DAILY,SUCCESS,30542,2627,6.74,18.02,408.94,3.7251,0.45246455133699814,False,False
EXEC-000426,2026-02-09 16:00:00,MOBILE_APP,NULL_CHECK,CHECK_767,ON_DEMAND,TIMEOUT,8028,0,105.04,19.44,277.07,2.7642,,False,False
EXEC-000427,2026-01-08 01:00:00,FRAUD_DETECTION,REFERENTIAL_INTEGRITY,CHECK_498,DAILY,SUCCESS,12713,4651,0.37,33.81,2872.23,2.4718,2.16325061994286,False,False
EXEC-000428,2025-09-03 14:00:00,SCORING_ENGINE,RANGE_CHECK,CHECK_791,HOURLY,SUCCESS,249,8,49.43,32.51,369.45,3.701,2.1824268275279906,False,False
EXEC-000429,2025-10-29 11:00:00,SCORING_ENGINE,ACCURACY_CHECK,CHECK_882,ON_DEMAND,SUCCESS,5428,466,1.73,11.15,528.72,2.9688,2.150693862442453,False,False
EXEC-000430,2026-01-06 20:00:00,LOAN_REGISTRY,RANGE_CHECK,CHECK_128,HOURLY,SUCCESS,932,147,7.81,14.39,527.49,4.6432,1.9352235322382412,False,False
EXEC-000431,2025-09-12 23:00:00,SCORING_ENGINE,RANGE_CHECK,CHECK_571,DAILY,SUCCESS,1258,1,250.54,62.22,183.18,1.9319,1.4548317767475087,False,False
EXEC-000432,2026-03-01 22:00:00,LOAN_REGISTRY,RANGE_CHECK,CHECK_447,HOURLY,SUCCESS,727,73,0.59,14.39,168.5,1.5096,0.7485367218652286,False,False
EXEC-000433,2025-10-30 18:00:00,INTERNET_BANK,RANGE_CHECK,CHECK_812,WEEKLY,SUCCESS,4396,24,43.76,38.51,393.23,3.5561,0.5256255513122786,False,False
EXEC-000434,2026-01-22 11:00:00,SCORING_ENGINE,ACCURACY_CHECK,CHECK_690,DAILY,SUCCESS,33831,0,4.11,60.89,273.56,4.1569,1.2888686970053147,False,False
EXEC-000435,2025-10-08 01:00:00,INTERNET_BANK,DUPLICATE_CHECK,CHECK_643,DAILY,FAILED,6384,30231,3.6,26.22,1995.53,0.8865,4.386479985357098,True,True
EXEC-000436,2025-09-29 22:00:00,PAYMENT_SYSTEM,COMPLETENESS_CHECK,CHECK_647,HOURLY,SUCCESS,41456,12,42.31,54.23,1382.66,4.3068,0.4739532674615329,False,False
EXEC-000437,2025-10-24 18:00:00,CREDIT_BUREAU,RANGE_CHECK,CHECK_736,DAILY,SUCCESS,1602,52,7.01,35.66,1672.83,2.7619,2.334685458847804,False,False
EXEC-000438,2025-11-12 06:00:00,MOBILE_APP,REFERENTIAL_INTEGRITY,CHECK_586,ON_DEMAND,SUCCESS,6166,14,13.07,16.73,312.17,3.013,2.3008069185959172,False,False
EXEC-000439,2025-09-25 23:00:00,CREDIT_BUREAU,ACCURACY_CHECK,CHECK_764,WEEKLY,SUCCESS,663,14333,5.83,8.34,1581.21,2.3613,2.0999789326592806,False,False
EXEC-000440,2025-10-23 11:00:00,FRAUD_DETECTION,NULL_CHECK,CHECK_657,DAILY,SUCCESS,15610,1229,15.91,57.95,1730.66,1.183,0.4108571050485439,False,False
EXEC-000441,2026-01-20 16:00:00,LOAN_REGISTRY,NULL_CHECK,CHECK_530,WEEKLY,SUCCESS,2900,820,22.58,24.93,94.56,4.3742,0.8461164985550275,False,False
EXEC-000442,2025-10-08 00:00:00,MOBILE_APP,DUPLICATE_CHECK,CHECK_460,DAILY,SUCCESS,10502,1648,0.29,17.73,276.23,4.7455,3.895143989727548,False,False
EXEC-000443,2026-01-27 08:00:00,LOAN_REGISTRY,CONSISTENCY_CHECK,CHECK_342,ON_DEMAND,SUCCESS,4173,349,402.54,12.07,835.67,3.1775,1.4844893719035497,False,False
EXEC-000444,2025-11-18 06:00:00,INTERNET_BANK,DUPLICATE_CHECK,CHECK_960,ON_DEMAND,SUCCESS,2042,202,46.96,19.18,369.01,1.1552,0.14634347824073535,False,False
EXEC-000445,2025-10-27 17:00:00,FRAUD_DETECTION,COMPLETENESS_CHECK,CHECK_752,ON_DEMAND,SUCCESS,180863,38,2.27,4.71,327.82,4.217,0.5424369928475837,False,False
EXEC-000446,2025-11-30 20:00:00,LOAN_REGISTRY,COMPLETENESS_CHECK,CHECK_312,WEEKLY,SUCCESS,95947,4,4.52,23.41,147.85,1.4054,0.20797393960510382,False,False
EXEC-000447,2026-02-25 13:00:00,FRAUD_DETECTION,RANGE_CHECK,CHECK_746,ON_DEMAND,SUCCESS,10968,25,18.21,43.5,314.54,0.6916,0.5526277838087994,False,False
EXEC-000448,2026-03-09 10:00:00,CRM_CLIENTS,FORMAT_CHECK,CHECK_801,DAILY,SUCCESS,662392,0,37.33,32.14,1292.03,2.392,0.24145770008617645,False,False
EXEC-000449,2026-03-01 04:00:00,PAYMENT_SYSTEM,REFERENTIAL_INTEGRITY,CHECK_685,HOURLY,SUCCESS,41115,14,3.12,17.71,537.19,3.6726,2.9111441599629453,False,False
EXEC-000450,2025-12-22 15:00:00,LOAN_REGISTRY,CONSISTENCY_CHECK,CHECK_815,DAILY,TIMEOUT,3878,0,2.14,73.95,717.04,1.442,,False,False
EXEC-000451,2026-02-02 15:00:00,CREDIT_BUREAU,ACCURACY_CHECK,CHECK_809,HOURLY,SUCCESS,153316,1696,2.95,19.78,4179.58,0.3097,0.05640046056270365,False,False
EXEC-000452,2025-10-24 17:00:00,CRM_CLIENTS,SCHEMA_VALIDATION,CHECK_416,DAILY,SUCCESS,4911,7872,2.39,24.8,509.28,4.678,3.3580942372071263,False,False
EXEC-000453,2026-03-01 21:00:00,CREDIT_BUREAU,FRESHNESS_CHECK,CHECK_307,ON_DEMAND,SUCCESS,80444,272,1.6,41.15,924.48,0.4973,0.28144923821345935,False,False
EXEC-000454,2026-03-13 15:00:00,CREDIT_BUREAU,FORMAT_CHECK,CHECK_218,WEEKLY,SUCCESS,6761,23,0.4,42.0,718.59,0.9287,0.7375698378078029,False,False
EXEC-000455,2025-11-13 14:00:00,CREDIT_BUREAU,ACCURACY_CHECK,CHECK_717,WEEKLY,FAILED,33051,75,5.69,28.04,1186.72,4.0425,7.873204163536476,True,True
EXEC-000456,2026-02-01 06:00:00,CREDIT_BUREAU,CONSISTENCY_CHECK,CHECK_193,HOURLY,FAILED,63426,1,24.37,17.56,702.31,3.2077,7.1902430599190215,True,True
EXEC-000457,2026-01-24 00:00:00,PAYMENT_SYSTEM,DUPLICATE_CHECK,CHECK_745,HOURLY,SUCCESS,11791,364,11.56,40.78,161.14,1.3995,0.9533663557920241,False,False
EXEC-000458,2025-10-29 18:00:00,SCORING_ENGINE,DUPLICATE_CHECK,CHECK_888,WEEKLY,SUCCESS,42525,88,7.39,28.57,687.5,4.1372,2.8312098536059858,False,False
EXEC-000459,2026-01-30 22:00:00,CREDIT_BUREAU,REFERENTIAL_INTEGRITY,CHECK_491,DAILY,SUCCESS,11690,216,206.62,26.26,630.81,2.0741,0.25701339667811435,False,False
EXEC-000460,2025-12-05 07:00:00,PAYMENT_SYSTEM,DUPLICATE_CHECK,CHECK_436,ON_DEMAND,FAILED,31644,27,70.95,36.74,160.18,0.0662,0.2478719718018612,True,True
EXEC-000461,2025-12-17 18:00:00,MOBILE_APP,NULL_CHECK,CHECK_416,WEEKLY,SUCCESS,5759,1,251.61,19.77,345.51,1.4467,1.1561031818863934,False,False
EXEC-000462,2025-11-28 19:00:00,CREDIT_BUREAU,COMPLETENESS_CHECK,CHECK_292,ON_DEMAND,FAILED,54010,63,15.51,9.97,280.57,2.3567,9.811144799714786,True,True
EXEC-000463,2025-11-13 02:00:00,LOAN_REGISTRY,CONSISTENCY_CHECK,CHECK_131,WEEKLY,SUCCESS,10165,3193,1.8,26.43,205.17,2.9613,0.9926776620639545,False,False
EXEC-000464,2025-09-07 20:00:00,MOBILE_APP,DUPLICATE_CHECK,CHECK_624,DAILY,SUCCESS,179,76,5.22,10.79,134.39,3.8406,3.3647450712204567,False,False
EXEC-000465,2025-11-06 23:00:00,SCORING_ENGINE,SCHEMA_VALIDATION,CHECK_788,ON_DEMAND,SUCCESS,9625,2349,458.0,60.03,1471.3,0.7813,0.20869846191015182,False,False
EXEC-000466,2026-01-17 12:00:00,SCORING_ENGINE,ACCURACY_CHECK,CHECK_842,DAILY,SUCCESS,22444,7,1.61,39.54,545.08,3.878,1.4730831803629745,False,False
EXEC-000467,2025-12-10 21:00:00,CRM_CLIENTS,ACCURACY_CHECK,CHECK_904,ON_DEMAND,SUCCESS,11235,1428,44.66,14.97,595.19,2.4291,0.6654776534470903,False,False
EXEC-000468,2026-01-07 04:00:00,FRAUD_DETECTION,COMPLETENESS_CHECK,CHECK_692,WEEKLY,SUCCESS,2407,68332,2.37,18.03,505.83,0.1928,0.161803087800313,False,False
EXEC-000469,2026-03-02 18:00:00,CRM_CLIENTS,FRESHNESS_CHECK,CHECK_752,ON_DEMAND,SUCCESS,6814,6288,1.67,28.87,1314.35,2.351,0.7511607406154872,False,False
EXEC-000470,2026-02-06 16:00:00,SCORING_ENGINE,NULL_CHECK,CHECK_442,DAILY,SUCCESS,26050,3,21.64,57.19,330.71,1.2976,0.980023231729346,False,False
EXEC-000471,2025-10-02 01:00:00,PAYMENT_SYSTEM,ACCURACY_CHECK,CHECK_286,HOURLY,SUCCESS,40423,5,32.89,15.21,733.58,1.1985,1.0066485105667469,False,False
EXEC-000472,2025-10-10 08:00:00,LOAN_REGISTRY,FORMAT_CHECK,CHECK_338,HOURLY,SKIPPED,322,0,6.23,16.7,4178.61,1.6993,,False,False
EXEC-000473,2025-10-14 06:00:00,CREDIT_BUREAU,FORMAT_CHECK,CHECK_227,WEEKLY,SUCCESS,1415,129,0.82,29.47,294.28,2.87,2.2283580979574067,False,False
EXEC-000474,2025-09-19 08:00:00,CRM_CLIENTS,DUPLICATE_CHECK,CHECK_248,ON_DEMAND,SUCCESS,223245,15,14.32,24.83,694.79,2.962,2.59577710461276,False,False
EXEC-000475,2025-11-18 10:00:00,SCORING_ENGINE,CONSISTENCY_CHECK,CHECK_146,HOURLY,SUCCESS,5423,4902,6.52,29.14,575.98,4.637,2.549852980294985,False,False
EXEC-000476,2026-03-02 02:00:00,PAYMENT_SYSTEM,ACCURACY_CHECK,CHECK_262,DAILY,SUCCESS,2105,449,0.59,34.24,693.31,4.5572,1.9020454056851275,False,False
EXEC-000477,2025-10-09 15:00:00,MOBILE_APP,COMPLETENESS_CHECK,CHECK_223,WEEKLY,SUCCESS,2765235,3,3.7,13.62,99.34,2.8689,2.106823845610257,False,False
EXEC-000478,2026-03-11 04:00:00,INTERNET_BANK,FORMAT_CHECK,CHECK_700,ON_DEMAND,SUCCESS,167,2078,17.35,31.54,607.47,0.5299,0.21887040837691013,False,False
EXEC-000479,2026-02-11 14:00:00,SCORING_ENGINE,RANGE_CHECK,CHECK_170,ON_DEMAND,SUCCESS,13478,93,3.65,24.3,312.18,0.5289,0.17499202841758713,False,False
EXEC-000480,2026-01-13 16:00:00,MOBILE_APP,COMPLETENESS_CHECK,CHECK_460,DAILY,SUCCESS,51200,0,1.63,36.1,147.15,0.3658,0.25962380338001495,False,False
EXEC-000481,2025-10-17 03:00:00,MOBILE_APP,FORMAT_CHECK,CHECK_962,WEEKLY,SUCCESS,681,52,31.75,30.44,3105.38,2.4943,1.355295002798797,False,False
EXEC-000482,2025-09-19 00:00:00,CRM_CLIENTS,RANGE_CHECK,CHECK_124,DAILY,FAILED,10017,813,6.9,54.2,1580.34,2.3474,9.228262234862902,True,True
EXEC-000483,2026-02-24 19:00:00,FRAUD_DETECTION,ACCURACY_CHECK,CHECK_893,ON_DEMAND,TIMEOUT,11127,0,65.18,39.59,1223.36,1.4305,,False,False
EXEC-000484,2025-11-01 08:00:00,SCORING_ENGINE,ACCURACY_CHECK,CHECK_457,WEEKLY,SUCCESS,1059,97,17.9,22.53,303.75,4.0947,2.5941591242012803,False,False
EXEC-000485,2026-03-03 23:00:00,CREDIT_BUREAU,ACCURACY_CHECK,CHECK_597,ON_DEMAND,SUCCESS,54647,11,188.48,5.85,187.08,0.8931,0.7375589329829066,False,False
EXEC-000486,2025-11-19 02:00:00,PAYMENT_SYSTEM,SCHEMA_VALIDATION,CHECK_926,HOURLY,FAILED,39372,5,4.8,9.34,272.89,4.2993,8.801653302215264,True,False
EXEC-000487,2025-10-14 03:00:00,MOBILE_APP,FRESHNESS_CHECK,CHECK_487,DAILY,SUCCESS,177,213,2.85,19.76,315.77,0.0387,0.031116383404280336,False,False
EXEC-000488,2025-11-22 02:00:00,MOBILE_APP,DUPLICATE_CHECK,CHECK_378,DAILY,SUCCESS,52437,22,12.1,32.28,631.21,3.2655,2.710794000017782,False,False
EXEC-000489,2025-09-18 07:00:00,SCORING_ENGINE,REFERENTIAL_INTEGRITY,CHECK_389,ON_DEMAND,FAILED,12191,0,2.56,25.04,598.18,4.2387,10.561866601481144,True,True
EXEC-000490,2026-02-21 12:00:00,CRM_CLIENTS,SCHEMA_VALIDATION,CHECK_676,WEEKLY,SUCCESS,887,155,7.16,21.86,724.23,4.2109,0.7940693531023681,False,False
EXEC-000491,2026-03-05 13:00:00,MOBILE_APP,FRESHNESS_CHECK,CHECK_755,DAILY,SUCCESS,65569,74,1.62,14.25,606.99,2.4562,2.0424318167779147,False,False
EXEC-000492,2025-09-26 07:00:00,LOAN_REGISTRY,RANGE_CHECK,CHECK_567,DAILY,SUCCESS,2612,34,13.5,55.25,887.09,1.5929,1.1122333659665826,False,False
EXEC-000493,2025-11-22 10:00:00,CREDIT_BUREAU,ACCURACY_CHECK,CHECK_918,DAILY,SUCCESS,370,54,6.19,25.77,372.0,2.1709,0.3252153974124584,False,False
EXEC-000494,2026-03-03 23:00:00,LOAN_REGISTRY,COMPLETENESS_CHECK,CHECK_390,WEEKLY,SUCCESS,8792,0,4.23,1.35,4283.11,2.9023,1.1670276002459126,False,False
EXEC-000495,2026-03-08 12:00:00,INTERNET_BANK,COMPLETENESS_CHECK,CHECK_591,ON_DEMAND,SUCCESS,12370,306,8.51,27.03,1138.03,4.964,4.280844354696344,False,False
EXEC-000496,2025-09-29 12:00:00,CREDIT_BUREAU,SCHEMA_VALIDATION,CHECK_107,ON_DEMAND,SUCCESS,582,30,0.78,16.67,722.6,4.8305,1.912939328477106,False,False
EXEC-000497,2025-12-25 18:00:00,SCORING_ENGINE,ACCURACY_CHECK,CHECK_828,WEEKLY,FAILED,54130,100,1.28,13.86,142.15,4.2068,17.3861794230476,True,True
EXEC-000498,2026-02-27 05:00:00,LOAN_REGISTRY,ACCURACY_CHECK,CHECK_151,ON_DEMAND,SKIPPED,1092882,0,28.91,21.85,503.35,3.6259,,False,False
EXEC-000499,2026-03-03 11:00:00,CREDIT_BUREAU,DUPLICATE_CHECK,CHECK_101,WEEKLY,SUCCESS,9815,250,7.81,33.37,73.74,0.0912,0.07900748941237033,False,False
EXEC-000500,2025-10-02 22:00:00,LOAN_REGISTRY,REFERENTIAL_INTEGRITY,CHECK_243,HOURLY,SUCCESS,6916,0,3.53,28.8,105.38,1.716,1.427365969512638,False,False
EXEC-000501,2025-11-28 15:00:00,INTERNET_BANK,NULL_CHECK,CHECK_530,HOURLY,TIMEOUT,212,0,0.56,36.92,1520.78,0.7755,,False,False
EXEC-000502,2025-11-29 03:00:00,CREDIT_BUREAU,REFERENTIAL_INTEGRITY,CHECK_674,DAILY,SUCCESS,790534,96,16.09,25.35,723.36,4.9453,3.1608325612815014,False,False
EXEC-000503,2025-12-23 08:00:00,LOAN_REGISTRY,COMPLETENESS_CHECK,CHECK_575,DAILY,SUCCESS,21970,1229,2.15,27.26,1192.27,2.6816,0.7345838506346172,False,False
EXEC-000504,2026-03-07 08:00:00,CRM_CLIENTS,FRESHNESS_CHECK,CHECK_505,WEEKLY,SKIPPED,10957,0,1.09,30.63,414.75,1.9936,,False,False
EXEC-000505,2025-10-17 11:00:00,MOBILE_APP,COMPLETENESS_CHECK,CHECK_413,HOURLY,FAILED,196,1079,0.54,39.08,331.39,0.8577,1.8297043736615062,True,True
EXEC-000506,2025-10-31 20:00:00,INTERNET_BANK,COMPLETENESS_CHECK,CHECK_416,DAILY,SUCCESS,4980,0,5.13,29.84,339.64,4.1041,2.625915860207362,False,False
EXEC-000507,2025-09-16 00:00:00,MOBILE_APP,REFERENTIAL_INTEGRITY,CHECK_657,DAILY,SUCCESS,84543,93,24.28,35.07,275.69,4.9405,0.7323719444816964,False,False
EXEC-000508,2026-01-24 23:00:00,MOBILE_APP,CONSISTENCY_CHECK,CHECK_781,HOURLY,SUCCESS,57244,135,10.07,37.0,128.59,2.9324,1.1060689174311251,False,False
EXEC-000509,2026-02-15 10:00:00,CREDIT_BUREAU,DUPLICATE_CHECK,CHECK_880,HOURLY,SUCCESS,11675,7,2.97,49.42,864.96,1.0698,0.19017397281135695,False,False
EXEC-000510,2025-11-10 01:00:00,FRAUD_DETECTION,RANGE_CHECK,CHECK_545,ON_DEMAND,SUCCESS,5202,3,12.89,10.21,307.81,2.2341,1.7020157291450162,False,False
EXEC-000511,2025-10-18 16:00:00,CREDIT_BUREAU,FORMAT_CHECK,CHECK_608,DAILY,SUCCESS,13048,18,8.52,31.54,178.72,4.9214,3.361950763262546,False,False
EXEC-000512,2025-11-15 06:00:00,CREDIT_BUREAU,SCHEMA_VALIDATION,CHECK_510,ON_DEMAND,SUCCESS,3028,1638,4.66,50.07,174.5,3.9862,0.6218635835302941,False,False
EXEC-000513,2025-10-01 12:00:00,CRM_CLIENTS,REFERENTIAL_INTEGRITY,CHECK_404,ON_DEMAND,FAILED,2705,121,48.22,78.99,297.66,2.4626,3.981700072383569,True,True
EXEC-000514,2026-02-24 19:00:00,CRM_CLIENTS,REFERENTIAL_INTEGRITY,CHECK_686,HOURLY,SUCCESS,150525,16,61.47,9.83,223.02,3.2778,2.9363008724865405,False,False
EXEC-000515,2025-10-21 10:00:00,FRAUD_DETECTION,ACCURACY_CHECK,CHECK_558,DAILY,SKIPPED,1366,0,4.81,23.74,574.36,1.3973,,False,False
EXEC-000516,2026-01-29 23:00:00,PAYMENT_SYSTEM,FRESHNESS_CHECK,CHECK_707,WEEKLY,SUCCESS,30137,1,2.35,31.34,852.57,2.3826,0.5357552123538446,False,False
EXEC-000517,2025-09-25 09:00:00,PAYMENT_SYSTEM,NULL_CHECK,CHECK_560,WEEKLY,SUCCESS,10129,304,6.38,15.55,1865.19,3.0186,0.40023931369851296,False,False
EXEC-000518,2026-01-23 02:00:00,FRAUD_DETECTION,FRESHNESS_CHECK,CHECK_416,ON_DEMAND,SUCCESS,6387,32,1.06,29.59,185.32,4.2475,1.7441545280463542,False,False
EXEC-000519,2026-03-06 14:00:00,CREDIT_BUREAU,NULL_CHECK,CHECK_191,WEEKLY,SUCCESS,52607,237,4.07,13.03,1702.71,1.7057,0.6794426067160262,False,False
EXEC-000520,2025-09-28 08:00:00,MOBILE_APP,ACCURACY_CHECK,CHECK_529,WEEKLY,SUCCESS,1199,0,7.32,14.34,169.61,3.8971,2.2737358637087612,False,False
EXEC-000521,2025-12-19 20:00:00,CRM_CLIENTS,FRESHNESS_CHECK,CHECK_935,HOURLY,FAILED,16021,17576,2.43,29.51,1871.8,2.2924,4.29003966728135,True,True
EXEC-000522,2026-02-05 07:00:00,FRAUD_DETECTION,COMPLETENESS_CHECK,CHECK_306,HOURLY,SUCCESS,15443,3965,22.0,28.79,1020.98,1.6976,0.702098592686876,False,False
EXEC-000523,2025-10-27 04:00:00,PAYMENT_SYSTEM,ACCURACY_CHECK,CHECK_494,DAILY,SUCCESS,612,7,9.42,12.76,1064.75,1.5219,0.20885370308892287,False,False
EXEC-000524,2025-12-04 07:00:00,FRAUD_DETECTION,DUPLICATE_CHECK,CHECK_455,ON_DEMAND,SUCCESS,1188,2,19.94,14.01,306.1,3.9855,2.9580252110758583,False,False
EXEC-000525,2025-12-25 06:00:00,FRAUD_DETECTION,RANGE_CHECK,CHECK_536,HOURLY,SUCCESS,280609,1032,205.9,11.46,312.1,0.4841,0.24836704964718195,False,False
EXEC-000526,2025-09-11 05:00:00,CREDIT_BUREAU,FRESHNESS_CHECK,CHECK_807,ON_DEMAND,SUCCESS,1642,377,35.75,45.97,491.03,3.4726,2.240165786216748,False,False
EXEC-000527,2025-09-12 07:00:00,PAYMENT_SYSTEM,ACCURACY_CHECK,CHECK_134,HOURLY,SUCCESS,2949,0,0.48,39.91,1386.41,3.4925,0.555533755357798,False,False
EXEC-000528,2025-09-04 22:00:00,LOAN_REGISTRY,FRESHNESS_CHECK,CHECK_363,ON_DEMAND,SKIPPED,8935,0,0.88,22.41,113.83,0.6033,,False,False
EXEC-000529,2025-09-10 07:00:00,FRAUD_DETECTION,DUPLICATE_CHECK,CHECK_978,ON_DEMAND,SUCCESS,3735,6249,2.88,34.83,237.73,0.6025,0.3689103483020777,False,False
EXEC-000530,2025-09-09 06:00:00,SCORING_ENGINE,SCHEMA_VALIDATION,CHECK_438,WEEKLY,SUCCESS,14410,515,4.01,17.05,1749.69,1.3273,1.0637687939475238,False,False
EXEC-000531,2025-09-11 08:00:00,INTERNET_BANK,DUPLICATE_CHECK,CHECK_133,ON_DEMAND,SUCCESS,9727,418,9.59,22.04,339.39,1.4347,0.39775099195599545,False,False
EXEC-000532,2025-09-29 13:00:00,CREDIT_BUREAU,ACCURACY_CHECK,CHECK_123,HOURLY,SUCCESS,44242,11365,2.65,17.24,597.74,1.6246,0.8545581601076663,False,False
EXEC-000533,2025-12-20 01:00:00,MOBILE_APP,CONSISTENCY_CHECK,CHECK_516,ON_DEMAND,SUCCESS,562,4,0.86,42.55,3409.83,4.0163,3.3900176491655287,False,False
EXEC-000534,2025-10-27 07:00:00,INTERNET_BANK,CONSISTENCY_CHECK,CHECK_350,HOURLY,SUCCESS,145183,97,21.3,28.07,469.58,3.8691,2.0131812578673345,False,False
EXEC-000535,2025-09-28 16:00:00,PAYMENT_SYSTEM,FORMAT_CHECK,CHECK_461,HOURLY,SUCCESS,645,24926,3.85,14.66,634.36,1.0406,0.4740771347070964,False,False
EXEC-000536,2025-09-29 04:00:00,PAYMENT_SYSTEM,CONSISTENCY_CHECK,CHECK_422,WEEKLY,SUCCESS,38054,2,0.4,16.8,551.44,2.1307,1.8393246436651938,False,False
EXEC-000537,2025-11-04 23:00:00,CREDIT_BUREAU,SCHEMA_VALIDATION,CHECK_815,ON_DEMAND,FAILED,2599,7,19.17,23.7,159.97,4.455,15.056450889115554,True,True
EXEC-000538,2026-02-12 02:00:00,SCORING_ENGINE,FORMAT_CHECK,CHECK_325,HOURLY,TIMEOUT,59142,0,0.79,65.4,856.39,2.1209,,False,False
EXEC-000539,2025-10-04 12:00:00,MOBILE_APP,RANGE_CHECK,CHECK_581,HOURLY,SUCCESS,126601,6962,0.85,9.9,489.15,2.2779,0.7865018152677011,False,False
EXEC-000540,2026-01-28 20:00:00,PAYMENT_SYSTEM,REFERENTIAL_INTEGRITY,CHECK_303,ON_DEMAND,FAILED,44309,657,22.04,47.36,1818.11,2.1638,10.161266436764539,True,True
EXEC-000541,2026-03-03 23:00:00,CRM_CLIENTS,NULL_CHECK,CHECK_138,ON_DEMAND,FAILED,68213,183,1.17,2.13,666.6,0.5265,2.4113139804347177,True,True
EXEC-000542,2026-01-05 19:00:00,MOBILE_APP,FORMAT_CHECK,CHECK_702,HOURLY,SUCCESS,489,1,48.01,9.9,555.61,1.4655,0.31407937930027974,False,False
EXEC-000543,2025-09-20 12:00:00,MOBILE_APP,FORMAT_CHECK,CHECK_856,ON_DEMAND,SUCCESS,35788,1,31.27,14.86,595.49,0.6995,0.3089969794658857,False,False
EXEC-000544,2025-09-09 19:00:00,PAYMENT_SYSTEM,DUPLICATE_CHECK,CHECK_495,DAILY,SUCCESS,103,25,0.84,64.76,150.05,4.8533,1.270862527687147,False,False
EXEC-000545,2025-10-22 02:00:00,INTERNET_BANK,REFERENTIAL_INTEGRITY,CHECK_378,ON_DEMAND,SUCCESS,32760,97,1.7,42.97,362.1,1.0829,0.22416657145648616,False,False
EXEC-000546,2025-12-30 14:00:00,SCORING_ENGINE,FRESHNESS_CHECK,CHECK_678,DAILY,SUCCESS,46059,23,1.97,26.88,199.05,4.1962,2.0015894163303645,False,False
EXEC-000547,2025-12-16 18:00:00,PAYMENT_SYSTEM,DUPLICATE_CHECK,CHECK_536,HOURLY,SUCCESS,38515,5,4.5,10.06,249.85,3.77,1.3710907442029436,False,False
EXEC-000548,2026-01-08 09:00:00,MOBILE_APP,NULL_CHECK,CHECK_731,WEEKLY,SUCCESS,1084,16,23.81,24.61,2449.16,4.1983,1.3741572839039815,False,False
EXEC-000549,2025-10-10 07:00:00,LOAN_REGISTRY,DUPLICATE_CHECK,CHECK_290,HOURLY,SUCCESS,3983,0,32.22,10.75,315.02,0.5229,0.19897795588514727,False,False
EXEC-000550,2026-02-20 00:00:00,MOBILE_APP,REFERENTIAL_INTEGRITY,CHECK_575,ON_DEMAND,SKIPPED,15046,0,7.52,18.88,416.89,2.7367,,False,False
EXEC-000551,2025-12-08 22:00:00,PAYMENT_SYSTEM,CONSISTENCY_CHECK,CHECK_551,HOURLY,TIMEOUT,7097,0,8.62,54.82,307.87,4.9678,,False,False
EXEC-000552,2025-12-09 17:00:00,INTERNET_BANK,SCHEMA_VALIDATION,CHECK_180,ON_DEMAND,SUCCESS,2612,305,3.31,12.92,392.69,4.6903,2.124665573631747,False,False
EXEC-000553,2025-11-29 00:00:00,CRM_CLIENTS,COMPLETENESS_CHECK,CHECK_212,DAILY,SUCCESS,3723,52,20.23,21.49,132.93,1.0704,0.41377540502117627,False,False
EXEC-000554,2025-10-25 08:00:00,CREDIT_BUREAU,ACCURACY_CHECK,CHECK_750,ON_DEMAND,SUCCESS,4962,7,6.26,23.26,489.37,4.9135,1.3117360862779268,False,False
EXEC-000555,2025-09-30 00:00:00,CRM_CLIENTS,REFERENTIAL_INTEGRITY,CHECK_679,WEEKLY,SUCCESS,79628,162,0.93,76.59,2159.0,4.6901,0.9516096197055188,False,False
EXEC-000556,2026-03-06 06:00:00,INTERNET_BANK,RANGE_CHECK,CHECK_765,WEEKLY,SUCCESS,2007,378,23.14,29.2,1238.43,3.5479,1.3885507437354916,False,False
EXEC-000557,2025-10-21 11:00:00,PAYMENT_SYSTEM,DUPLICATE_CHECK,CHECK_466,ON_DEMAND,FAILED,2452,89,3.09,14.34,376.53,4.0117,13.503617317873182,True,False
EXEC-000558,2026-03-04 07:00:00,FRAUD_DETECTION,ACCURACY_CHECK,CHECK_240,WEEKLY,SUCCESS,733812,100,1.89,49.78,478.74,4.1922,1.6659626699846488,False,False
EXEC-000559,2026-02-10 17:00:00,LOAN_REGISTRY,FORMAT_CHECK,CHECK_682,WEEKLY,FAILED,5555,0,8.84,35.36,576.68,2.7668,10.854895205164212,True,True
EXEC-000560,2025-12-08 00:00:00,PAYMENT_SYSTEM,NULL_CHECK,CHECK_812,WEEKLY,TIMEOUT,1666,0,137.61,42.07,660.78,3.7167,,False,False
EXEC-000561,2026-02-15 15:00:00,LOAN_REGISTRY,ACCURACY_CHECK,CHECK_489,HOURLY,SUCCESS,72910,1252,5.51,21.72,734.33,1.4281,0.2731535646722286,False,False
EXEC-000562,2026-02-26 06:00:00,CRM_CLIENTS,DUPLICATE_CHECK,CHECK_328,ON_DEMAND,SUCCESS,954,1946,16.09,4.47,285.83,4.843,1.3296714632881568,False,False
EXEC-000563,2025-09-27 03:00:00,FRAUD_DETECTION,COMPLETENESS_CHECK,CHECK_428,HOURLY,SUCCESS,96087,626,2.28,2.93,141.11,1.9086,1.5965467383292777,False,False
EXEC-000564,2025-10-22 09:00:00,PAYMENT_SYSTEM,RANGE_CHECK,CHECK_310,WEEKLY,FAILED,1390805,95,103.06,34.79,443.05,4.4137,12.199203934190459,True,True
EXEC-000565,2025-10-30 23:00:00,LOAN_REGISTRY,COMPLETENESS_CHECK,CHECK_150,DAILY,SUCCESS,1821,3304,12.39,4.04,302.13,0.0968,0.017061476235343688,False,False
EXEC-000566,2025-12-08 15:00:00,SCORING_ENGINE,ACCURACY_CHECK,CHECK_811,HOURLY,SUCCESS,31110,34,35.12,13.56,559.77,1.6023,0.2617714051897785,False,False
EXEC-000567,2026-02-19 03:00:00,CREDIT_BUREAU,FORMAT_CHECK,CHECK_479,DAILY,SUCCESS,751,278,27.38,36.43,963.08,2.0945,0.8195068645213307,False,False
EXEC-000568,2025-09-15 11:00:00,PAYMENT_SYSTEM,REFERENTIAL_INTEGRITY,CHECK_707,ON_DEMAND,SUCCESS,20375,1256,15.46,32.27,1420.16,1.1317,0.8511781781299685,False,False
EXEC-000569,2025-12-17 05:00:00,INTERNET_BANK,COMPLETENESS_CHECK,CHECK_577,HOURLY,SUCCESS,315116,753,3.03,20.81,400.88,1.1086,0.5902654389352604,False,False
EXEC-000570,2026-01-08 12:00:00,SCORING_ENGINE,COMPLETENESS_CHECK,CHECK_836,DAILY,SUCCESS,7840,33,3.25,23.55,153.9,2.1833,0.2554305786559238,False,False
EXEC-000571,2026-02-08 01:00:00,MOBILE_APP,RANGE_CHECK,CHECK_108,WEEKLY,SUCCESS,3528,12,4.42,13.48,166.99,0.6168,0.1677294000395193,False,False
EXEC-000572,2025-09-14 18:00:00,CRM_CLIENTS,DUPLICATE_CHECK,CHECK_283,HOURLY,SUCCESS,318197,342,55.16,21.37,608.21,1.9189,1.676372557556668,False,False
EXEC-000573,2026-02-21 02:00:00,FRAUD_DETECTION,CONSISTENCY_CHECK,CHECK_476,ON_DEMAND,SUCCESS,144460,2,3.32,32.73,438.12,4.7489,2.7098064128612434,False,False
EXEC-000574,2026-01-27 08:00:00,FRAUD_DETECTION,CONSISTENCY_CHECK,CHECK_458,WEEKLY,SUCCESS,282,28,3.47,34.53,32.56,3.5844,1.2085724526807216,False,False
EXEC-000575,2026-02-07 12:00:00,PAYMENT_SYSTEM,FRESHNESS_CHECK,CHECK_212,DAILY,FAILED,48908,23,5.51,28.77,291.83,4.6582,22.675608466066755,True,True
EXEC-000576,2025-09-09 23:00:00,FRAUD_DETECTION,REFERENTIAL_INTEGRITY,CHECK_265,WEEKLY,SUCCESS,2424,6,1.31,47.5,268.0,4.9198,1.8471546647351507,False,False
EXEC-000577,2025-09-16 01:00:00,INTERNET_BANK,NULL_CHECK,CHECK_641,ON_DEMAND,SUCCESS,4745,85,10.72,21.47,387.16,4.2297,2.26916895497244,False,False
EXEC-000578,2025-09-17 16:00:00,PAYMENT_SYSTEM,NULL_CHECK,CHECK_264,ON_DEMAND,FAILED,80906,487,54.06,30.21,1184.8,4.679,11.262338632205669,True,True
EXEC-000579,2025-09-01 22:00:00,LOAN_REGISTRY,NULL_CHECK,CHECK_573,HOURLY,SUCCESS,598,158,4.43,67.4,40.5,4.0466,1.2689215627780936,False,False
EXEC-000580,2025-11-29 04:00:00,LOAN_REGISTRY,RANGE_CHECK,CHECK_523,WEEKLY,SUCCESS,5608,48550,5.48,58.01,131.89,2.8678,0.5828206623492767,False,False
EXEC-000581,2025-11-23 20:00:00,LOAN_REGISTRY,FRESHNESS_CHECK,CHECK_790,HOURLY,FAILED,3246,14,31.91,12.83,292.94,1.4198,5.216045323474687,True,True
EXEC-000582,2026-01-07 23:00:00,CREDIT_BUREAU,COMPLETENESS_CHECK,CHECK_311,DAILY,SUCCESS,2523,10,18.43,20.38,260.34,3.0179,1.5790552793587351,False,False
EXEC-000583,2025-12-27 21:00:00,INTERNET_BANK,NULL_CHECK,CHECK_536,DAILY,SUCCESS,17952,14,56.51,22.34,508.62,2.6839,1.014261874958138,False,False
EXEC-000584,2025-12-26 13:00:00,PAYMENT_SYSTEM,REFERENTIAL_INTEGRITY,CHECK_406,HOURLY,FAILED,6972,9,6.21,36.85,1303.4,0.2382,0.8792781726775344,True,True
EXEC-000585,2025-10-01 06:00:00,CREDIT_BUREAU,REFERENTIAL_INTEGRITY,CHECK_340,ON_DEMAND,SUCCESS,789,60,5.97,59.24,128.76,4.1009,2.8877589717656393,False,False
EXEC-000586,2026-01-02 09:00:00,MOBILE_APP,FRESHNESS_CHECK,CHECK_180,WEEKLY,SUCCESS,351088,82,29.18,3.53,448.37,3.4457,1.3635985320642683,False,False
EXEC-000587,2026-02-24 02:00:00,MOBILE_APP,NULL_CHECK,CHECK_973,WEEKLY,SUCCESS,31400,45431,2.1,40.39,1361.44,0.5492,0.4368035942194552,False,False
EXEC-000588,2025-12-03 21:00:00,SCORING_ENGINE,COMPLETENESS_CHECK,CHECK_421,WEEKLY,SKIPPED,2061,0,134.46,34.06,124.49,0.0793,,False,False
EXEC-000589,2026-02-28 22:00:00,MOBILE_APP,RANGE_CHECK,CHECK_728,HOURLY,SUCCESS,810,4804,10.5,13.17,368.77,0.4585,0.40044995296824304,False,False
EXEC-000590,2025-10-22 04:00:00,CRM_CLIENTS,COMPLETENESS_CHECK,CHECK_396,ON_DEMAND,SUCCESS,261391,351,64.84,29.81,1092.98,4.8626,1.71942364264936,False,False
EXEC-000591,2026-01-17 07:00:00,SCORING_ENGINE,COMPLETENESS_CHECK,CHECK_637,ON_DEMAND,SUCCESS,113937,15,5.99,7.2,177.59,4.7039,1.0502973119388876,False,False
EXEC-000592,2026-01-07 22:00:00,SCORING_ENGINE,DUPLICATE_CHECK,CHECK_735,HOURLY,SUCCESS,341793,16,92.78,39.02,204.6,1.5202,0.3254108162856905,False,False
EXEC-000593,2026-03-12 04:00:00,FRAUD_DETECTION,RANGE_CHECK,CHECK_970,HOURLY,SUCCESS,1900,0,1.0,2.92,331.95,4.4975,0.6705878101514441,False,False
EXEC-000594,2025-10-12 23:00:00,SCORING_ENGINE,FORMAT_CHECK,CHECK_673,HOURLY,SUCCESS,10637,6,13.13,11.2,1088.39,2.124,1.8694392674923002,False,False
EXEC-000595,2025-11-20 11:00:00,PAYMENT_SYSTEM,DUPLICATE_CHECK,CHECK_960,DAILY,SUCCESS,12653,19,0.84,1.6,1703.61,3.7945,1.702477299241339,False,False
EXEC-000596,2026-01-19 23:00:00,FRAUD_DETECTION,RANGE_CHECK,CHECK_683,ON_DEMAND,SUCCESS,2058,2236,6.81,19.44,182.7,0.176,0.11319108772775376,False,False
EXEC-000597,2025-10-21 22:00:00,MOBILE_APP,RANGE_CHECK,CHECK_881,HOURLY,TIMEOUT,243239,0,6.67,52.98,1602.38,0.1454,,False,False
EXEC-000598,2025-12-01 23:00:00,CREDIT_BUREAU,REFERENTIAL_INTEGRITY,CHECK_443,ON_DEMAND,SUCCESS,7755,577,16.31,42.33,430.78,1.4781,0.5375823342359565,False,False
EXEC-000599,2026-02-22 15:00:00,FRAUD_DETECTION,RANGE_CHECK,CHECK_726,ON_DEMAND,TIMEOUT,14974,0,14.6,8.19,1591.64,1.3915,,False,False
EXEC-000600,2025-11-17 18:00:00,SCORING_ENGINE,FRESHNESS_CHECK,CHECK_502,ON_DEMAND,SUCCESS,7134,43,6.62,34.24,1395.84,1.6677,0.49655259749848674,False,False
EXEC-000601,2025-12-19 18:00:00,INTERNET_BANK,NULL_CHECK,CHECK_457,HOURLY,SUCCESS,1119,411,14.89,13.71,99.37,1.5805,0.8225920659628524,False,False
EXEC-000602,2026-01-05 03:00:00,PAYMENT_SYSTEM,NULL_CHECK,CHECK_388,HOURLY,SUCCESS,2178,986,11.39,65.4,318.62,3.4346,1.3690665615504365,False,False
EXEC-000603,2025-09-17 17:00:00,FRAUD_DETECTION,FORMAT_CHECK,CHECK_523,ON_DEMAND,SUCCESS,4940,16,8.51,45.38,3045.5,4.5923,0.5679245376812809,False,False
EXEC-000604,2026-01-03 23:00:00,LOAN_REGISTRY,CONSISTENCY_CHECK,CHECK_773,ON_DEMAND,SUCCESS,151,3637,7.49,38.54,949.51,0.0202,0.0058398956993538685,False,False
EXEC-000605,2025-12-15 20:00:00,FRAUD_DETECTION,CONSISTENCY_CHECK,CHECK_545,HOURLY,SUCCESS,16239,28,0.43,9.92,154.83,1.3571,0.751735178262972,False,False
EXEC-000606,2025-10-29 02:00:00,MOBILE_APP,REFERENTIAL_INTEGRITY,CHECK_353,WEEKLY,SUCCESS,2280,3,19.18,18.87,82.53,0.445,0.19729772700405462,False,False
EXEC-000607,2026-01-07 02:00:00,MOBILE_APP,CONSISTENCY_CHECK,CHECK_405,ON_DEMAND,SUCCESS,864,2,67.4,28.85,111.77,3.3548,1.0631606941882108,False,False
EXEC-000608,2025-09-15 07:00:00,CREDIT_BUREAU,CONSISTENCY_CHECK,CHECK_438,DAILY,SUCCESS,12969,61,15.1,20.96,681.85,0.1996,0.04220437450997769,False,False
EXEC-000609,2026-03-08 14:00:00,CRM_CLIENTS,ACCURACY_CHECK,CHECK_871,HOURLY,SUCCESS,75374,374,8.97,40.34,637.38,0.9615,0.458060886256433,False,False
EXEC-000610,2025-09-14 10:00:00,CREDIT_BUREAU,NULL_CHECK,CHECK_368,HOURLY,FAILED,126450,30,79.93,43.67,96.75,2.0838,8.701691531592108,True,False
EXEC-000611,2026-02-08 08:00:00,SCORING_ENGINE,COMPLETENESS_CHECK,CHECK_995,HOURLY,SUCCESS,4950,145,8.35,41.18,571.39,0.1678,0.14176241642307352,False,False
EXEC-000612,2025-09-19 02:00:00,INTERNET_BANK,CONSISTENCY_CHECK,CHECK_399,ON_DEMAND,SUCCESS,15593,3,10.75,40.8,129.43,3.435,1.724456745797286,False,False
EXEC-000613,2026-01-17 19:00:00,LOAN_REGISTRY,CONSISTENCY_CHECK,CHECK_863,DAILY,FAILED,54183,230,387.22,9.23,732.15,3.8849,19.223777241684235,True,True
EXEC-000614,2025-11-10 23:00:00,SCORING_ENGINE,SCHEMA_VALIDATION,CHECK_326,ON_DEMAND,SUCCESS,14063,463,1.86,44.24,157.95,4.6744,0.8788198959134247,False,False
EXEC-000615,2025-11-22 01:00:00,CREDIT_BUREAU,CONSISTENCY_CHECK,CHECK_414,DAILY,SUCCESS,1430,17,12.1,50.74,244.37,3.6496,1.6695435969737964,False,False
EXEC-000616,2026-01-19 00:00:00,INTERNET_BANK,FRESHNESS_CHECK,CHECK_826,DAILY,TIMEOUT,1752,0,43.76,21.85,1040.66,3.9256,,False,False
EXEC-000617,2026-03-10 13:00:00,INTERNET_BANK,FRESHNESS_CHECK,CHECK_363,HOURLY,SUCCESS,51221,2,9.23,27.99,498.07,4.9548,1.557869821874779,False,False
EXEC-000618,2026-02-05 00:00:00,CRM_CLIENTS,REFERENTIAL_INTEGRITY,CHECK_904,WEEKLY,SUCCESS,1675,94,4.86,13.14,1902.42,2.1083,1.6905570118857094,False,False
EXEC-000619,2025-12-31 04:00:00,CREDIT_BUREAU,FRESHNESS_CHECK,CHECK_174,WEEKLY,SUCCESS,1760,644,4.88,57.54,365.98,3.2089,0.3926892011616314,False,False
EXEC-000620,2025-09-06 19:00:00,MOBILE_APP,DUPLICATE_CHECK,CHECK_910,WEEKLY,SUCCESS,3789,1,9.61,12.37,411.08,4.1481,1.4255537560891651,False,False
EXEC-000621,2026-02-27 11:00:00,SCORING_ENGINE,FORMAT_CHECK,CHECK_412,DAILY,SUCCESS,16055,106,3.18,51.69,1322.12,3.3285,2.298934727424101,False,False
EXEC-000622,2025-11-03 01:00:00,INTERNET_BANK,SCHEMA_VALIDATION,CHECK_726,ON_DEMAND,SUCCESS,3828,0,5.08,18.68,687.21,2.5187,1.1243230524191064,False,False
EXEC-000623,2025-10-13 22:00:00,LOAN_REGISTRY,DUPLICATE_CHECK,CHECK_224,WEEKLY,SUCCESS,6794,3429,32.56,6.68,357.35,0.9845,0.6516911680327129,False,False
EXEC-000624,2025-09-23 00:00:00,CRM_CLIENTS,ACCURACY_CHECK,CHECK_505,ON_DEMAND,SUCCESS,20878,737,0.23,52.54,688.99,2.04,0.7645987739939515,False,False
EXEC-000625,2025-09-21 17:00:00,LOAN_REGISTRY,NULL_CHECK,CHECK_683,ON_DEMAND,TIMEOUT,6826,0,12.62,23.85,717.31,0.5461,,False,False
EXEC-000626,2025-12-01 09:00:00,CRM_CLIENTS,REFERENTIAL_INTEGRITY,CHECK_717,ON_DEMAND,SUCCESS,15662,368,1.29,17.42,287.06,3.0249,2.278371655100245,False,False
EXEC-000627,2025-09-17 00:00:00,CRM_CLIENTS,REFERENTIAL_INTEGRITY,CHECK_703,DAILY,SUCCESS,1370,209,14.47,39.23,453.52,4.5518,3.4772464739908893,False,False
EXEC-000628,2025-10-12 18:00:00,MOBILE_APP,NULL_CHECK,CHECK_350,ON_DEMAND,SUCCESS,123579,0,11.84,69.23,1085.49,3.6186,2.8012624425912493,False,False
EXEC-000629,2026-01-12 16:00:00,FRAUD_DETECTION,NULL_CHECK,CHECK_871,WEEKLY,SUCCESS,43200,260,13.11,33.87,704.46,3.5741,2.9646104275642875,False,False
EXEC-000630,2025-11-26 07:00:00,CREDIT_BUREAU,CONSISTENCY_CHECK,CHECK_722,WEEKLY,SUCCESS,259,4,27.03,10.79,330.31,4.2815,3.537071566881765,False,False
EXEC-000631,2026-02-28 10:00:00,LOAN_REGISTRY,FORMAT_CHECK,CHECK_348,HOURLY,SUCCESS,13496,956,2.57,11.97,1147.15,4.3895,1.4707626098201865,False,False
EXEC-000632,2025-10-13 09:00:00,CRM_CLIENTS,COMPLETENESS_CHECK,CHECK_953,HOURLY,SUCCESS,61136,4,12.4,4.18,481.04,3.3734,0.9961455255629236,False,False
EXEC-000633,2026-03-09 17:00:00,CRM_CLIENTS,NULL_CHECK,CHECK_822,WEEKLY,SUCCESS,11526,1,19.63,23.17,719.84,0.2918,0.25154549650035823,False,False
EXEC-000634,2026-02-28 15:00:00,PAYMENT_SYSTEM,FORMAT_CHECK,CHECK_978,HOURLY,SUCCESS,2178377,18,52.35,70.55,484.87,0.9409,0.37009379899195105,False,False
EXEC-000635,2025-09-02 16:00:00,CREDIT_BUREAU,ACCURACY_CHECK,CHECK_364,HOURLY,SUCCESS,90347,217,8.27,25.68,340.51,3.435,3.0800295786025584,False,False
EXEC-000636,2025-11-29 07:00:00,LOAN_REGISTRY,COMPLETENESS_CHECK,CHECK_382,HOURLY,SUCCESS,4051,67,3.78,10.37,96.24,2.9695,0.8494887882651699,False,False
EXEC-000637,2025-11-28 06:00:00,PAYMENT_SYSTEM,NULL_CHECK,CHECK_692,HOURLY,SUCCESS,5925,80,0.55,33.98,1232.81,3.5532,2.891208132284211,False,False
EXEC-000638,2025-10-31 13:00:00,CRM_CLIENTS,NULL_CHECK,CHECK_561,ON_DEMAND,SUCCESS,1214,10,31.76,19.24,248.49,3.36,2.542882858526114,False,False
EXEC-000639,2026-03-06 20:00:00,PAYMENT_SYSTEM,FRESHNESS_CHECK,CHECK_391,WEEKLY,TIMEOUT,5658,0,9.95,11.66,150.98,3.5801,,False,False
EXEC-000640,2026-02-09 16:00:00,INTERNET_BANK,RANGE_CHECK,CHECK_331,HOURLY,SKIPPED,17126,0,0.68,45.47,242.99,1.7397,,False,False
EXEC-000641,2026-02-18 03:00:00,SCORING_ENGINE,NULL_CHECK,CHECK_688,HOURLY,SKIPPED,8117,0,4.5,22.09,816.2,4.8453,,False,False
EXEC-000642,2025-11-24 23:00:00,CREDIT_BUREAU,SCHEMA_VALIDATION,CHECK_376,HOURLY,SUCCESS,29872,1,10.65,24.71,138.01,3.7217,1.1762960250974008,False,False
EXEC-000643,2026-02-24 00:00:00,LOAN_REGISTRY,FORMAT_CHECK,CHECK_998,DAILY,SUCCESS,7726,19,0.8,40.57,426.39,3.1734,0.9884985961252414,False,False
EXEC-000644,2025-11-06 04:00:00,LOAN_REGISTRY,ACCURACY_CHECK,CHECK_519,HOURLY,TIMEOUT,34573,0,12.12,26.3,697.69,0.0803,,False,False
EXEC-000645,2026-01-08 01:00:00,SCORING_ENGINE,FRESHNESS_CHECK,CHECK_370,ON_DEMAND,TIMEOUT,210867,0,19.56,29.27,690.66,3.0104,,False,False
EXEC-000646,2025-11-04 01:00:00,CREDIT_BUREAU,FRESHNESS_CHECK,CHECK_117,DAILY,SUCCESS,5537,56,6.0,68.46,130.01,4.1771,3.583577086571066,False,False
EXEC-000647,2026-02-28 08:00:00,SCORING_ENGINE,RANGE_CHECK,CHECK_638,WEEKLY,FAILED,14768,20,50.87,23.8,231.77,2.7397,6.956972175073608,True,True
EXEC-000648,2025-09-22 21:00:00,PAYMENT_SYSTEM,DUPLICATE_CHECK,CHECK_877,HOURLY,SUCCESS,5454,18,0.75,12.19,1093.06,3.437,2.0590283513575747,False,False
EXEC-000649,2026-01-15 10:00:00,INTERNET_BANK,RANGE_CHECK,CHECK_792,HOURLY,FAILED,1781,0,7.17,12.37,344.62,0.5258,1.6786886175495812,True,True
EXEC-000650,2025-12-01 09:00:00,SCORING_ENGINE,ACCURACY_CHECK,CHECK_956,DAILY,SUCCESS,4607,0,3.73,14.67,975.75,4.0409,2.8402451092502408,False,False
EXEC-000651,2025-11-22 16:00:00,MOBILE_APP,COMPLETENESS_CHECK,CHECK_773,WEEKLY,SUCCESS,1142,0,8.25,48.88,337.35,0.1267,0.01566679398087908,False,False
EXEC-000652,2025-10-23 20:00:00,CRM_CLIENTS,CONSISTENCY_CHECK,CHECK_816,DAILY,SUCCESS,2620,12475,2.79,43.06,456.47,3.3026,2.9580054878213016,False,False
EXEC-000653,2025-09-23 08:00:00,SCORING_ENGINE,REFERENTIAL_INTEGRITY,CHECK_674,DAILY,SUCCESS,9809,554,5.18,44.1,485.72,2.2005,0.6121619185632002,False,False
EXEC-000654,2025-10-19 07:00:00,PAYMENT_SYSTEM,DUPLICATE_CHECK,CHECK_275,HOURLY,SUCCESS,81213,13,71.68,27.24,3198.42,0.1509,0.03695234665045503,False,False
EXEC-000655,2026-01-15 13:00:00,FRAUD_DETECTION,ACCURACY_CHECK,CHECK_249,HOURLY,SUCCESS,36335,44,12.39,30.0,469.67,3.2983,2.9305147661914526,False,False
EXEC-000656,2025-12-10 17:00:00,INTERNET_BANK,DUPLICATE_CHECK,CHECK_329,HOURLY,SUCCESS,10221,1,0.91,39.87,242.41,2.1846,0.30869475607855906,False,False
EXEC-000657,2025-10-29 07:00:00,LOAN_REGISTRY,COMPLETENESS_CHECK,CHECK_148,ON_DEMAND,SUCCESS,3651,1,17.6,3.78,144.35,4.0491,2.6602853200271586,False,False
EXEC-000658,2026-02-26 01:00:00,SCORING_ENGINE,REFERENTIAL_INTEGRITY,CHECK_707,HOURLY,SUCCESS,108557,127,3.81,40.77,116.66,2.5678,1.9856243243741223,False,False
EXEC-000659,2025-12-14 23:00:00,CREDIT_BUREAU,FORMAT_CHECK,CHECK_436,ON_DEMAND,SUCCESS,2812,12,13.56,16.14,344.52,4.1086,2.6382229398560053,False,False
EXEC-000660,2026-01-18 03:00:00,FRAUD_DETECTION,CONSISTENCY_CHECK,CHECK_612,DAILY,SUCCESS,6157,69,61.38,30.02,368.03,3.2146,0.9517248480678971,False,False
EXEC-000661,2025-12-11 13:00:00,SCORING_ENGINE,FORMAT_CHECK,CHECK_530,ON_DEMAND,SUCCESS,61290,280,40.85,47.87,507.55,1.7583,0.37853928362312766,False,False
EXEC-000662,2025-10-25 03:00:00,CRM_CLIENTS,REFERENTIAL_INTEGRITY,CHECK_231,ON_DEMAND,SUCCESS,310,54608,4.97,40.49,162.69,0.0457,0.0316853136996653,False,False
EXEC-000663,2025-09-08 01:00:00,LOAN_REGISTRY,FORMAT_CHECK,CHECK_719,WEEKLY,SUCCESS,60316,539,42.9,57.37,305.99,4.0999,1.65889537500055,False,False
EXEC-000664,2025-11-22 20:00:00,LOAN_REGISTRY,FRESHNESS_CHECK,CHECK_840,WEEKLY,SUCCESS,2096,35,43.16,50.02,200.8,1.6976,1.399766432084161,False,False
EXEC-000665,2026-01-22 06:00:00,FRAUD_DETECTION,RANGE_CHECK,CHECK_588,WEEKLY,FAILED,2740,0,2.46,56.01,251.96,0.8881,4.239063048043525,True,False
EXEC-000666,2025-10-15 13:00:00,SCORING_ENGINE,COMPLETENESS_CHECK,CHECK_840,HOURLY,SUCCESS,8009,2,12.72,18.03,1915.38,1.52,0.3753058413224193,False,False
EXEC-000667,2026-01-04 16:00:00,INTERNET_BANK,COMPLETENESS_CHECK,CHECK_323,HOURLY,SUCCESS,183,6,0.49,25.42,2593.89,2.9351,0.49000916439404335,False,False
EXEC-000668,2026-02-28 08:00:00,CRM_CLIENTS,NULL_CHECK,CHECK_689,DAILY,SUCCESS,325482,2,36.11,27.74,543.13,2.468,0.5393122927817422,False,False
EXEC-000669,2026-01-26 01:00:00,CRM_CLIENTS,FORMAT_CHECK,CHECK_785,WEEKLY,SUCCESS,6285,9,39.07,13.53,1668.7,2.48,0.9082025277715431,False,False
EXEC-000670,2025-11-13 00:00:00,CREDIT_BUREAU,NULL_CHECK,CHECK_937,ON_DEMAND,SUCCESS,1379,11,0.28,32.34,1827.81,1.9738,1.2624463651219815,False,False
EXEC-000671,2025-10-06 12:00:00,PAYMENT_SYSTEM,CONSISTENCY_CHECK,CHECK_645,HOURLY,SUCCESS,5609,7,74.38,36.42,79.65,4.6971,3.723386802409418,False,False
EXEC-000672,2025-12-15 16:00:00,INTERNET_BANK,COMPLETENESS_CHECK,CHECK_757,HOURLY,SUCCESS,10700,37,7.71,12.23,2056.37,2.4975,0.9896644076370477,False,False
EXEC-000673,2025-11-25 23:00:00,INTERNET_BANK,FRESHNESS_CHECK,CHECK_889,ON_DEMAND,FAILED,88944,12,7.74,14.19,626.36,3.4891,12.643175453234761,True,True
EXEC-000674,2025-09-29 01:00:00,PAYMENT_SYSTEM,NULL_CHECK,CHECK_634,WEEKLY,FAILED,4358,44563,37.19,22.71,1398.64,3.2169,9.601357458225577,True,True
EXEC-000675,2026-02-05 16:00:00,INTERNET_BANK,DUPLICATE_CHECK,CHECK_696,DAILY,SUCCESS,344,6,12.94,18.51,326.81,0.8934,0.5499498033718477,False,False
EXEC-000676,2025-09-14 22:00:00,CRM_CLIENTS,SCHEMA_VALIDATION,CHECK_978,WEEKLY,FAILED,8492,78,5.31,24.32,1458.87,0.2879,1.069956584969116,True,True
EXEC-000677,2026-01-12 04:00:00,CRM_CLIENTS,RANGE_CHECK,CHECK_376,HOURLY,SUCCESS,12008,52,1.96,36.37,363.28,4.1177,0.5584644376142694,False,False
EXEC-000678,2025-12-09 12:00:00,FRAUD_DETECTION,COMPLETENESS_CHECK,CHECK_202,HOURLY,SUCCESS,4183,170,33.94,36.71,153.86,1.5226,0.9170151964974894,False,False
EXEC-000679,2026-01-12 01:00:00,PAYMENT_SYSTEM,FORMAT_CHECK,CHECK_355,HOURLY,SUCCESS,18318,996,1.99,8.11,469.39,3.9993,1.755381106782524,False,False
EXEC-000680,2025-10-24 11:00:00,SCORING_ENGINE,NULL_CHECK,CHECK_261,HOURLY,SUCCESS,7899,72,36.71,37.19,533.12,3.3943,1.926922297663676,False,False
EXEC-000681,2025-12-31 01:00:00,SCORING_ENGINE,FRESHNESS_CHECK,CHECK_206,DAILY,FAILED,982,0,85.69,27.62,475.16,2.3925,6.950276092933176,True,True
EXEC-000682,2026-01-06 13:00:00,MOBILE_APP,REFERENTIAL_INTEGRITY,CHECK_108,HOURLY,SUCCESS,23077,22,10.8,34.13,204.81,0.5253,0.15485038266081058,False,False
EXEC-000683,2025-12-09 04:00:00,INTERNET_BANK,FORMAT_CHECK,CHECK_878,DAILY,SUCCESS,464,21,51.04,53.22,226.89,2.5867,1.1917207644455963,False,False
EXEC-000684,2025-09-15 10:00:00,PAYMENT_SYSTEM,NULL_CHECK,CHECK_684,ON_DEMAND,SUCCESS,803,238,4.63,59.66,180.36,2.4438,0.835092450978875,False,False
EXEC-000685,2025-11-03 16:00:00,SCORING_ENGINE,COMPLETENESS_CHECK,CHECK_556,WEEKLY,SUCCESS,101872,6,8.18,64.57,418.41,1.0812,0.7363366318618535,False,False
EXEC-000686,2026-01-16 15:00:00,FRAUD_DETECTION,FORMAT_CHECK,CHECK_232,HOURLY,SUCCESS,9075,19,1.17,22.12,775.09,3.5756,1.6273240649247984,False,False
EXEC-000687,2025-11-18 04:00:00,INTERNET_BANK,ACCURACY_CHECK,CHECK_162,HOURLY,SUCCESS,16114,9,4.2,18.26,164.09,1.1485,0.38788349757322244,False,False
EXEC-000688,2026-01-04 23:00:00,CREDIT_BUREAU,CONSISTENCY_CHECK,CHECK_807,HOURLY,SUCCESS,34365,901,4.29,34.7,755.59,2.7793,1.9131780468485322,False,False
EXEC-000689,2025-12-26 00:00:00,SCORING_ENGINE,COMPLETENESS_CHECK,CHECK_277,WEEKLY,SUCCESS,30797,26,2.49,16.72,104.08,2.8567,1.7054566535680697,False,False
EXEC-000690,2026-03-05 12:00:00,FRAUD_DETECTION,DUPLICATE_CHECK,CHECK_217,WEEKLY,SUCCESS,12221,99,6.39,12.93,2111.95,4.9999,2.5605493361582536,False,False
EXEC-000691,2025-11-03 19:00:00,SCORING_ENGINE,FRESHNESS_CHECK,CHECK_981,DAILY,SUCCESS,5122,79,5.14,59.23,362.21,4.5634,0.8162481611680119,False,False
EXEC-000692,2025-12-10 07:00:00,INTERNET_BANK,FRESHNESS_CHECK,CHECK_590,DAILY,SUCCESS,1489,0,11.48,41.82,319.09,3.0012,1.9648143002174558,False,False
EXEC-000693,2025-11-05 10:00:00,LOAN_REGISTRY,FRESHNESS_CHECK,CHECK_879,HOURLY,SUCCESS,3247,2,46.74,41.76,371.46,3.8028,2.1315890145350815,False,False
EXEC-000694,2025-09-08 22:00:00,INTERNET_BANK,FRESHNESS_CHECK,CHECK_144,WEEKLY,SUCCESS,3985,36639,17.09,39.82,467.61,3.6906,1.6066545795317575,False,False
EXEC-000695,2025-09-29 21:00:00,MOBILE_APP,FORMAT_CHECK,CHECK_590,HOURLY,SUCCESS,1021,17,3.25,10.32,204.01,1.3792,0.8160763810412123,False,False
EXEC-000696,2026-02-08 08:00:00,SCORING_ENGINE,SCHEMA_VALIDATION,CHECK_434,DAILY,SUCCESS,25574,0,7.38,11.19,327.59,4.7703,2.0236169694668558,False,False
EXEC-000697,2026-01-07 18:00:00,MOBILE_APP,NULL_CHECK,CHECK_408,HOURLY,SKIPPED,8677,0,30.37,5.47,180.21,2.722,,False,False
EXEC-000698,2025-12-15 00:00:00,SCORING_ENGINE,CONSISTENCY_CHECK,CHECK_972,HOURLY,SUCCESS,25208,11795,0.68,17.52,79.4,2.1613,1.3840345123527515,False,False
EXEC-000699,2026-01-19 08:00:00,PAYMENT_SYSTEM,COMPLETENESS_CHECK,CHECK_631,ON_DEMAND,SUCCESS,103,17,65.25,26.07,1240.29,4.3759,3.5522260239941343,False,False
EXEC-000700,2025-12-05 12:00:00,INTERNET_BANK,RANGE_CHECK,CHECK_456,DAILY,FAILED,3383,93,1.09,4.05,1124.24,4.5229,17.676281925013107,True,True
EXEC-000701,2025-12-09 04:00:00,CREDIT_BUREAU,SCHEMA_VALIDATION,CHECK_297,DAILY,SUCCESS,19541,1008,0.08,48.51,316.99,4.9082,2.9159237623878425,False,False
EXEC-000702,2026-02-23 02:00:00,MOBILE_APP,REFERENTIAL_INTEGRITY,CHECK_393,HOURLY,FAILED,4992,61,100.43,12.45,465.93,1.8518,7.092890591416243,True,True
EXEC-000703,2026-03-01 00:00:00,INTERNET_BANK,FORMAT_CHECK,CHECK_745,HOURLY,SUCCESS,530,58,0.83,38.44,524.57,3.7925,3.3245004283481148,False,False
EXEC-000704,2026-02-20 10:00:00,SCORING_ENGINE,DUPLICATE_CHECK,CHECK_826,ON_DEMAND,SUCCESS,26661,90,12.07,33.52,65.52,2.1789,1.771076842469152,False,False
EXEC-000705,2025-09-08 16:00:00,INTERNET_BANK,CONSISTENCY_CHECK,CHECK_903,WEEKLY,SUCCESS,907,0,2.04,41.71,88.98,1.8057,1.55833777780035,False,False
EXEC-000706,2025-11-17 02:00:00,FRAUD_DETECTION,CONSISTENCY_CHECK,CHECK_522,WEEKLY,SUCCESS,37382,87,4.73,2.1,8249.96,2.5777,1.9249045808140899,False,False
EXEC-000707,2025-10-08 04:00:00,FRAUD_DETECTION,FORMAT_CHECK,CHECK_479,HOURLY,SUCCESS,14689,6,13.99,12.6,1015.86,2.2548,1.2857023322636114,False,False
EXEC-000708,2026-01-04 17:00:00,FRAUD_DETECTION,FORMAT_CHECK,CHECK_444,WEEKLY,SUCCESS,167224,5,53.92,4.86,93.07,1.6752,0.35926870111092424,False,False
EXEC-000709,2025-11-22 09:00:00,FRAUD_DETECTION,CONSISTENCY_CHECK,CHECK_583,ON_DEMAND,SUCCESS,418281,98,20.95,5.39,119.24,2.5503,0.33622457178986737,False,False
EXEC-000710,2026-03-09 19:00:00,LOAN_REGISTRY,FORMAT_CHECK,CHECK_919,ON_DEMAND,SUCCESS,1857,0,36.1,6.66,376.81,4.7051,0.7601645342417948,False,False
EXEC-000711,2026-02-18 23:00:00,CREDIT_BUREAU,CONSISTENCY_CHECK,CHECK_699,WEEKLY,FAILED,4825,217,32.39,20.11,299.72,4.5088,21.550896235391804,True,True
EXEC-000712,2026-02-25 01:00:00,CRM_CLIENTS,FORMAT_CHECK,CHECK_235,DAILY,SUCCESS,59276,2540,83.39,30.67,890.18,1.2669,0.4298606167107381,False,False
EXEC-000713,2025-10-31 21:00:00,PAYMENT_SYSTEM,REFERENTIAL_INTEGRITY,CHECK_979,DAILY,SUCCESS,1038,49,23.03,28.5,4329.37,0.468,0.3083903104001417,False,False
EXEC-000714,2025-12-04 00:00:00,PAYMENT_SYSTEM,RANGE_CHECK,CHECK_896,HOURLY,SUCCESS,137195,2,29.72,13.37,1340.7,2.9624,1.3332834065137515,False,False
EXEC-000715,2025-12-23 04:00:00,INTERNET_BANK,REFERENTIAL_INTEGRITY,CHECK_228,ON_DEMAND,SUCCESS,63849,31,5.78,34.09,118.16,4.8092,0.6679812932098989,False,False
EXEC-000716,2025-10-16 19:00:00,CRM_CLIENTS,FRESHNESS_CHECK,CHECK_138,DAILY,SUCCESS,3471,0,1.33,25.55,651.03,0.6564,0.4729082480001745,False,False
EXEC-000717,2026-02-06 22:00:00,FRAUD_DETECTION,NULL_CHECK,CHECK_350,ON_DEMAND,SUCCESS,95,3969,6.26,5.15,186.56,4.3219,0.791385790168153,False,False
EXEC-000718,2025-09-22 00:00:00,CRM_CLIENTS,SCHEMA_VALIDATION,CHECK_110,DAILY,TIMEOUT,76028,0,6.53,33.7,544.15,0.3558,,False,False
EXEC-000719,2025-12-26 00:00:00,MOBILE_APP,REFERENTIAL_INTEGRITY,CHECK_143,DAILY,SUCCESS,26157,94,4.82,41.63,386.4,1.317,0.24020406806632896,False,False
EXEC-000720,2025-09-13 19:00:00,CREDIT_BUREAU,NULL_CHECK,CHECK_409,HOURLY,FAILED,2486,1,3.61,9.54,677.8,0.7595,1.610095850705643,True,False
EXEC-000721,2025-12-08 21:00:00,FRAUD_DETECTION,SCHEMA_VALIDATION,CHECK_384,DAILY,SUCCESS,135931,4,42.53,6.05,453.25,4.9653,1.615746264204237,False,False
EXEC-000722,2025-09-20 15:00:00,INTERNET_BANK,SCHEMA_VALIDATION,CHECK_680,DAILY,SUCCESS,42924,5296,7.29,55.96,199.35,3.855,0.6743193681101936,False,False
EXEC-000723,2025-12-09 10:00:00,CREDIT_BUREAU,CONSISTENCY_CHECK,CHECK_543,ON_DEMAND,SUCCESS,219,74,7.31,17.41,563.46,2.7546,1.49122591347377,False,False
EXEC-000724,2025-11-21 12:00:00,CREDIT_BUREAU,SCHEMA_VALIDATION,CHECK_968,ON_DEMAND,FAILED,2428,5436,3.46,0.46,1526.66,3.0505,6.525007982551711,True,True
EXEC-000725,2025-11-09 20:00:00,INTERNET_BANK,FRESHNESS_CHECK,CHECK_411,DAILY,SUCCESS,3411,0,13.33,50.79,880.14,2.0187,0.6761316538804943,False,False
EXEC-000726,2025-11-13 18:00:00,PAYMENT_SYSTEM,SCHEMA_VALIDATION,CHECK_490,ON_DEMAND,SUCCESS,12956,5,1.75,25.64,171.04,0.3709,0.3215059209432111,False,False
EXEC-000727,2025-11-11 07:00:00,FRAUD_DETECTION,CONSISTENCY_CHECK,CHECK_165,WEEKLY,SUCCESS,26329,35,1.86,22.7,999.8,1.4008,0.5859060168236407,False,False
EXEC-000728,2025-12-31 04:00:00,INTERNET_BANK,COMPLETENESS_CHECK,CHECK_251,DAILY,FAILED,39987,1,24.85,16.83,89.1,1.1081,2.796481700658715,True,True
EXEC-000729,2025-11-06 07:00:00,LOAN_REGISTRY,FRESHNESS_CHECK,CHECK_840,WEEKLY,TIMEOUT,4286,0,0.03,37.86,338.41,4.8341,,False,False
EXEC-000730,2026-02-27 14:00:00,INTERNET_BANK,ACCURACY_CHECK,CHECK_725,DAILY,SUCCESS,7497,405289,0.42,57.02,448.96,2.0005,0.46292193719031666,False,False
EXEC-000731,2025-11-27 23:00:00,FRAUD_DETECTION,DUPLICATE_CHECK,CHECK_328,HOURLY,FAILED,426273,438,12.17,60.61,403.38,4.1386,17.046358413764295,True,False
EXEC-000732,2025-12-17 13:00:00,LOAN_REGISTRY,FORMAT_CHECK,CHECK_680,ON_DEMAND,FAILED,7791,87,2.75,14.82,83.39,4.1493,13.61940706590333,True,True
EXEC-000733,2025-10-12 16:00:00,CREDIT_BUREAU,ACCURACY_CHECK,CHECK_155,WEEKLY,FAILED,315295,13,0.93,22.48,38.15,1.5384,5.077517323001961,True,True
EXEC-000734,2026-01-13 17:00:00,MOBILE_APP,RANGE_CHECK,CHECK_942,HOURLY,SUCCESS,25634,34278,55.63,30.26,720.58,2.8464,0.3127083367323544,False,False
EXEC-000735,2025-11-15 17:00:00,LOAN_REGISTRY,DUPLICATE_CHECK,CHECK_128,HOURLY,SUCCESS,1928,1,6.0,19.82,146.15,3.2441,1.8225384791816854,False,False
EXEC-000736,2025-10-19 06:00:00,CRM_CLIENTS,REFERENTIAL_INTEGRITY,CHECK_244,WEEKLY,SUCCESS,45246,233,2.32,54.49,142.27,0.5868,0.31471670632450555,False,False
EXEC-000737,2025-10-05 21:00:00,INTERNET_BANK,ACCURACY_CHECK,CHECK_854,DAILY,FAILED,320,84,1.55,36.03,268.69,1.641,6.847203632763938,True,False
EXEC-000738,2025-10-01 17:00:00,CRM_CLIENTS,SCHEMA_VALIDATION,CHECK_995,HOURLY,SUCCESS,1378622,19,0.2,24.67,201.41,0.1292,0.05357205834213154,False,False
EXEC-000739,2025-10-03 06:00:00,MOBILE_APP,DUPLICATE_CHECK,CHECK_464,ON_DEMAND,FAILED,1531,86,26.25,21.21,682.1,4.0916,18.085122931765493,True,False
EXEC-000740,2026-02-03 05:00:00,MOBILE_APP,REFERENTIAL_INTEGRITY,CHECK_209,HOURLY,SUCCESS,155,114,410.22,65.96,3562.22,4.7452,1.371764661410625,False,False
EXEC-000741,2026-02-27 14:00:00,SCORING_ENGINE,RANGE_CHECK,CHECK_239,HOURLY,SUCCESS,20114,11,4.74,49.57,241.21,3.6394,2.275041245384294,False,False
EXEC-000742,2026-02-07 05:00:00,CRM_CLIENTS,RANGE_CHECK,CHECK_897,HOURLY,SUCCESS,2047285,634,13.78,5.65,114.8,4.1035,1.7828486940336399,False,False
EXEC-000743,2025-10-13 05:00:00,FRAUD_DETECTION,RANGE_CHECK,CHECK_217,HOURLY,SUCCESS,8247,46,2.89,22.53,124.48,2.1956,0.5293881378021359,False,False
EXEC-000744,2026-03-05 19:00:00,SCORING_ENGINE,CONSISTENCY_CHECK,CHECK_308,WEEKLY,SUCCESS,2047,4,10.11,7.66,1820.57,1.7799,0.796794643329947,False,False
EXEC-000745,2025-09-17 11:00:00,INTERNET_BANK,ACCURACY_CHECK,CHECK_851,ON_DEMAND,SUCCESS,594129,1713,1.42,32.69,167.51,4.6098,2.3971254060379437,False,False
EXEC-000746,2025-11-07 19:00:00,MOBILE_APP,COMPLETENESS_CHECK,CHECK_984,WEEKLY,SKIPPED,3099,0,88.57,24.29,398.91,0.8176,,False,False
EXEC-000747,2025-11-22 07:00:00,LOAN_REGISTRY,FRESHNESS_CHECK,CHECK_572,HOURLY,SUCCESS,2933,1,10.59,72.39,674.49,2.2007,1.8854062407433037,False,False
EXEC-000748,2025-10-02 04:00:00,CRM_CLIENTS,COMPLETENESS_CHECK,CHECK_441,WEEKLY,FAILED,4819,9611,0.55,52.57,455.69,0.4126,1.3916627472548992,True,True
EXEC-000749,2025-11-07 13:00:00,MOBILE_APP,NULL_CHECK,CHECK_979,WEEKLY,SUCCESS,4765,15,267.67,10.13,161.53,3.9547,1.9107001961917733,False,False
EXEC-000750,2026-02-16 03:00:00,SCORING_ENGINE,FORMAT_CHECK,CHECK_502,DAILY,SUCCESS,122190,180,0.73,46.43,699.06,1.6299,0.8065478604495911,False,False
EXEC-000751,2025-11-13 23:00:00,CRM_CLIENTS,ACCURACY_CHECK,CHECK_985,DAILY,SUCCESS,11624,14,355.12,32.15,1434.4,3.1792,1.6923644535513862,False,False
EXEC-000752,2025-10-16 23:00:00,FRAUD_DETECTION,DUPLICATE_CHECK,CHECK_464,DAILY,SKIPPED,126479,0,29.06,64.01,207.47,4.0551,,False,False
EXEC-000753,2026-01-17 05:00:00,PAYMENT_SYSTEM,CONSISTENCY_CHECK,CHECK_641,WEEKLY,SUCCESS,1545,63,1.38,38.13,955.64,1.1817,0.76569690650167,False,False
EXEC-000754,2025-12-20 06:00:00,MOBILE_APP,COMPLETENESS_CHECK,CHECK_823,WEEKLY,SUCCESS,353,4267,9.18,43.74,353.1,4.8137,1.198585845867395,False,False
EXEC-000755,2025-11-17 01:00:00,SCORING_ENGINE,FORMAT_CHECK,CHECK_709,WEEKLY,SUCCESS,6929,25,2.54,38.37,116.6,3.3248,1.636664449131824,False,False
EXEC-000756,2025-09-14 09:00:00,CRM_CLIENTS,DUPLICATE_CHECK,CHECK_501,ON_DEMAND,SUCCESS,12551,1257,3.51,39.76,465.51,3.4938,2.8132553428091867,False,False
EXEC-000757,2026-01-17 19:00:00,SCORING_ENGINE,DUPLICATE_CHECK,CHECK_294,WEEKLY,SUCCESS,5765,85,33.02,41.35,341.89,4.6469,3.822951712255945,False,False
EXEC-000758,2025-09-12 20:00:00,PAYMENT_SYSTEM,CONSISTENCY_CHECK,CHECK_438,WEEKLY,FAILED,424,39,1.71,28.4,1383.87,3.3342,5.017796517362842,True,True
EXEC-000759,2025-09-27 05:00:00,CRM_CLIENTS,COMPLETENESS_CHECK,CHECK_696,WEEKLY,FAILED,408,470,29.19,38.37,161.02,1.9924,5.347615743451556,True,True
EXEC-000760,2025-09-29 15:00:00,SCORING_ENGINE,CONSISTENCY_CHECK,CHECK_445,ON_DEMAND,SUCCESS,39886,35,0.49,52.26,260.4,2.3169,1.807598944625849,False,False
EXEC-000761,2026-02-20 08:00:00,FRAUD_DETECTION,ACCURACY_CHECK,CHECK_743,ON_DEMAND,SUCCESS,23177,5,220.15,34.6,303.55,3.752,1.0072382866308356,False,False
EXEC-000762,2026-02-17 12:00:00,CRM_CLIENTS,CONSISTENCY_CHECK,CHECK_793,WEEKLY,FAILED,123477,0,5.83,22.26,1511.09,0.0101,0.020858538881089964,True,True
EXEC-000763,2025-12-21 18:00:00,FRAUD_DETECTION,CONSISTENCY_CHECK,CHECK_959,WEEKLY,SKIPPED,5310,0,3.71,31.75,532.15,4.1116,,False,False
EXEC-000764,2026-01-11 21:00:00,MOBILE_APP,COMPLETENESS_CHECK,CHECK_582,DAILY,SUCCESS,22190,80367,5.85,34.82,52.71,2.3907,1.22472374101121,False,False
EXEC-000765,2025-10-03 12:00:00,CREDIT_BUREAU,RANGE_CHECK,CHECK_102,HOURLY,SUCCESS,37907,0,0.62,58.42,194.28,2.3252,1.9659578233617971,False,False
EXEC-000766,2026-02-05 14:00:00,SCORING_ENGINE,COMPLETENESS_CHECK,CHECK_668,ON_DEMAND,FAILED,15610,1698,1.94,36.73,145.79,1.886,7.176075226581479,True,True
EXEC-000767,2026-02-18 21:00:00,CREDIT_BUREAU,COMPLETENESS_CHECK,CHECK_540,ON_DEMAND,SUCCESS,8069,663,0.19,25.84,349.86,2.2288,0.2346709854727564,False,False
EXEC-000768,2026-01-17 23:00:00,CRM_CLIENTS,DUPLICATE_CHECK,CHECK_925,DAILY,SKIPPED,5565,0,1.25,6.74,422.58,2.5147,,False,False
EXEC-000769,2026-03-08 14:00:00,CREDIT_BUREAU,REFERENTIAL_INTEGRITY,CHECK_180,HOURLY,SUCCESS,19051,19791,13.34,59.68,505.32,2.456,2.0161605020812545,False,False
EXEC-000770,2026-02-27 00:00:00,CREDIT_BUREAU,FORMAT_CHECK,CHECK_687,WEEKLY,SUCCESS,2907833,533,70.43,45.38,391.62,2.622,0.6310560578834824,False,False
EXEC-000771,2025-09-03 20:00:00,CRM_CLIENTS,FORMAT_CHECK,CHECK_724,WEEKLY,SUCCESS,2881,12,7.84,36.97,746.22,0.484,0.2583054965046657,False,False
EXEC-000772,2025-09-04 15:00:00,MOBILE_APP,CONSISTENCY_CHECK,CHECK_323,WEEKLY,SKIPPED,4790,0,1.15,12.89,1163.19,0.7456,,False,False
EXEC-000773,2025-11-03 02:00:00,INTERNET_BANK,FORMAT_CHECK,CHECK_170,HOURLY,SUCCESS,8612,882,1.16,11.97,143.31,0.8795,0.23135416769291728,False,False
EXEC-000774,2025-11-11 05:00:00,CRM_CLIENTS,COMPLETENESS_CHECK,CHECK_367,WEEKLY,SUCCESS,76323,183,13.99,40.21,704.7,2.761,2.2098605921264496,False,False
EXEC-000775,2025-09-10 01:00:00,FRAUD_DETECTION,REFERENTIAL_INTEGRITY,CHECK_822,DAILY,SUCCESS,5993,11,116.4,31.0,243.61,4.0359,2.8566826156332454,False,False
EXEC-000776,2025-09-11 00:00:00,PAYMENT_SYSTEM,DUPLICATE_CHECK,CHECK_469,ON_DEMAND,SUCCESS,1921,721,14.69,27.62,359.88,2.3484,1.0042403423558246,False,False
EXEC-000777,2025-10-07 10:00:00,FRAUD_DETECTION,REFERENTIAL_INTEGRITY,CHECK_665,ON_DEMAND,FAILED,2615,139,32.13,45.46,622.51,3.681,7.109023571175668,True,True
EXEC-000778,2025-12-24 04:00:00,PAYMENT_SYSTEM,FRESHNESS_CHECK,CHECK_405,HOURLY,SUCCESS,1220,85,5.76,59.11,135.18,1.0304,0.2631479520274892,False,False
EXEC-000779,2026-01-20 15:00:00,FRAUD_DETECTION,ACCURACY_CHECK,CHECK_293,HOURLY,SUCCESS,9588,47,2.41,35.11,340.77,0.1047,0.04789218163502236,False,False
EXEC-000780,2025-10-09 05:00:00,CREDIT_BUREAU,NULL_CHECK,CHECK_365,DAILY,SUCCESS,119665,18,1.15,18.54,301.27,4.6692,0.8385469686004113,False,False
EXEC-000781,2026-03-07 15:00:00,CRM_CLIENTS,CONSISTENCY_CHECK,CHECK_812,DAILY,SKIPPED,32141,0,30.81,12.83,1250.86,3.0185,,False,False
EXEC-000782,2025-10-14 15:00:00,LOAN_REGISTRY,FORMAT_CHECK,CHECK_435,ON_DEMAND,FAILED,2509,50,28.21,34.25,105.91,0.9324,1.4574171698742833,True,True
EXEC-000783,2026-02-26 19:00:00,INTERNET_BANK,FORMAT_CHECK,CHECK_506,DAILY,SKIPPED,2478,0,11.09,1.51,237.13,3.5859,,False,False
EXEC-000784,2025-09-05 11:00:00,FRAUD_DETECTION,ACCURACY_CHECK,CHECK_497,DAILY,SUCCESS,1104,1042,9.94,16.44,422.29,4.338,2.516044540019875,False,False
EXEC-000785,2025-11-23 10:00:00,CRM_CLIENTS,ACCURACY_CHECK,CHECK_326,HOURLY,SUCCESS,747,52,61.01,29.5,580.46,1.3555,0.5016547643735301,False,False
EXEC-000786,2026-01-07 18:00:00,INTERNET_BANK,REFERENTIAL_INTEGRITY,CHECK_186,DAILY,SUCCESS,4521,0,19.08,45.83,291.32,1.9412,0.22070717880856427,False,False
EXEC-000787,2025-12-23 22:00:00,MOBILE_APP,COMPLETENESS_CHECK,CHECK_174,DAILY,SUCCESS,1154,13,3.88,47.08,1351.18,0.3931,0.17163722997236333,False,False
EXEC-000788,2026-02-09 04:00:00,PAYMENT_SYSTEM,FRESHNESS_CHECK,CHECK_328,ON_DEMAND,SUCCESS,8586,18,5.2,11.25,170.01,3.629,2.4189129704880754,False,False
EXEC-000789,2026-02-17 18:00:00,INTERNET_BANK,NULL_CHECK,CHECK_655,HOURLY,SUCCESS,44520,23502,3.57,62.32,447.01,3.625,2.2275959193040635,False,False
EXEC-000790,2025-11-30 01:00:00,MOBILE_APP,RANGE_CHECK,CHECK_663,ON_DEMAND,SUCCESS,13693,85,10.89,20.89,52.1,2.7443,0.49633249005012386,False,False
EXEC-000791,2025-12-06 19:00:00,FRAUD_DETECTION,RANGE_CHECK,CHECK_479,DAILY,SUCCESS,3727,4,3.09,17.6,351.72,1.9219,1.6608821902078816,False,False
EXEC-000792,2025-10-11 20:00:00,PAYMENT_SYSTEM,REFERENTIAL_INTEGRITY,CHECK_149,DAILY,SUCCESS,4975,6,0.47,46.33,159.36,3.4591,2.2228616678627184,False,False
EXEC-000793,2026-01-20 19:00:00,FRAUD_DETECTION,SCHEMA_VALIDATION,CHECK_309,DAILY,SUCCESS,935960,53,4.22,17.74,284.99,4.9902,2.8819964614306395,False,False
EXEC-000794,2025-09-02 01:00:00,CRM_CLIENTS,FORMAT_CHECK,CHECK_403,DAILY,SUCCESS,1228,127,1.71,8.29,183.72,2.0251,1.3484802786382355,False,False
EXEC-000795,2025-11-12 22:00:00,CRM_CLIENTS,CONSISTENCY_CHECK,CHECK_287,HOURLY,SUCCESS,1110,24,32.58,3.36,557.18,3.4692,1.8872784027420437,False,False
EXEC-000796,2026-01-12 17:00:00,PAYMENT_SYSTEM,CONSISTENCY_CHECK,CHECK_295,ON_DEMAND,SUCCESS,743,777,0.87,73.83,348.4,4.0817,1.7280602414562714,False,False
EXEC-000797,2026-01-04 13:00:00,INTERNET_BANK,DUPLICATE_CHECK,CHECK_948,WEEKLY,SUCCESS,11326,39,1.96,54.96,681.12,4.7097,2.3040827284593712,False,False
EXEC-000798,2025-12-28 00:00:00,INTERNET_BANK,SCHEMA_VALIDATION,CHECK_517,ON_DEMAND,TIMEOUT,8928,0,44.94,10.07,1258.94,2.819,,False,False
EXEC-000799,2025-10-16 17:00:00,MOBILE_APP,FRESHNESS_CHECK,CHECK_261,WEEKLY,SUCCESS,365,339,2.11,26.91,3534.41,3.3127,1.5307925726795084,False,False
EXEC-000800,2025-09-20 18:00:00,PAYMENT_SYSTEM,RANGE_CHECK,CHECK_786,ON_DEMAND,SUCCESS,128,26994,25.27,44.45,258.32,1.1436,0.7656962472665898,False,False
EXEC-000801,2025-09-27 00:00:00,FRAUD_DETECTION,RANGE_CHECK,CHECK_858,ON_DEMAND,SUCCESS,4542,108,9.01,21.74,13.35,0.4567,0.3249826423195009,False,False
EXEC-000802,2025-12-16 05:00:00,INTERNET_BANK,NULL_CHECK,CHECK_238,WEEKLY,FAILED,56663,0,4.85,22.6,609.4,4.5549,14.877824335250947,True,True
EXEC-000803,2025-09-25 04:00:00,SCORING_ENGINE,CONSISTENCY_CHECK,CHECK_134,WEEKLY,SUCCESS,3635,458,3.01,4.02,805.09,3.7955,1.3280133412779958,False,False
EXEC-000804,2025-10-13 01:00:00,MOBILE_APP,REFERENTIAL_INTEGRITY,CHECK_978,WEEKLY,SUCCESS,145,21085,13.37,28.03,244.11,4.414,3.213678270099355,False,False
EXEC-000805,2026-02-27 12:00:00,FRAUD_DETECTION,FORMAT_CHECK,CHECK_354,HOURLY,SKIPPED,9804,0,0.72,12.98,83.85,0.6546,,False,False
EXEC-000806,2025-12-07 21:00:00,SCORING_ENGINE,RANGE_CHECK,CHECK_299,ON_DEMAND,TIMEOUT,1466,0,4.49,40.32,265.56,2.2149,,False,False
EXEC-000807,2025-10-08 03:00:00,CREDIT_BUREAU,REFERENTIAL_INTEGRITY,CHECK_417,HOURLY,SKIPPED,989,0,37.74,27.41,186.28,3.4509,,False,False
EXEC-000808,2026-03-04 01:00:00,MOBILE_APP,FRESHNESS_CHECK,CHECK_568,HOURLY,SUCCESS,3193,170,9.08,3.37,285.89,4.9023,2.580944644542721,False,False
EXEC-000809,2025-12-09 18:00:00,LOAN_REGISTRY,CONSISTENCY_CHECK,CHECK_399,DAILY,FAILED,2572,3,1.69,12.61,1526.29,1.7874,8.004515498113825,True,True
EXEC-000810,2025-11-17 02:00:00,CRM_CLIENTS,FRESHNESS_CHECK,CHECK_287,DAILY,TIMEOUT,8992,0,52.98,37.84,1248.16,4.3604,,False,False
EXEC-000811,2025-11-18 23:00:00,PAYMENT_SYSTEM,ACCURACY_CHECK,CHECK_371,WEEKLY,SUCCESS,12574,0,0.96,21.69,149.32,4.75,0.8585596320346717,False,False
EXEC-000812,2026-01-14 12:00:00,PAYMENT_SYSTEM,CONSISTENCY_CHECK,CHECK_516,HOURLY,SUCCESS,175,270,0.88,37.15,356.29,2.0549,0.9691817086087625,False,False
EXEC-000813,2026-02-28 20:00:00,INTERNET_BANK,RANGE_CHECK,CHECK_312,WEEKLY,SUCCESS,8336,2113,28.05,28.1,1586.07,4.0807,2.5218057294831038,False,False
EXEC-000814,2026-02-10 22:00:00,CREDIT_BUREAU,RANGE_CHECK,CHECK_771,DAILY,SUCCESS,17739,392,0.31,26.23,521.2,0.4644,0.2941929019165186,False,False
EXEC-000815,2025-12-27 01:00:00,MOBILE_APP,REFERENTIAL_INTEGRITY,CHECK_210,HOURLY,FAILED,22808,334,86.68,35.88,3654.4,3.5435,15.940961982769423,True,True
EXEC-000816,2025-09-10 00:00:00,PAYMENT_SYSTEM,NULL_CHECK,CHECK_119,DAILY,SUCCESS,193,13788,6.83,10.14,72.74,2.3328,0.32297004758902553,False,False
EXEC-000817,2025-10-18 13:00:00,LOAN_REGISTRY,FRESHNESS_CHECK,CHECK_408,DAILY,SUCCESS,9052,547,12.89,18.29,404.63,0.2735,0.10643022951008238,False,False
EXEC-000818,2026-01-18 00:00:00,MOBILE_APP,RANGE_CHECK,CHECK_337,DAILY,SUCCESS,3938,0,120.44,17.6,2426.35,3.9464,1.3256289068871,False,False
EXEC-000819,2025-11-06 11:00:00,CREDIT_BUREAU,NULL_CHECK,CHECK_779,WEEKLY,SUCCESS,2701,10,8.55,32.43,476.09,3.217,1.5322815016551983,False,False
EXEC-000820,2025-10-29 05:00:00,LOAN_REGISTRY,ACCURACY_CHECK,CHECK_561,HOURLY,SUCCESS,26960,206,3.5,22.77,159.74,2.2626,1.807750312402605,False,False
EXEC-000821,2025-10-24 19:00:00,INTERNET_BANK,COMPLETENESS_CHECK,CHECK_831,DAILY,SUCCESS,87524,1226,20.36,21.9,517.75,1.2357,1.0319618254151854,False,False
EXEC-000822,2025-11-13 14:00:00,SCORING_ENGINE,ACCURACY_CHECK,CHECK_693,DAILY,SUCCESS,5422,34,7.48,3.72,1100.01,2.9405,2.149093506166476,False,False
EXEC-000823,2026-02-20 15:00:00,PAYMENT_SYSTEM,COMPLETENESS_CHECK,CHECK_525,WEEKLY,FAILED,7794,937,23.9,21.74,1530.57,0.8851,3.7112067577907446,True,True
EXEC-000824,2025-10-21 11:00:00,SCORING_ENGINE,SCHEMA_VALIDATION,CHECK_616,HOURLY,SUCCESS,3881,55,9.77,21.15,1574.38,0.5172,0.449728398008938,False,False
EXEC-000825,2025-09-26 02:00:00,CREDIT_BUREAU,RANGE_CHECK,CHECK_859,DAILY,SUCCESS,34692,28,0.5,36.43,249.71,2.9083,1.3348551734252285,False,False
EXEC-000826,2025-11-21 23:00:00,LOAN_REGISTRY,FRESHNESS_CHECK,CHECK_809,WEEKLY,SUCCESS,7065,17,12.1,42.36,484.18,0.9962,0.17599249507737483,False,False
EXEC-000827,2026-02-02 00:00:00,MOBILE_APP,NULL_CHECK,CHECK_790,WEEKLY,SUCCESS,826,0,60.8,21.89,372.91,3.9656,3.0347992296899338,False,False
EXEC-000828,2025-12-03 20:00:00,LOAN_REGISTRY,REFERENTIAL_INTEGRITY,CHECK_920,HOURLY,SUCCESS,2334,58,34.46,67.22,2325.6,0.432,0.34487130106732217,False,False
EXEC-000829,2025-12-24 09:00:00,CRM_CLIENTS,SCHEMA_VALIDATION,CHECK_773,DAILY,SUCCESS,768,7,6.78,14.64,1083.13,0.8832,0.36849832895769047,False,False
EXEC-000830,2025-12-25 06:00:00,PAYMENT_SYSTEM,SCHEMA_VALIDATION,CHECK_505,ON_DEMAND,SUCCESS,1058,154727,0.43,40.93,199.32,3.7619,1.9306685551114657,False,False
EXEC-000831,2026-01-21 18:00:00,CRM_CLIENTS,ACCURACY_CHECK,CHECK_900,DAILY,SUCCESS,24907,95,18.4,12.8,825.73,4.3023,1.308106349258832,False,False
EXEC-000832,2025-09-27 04:00:00,LOAN_REGISTRY,COMPLETENESS_CHECK,CHECK_941,ON_DEMAND,SUCCESS,55648,261,18.34,22.16,372.18,1.3551,0.43998784708460054,False,False
EXEC-000833,2025-10-02 11:00:00,INTERNET_BANK,ACCURACY_CHECK,CHECK_653,DAILY,SUCCESS,76849,1,21.97,23.73,726.51,0.5401,0.4772818242218921,False,False
EXEC-000834,2025-11-27 02:00:00,SCORING_ENGINE,DUPLICATE_CHECK,CHECK_951,WEEKLY,SUCCESS,5483,302,40.88,21.18,87.11,1.528,0.4947109062335384,False,False
EXEC-000835,2025-09-13 10:00:00,FRAUD_DETECTION,CONSISTENCY_CHECK,CHECK_128,ON_DEMAND,SUCCESS,1125,619,0.5,28.86,135.57,0.627,0.5500452647133595,False,False
EXEC-000836,2025-12-10 08:00:00,LOAN_REGISTRY,DUPLICATE_CHECK,CHECK_133,HOURLY,SUCCESS,13125,2,1.41,59.72,2533.43,0.6642,0.214344055205789,False,False
EXEC-000837,2025-10-15 09:00:00,CRM_CLIENTS,CONSISTENCY_CHECK,CHECK_665,DAILY,SUCCESS,810,0,2.63,11.74,121.71,3.4645,2.6526283980653487,False,False
EXEC-000838,2026-02-25 09:00:00,INTERNET_BANK,RANGE_CHECK,CHECK_910,HOURLY,SKIPPED,46497,0,68.15,6.46,313.63,3.5507,,False,False
EXEC-000839,2026-03-02 23:00:00,CREDIT_BUREAU,REFERENTIAL_INTEGRITY,CHECK_766,DAILY,SKIPPED,11384,0,40.11,5.57,361.15,4.5049,,False,False
EXEC-000840,2026-01-18 00:00:00,PAYMENT_SYSTEM,REFERENTIAL_INTEGRITY,CHECK_421,ON_DEMAND,SUCCESS,429834,11,22.94,51.93,42.0,3.637,0.8417447160762763,False,False
EXEC-000841,2025-09-15 15:00:00,MOBILE_APP,FRESHNESS_CHECK,CHECK_827,DAILY,SUCCESS,6505,180,8.98,15.84,84.52,0.8576,0.6588255327107017,False,False
EXEC-000842,2026-01-04 05:00:00,CREDIT_BUREAU,REFERENTIAL_INTEGRITY,CHECK_824,HOURLY,FAILED,219982,142,10.53,44.9,49.81,3.833,15.821946388778025,True,True
EXEC-000843,2025-09-08 06:00:00,INTERNET_BANK,SCHEMA_VALIDATION,CHECK_244,DAILY,SKIPPED,4414,0,18.57,6.26,446.36,2.9887,,False,False
EXEC-000844,2025-12-25 04:00:00,MOBILE_APP,NULL_CHECK,CHECK_682,ON_DEMAND,FAILED,45074,2,10.35,28.34,387.38,2.9934,14.127241620385925,True,True
EXEC-000845,2025-11-21 02:00:00,CRM_CLIENTS,CONSISTENCY_CHECK,CHECK_981,HOURLY,FAILED,1119,3,31.58,29.23,68.35,2.2617,8.365805389732271,True,True
EXEC-000846,2026-02-16 01:00:00,CRM_CLIENTS,ACCURACY_CHECK,CHECK_387,WEEKLY,SUCCESS,1919,0,3.97,18.46,512.43,0.6848,0.5673094607631901,False,False
EXEC-000847,2026-01-13 23:00:00,LOAN_REGISTRY,FRESHNESS_CHECK,CHECK_490,DAILY,FAILED,216,46,3.48,22.77,255.51,4.531,10.824926461815913,True,False
EXEC-000848,2026-01-25 07:00:00,FRAUD_DETECTION,REFERENTIAL_INTEGRITY,CHECK_871,DAILY,SUCCESS,16565,12,80.73,18.91,869.1,0.0334,0.027237963049989235,False,False
EXEC-000849,2026-01-27 14:00:00,CREDIT_BUREAU,FRESHNESS_CHECK,CHECK_696,WEEKLY,SUCCESS,1205,234,1.03,24.42,1198.31,2.2004,0.34420137771241,False,False
EXEC-000850,2025-09-16 19:00:00,CRM_CLIENTS,RANGE_CHECK,CHECK_151,DAILY,FAILED,41325,0,12.26,5.85,196.52,1.0899,1.6713795071251283,True,True
EXEC-000851,2026-02-25 06:00:00,CREDIT_BUREAU,FRESHNESS_CHECK,CHECK_256,WEEKLY,SUCCESS,919631,31,4.92,32.88,1044.06,1.0113,0.7341272916903202,False,False
EXEC-000852,2025-10-03 18:00:00,PAYMENT_SYSTEM,FRESHNESS_CHECK,CHECK_924,DAILY,TIMEOUT,14558,0,3.4,41.43,319.14,2.7113,,False,False
EXEC-000853,2025-10-10 18:00:00,SCORING_ENGINE,FRESHNESS_CHECK,CHECK_769,HOURLY,SUCCESS,2484,17,14.69,56.99,300.69,0.5622,0.44795451987906393,False,False
EXEC-000854,2025-10-14 23:00:00,SCORING_ENGINE,ACCURACY_CHECK,CHECK_191,WEEKLY,FAILED,7712,39,0.42,9.92,640.56,0.2341,0.446661061614869,True,True
EXEC-000855,2026-01-24 14:00:00,SCORING_ENGINE,NULL_CHECK,CHECK_762,HOURLY,SUCCESS,53586,1192,1.32,35.92,255.8,2.9334,1.094586306431525,False,False
EXEC-000856,2025-09-07 03:00:00,CREDIT_BUREAU,RANGE_CHECK,CHECK_778,DAILY,FAILED,3285,1,4.2,31.23,465.89,3.081,10.090446233386995,True,True
EXEC-000857,2025-09-15 09:00:00,CRM_CLIENTS,NULL_CHECK,CHECK_598,WEEKLY,SUCCESS,17404,208,0.24,28.62,337.83,0.5075,0.4126388626822503,False,False
EXEC-000858,2025-11-05 20:00:00,LOAN_REGISTRY,ACCURACY_CHECK,CHECK_548,DAILY,SUCCESS,5604,239,0.59,70.34,384.38,0.8175,0.5157877791838154,False,False
EXEC-000859,2025-09-19 21:00:00,CRM_CLIENTS,FRESHNESS_CHECK,CHECK_392,DAILY,SUCCESS,1807,498,8.19,27.37,9144.46,0.6535,0.3116131193934755,False,False
EXEC-000860,2026-02-25 13:00:00,SCORING_ENGINE,CONSISTENCY_CHECK,CHECK_165,HOURLY,SUCCESS,6260,9,0.4,32.55,345.09,4.3365,0.4574176399194479,False,False
EXEC-000861,2025-11-09 08:00:00,SCORING_ENGINE,NULL_CHECK,CHECK_576,ON_DEMAND,SUCCESS,785,73,10.66,60.01,165.2,4.26,2.7644019437661407,False,False
EXEC-000862,2026-01-02 07:00:00,LOAN_REGISTRY,NULL_CHECK,CHECK_369,ON_DEMAND,SUCCESS,2685,2683,9.71,7.34,38.29,1.4959,1.1043485706266682,False,False
EXEC-000863,2026-01-12 07:00:00,CRM_CLIENTS,CONSISTENCY_CHECK,CHECK_292,DAILY,SUCCESS,1206,1074,3.11,39.18,585.12,2.7571,2.39774503889861,False,False
EXEC-000864,2026-01-14 19:00:00,CRM_CLIENTS,FORMAT_CHECK,CHECK_138,HOURLY,SUCCESS,683,10,11.58,32.24,92.36,3.6391,2.159982552914528,False,False
EXEC-000865,2025-10-01 04:00:00,CRM_CLIENTS,NULL_CHECK,CHECK_409,DAILY,SUCCESS,35011,4,11.85,12.27,199.07,4.8232,1.0414172835217,False,False
EXEC-000866,2025-09-10 07:00:00,MOBILE_APP,FORMAT_CHECK,CHECK_312,WEEKLY,FAILED,311,17,6.15,50.76,310.85,0.5027,1.3341297277619693,True,True
EXEC-000867,2026-01-10 20:00:00,INTERNET_BANK,RANGE_CHECK,CHECK_961,WEEKLY,SUCCESS,13311,17,28.94,7.79,699.48,3.8669,1.258370832114316,False,False
EXEC-000868,2025-10-23 13:00:00,FRAUD_DETECTION,FORMAT_CHECK,CHECK_426,DAILY,TIMEOUT,1618,0,5.96,28.49,197.55,0.9536,,False,False
EXEC-000869,2026-02-03 12:00:00,PAYMENT_SYSTEM,CONSISTENCY_CHECK,CHECK_159,ON_DEMAND,SUCCESS,79856,9,1.75,7.85,194.65,4.8775,2.6428741660342383,False,False
EXEC-000870,2025-09-25 19:00:00,LOAN_REGISTRY,CONSISTENCY_CHECK,CHECK_258,WEEKLY,SKIPPED,903,0,18.57,13.8,202.1,3.4838,,False,False
EXEC-000871,2025-12-19 08:00:00,MOBILE_APP,REFERENTIAL_INTEGRITY,CHECK_333,WEEKLY,SUCCESS,9961,2,10.69,22.39,1300.27,3.453,1.0887380453062272,False,False
EXEC-000872,2025-11-12 15:00:00,LOAN_REGISTRY,REFERENTIAL_INTEGRITY,CHECK_649,WEEKLY,FAILED,84174,6,18.72,15.61,512.74,1.1156,4.287392127431601,True,True
EXEC-000873,2025-10-05 02:00:00,PAYMENT_SYSTEM,REFERENTIAL_INTEGRITY,CHECK_912,WEEKLY,SUCCESS,908228,5,5.1,14.94,1668.38,2.1489,1.1427575036233917,False,False
EXEC-000874,2025-10-30 21:00:00,CRM_CLIENTS,NULL_CHECK,CHECK_910,HOURLY,FAILED,89,34,2.12,22.59,769.88,0.3586,1.2057522684272528,True,True
EXEC-000875,2025-11-14 14:00:00,LOAN_REGISTRY,REFERENTIAL_INTEGRITY,CHECK_954,HOURLY,SUCCESS,152409,7,39.92,37.49,1919.04,0.0373,0.011135778108530605,False,False
EXEC-000876,2025-11-26 16:00:00,FRAUD_DETECTION,FRESHNESS_CHECK,CHECK_475,ON_DEMAND,SUCCESS,4671,10,1.63,33.44,273.71,1.299,0.9763343049281459,False,False
EXEC-000877,2025-12-26 05:00:00,INTERNET_BANK,FORMAT_CHECK,CHECK_148,ON_DEMAND,SUCCESS,1050,32,2.45,23.96,611.91,4.4397,0.664306237432699,False,False
EXEC-000878,2025-12-31 10:00:00,CRM_CLIENTS,FORMAT_CHECK,CHECK_267,WEEKLY,SUCCESS,16059,0,5.04,63.47,3220.53,1.9391,0.7346946045395351,False,False
EXEC-000879,2025-09-18 18:00:00,SCORING_ENGINE,ACCURACY_CHECK,CHECK_265,ON_DEMAND,TIMEOUT,3325,0,1.19,17.76,919.73,1.92,,False,False
EXEC-000880,2026-01-25 16:00:00,LOAN_REGISTRY,ACCURACY_CHECK,CHECK_934,WEEKLY,FAILED,912,313,6.87,11.78,257.21,0.5831,2.0699433350106706,True,True
EXEC-000881,2026-02-21 18:00:00,INTERNET_BANK,SCHEMA_VALIDATION,CHECK_672,WEEKLY,SUCCESS,2001,39,1.58,22.67,5027.63,0.9292,0.14242099373658662,False,False
EXEC-000882,2026-03-07 19:00:00,INTERNET_BANK,SCHEMA_VALIDATION,CHECK_724,WEEKLY,SUCCESS,5308,292,0.34,36.51,492.97,3.6271,1.149231562798558,False,False
EXEC-000883,2025-11-02 14:00:00,MOBILE_APP,ACCURACY_CHECK,CHECK_387,DAILY,SUCCESS,1040,123,91.8,41.98,291.38,2.3558,0.45006872128924635,False,False
EXEC-000884,2026-01-27 21:00:00,FRAUD_DETECTION,FRESHNESS_CHECK,CHECK_532,HOURLY,SUCCESS,32481,45,0.52,2.72,467.15,0.3656,0.17111672076710488,False,False
EXEC-000885,2025-10-08 03:00:00,FRAUD_DETECTION,FORMAT_CHECK,CHECK_500,HOURLY,SUCCESS,459,141,1.67,4.47,2561.52,2.4644,0.4047625792894918,False,False
EXEC-000886,2026-02-13 16:00:00,FRAUD_DETECTION,CONSISTENCY_CHECK,CHECK_446,DAILY,SUCCESS,3176,1,6.47,18.78,265.1,4.5165,2.730787827507033,False,False
EXEC-000887,2026-02-13 15:00:00,SCORING_ENGINE,FRESHNESS_CHECK,CHECK_285,HOURLY,SUCCESS,31895,41,2.33,44.71,110.88,2.0941,1.3604483300531254,False,False
EXEC-000888,2026-01-23 21:00:00,CREDIT_BUREAU,FRESHNESS_CHECK,CHECK_559,WEEKLY,FAILED,689,227,93.02,57.45,116.27,0.8154,1.5278104431197925,True,True
EXEC-000889,2026-03-11 14:00:00,INTERNET_BANK,NULL_CHECK,CHECK_869,WEEKLY,SUCCESS,51789,12,3.24,32.36,6502.06,1.0758,0.7700842524491616,False,False
EXEC-000890,2025-10-19 16:00:00,PAYMENT_SYSTEM,FRESHNESS_CHECK,CHECK_444,DAILY,FAILED,3385,951,9.48,21.98,121.31,3.3989,13.559364524282122,True,False
EXEC-000891,2025-11-11 23:00:00,SCORING_ENGINE,ACCURACY_CHECK,CHECK_847,HOURLY,SUCCESS,268,9,2.7,39.64,167.54,2.1837,1.5114084435608492,False,False
EXEC-000892,2026-02-27 00:00:00,FRAUD_DETECTION,ACCURACY_CHECK,CHECK_993,HOURLY,FAILED,11893,2,2.07,18.13,190.92,2.6879,12.034718022213701,True,True
EXEC-000893,2025-11-30 00:00:00,INTERNET_BANK,NULL_CHECK,CHECK_871,DAILY,FAILED,9690,2875,2.75,21.15,131.42,3.8653,12.486433690760718,True,True
EXEC-000894,2025-12-09 02:00:00,CRM_CLIENTS,FORMAT_CHECK,CHECK_876,WEEKLY,SUCCESS,3313,10209,14.93,51.59,2317.75,3.1047,1.4104712954828402,False,False
EXEC-000895,2025-09-14 18:00:00,FRAUD_DETECTION,CONSISTENCY_CHECK,CHECK_263,HOURLY,SKIPPED,8271,0,0.57,41.17,159.75,2.4844,,False,False
EXEC-000896,2025-10-10 12:00:00,SCORING_ENGINE,NULL_CHECK,CHECK_303,ON_DEMAND,SUCCESS,34986,11,3.8,42.13,245.38,4.3163,3.019214249958358,False,False
EXEC-000897,2025-11-22 15:00:00,INTERNET_BANK,REFERENTIAL_INTEGRITY,CHECK_305,WEEKLY,SUCCESS,262,31,11.36,3.91,448.53,4.6736,3.0532233302460736,False,False
EXEC-000898,2025-12-13 18:00:00,MOBILE_APP,FRESHNESS_CHECK,CHECK_236,WEEKLY,SUCCESS,15096,39,6.37,17.96,632.05,2.8246,1.7720129999138312,False,False
EXEC-000899,2026-03-09 06:00:00,INTERNET_BANK,FRESHNESS_CHECK,CHECK_632,DAILY,SUCCESS,9981,2,35.01,25.12,697.73,4.4205,1.7395172090926914,False,False
EXEC-000900,2025-09-02 16:00:00,SCORING_ENGINE,FORMAT_CHECK,CHECK_256,DAILY,SUCCESS,599453,143,1.9,34.27,199.22,0.4997,0.3520950669587846,False,False
EXEC-000901,2026-02-28 03:00:00,SCORING_ENGINE,REFERENTIAL_INTEGRITY,CHECK_738,WEEKLY,SUCCESS,2222,0,1.51,11.3,632.85,1.4195,0.6237023289630399,False,False
EXEC-000902,2026-01-31 17:00:00,INTERNET_BANK,REFERENTIAL_INTEGRITY,CHECK_912,WEEKLY,SUCCESS,16828,87,9.82,19.31,1007.0,2.8528,1.2198726007361016,False,False
EXEC-000903,2025-11-06 05:00:00,SCORING_ENGINE,COMPLETENESS_CHECK,CHECK_339,ON_DEMAND,SUCCESS,28810,48,0.87,42.93,192.0,4.1218,1.5719981731082742,False,False
EXEC-000904,2025-12-26 22:00:00,FRAUD_DETECTION,NULL_CHECK,CHECK_109,HOURLY,SKIPPED,2828,0,54.45,46.77,172.55,0.2009,,False,False
EXEC-000905,2025-12-11 20:00:00,SCORING_ENGINE,RANGE_CHECK,CHECK_239,WEEKLY,SUCCESS,1758,33,3.03,45.17,29.25,4.3561,2.422203547087337,False,False
EXEC-000906,2025-11-21 00:00:00,SCORING_ENGINE,ACCURACY_CHECK,CHECK_116,ON_DEMAND,FAILED,6685,10931,0.16,40.39,181.95,1.0474,2.432419847596757,True,True
EXEC-000907,2026-02-10 18:00:00,MOBILE_APP,FRESHNESS_CHECK,CHECK_237,WEEKLY,SUCCESS,12496,29,10.47,17.85,719.85,4.5322,0.5381859431435404,False,False
EXEC-000908,2026-03-07 19:00:00,FRAUD_DETECTION,RANGE_CHECK,CHECK_438,ON_DEMAND,SUCCESS,13724,44,43.26,22.65,89.49,2.1287,1.1185871676489219,False,False
EXEC-000909,2026-02-28 10:00:00,LOAN_REGISTRY,FORMAT_CHECK,CHECK_510,WEEKLY,SUCCESS,6671,216,67.89,32.78,154.09,1.5187,0.7796536529568403,False,False
EXEC-000910,2025-10-17 14:00:00,CREDIT_BUREAU,COMPLETENESS_CHECK,CHECK_687,HOURLY,SUCCESS,21796,114,27.5,8.06,255.53,3.4093,1.247088253081187,False,False
EXEC-000911,2026-01-18 01:00:00,FRAUD_DETECTION,DUPLICATE_CHECK,CHECK_210,WEEKLY,SKIPPED,1433,0,17.89,43.66,189.29,3.7568,,False,False
EXEC-000912,2025-09-16 17:00:00,CREDIT_BUREAU,DUPLICATE_CHECK,CHECK_320,WEEKLY,SUCCESS,21330,206,0.1,33.16,293.85,0.7799,0.2789856189172823,False,False
EXEC-000913,2025-11-12 08:00:00,CRM_CLIENTS,RANGE_CHECK,CHECK_309,DAILY,SUCCESS,13098,287097,1.41,41.98,836.35,3.3124,1.5866441712098944,False,False
EXEC-000914,2025-11-19 18:00:00,PAYMENT_SYSTEM,COMPLETENESS_CHECK,CHECK_998,HOURLY,SUCCESS,22140,98,7.05,13.02,963.45,3.3237,1.9983801636040464,False,False
EXEC-000915,2026-01-06 18:00:00,CREDIT_BUREAU,COMPLETENESS_CHECK,CHECK_110,WEEKLY,SUCCESS,52332,419,9.35,12.33,119.1,0.5538,0.11257239259582001,False,False
EXEC-000916,2025-10-13 08:00:00,MOBILE_APP,SCHEMA_VALIDATION,CHECK_335,WEEKLY,FAILED,88059,1656,2.36,9.91,579.73,0.7785,2.713264439752131,True,True
EXEC-000917,2025-09-19 05:00:00,LOAN_REGISTRY,FORMAT_CHECK,CHECK_122,ON_DEMAND,TIMEOUT,1832,0,151.75,45.68,321.15,0.59,,False,False
EXEC-000918,2025-10-05 23:00:00,INTERNET_BANK,FRESHNESS_CHECK,CHECK_324,HOURLY,SUCCESS,20763,7,3.61,25.88,747.93,1.33,0.28263409163591235,False,False
EXEC-000919,2026-01-05 11:00:00,MOBILE_APP,DUPLICATE_CHECK,CHECK_302,ON_DEMAND,SUCCESS,1153,11,46.16,13.14,1686.99,4.1801,3.4577208204398793,False,False
EXEC-000920,2026-02-02 02:00:00,MOBILE_APP,SCHEMA_VALIDATION,CHECK_359,HOURLY,FAILED,202379,0,1600.72,60.43,84.18,3.8734,12.179206767851207,True,True
EXEC-000921,2025-09-07 03:00:00,CRM_CLIENTS,FORMAT_CHECK,CHECK_518,ON_DEMAND,SUCCESS,718,332,1.17,35.07,193.27,1.9505,0.6822436356477259,False,False
EXEC-000922,2025-09-17 05:00:00,FRAUD_DETECTION,FORMAT_CHECK,CHECK_579,DAILY,SUCCESS,1540,24,66.88,6.23,111.43,3.8918,1.211410068091486,False,False
EXEC-000923,2026-02-21 04:00:00,MOBILE_APP,CONSISTENCY_CHECK,CHECK_551,WEEKLY,SUCCESS,18276,3976,7.2,27.4,883.44,0.3362,0.1472837174854778,False,False
EXEC-000924,2026-01-04 16:00:00,LOAN_REGISTRY,COMPLETENESS_CHECK,CHECK_169,DAILY,SUCCESS,28037,21,2.22,5.82,333.06,4.5897,3.333706671085226,False,False
EXEC-000925,2026-03-12 16:00:00,CRM_CLIENTS,CONSISTENCY_CHECK,CHECK_851,ON_DEMAND,SUCCESS,2291,2,14.63,47.24,67.04,2.1132,1.4337470091136155,False,False
EXEC-000926,2025-09-23 03:00:00,MOBILE_APP,CONSISTENCY_CHECK,CHECK_808,DAILY,SKIPPED,4200,0,4.44,42.49,134.08,4.7439,,False,False
EXEC-000927,2025-12-08 18:00:00,INTERNET_BANK,SCHEMA_VALIDATION,CHECK_225,ON_DEMAND,SUCCESS,368892,3,27.19,38.61,34.76,0.5213,0.38024200247176226,False,False
EXEC-000928,2025-12-07 12:00:00,FRAUD_DETECTION,RANGE_CHECK,CHECK_786,WEEKLY,SUCCESS,694,78,23.65,52.69,155.59,3.0111,2.1707690476401735,False,False
EXEC-000929,2025-11-02 01:00:00,CRM_CLIENTS,RANGE_CHECK,CHECK_538,DAILY,SUCCESS,8298,138,630.18,38.57,33.33,4.1267,2.923109625254192,False,False
EXEC-000930,2025-09-06 09:00:00,SCORING_ENGINE,RANGE_CHECK,CHECK_902,DAILY,SUCCESS,4644,11,32.82,51.71,249.2,4.4493,2.834588747431979,False,False
EXEC-000931,2026-02-02 15:00:00,INTERNET_BANK,ACCURACY_CHECK,CHECK_567,ON_DEMAND,SKIPPED,947,0,20.11,26.85,197.92,1.2461,,False,False
EXEC-000932,2025-11-27 02:00:00,SCORING_ENGINE,REFERENTIAL_INTEGRITY,CHECK_473,HOURLY,SUCCESS,172696,48170,1.41,48.7,280.6,0.6503,0.20394997622198288,False,False
EXEC-000933,2025-10-27 12:00:00,PAYMENT_SYSTEM,ACCURACY_CHECK,CHECK_935,HOURLY,SUCCESS,2673,2222,16.61,16.07,580.1,3.5828,1.378176768779198,False,False
EXEC-000934,2026-01-16 12:00:00,CREDIT_BUREAU,COMPLETENESS_CHECK,CHECK_110,ON_DEMAND,SUCCESS,583,1295,148.07,30.48,157.96,0.6764,0.4730317007443444,False,False
EXEC-000935,2026-01-22 14:00:00,CRM_CLIENTS,REFERENTIAL_INTEGRITY,CHECK_548,ON_DEMAND,SKIPPED,31966,0,2.63,49.22,307.01,1.2043,,False,False
EXEC-000936,2026-01-07 07:00:00,FRAUD_DETECTION,CONSISTENCY_CHECK,CHECK_976,WEEKLY,FAILED,2754,20,0.54,72.17,834.49,4.9819,8.900417122214144,True,True
EXEC-000937,2025-12-11 04:00:00,CRM_CLIENTS,SCHEMA_VALIDATION,CHECK_537,WEEKLY,FAILED,1438,0,11.52,32.54,346.0,3.0337,11.566912875672429,True,True
EXEC-000938,2026-03-08 15:00:00,CRM_CLIENTS,RANGE_CHECK,CHECK_245,WEEKLY,SUCCESS,3352,10,1.43,29.81,707.12,4.4733,2.4446820533026843,False,False
EXEC-000939,2026-02-03 17:00:00,SCORING_ENGINE,DUPLICATE_CHECK,CHECK_894,ON_DEMAND,FAILED,1408,21,16.19,30.53,602.35,3.2763,12.805263286236139,True,True
EXEC-000940,2025-10-01 14:00:00,FRAUD_DETECTION,CONSISTENCY_CHECK,CHECK_589,DAILY,FAILED,5743,5,2.8,6.84,1343.06,2.8198,5.31716816529158,True,True
EXEC-000941,2026-02-26 05:00:00,FRAUD_DETECTION,SCHEMA_VALIDATION,CHECK_724,DAILY,SUCCESS,862,1,46.68,13.2,104.38,3.0666,0.45571932189648473,False,False
EXEC-000942,2025-12-10 21:00:00,FRAUD_DETECTION,NULL_CHECK,CHECK_724,DAILY,SUCCESS,15995,3071,4.34,7.69,78.96,4.8525,4.118753064558501,False,False
EXEC-000943,2025-10-20 13:00:00,CRM_CLIENTS,NULL_CHECK,CHECK_455,HOURLY,SUCCESS,382,53,8.32,32.1,171.98,4.8565,3.461120033943601,False,False
EXEC-000944,2026-03-02 16:00:00,PAYMENT_SYSTEM,REFERENTIAL_INTEGRITY,CHECK_868,HOURLY,SUCCESS,16323,3,0.81,19.77,110.79,4.8258,3.675376053823796,False,False
EXEC-000945,2026-01-03 23:00:00,LOAN_REGISTRY,DUPLICATE_CHECK,CHECK_933,HOURLY,SUCCESS,3918,393,10.24,17.37,1086.4,1.185,1.0522026266466775,False,False
EXEC-000946,2026-01-10 02:00:00,LOAN_REGISTRY,DUPLICATE_CHECK,CHECK_422,ON_DEMAND,SUCCESS,7716,256,125.6,59.22,318.29,0.3232,0.19327839565431373,False,False
EXEC-000947,2025-11-24 17:00:00,LOAN_REGISTRY,CONSISTENCY_CHECK,CHECK_355,WEEKLY,SUCCESS,18834,93,22.11,29.65,734.55,3.4947,1.879102095823287,False,False
EXEC-000948,2025-10-21 03:00:00,SCORING_ENGINE,ACCURACY_CHECK,CHECK_866,DAILY,SUCCESS,75523,56,53.6,64.45,437.77,2.4272,1.127876398089375,False,False
EXEC-000949,2025-12-22 18:00:00,LOAN_REGISTRY,RANGE_CHECK,CHECK_158,DAILY,FAILED,3653,4,1.88,42.97,86.21,4.4956,21.480559897891496,True,True
EXEC-000950,2026-03-12 23:00:00,LOAN_REGISTRY,CONSISTENCY_CHECK,CHECK_277,ON_DEMAND,SUCCESS,36966,41,13.43,7.36,174.3,2.7107,1.5748140895400897,False,False
EXEC-000951,2025-10-06 03:00:00,MOBILE_APP,NULL_CHECK,CHECK_384,WEEKLY,SUCCESS,27698,973,14.66,22.21,496.51,2.0255,1.318571923568268,False,False
EXEC-000952,2025-12-10 11:00:00,CRM_CLIENTS,CONSISTENCY_CHECK,CHECK_757,DAILY,FAILED,2426,1,10.61,16.28,177.47,1.5866,6.400239048833796,True,True
EXEC-000953,2025-09-08 06:00:00,INTERNET_BANK,SCHEMA_VALIDATION,CHECK_479,DAILY,SUCCESS,3745,0,12.22,30.91,259.09,0.5963,0.1295278911964663,False,False
EXEC-000954,2026-02-18 19:00:00,FRAUD_DETECTION,NULL_CHECK,CHECK_315,ON_DEMAND,FAILED,57,1584,1.64,16.76,275.47,1.1432,3.8061010796603685,True,True
EXEC-000955,2025-12-15 16:00:00,FRAUD_DETECTION,DUPLICATE_CHECK,CHECK_157,WEEKLY,SUCCESS,23770,20,54.43,13.31,241.24,2.3921,1.3427069867879589,False,False
EXEC-000956,2025-11-06 08:00:00,CRM_CLIENTS,ACCURACY_CHECK,CHECK_180,DAILY,SUCCESS,13915,260,1.66,18.52,487.74,1.216,0.6936307617009344,False,False
EXEC-000957,2025-10-30 18:00:00,PAYMENT_SYSTEM,RANGE_CHECK,CHECK_277,HOURLY,SUCCESS,1501,77,3.28,8.63,346.78,4.587,1.4105250144917616,False,False
EXEC-000958,2025-11-04 23:00:00,CRM_CLIENTS,COMPLETENESS_CHECK,CHECK_336,DAILY,SUCCESS,189063,0,1.79,25.08,212.69,4.5667,0.7442015605557808,False,False
EXEC-000959,2025-10-07 23:00:00,PAYMENT_SYSTEM,RANGE_CHECK,CHECK_852,DAILY,SUCCESS,9032,7,29.47,22.9,340.6,2.7705,0.5057564706421703,False,False
EXEC-000960,2025-11-03 03:00:00,INTERNET_BANK,NULL_CHECK,CHECK_695,HOURLY,FAILED,23024,0,8.37,30.06,114.22,0.8664,3.030185780759561,True,True
EXEC-000961,2025-11-16 03:00:00,CREDIT_BUREAU,RANGE_CHECK,CHECK_669,ON_DEMAND,SUCCESS,431,198,12.47,39.66,443.78,1.623,0.8433947971388243,False,False
EXEC-000962,2025-12-10 11:00:00,FRAUD_DETECTION,COMPLETENESS_CHECK,CHECK_888,HOURLY,SUCCESS,9040,82,0.69,44.6,195.33,3.9158,0.43076690191061273,False,False
EXEC-000963,2025-10-19 05:00:00,SCORING_ENGINE,RANGE_CHECK,CHECK_364,ON_DEMAND,FAILED,870,0,25.83,30.96,2489.22,3.3904,9.860088580574935,True,True
EXEC-000964,2026-01-25 17:00:00,CREDIT_BUREAU,RANGE_CHECK,CHECK_935,WEEKLY,SUCCESS,3361,673,10.55,6.42,724.48,3.7472,0.9944707293412891,False,False
EXEC-000965,2026-01-16 23:00:00,CRM_CLIENTS,REFERENTIAL_INTEGRITY,CHECK_599,HOURLY,SUCCESS,4213,5,361.77,19.78,451.07,1.3566,1.1673367290880643,False,False
EXEC-000966,2026-03-12 11:00:00,SCORING_ENGINE,RANGE_CHECK,CHECK_274,DAILY,FAILED,243,0,2.58,56.45,216.74,0.0457,0.20152221427351016,True,True
EXEC-000967,2026-03-11 02:00:00,MOBILE_APP,CONSISTENCY_CHECK,CHECK_340,HOURLY,SKIPPED,3191,0,4.3,42.12,484.78,0.0798,,False,False
EXEC-000968,2025-09-19 16:00:00,CRM_CLIENTS,ACCURACY_CHECK,CHECK_129,ON_DEMAND,TIMEOUT,802,0,158.34,6.88,743.28,3.3653,,False,False
EXEC-000969,2026-01-18 04:00:00,INTERNET_BANK,FORMAT_CHECK,CHECK_321,DAILY,SUCCESS,37728,1454,5.52,17.66,713.63,2.7562,1.9424851753395536,False,False
EXEC-000970,2025-09-08 20:00:00,LOAN_REGISTRY,NULL_CHECK,CHECK_377,DAILY,FAILED,11688,22,3.16,56.78,311.75,2.0582,7.358926138169933,True,True
EXEC-000971,2026-03-10 10:00:00,FRAUD_DETECTION,COMPLETENESS_CHECK,CHECK_833,WEEKLY,SUCCESS,869,1218,37.41,60.43,943.18,3.8515,2.7730747587254374,False,False
EXEC-000972,2026-02-09 10:00:00,PAYMENT_SYSTEM,RANGE_CHECK,CHECK_911,ON_DEMAND,SUCCESS,9849,1,14.73,41.54,537.11,4.4665,0.5949294796373611,False,False
EXEC-000973,2025-10-23 21:00:00,FRAUD_DETECTION,ACCURACY_CHECK,CHECK_234,WEEKLY,SUCCESS,14241,9,2.52,65.13,91.42,4.3968,1.055512708167595,False,False
EXEC-000974,2026-01-14 20:00:00,FRAUD_DETECTION,REFERENTIAL_INTEGRITY,CHECK_147,DAILY,SUCCESS,4343,1,4.06,42.91,688.24,3.7475,1.8005864716261388,False,False
EXEC-000975,2025-10-11 04:00:00,MOBILE_APP,NULL_CHECK,CHECK_230,ON_DEMAND,SUCCESS,12621,120,5.47,27.24,3912.18,4.9922,3.989326901884191,False,False
EXEC-000976,2026-02-04 01:00:00,LOAN_REGISTRY,CONSISTENCY_CHECK,CHECK_653,HOURLY,SUCCESS,134552,49,32.3,18.54,418.1,0.082,0.04074556726300814,False,False
EXEC-000977,2026-01-21 13:00:00,CRM_CLIENTS,COMPLETENESS_CHECK,CHECK_403,DAILY,SUCCESS,75135,3,0.81,24.67,2161.14,1.1978,0.5651628568335472,False,False
EXEC-000978,2025-09-11 10:00:00,CREDIT_BUREAU,COMPLETENESS_CHECK,CHECK_569,ON_DEMAND,SUCCESS,16149,6562,7.89,19.31,363.7,3.9598,0.4886666985981905,False,False
EXEC-000979,2026-01-29 20:00:00,CREDIT_BUREAU,SCHEMA_VALIDATION,CHECK_169,DAILY,SUCCESS,70652,16,7.58,39.59,599.67,1.6847,1.508827971796205,False,False
EXEC-000980,2025-10-30 08:00:00,CRM_CLIENTS,ACCURACY_CHECK,CHECK_918,WEEKLY,FAILED,8921,84,3.19,8.51,361.15,4.4591,9.366617846576503,True,True
EXEC-000981,2025-11-13 16:00:00,PAYMENT_SYSTEM,COMPLETENESS_CHECK,CHECK_695,ON_DEMAND,SUCCESS,36012,258,2.49,30.38,147.87,3.47,1.1574385618746266,False,False
EXEC-000982,2025-12-15 15:00:00,LOAN_REGISTRY,COMPLETENESS_CHECK,CHECK_928,WEEKLY,SUCCESS,5718,10,0.33,43.41,179.09,0.1252,0.06460768767714731,False,False
EXEC-000983,2026-03-11 17:00:00,SCORING_ENGINE,NULL_CHECK,CHECK_859,WEEKLY,SUCCESS,14098,73,3.43,28.31,251.72,2.3307,1.2713963119930747,False,False
EXEC-000984,2025-11-17 20:00:00,CREDIT_BUREAU,DUPLICATE_CHECK,CHECK_916,ON_DEMAND,SUCCESS,43571,161,3.49,16.37,48.81,0.5878,0.21600067308533483,False,False
EXEC-000985,2026-02-25 11:00:00,PAYMENT_SYSTEM,REFERENTIAL_INTEGRITY,CHECK_889,ON_DEMAND,SUCCESS,9662,144,0.76,30.68,942.37,4.4579,2.7946157788648796,False,False
EXEC-000986,2025-11-15 05:00:00,INTERNET_BANK,COMPLETENESS_CHECK,CHECK_116,ON_DEMAND,SUCCESS,52975,5,5.18,42.75,574.32,1.0053,0.8367417657392858,False,False
EXEC-000987,2025-12-21 04:00:00,SCORING_ENGINE,NULL_CHECK,CHECK_193,WEEKLY,SUCCESS,14285,206,4.53,55.7,109.23,0.6177,0.4993565373269776,False,False
EXEC-000988,2026-01-02 11:00:00,SCORING_ENGINE,SCHEMA_VALIDATION,CHECK_565,ON_DEMAND,SUCCESS,3169,45,4.76,41.52,164.37,3.545,2.5740759210214392,False,False
EXEC-000989,2025-11-23 06:00:00,LOAN_REGISTRY,FRESHNESS_CHECK,CHECK_834,ON_DEMAND,SUCCESS,128076,10,121.68,10.37,743.09,1.5245,0.3799731493044129,False,False
EXEC-000990,2026-02-25 13:00:00,CRM_CLIENTS,FRESHNESS_CHECK,CHECK_266,WEEKLY,SUCCESS,72978,0,0.95,83.53,464.99,3.169,2.5633725346905027,False,False
EXEC-000991,2025-10-18 06:00:00,FRAUD_DETECTION,SCHEMA_VALIDATION,CHECK_267,DAILY,SUCCESS,463500,15,23.43,19.9,975.24,3.7565,2.7595503851605283,False,False
EXEC-000992,2026-03-11 12:00:00,INTERNET_BANK,NULL_CHECK,CHECK_777,WEEKLY,SKIPPED,3793,0,5.81,23.84,385.09,3.0095,,False,False
EXEC-000993,2025-09-06 23:00:00,SCORING_ENGINE,FRESHNESS_CHECK,CHECK_916,ON_DEMAND,SUCCESS,10702,880,1.3,38.52,164.35,2.9,2.237880677198433,False,False
EXEC-000994,2025-12-07 04:00:00,FRAUD_DETECTION,CONSISTENCY_CHECK,CHECK_235,DAILY,SUCCESS,77924,0,81.35,44.32,497.66,0.701,0.32012674856567913,False,False
EXEC-000995,2025-09-02 01:00:00,CRM_CLIENTS,RANGE_CHECK,CHECK_399,DAILY,SUCCESS,32259,2,0.85,47.12,280.21,0.1781,0.15233774601731948,False,False
EXEC-000996,2025-12-27 15:00:00,FRAUD_DETECTION,ACCURACY_CHECK,CHECK_153,HOURLY,SUCCESS,20267,90,2.03,16.93,178.94,4.1366,1.8786148489069812,False,False
EXEC-000997,2026-01-18 02:00:00,SCORING_ENGINE,RANGE_CHECK,CHECK_482,DAILY,SUCCESS,173701,2,1.3,62.9,107.44,2.0513,1.0516365470395697,False,False
EXEC-000998,2025-10-11 05:00:00,LOAN_REGISTRY,DUPLICATE_CHECK,CHECK_159,ON_DEMAND,FAILED,4183,7,0.87,29.35,131.76,1.1335,4.496110513419995,True,True
EXEC-000999,2025-10-19 15:00:00,CREDIT_BUREAU,RANGE_CHECK,CHECK_549,DAILY,SUCCESS,5631,39055,3.23,42.87,110.56,4.5134,1.7857908401196076,False,False
EXEC-001000,2026-03-13 06:00:00,LOAN_REGISTRY,RANGE_CHECK,CHECK_933,DAILY,SUCCESS,226697,123,4.72,50.61,157.86,4.5604,0.5577884282321345,False,False
EXEC-001001,2026-01-27 04:00:00,PAYMENT_SYSTEM,ACCURACY_CHECK,CHECK_999,HOURLY,SUCCESS,1912,2,0.1,57.84,431.02,4.6145,1.9270723638598302,False,False
EXEC-001002,2025-12-26 12:00:00,CREDIT_BUREAU,FRESHNESS_CHECK,CHECK_839,DAILY,SUCCESS,5856,0,1.89,57.87,237.47,1.2473,0.6434793130425301,False,False
EXEC-001003,2025-09-11 05:00:00,SCORING_ENGINE,REFERENTIAL_INTEGRITY,CHECK_523,HOURLY,SUCCESS,1769,3,13.74,32.96,1010.03,3.4328,1.2437897918907799,False,False
EXEC-001004,2026-03-07 11:00:00,PAYMENT_SYSTEM,FRESHNESS_CHECK,CHECK_951,WEEKLY,SUCCESS,8405,2,10.35,27.44,870.58,2.6571,0.5426816865397365,False,False
EXEC-001005,2025-10-21 06:00:00,FRAUD_DETECTION,RANGE_CHECK,CHECK_365,ON_DEMAND,SUCCESS,4996,274,67.03,9.38,1472.14,2.8092,0.8088735099171771,False,False
EXEC-001006,2026-01-17 15:00:00,MOBILE_APP,CONSISTENCY_CHECK,CHECK_776,WEEKLY,SUCCESS,14939,34272,21.66,54.14,735.24,2.2049,1.5183491369984088,False,False
EXEC-001007,2026-01-01 10:00:00,PAYMENT_SYSTEM,NULL_CHECK,CHECK_659,WEEKLY,SUCCESS,9620,16,0.16,11.92,2009.63,0.895,0.6819913879296532,False,False
EXEC-001008,2026-03-05 20:00:00,CRM_CLIENTS,RANGE_CHECK,CHECK_573,WEEKLY,SUCCESS,2858,1,11.13,14.1,213.78,1.9481,0.7743573760264689,False,False
EXEC-001009,2025-10-21 01:00:00,CRM_CLIENTS,CONSISTENCY_CHECK,CHECK_847,ON_DEMAND,FAILED,4628,420,6.01,69.12,359.35,0.3693,1.2603337014803382,True,True
EXEC-001010,2026-01-27 04:00:00,LOAN_REGISTRY,RANGE_CHECK,CHECK_894,ON_DEMAND,SUCCESS,4968,163,3.42,35.97,319.03,3.8533,2.274435579764621,False,False
EXEC-001011,2025-11-30 19:00:00,INTERNET_BANK,CONSISTENCY_CHECK,CHECK_204,WEEKLY,SUCCESS,509,4,0.41,38.29,391.07,2.4167,1.5117141307172588,False,False
EXEC-001012,2025-10-02 21:00:00,MOBILE_APP,SCHEMA_VALIDATION,CHECK_951,DAILY,SUCCESS,9326,25,8.81,5.74,204.49,0.808,0.263706512490772,False,False
EXEC-001013,2026-03-07 22:00:00,PAYMENT_SYSTEM,REFERENTIAL_INTEGRITY,CHECK_587,WEEKLY,SUCCESS,2225,174,0.86,36.52,844.95,2.8389,0.529528432266135,False,False
EXEC-001014,2026-01-09 12:00:00,SCORING_ENGINE,RANGE_CHECK,CHECK_757,HOURLY,SUCCESS,7047,20,1.13,23.76,604.64,0.3264,0.24272147212078013,False,False
EXEC-001015,2026-01-08 03:00:00,LOAN_REGISTRY,RANGE_CHECK,CHECK_751,HOURLY,SUCCESS,626,15,16.7,54.38,2277.3,0.57,0.17198398158737263,False,False
EXEC-001016,2025-12-27 15:00:00,FRAUD_DETECTION,RANGE_CHECK,CHECK_807,DAILY,SUCCESS,6447,14,8.05,29.63,209.96,3.1659,2.609241730480535,False,False
EXEC-001017,2026-01-17 21:00:00,CREDIT_BUREAU,ACCURACY_CHECK,CHECK_607,WEEKLY,SUCCESS,2574,327,3.27,5.16,597.01,0.717,0.1016481500775887,False,False
EXEC-001018,2025-09-25 20:00:00,FRAUD_DETECTION,ACCURACY_CHECK,CHECK_428,WEEKLY,SUCCESS,11657,3,1.35,57.97,862.31,1.3782,0.1764261095990832,False,False
EXEC-001019,2025-11-13 22:00:00,MOBILE_APP,SCHEMA_VALIDATION,CHECK_944,WEEKLY,SUCCESS,1748,2,3.57,24.29,132.7,3.2849,1.8319233226244809,False,False
EXEC-001020,2025-09-06 02:00:00,LOAN_REGISTRY,NULL_CHECK,CHECK_366,DAILY,SUCCESS,10929,9128,53.07,54.11,581.27,2.4869,1.2568845324208395,False,False
EXEC-001021,2026-03-11 18:00:00,INTERNET_BANK,COMPLETENESS_CHECK,CHECK_523,WEEKLY,SUCCESS,352,1,76.4,35.91,1611.38,0.8944,0.39977047281764405,False,False
EXEC-001022,2026-02-12 11:00:00,CRM_CLIENTS,RANGE_CHECK,CHECK_208,DAILY,SUCCESS,7398,3,6.94,10.13,318.41,1.2944,0.25491660870409977,False,False
EXEC-001023,2026-01-24 09:00:00,MOBILE_APP,RANGE_CHECK,CHECK_737,DAILY,SUCCESS,570,3,0.95,19.33,395.93,4.6089,1.2070677533382212,False,False
EXEC-001024,2025-10-04 12:00:00,CRM_CLIENTS,NULL_CHECK,CHECK_905,DAILY,SUCCESS,822,5,360.62,27.06,327.3,3.551,2.921886913183625,False,False
EXEC-001025,2025-10-20 17:00:00,INTERNET_BANK,ACCURACY_CHECK,CHECK_952,ON_DEMAND,SUCCESS,624,3100,5.39,23.72,354.79,1.4762,0.763928528686741,False,False
EXEC-001026,2025-11-04 22:00:00,FRAUD_DETECTION,NULL_CHECK,CHECK_715,ON_DEMAND,FAILED,18263,2051,1.0,53.61,505.44,0.1935,0.6768575012302959,True,True
EXEC-001027,2026-02-28 09:00:00,CRM_CLIENTS,ACCURACY_CHECK,CHECK_982,HOURLY,SUCCESS,95703,77,3.38,17.74,830.28,4.2582,2.9670596217626253,False,False
EXEC-001028,2025-12-17 01:00:00,MOBILE_APP,REFERENTIAL_INTEGRITY,CHECK_287,HOURLY,SUCCESS,23091,535,9.19,57.61,57.62,4.216,0.6807191412659317,False,False
EXEC-001029,2025-12-24 23:00:00,FRAUD_DETECTION,NULL_CHECK,CHECK_370,ON_DEMAND,TIMEOUT,4752,0,16.07,14.34,557.86,1.3477,,False,False
EXEC-001030,2025-10-12 00:00:00,CREDIT_BUREAU,FORMAT_CHECK,CHECK_151,ON_DEMAND,SUCCESS,3017,2,3.3,48.02,864.16,2.5756,0.8302191156955504,False,False
EXEC-001031,2025-11-25 23:00:00,CRM_CLIENTS,FORMAT_CHECK,CHECK_495,WEEKLY,SUCCESS,39,246,1.37,43.01,182.0,1.1606,0.5968976163863514,False,False
EXEC-001032,2025-11-05 13:00:00,INTERNET_BANK,NULL_CHECK,CHECK_468,ON_DEMAND,FAILED,156,19,99.18,52.35,847.15,2.1367,8.359619073638745,True,True
EXEC-001033,2025-12-01 03:00:00,INTERNET_BANK,FORMAT_CHECK,CHECK_755,WEEKLY,SUCCESS,34790,21,1.53,9.52,102.62,0.3848,0.048145968976374805,False,False
EXEC-001034,2026-01-15 01:00:00,CREDIT_BUREAU,CONSISTENCY_CHECK,CHECK_654,DAILY,SUCCESS,7749,70871,172.28,23.52,2461.49,0.3497,0.2110600479403748,False,False
EXEC-001035,2026-03-04 19:00:00,MOBILE_APP,ACCURACY_CHECK,CHECK_332,DAILY,SUCCESS,93825,280,0.19,37.08,101.21,0.9369,0.4124736071579507,False,False
EXEC-001036,2025-10-21 20:00:00,MOBILE_APP,FORMAT_CHECK,CHECK_649,HOURLY,SUCCESS,3667,8,44.16,49.55,95.55,0.3067,0.26811606494236073,False,False
EXEC-001037,2025-11-22 03:00:00,FRAUD_DETECTION,COMPLETENESS_CHECK,CHECK_993,WEEKLY,SUCCESS,40,3050,6.2,21.53,380.41,4.5515,3.5249731031804528,False,False
EXEC-001038,2025-12-16 01:00:00,FRAUD_DETECTION,DUPLICATE_CHECK,CHECK_551,WEEKLY,SUCCESS,1175,22,4.66,29.32,626.19,2.7086,0.9836783733426229,False,False
EXEC-001039,2026-02-21 17:00:00,CREDIT_BUREAU,ACCURACY_CHECK,CHECK_257,WEEKLY,FAILED,6212,9,0.03,43.33,310.62,3.7116,12.777441356433393,True,True
EXEC-001040,2025-12-02 19:00:00,INTERNET_BANK,REFERENTIAL_INTEGRITY,CHECK_907,HOURLY,SUCCESS,14570,15,8.62,22.75,120.24,1.4235,0.8325362196407108,False,False
EXEC-001041,2025-09-14 20:00:00,FRAUD_DETECTION,ACCURACY_CHECK,CHECK_793,ON_DEMAND,TIMEOUT,42398,0,32.1,17.55,22.64,0.6665,,False,False
EXEC-001042,2025-09-11 01:00:00,CRM_CLIENTS,FRESHNESS_CHECK,CHECK_580,DAILY,SUCCESS,3100,4,4.49,42.44,288.98,3.6644,2.1301687616713805,False,False
EXEC-001043,2025-10-27 01:00:00,SCORING_ENGINE,ACCURACY_CHECK,CHECK_744,DAILY,SUCCESS,578336,1122,46.33,7.37,70.22,0.4147,0.2993830755777625,False,False
EXEC-001044,2026-02-11 07:00:00,FRAUD_DETECTION,DUPLICATE_CHECK,CHECK_251,WEEKLY,FAILED,1016,161,4.37,11.17,184.54,2.416,3.635943752196846,True,True
EXEC-001045,2025-11-16 08:00:00,CREDIT_BUREAU,DUPLICATE_CHECK,CHECK_447,DAILY,SUCCESS,8799,20254,3.03,35.93,505.25,4.2302,3.0982925866578026,False,False
EXEC-001046,2025-09-01 08:00:00,MOBILE_APP,FORMAT_CHECK,CHECK_617,ON_DEMAND,SUCCESS,1797,1387,3.38,33.07,82.33,4.0792,0.8850717942001428,False,False
EXEC-001047,2025-09-03 05:00:00,CRM_CLIENTS,COMPLETENESS_CHECK,CHECK_993,WEEKLY,SUCCESS,617873,3800,4.45,19.04,293.24,4.5803,3.0733186218078288,False,False
EXEC-001048,2026-02-23 09:00:00,SCORING_ENGINE,FRESHNESS_CHECK,CHECK_165,HOURLY,SKIPPED,36955,0,5.42,4.93,995.54,4.2485,,False,False
EXEC-001049,2026-01-27 05:00:00,MOBILE_APP,FRESHNESS_CHECK,CHECK_284,ON_DEMAND,SUCCESS,274,40,4.11,25.17,547.39,1.0886,0.28201796771331467,False,False
EXEC-001050,2026-01-12 08:00:00,INTERNET_BANK,COMPLETENESS_CHECK,CHECK_259,WEEKLY,FAILED,2151,0,4.51,56.96,370.08,3.1948,6.195941065768707,True,True
EXEC-001051,2026-01-11 21:00:00,CREDIT_BUREAU,REFERENTIAL_INTEGRITY,CHECK_424,ON_DEMAND,SUCCESS,110813,30,15.85,27.2,1585.79,4.6481,1.6716904822391139,False,False
EXEC-001052,2025-09-22 08:00:00,INTERNET_BANK,SCHEMA_VALIDATION,CHECK_713,WEEKLY,FAILED,797600,12,58.11,12.62,484.87,1.2786,4.72606125900508,True,True
EXEC-001053,2025-09-19 19:00:00,FRAUD_DETECTION,FORMAT_CHECK,CHECK_141,DAILY,SUCCESS,2527,42,5.91,13.07,237.64,1.8265,0.25366978967576226,False,False
EXEC-001054,2025-10-10 20:00:00,INTERNET_BANK,NULL_CHECK,CHECK_921,HOURLY,SUCCESS,1244,2,6.68,19.95,1401.58,4.295,1.539801450284183,False,False
EXEC-001055,2026-01-11 03:00:00,INTERNET_BANK,ACCURACY_CHECK,CHECK_698,ON_DEMAND,SUCCESS,1079,32,21.49,11.18,195.61,2.0458,0.7535272147105347,False,False
EXEC-001056,2026-02-19 23:00:00,SCORING_ENGINE,COMPLETENESS_CHECK,CHECK_900,ON_DEMAND,SKIPPED,30858,0,19.85,40.5,41.54,2.6491,,False,False
EXEC-001057,2025-11-08 23:00:00,PAYMENT_SYSTEM,NULL_CHECK,CHECK_804,WEEKLY,SUCCESS,68898,312945,6.87,39.8,754.24,4.4097,3.767780912333387,False,False
EXEC-001058,2025-09-26 14:00:00,FRAUD_DETECTION,REFERENTIAL_INTEGRITY,CHECK_451,WEEKLY,SUCCESS,6880,5,31.72,26.57,171.48,3.0513,0.9426134943071678,False,False
EXEC-001059,2025-09-28 17:00:00,FRAUD_DETECTION,SCHEMA_VALIDATION,CHECK_494,ON_DEMAND,TIMEOUT,18484,0,7.97,30.86,135.88,3.868,,False,False
EXEC-001060,2025-11-05 23:00:00,CRM_CLIENTS,ACCURACY_CHECK,CHECK_503,DAILY,TIMEOUT,31750,0,8.38,52.37,516.01,2.9843,,False,False
EXEC-001061,2025-12-24 07:00:00,PAYMENT_SYSTEM,COMPLETENESS_CHECK,CHECK_876,ON_DEMAND,SUCCESS,1466,0,7.95,23.6,784.51,4.6211,3.9197226600774657,False,False
EXEC-001062,2025-09-09 16:00:00,CRM_CLIENTS,REFERENTIAL_INTEGRITY,CHECK_646,DAILY,FAILED,824548,1093,16.03,20.95,487.53,2.3655,6.8989620765682025,True,True
EXEC-001063,2025-09-17 08:00:00,INTERNET_BANK,DUPLICATE_CHECK,CHECK_388,ON_DEMAND,SUCCESS,66657,1505,36.22,39.82,54.7,3.3913,0.7765991044424996,False,False
EXEC-001064,2025-09-23 14:00:00,LOAN_REGISTRY,FORMAT_CHECK,CHECK_829,WEEKLY,SUCCESS,25482,88,0.29,20.29,173.06,2.4008,0.9961716513959616,False,False
EXEC-001065,2026-01-07 01:00:00,MOBILE_APP,CONSISTENCY_CHECK,CHECK_360,DAILY,SUCCESS,13459,288415,7.36,38.35,2546.35,0.9473,0.5421646807150711,False,False
EXEC-001066,2026-02-28 03:00:00,MOBILE_APP,ACCURACY_CHECK,CHECK_619,HOURLY,FAILED,5826,452,6.18,9.17,537.94,3.7623,9.974668012679043,True,True
EXEC-001067,2025-09-20 02:00:00,CREDIT_BUREAU,FRESHNESS_CHECK,CHECK_842,HOURLY,SUCCESS,23798,0,32.46,22.58,198.98,2.7706,1.072964059234341,False,False
EXEC-001068,2025-12-05 07:00:00,PAYMENT_SYSTEM,FRESHNESS_CHECK,CHECK_857,WEEKLY,SUCCESS,13205,805,114.46,11.25,870.77,0.1009,0.02381607562854873,False,False
EXEC-001069,2025-09-28 08:00:00,CREDIT_BUREAU,DUPLICATE_CHECK,CHECK_250,ON_DEMAND,SUCCESS,4850,755,14.36,47.95,248.94,1.1059,0.1321368805727552,False,False
EXEC-001070,2025-12-10 00:00:00,FRAUD_DETECTION,DUPLICATE_CHECK,CHECK_353,ON_DEMAND,SUCCESS,14897,550,6.2,48.16,920.71,3.7913,2.2427991436344072,False,False
EXEC-001071,2025-09-25 23:00:00,CREDIT_BUREAU,FRESHNESS_CHECK,CHECK_597,HOURLY,SUCCESS,653,112,14.92,5.22,1626.82,0.2166,0.14856413913952907,False,False
EXEC-001072,2025-12-19 16:00:00,MOBILE_APP,FORMAT_CHECK,CHECK_355,DAILY,SUCCESS,39093,1,13.46,46.03,432.14,1.0381,0.2105244086858623,False,False
EXEC-001073,2025-09-19 13:00:00,CREDIT_BUREAU,ACCURACY_CHECK,CHECK_742,DAILY,SUCCESS,65957,2,1.78,47.7,924.64,1.013,0.2290742981200045,False,False
EXEC-001074,2026-02-02 16:00:00,FRAUD_DETECTION,FORMAT_CHECK,CHECK_292,ON_DEMAND,SUCCESS,65,35,4.93,46.79,398.02,1.3095,0.887741698632909,False,False
EXEC-001075,2026-01-18 04:00:00,CREDIT_BUREAU,RANGE_CHECK,CHECK_562,DAILY,SUCCESS,1274644,32,4.86,12.16,157.79,2.5024,0.510316407562778,False,False
EXEC-001076,2025-10-31 11:00:00,FRAUD_DETECTION,DUPLICATE_CHECK,CHECK_687,HOURLY,SUCCESS,45109,184,0.96,33.42,285.85,4.6252,2.5071320274645315,False,False
EXEC-001077,2026-02-26 02:00:00,PAYMENT_SYSTEM,SCHEMA_VALIDATION,CHECK_887,DAILY,SUCCESS,1746,0,2.5,8.55,1490.75,3.7792,1.7621790802072916,False,False
EXEC-001078,2025-11-06 20:00:00,INTERNET_BANK,DUPLICATE_CHECK,CHECK_178,WEEKLY,FAILED,2412,9,0.63,16.41,574.25,2.0895,3.5452966599402096,True,True
EXEC-001079,2026-01-30 07:00:00,FRAUD_DETECTION,COMPLETENESS_CHECK,CHECK_913,DAILY,SUCCESS,21122,510,1.47,16.92,319.74,2.2825,0.8438771797930794,False,False
EXEC-001080,2026-01-19 08:00:00,INTERNET_BANK,NULL_CHECK,CHECK_290,HOURLY,SUCCESS,239703,3498,2.62,20.44,191.61,0.5452,0.13439413628193633,False,False
EXEC-001081,2025-10-20 00:00:00,CREDIT_BUREAU,RANGE_CHECK,CHECK_202,DAILY,FAILED,4006,14,3.91,2.12,187.93,3.2194,14.372534514132187,True,True
EXEC-001082,2025-09-18 04:00:00,CREDIT_BUREAU,FRESHNESS_CHECK,CHECK_233,HOURLY,SUCCESS,12903,84,65.59,5.88,254.26,3.976,1.926630114906581,False,False
EXEC-001083,2026-01-04 17:00:00,LOAN_REGISTRY,CONSISTENCY_CHECK,CHECK_186,ON_DEMAND,SUCCESS,2414,16,0.12,5.82,690.99,3.9256,1.7882823033359085,False,False
EXEC-001084,2025-11-15 06:00:00,CREDIT_BUREAU,ACCURACY_CHECK,CHECK_188,DAILY,FAILED,39163,11,5.93,59.07,837.34,3.2927,5.111430446622783,True,False
EXEC-001085,2025-12-05 12:00:00,MOBILE_APP,COMPLETENESS_CHECK,CHECK_148,DAILY,SUCCESS,18787,2,66.49,34.24,54.91,2.8173,2.366460201326723,False,False
EXEC-001086,2025-12-02 04:00:00,SCORING_ENGINE,DUPLICATE_CHECK,CHECK_222,DAILY,SUCCESS,17293,3,2.14,13.49,178.46,0.1445,0.06371272266753518,False,False
EXEC-001087,2025-09-06 17:00:00,PAYMENT_SYSTEM,SCHEMA_VALIDATION,CHECK_643,HOURLY,SUCCESS,1651,83,10.63,41.23,630.54,4.699,4.123903697683695,False,False
EXEC-001088,2026-02-17 01:00:00,MOBILE_APP,SCHEMA_VALIDATION,CHECK_568,HOURLY,SUCCESS,6301,279,23.53,15.94,301.21,3.6647,0.9541889710095907,False,False
EXEC-001089,2026-01-29 09:00:00,SCORING_ENGINE,SCHEMA_VALIDATION,CHECK_625,HOURLY,FAILED,296571,0,1.09,10.53,1855.03,1.0287,2.8782928728716994,True,False
EXEC-001090,2026-01-30 02:00:00,MOBILE_APP,CONSISTENCY_CHECK,CHECK_142,DAILY,SUCCESS,457745,171,253.75,27.23,542.27,0.4252,0.31561045930677006,False,False
EXEC-001091,2025-12-06 02:00:00,INTERNET_BANK,NULL_CHECK,CHECK_341,HOURLY,TIMEOUT,42608,0,23.63,5.79,855.12,0.9042,,False,False
EXEC-001092,2026-01-12 08:00:00,CRM_CLIENTS,FORMAT_CHECK,CHECK_813,ON_DEMAND,SUCCESS,21217,57,10.98,61.54,207.9,3.6387,0.7652234964678991,False,False
EXEC-001093,2025-10-26 09:00:00,CRM_CLIENTS,COMPLETENESS_CHECK,CHECK_454,WEEKLY,SUCCESS,165,2,5.63,16.85,117.06,3.7815,0.862458086003627,False,False
EXEC-001094,2025-09-20 20:00:00,PAYMENT_SYSTEM,SCHEMA_VALIDATION,CHECK_804,DAILY,TIMEOUT,14361,0,38.65,47.32,218.85,4.9161,,False,False
EXEC-001095,2026-02-01 06:00:00,FRAUD_DETECTION,NULL_CHECK,CHECK_666,WEEKLY,SUCCESS,1633,4690,9.05,8.33,1177.06,4.7282,3.5389234423010016,False,False
EXEC-001096,2025-10-18 16:00:00,CRM_CLIENTS,NULL_CHECK,CHECK_525,ON_DEMAND,SUCCESS,906,340,3.62,45.14,351.36,2.5842,1.4867120639715623,False,False
EXEC-001097,2026-01-16 15:00:00,CRM_CLIENTS,NULL_CHECK,CHECK_926,DAILY,SUCCESS,15204,15,31.75,31.35,537.4,1.7287,1.1471406752089277,False,False
EXEC-001098,2026-01-19 12:00:00,CREDIT_BUREAU,REFERENTIAL_INTEGRITY,CHECK_860,WEEKLY,FAILED,28558,15,4.28,9.66,1009.09,1.0156,2.2481701707828123,True,True
EXEC-001099,2025-10-15 09:00:00,LOAN_REGISTRY,FRESHNESS_CHECK,CHECK_728,WEEKLY,SUCCESS,2738,7971,5.03,33.14,289.23,1.0255,0.3098890723397896,False,False
EXEC-001100,2025-10-17 19:00:00,CRM_CLIENTS,RANGE_CHECK,CHECK_151,WEEKLY,SUCCESS,12295,17,2.74,61.83,524.91,0.8301,0.6224589883701972,False,False
EXEC-001101,2025-12-27 14:00:00,CRM_CLIENTS,ACCURACY_CHECK,CHECK_785,ON_DEMAND,SUCCESS,61581,23,27.46,9.93,397.77,2.7891,1.5181519470683316,False,False
EXEC-001102,2025-09-07 15:00:00,CRM_CLIENTS,CONSISTENCY_CHECK,CHECK_175,ON_DEMAND,SUCCESS,15322,1,9.46,18.89,224.54,0.1368,0.08872525519820493,False,False
EXEC-001103,2026-03-09 14:00:00,FRAUD_DETECTION,REFERENTIAL_INTEGRITY,CHECK_565,DAILY,FAILED,2395,6374,14.83,30.0,141.24,1.5253,2.78190338011603,True,True
EXEC-001104,2025-10-02 10:00:00,CRM_CLIENTS,REFERENTIAL_INTEGRITY,CHECK_975,HOURLY,FAILED,1695,51976,12.47,37.2,272.35,1.9633,6.81078741720366,True,True
EXEC-001105,2026-02-15 23:00:00,PAYMENT_SYSTEM,CONSISTENCY_CHECK,CHECK_150,HOURLY,SUCCESS,8800,19,5.24,7.98,1273.64,0.806,0.17935418874911593,False,False
EXEC-001106,2026-02-09 20:00:00,MOBILE_APP,DUPLICATE_CHECK,CHECK_983,DAILY,SUCCESS,19041,731,17.1,31.43,343.4,4.193,2.468045427965851,False,False
EXEC-001107,2026-01-10 05:00:00,CREDIT_BUREAU,FORMAT_CHECK,CHECK_944,WEEKLY,SUCCESS,1148,11,19.85,19.18,139.08,1.0225,0.14546960759458163,False,False
EXEC-001108,2025-09-17 06:00:00,FRAUD_DETECTION,FORMAT_CHECK,CHECK_596,WEEKLY,SUCCESS,100708,9,6.08,56.18,98.44,3.6355,1.150869544631124,False,False
EXEC-001109,2025-10-25 22:00:00,LOAN_REGISTRY,ACCURACY_CHECK,CHECK_398,ON_DEMAND,TIMEOUT,25292,0,1.65,15.98,459.4,4.3271,,False,False
EXEC-001110,2026-03-12 23:00:00,CREDIT_BUREAU,RANGE_CHECK,CHECK_810,DAILY,SUCCESS,762,2422,2.0,20.41,143.66,2.6299,1.9926868992016624,False,False
EXEC-001111,2025-09-23 19:00:00,INTERNET_BANK,CONSISTENCY_CHECK,CHECK_136,HOURLY,SUCCESS,1479,8432,9.44,41.03,871.81,3.3547,0.8384887663315873,False,False
EXEC-001112,2025-11-29 22:00:00,CRM_CLIENTS,NULL_CHECK,CHECK_917,DAILY,SUCCESS,3215,5,33.04,21.19,761.06,1.8141,0.35942854395605395,False,False
EXEC-001113,2025-09-08 18:00:00,FRAUD_DETECTION,FRESHNESS_CHECK,CHECK_744,WEEKLY,FAILED,67,0,0.21,35.34,493.61,4.4148,14.858326160369256,True,True
EXEC-001114,2026-01-14 14:00:00,INTERNET_BANK,CONSISTENCY_CHECK,CHECK_330,WEEKLY,SUCCESS,4251,2,42.79,23.64,855.9,0.3443,0.2867135230849868,False,False
EXEC-001115,2026-02-26 20:00:00,CREDIT_BUREAU,FRESHNESS_CHECK,CHECK_712,HOURLY,TIMEOUT,6810,0,1.28,4.88,479.75,3.2443,,False,False
EXEC-001116,2026-03-02 02:00:00,INTERNET_BANK,SCHEMA_VALIDATION,CHECK_254,DAILY,SUCCESS,499,4,63.05,27.12,1325.55,1.8085,1.5514201731261783,False,False
EXEC-001117,2025-11-29 16:00:00,FRAUD_DETECTION,FORMAT_CHECK,CHECK_460,WEEKLY,SUCCESS,5547,37,6.89,2.83,731.64,3.2711,0.353143499922483,False,False
EXEC-001118,2025-09-23 22:00:00,INTERNET_BANK,NULL_CHECK,CHECK_206,DAILY,SUCCESS,35888,18116,10.55,17.07,3437.45,3.51,2.7064140559852783,False,False
EXEC-001119,2025-11-06 15:00:00,CREDIT_BUREAU,REFERENTIAL_INTEGRITY,CHECK_701,HOURLY,TIMEOUT,36898,0,93.04,9.5,182.45,3.1853,,False,False
EXEC-001120,2025-11-07 17:00:00,CREDIT_BUREAU,CONSISTENCY_CHECK,CHECK_734,ON_DEMAND,SUCCESS,1173,2513,34.67,55.14,433.17,4.5751,3.780142319177615,False,False
EXEC-001121,2025-11-09 04:00:00,CRM_CLIENTS,SCHEMA_VALIDATION,CHECK_732,HOURLY,TIMEOUT,38654,0,17.27,23.08,132.6,3.4179,,False,False
EXEC-001122,2026-02-02 22:00:00,LOAN_REGISTRY,RANGE_CHECK,CHECK_357,ON_DEMAND,SUCCESS,27939,0,6.12,29.47,644.5,2.9824,2.0051144273909545,False,False
EXEC-001123,2025-11-19 05:00:00,CRM_CLIENTS,COMPLETENESS_CHECK,CHECK_811,HOURLY,FAILED,2875,263,7.92,39.33,620.29,0.7327,3.5509888288469877,True,False
EXEC-001124,2025-10-01 10:00:00,CRM_CLIENTS,FORMAT_CHECK,CHECK_463,ON_DEMAND,FAILED,3481,0,2.92,28.69,368.08,1.445,2.9358081097779687,True,True
EXEC-001125,2025-10-16 06:00:00,PAYMENT_SYSTEM,COMPLETENESS_CHECK,CHECK_282,ON_DEMAND,SUCCESS,87276,1,4.52,40.4,488.84,0.1833,0.10393334046886686,False,False
EXEC-001126,2025-12-17 05:00:00,FRAUD_DETECTION,REFERENTIAL_INTEGRITY,CHECK_712,HOURLY,FAILED,841,125,85.96,13.17,81.56,1.975,8.63923274400795,True,True
EXEC-001127,2026-01-01 03:00:00,SCORING_ENGINE,ACCURACY_CHECK,CHECK_425,WEEKLY,SUCCESS,10760,16,36.37,11.17,83.44,0.5933,0.5126055508320752,False,False
EXEC-001128,2025-10-29 10:00:00,LOAN_REGISTRY,ACCURACY_CHECK,CHECK_852,DAILY,SUCCESS,17001,47,14.77,46.97,639.03,3.8707,2.710834416689034,False,False
EXEC-001129,2025-11-09 03:00:00,LOAN_REGISTRY,REFERENTIAL_INTEGRITY,CHECK_882,ON_DEMAND,SUCCESS,8802,16,11.75,29.25,1556.15,1.7504,1.2392461885861734,False,False
EXEC-001130,2025-12-27 16:00:00,FRAUD_DETECTION,RANGE_CHECK,CHECK_212,WEEKLY,SUCCESS,11206,139,88.44,44.94,86.16,3.4466,0.9626073449284461,False,False
EXEC-001131,2026-01-15 23:00:00,SCORING_ENGINE,RANGE_CHECK,CHECK_605,WEEKLY,TIMEOUT,106762,0,2.05,11.39,879.22,4.3665,,False,False
EXEC-001132,2025-10-08 02:00:00,SCORING_ENGINE,NULL_CHECK,CHECK_204,DAILY,SUCCESS,847,1,9.86,27.91,742.05,3.0422,2.312336164018205,False,False
EXEC-001133,2026-02-07 11:00:00,INTERNET_BANK,FRESHNESS_CHECK,CHECK_276,DAILY,FAILED,4294,21,23.44,33.46,1170.44,1.1347,4.775932523832863,True,True
EXEC-001134,2026-03-05 22:00:00,INTERNET_BANK,RANGE_CHECK,CHECK_279,HOURLY,SUCCESS,701,1849,2.46,41.22,346.68,0.6952,0.5155882972221959,False,False
EXEC-001135,2025-09-28 00:00:00,SCORING_ENGINE,CONSISTENCY_CHECK,CHECK_245,HOURLY,SUCCESS,77337,9,132.83,75.18,130.04,2.1119,1.5128740574706026,False,False
EXEC-001136,2026-02-06 11:00:00,MOBILE_APP,FRESHNESS_CHECK,CHECK_604,DAILY,SKIPPED,2521,0,1.3,31.84,743.22,0.1224,,False,False
EXEC-001137,2025-09-04 15:00:00,FRAUD_DETECTION,CONSISTENCY_CHECK,CHECK_497,ON_DEMAND,SUCCESS,18462,602,63.51,16.81,344.27,1.0926,0.5895940662700073,False,False
EXEC-001138,2025-11-09 22:00:00,CREDIT_BUREAU,DUPLICATE_CHECK,CHECK_866,ON_DEMAND,FAILED,25520,38,4.07,23.95,124.59,0.1266,0.4025316268695411,True,True
EXEC-001139,2025-10-27 01:00:00,CRM_CLIENTS,ACCURACY_CHECK,CHECK_360,ON_DEMAND,SUCCESS,3214,33,5.88,39.15,435.56,3.0449,1.8496994441290542,False,False
EXEC-001140,2025-10-05 16:00:00,CREDIT_BUREAU,REFERENTIAL_INTEGRITY,CHECK_355,HOURLY,FAILED,24475,14,88.91,26.84,95.25,3.4641,5.985726013721403,True,True
EXEC-001141,2025-09-27 19:00:00,LOAN_REGISTRY,DUPLICATE_CHECK,CHECK_325,ON_DEMAND,SUCCESS,6705,3705,3.31,46.13,2190.8,3.5794,2.4550028517983904,False,False
EXEC-001142,2025-10-26 18:00:00,SCORING_ENGINE,NULL_CHECK,CHECK_670,HOURLY,SUCCESS,200459,144,34.2,44.42,280.84,2.9183,1.2539223658424203,False,False
EXEC-001143,2025-09-01 03:00:00,CREDIT_BUREAU,RANGE_CHECK,CHECK_565,ON_DEMAND,SUCCESS,38277,49,5.87,15.1,152.7,2.1461,1.672010684474961,False,False
EXEC-001144,2026-01-08 15:00:00,CRM_CLIENTS,RANGE_CHECK,CHECK_286,WEEKLY,SUCCESS,2051,838,3.24,68.07,437.57,1.7664,0.9378227164432131,False,False
EXEC-001145,2025-10-09 10:00:00,LOAN_REGISTRY,ACCURACY_CHECK,CHECK_267,DAILY,SKIPPED,37,0,3.12,12.77,158.75,1.4028,,False,False
EXEC-001146,2025-11-14 16:00:00,LOAN_REGISTRY,DUPLICATE_CHECK,CHECK_121,DAILY,SUCCESS,21581,14,8.73,62.42,628.91,4.2864,3.1569731632859916,False,False
EXEC-001147,2026-01-23 00:00:00,MOBILE_APP,NULL_CHECK,CHECK_469,DAILY,SUCCESS,58175,24,9.98,46.46,1464.1,3.155,1.3103846682908895,False,False
EXEC-001148,2025-11-21 05:00:00,PAYMENT_SYSTEM,COMPLETENESS_CHECK,CHECK_977,ON_DEMAND,SUCCESS,11137,150,8.28,28.18,346.68,2.3135,1.4695932904210838,False,False
EXEC-001149,2026-02-23 04:00:00,SCORING_ENGINE,RANGE_CHECK,CHECK_396,WEEKLY,FAILED,1156,89,14.94,33.02,4209.42,2.416,4.555513747099936,True,True
EXEC-001150,2025-12-18 11:00:00,INTERNET_BANK,DUPLICATE_CHECK,CHECK_253,HOURLY,SUCCESS,1487,1144,5.4,40.72,604.96,0.9898,0.8397909776250222,False,False
EXEC-001151,2025-10-16 04:00:00,FRAUD_DETECTION,COMPLETENESS_CHECK,CHECK_247,HOURLY,SUCCESS,3128,55,9.58,12.21,239.2,0.2258,0.06156501500145851,False,False
EXEC-001152,2026-02-07 15:00:00,CRM_CLIENTS,COMPLETENESS_CHECK,CHECK_215,HOURLY,SUCCESS,218930,0,2.69,26.12,1426.23,1.6541,1.428890573979877,False,False
EXEC-001153,2026-02-17 05:00:00,SCORING_ENGINE,NULL_CHECK,CHECK_484,HOURLY,SUCCESS,5,5202,7.95,16.35,167.89,0.0872,0.026755386972774884,False,False
EXEC-001154,2026-03-06 09:00:00,MOBILE_APP,RANGE_CHECK,CHECK_280,ON_DEMAND,FAILED,1079,5,7.1,60.52,658.79,0.6084,2.8303691082955367,True,True
EXEC-001155,2025-12-27 17:00:00,FRAUD_DETECTION,SCHEMA_VALIDATION,CHECK_485,DAILY,SUCCESS,2476,10053,9.48,24.23,573.56,0.8031,0.19010044820399796,False,False
EXEC-001156,2026-01-07 08:00:00,CRM_CLIENTS,SCHEMA_VALIDATION,CHECK_795,DAILY,SUCCESS,29503,5376,18.46,13.32,304.84,3.6825,2.3628083861778415,False,False
EXEC-001157,2025-10-12 09:00:00,CRM_CLIENTS,REFERENTIAL_INTEGRITY,CHECK_428,DAILY,SUCCESS,4262,8268,31.42,10.62,1800.18,0.7555,0.5733912591535617,False,False
EXEC-001158,2025-11-04 23:00:00,INTERNET_BANK,NULL_CHECK,CHECK_801,DAILY,SUCCESS,170,151,1.61,19.94,308.55,1.2468,0.5028779230301746,False,False
EXEC-001159,2025-11-14 11:00:00,FRAUD_DETECTION,CONSISTENCY_CHECK,CHECK_930,WEEKLY,SUCCESS,4489,281,0.88,10.24,390.84,1.0505,0.2653097783123121,False,False
EXEC-001160,2026-01-31 17:00:00,FRAUD_DETECTION,NULL_CHECK,CHECK_366,WEEKLY,SUCCESS,3205,1,32.54,7.38,418.79,0.6674,0.4320977365741864,False,False
EXEC-001161,2025-09-26 08:00:00,SCORING_ENGINE,DUPLICATE_CHECK,CHECK_705,ON_DEMAND,SUCCESS,11244,3,10.02,1.45,577.8,4.2626,1.3214958127781256,False,False
EXEC-001162,2026-03-06 02:00:00,LOAN_REGISTRY,ACCURACY_CHECK,CHECK_761,HOURLY,SUCCESS,146736,662,102.11,50.52,167.51,0.8816,0.7077510158655732,False,False
EXEC-001163,2025-12-11 06:00:00,CRM_CLIENTS,COMPLETENESS_CHECK,CHECK_491,WEEKLY,SUCCESS,352,0,2.23,16.95,822.88,3.0558,0.321010998237456,False,False
EXEC-001164,2025-12-14 19:00:00,LOAN_REGISTRY,RANGE_CHECK,CHECK_970,WEEKLY,FAILED,72200,580,1.06,7.48,1065.11,0.3075,0.9794193059151599,True,True
EXEC-001165,2025-11-30 07:00:00,SCORING_ENGINE,ACCURACY_CHECK,CHECK_296,WEEKLY,TIMEOUT,284,0,4.84,14.0,541.54,2.9777,,False,False
EXEC-001166,2025-09-17 18:00:00,LOAN_REGISTRY,FORMAT_CHECK,CHECK_299,WEEKLY,FAILED,87966,0,7.17,41.52,538.23,2.203,5.268307359714118,True,True
EXEC-001167,2025-10-28 13:00:00,CREDIT_BUREAU,NULL_CHECK,CHECK_857,HOURLY,SUCCESS,1491,4,3.16,33.18,134.63,3.5102,2.284660383336477,False,False
EXEC-001168,2025-12-20 06:00:00,SCORING_ENGINE,REFERENTIAL_INTEGRITY,CHECK_853,ON_DEMAND,SUCCESS,560,7,9.02,84.68,801.01,2.1456,0.3128002089070339,False,False
EXEC-001169,2025-09-17 07:00:00,CREDIT_BUREAU,COMPLETENESS_CHECK,CHECK_101,ON_DEMAND,SUCCESS,10741,7,123.85,11.53,101.57,2.6582,1.4876055554724144,False,False
EXEC-001170,2025-10-19 01:00:00,CREDIT_BUREAU,CONSISTENCY_CHECK,CHECK_808,DAILY,SKIPPED,35779,0,2.42,26.54,1004.54,3.8518,,False,False
EXEC-001171,2026-01-14 00:00:00,CREDIT_BUREAU,RANGE_CHECK,CHECK_652,DAILY,FAILED,146997,179,0.38,16.99,260.98,3.1808,10.032948210540567,True,True
EXEC-001172,2025-12-10 08:00:00,FRAUD_DETECTION,SCHEMA_VALIDATION,CHECK_936,HOURLY,SUCCESS,4117,187,2.47,29.38,134.86,2.2463,1.8949517482576124,False,False
EXEC-001173,2026-02-22 04:00:00,MOBILE_APP,NULL_CHECK,CHECK_300,ON_DEMAND,TIMEOUT,10723,0,21.29,32.41,902.91,4.2232,,False,False
EXEC-001174,2025-09-15 16:00:00,PAYMENT_SYSTEM,NULL_CHECK,CHECK_307,WEEKLY,SUCCESS,1227,2,0.47,49.17,354.15,4.0094,2.9528209037913165,False,False
EXEC-001175,2025-10-03 06:00:00,MOBILE_APP,CONSISTENCY_CHECK,CHECK_396,DAILY,SUCCESS,1109,7,32.65,46.05,190.84,4.5944,1.6411221168343828,False,False
EXEC-001176,2026-01-26 04:00:00,FRAUD_DETECTION,REFERENTIAL_INTEGRITY,CHECK_401,WEEKLY,SUCCESS,548,0,1.68,11.86,316.25,1.4093,0.6615371059927417,False,False
EXEC-001177,2025-12-04 00:00:00,SCORING_ENGINE,REFERENTIAL_INTEGRITY,CHECK_409,ON_DEMAND,SUCCESS,272680,2,0.59,52.43,1468.94,1.0174,0.5304591300208054,False,False
EXEC-001178,2025-12-07 04:00:00,PAYMENT_SYSTEM,ACCURACY_CHECK,CHECK_553,HOURLY,SKIPPED,16755,0,0.46,18.04,86.64,1.9148,,False,False
EXEC-001179,2025-09-19 01:00:00,MOBILE_APP,FRESHNESS_CHECK,CHECK_998,WEEKLY,SUCCESS,801,287,36.53,23.9,805.04,4.925,1.8819543426184537,False,False
EXEC-001180,2025-11-20 17:00:00,CRM_CLIENTS,REFERENTIAL_INTEGRITY,CHECK_953,ON_DEMAND,SUCCESS,713,1,2.19,8.5,1104.46,1.5797,0.9118405785160572,False,False
EXEC-001181,2026-02-02 04:00:00,INTERNET_BANK,RANGE_CHECK,CHECK_118,WEEKLY,SUCCESS,7765,2788,1.05,14.76,414.61,4.674,2.477642862788856,False,False
EXEC-001182,2025-11-09 22:00:00,MOBILE_APP,RANGE_CHECK,CHECK_412,ON_DEMAND,SUCCESS,10525,93,1.24,30.49,1015.35,3.0427,1.1262257167577787,False,False
EXEC-001183,2025-11-25 09:00:00,SCORING_ENGINE,NULL_CHECK,CHECK_614,ON_DEMAND,SUCCESS,328690,5040,3.21,46.03,410.89,0.939,0.7149068723060402,False,False
EXEC-001184,2025-10-05 16:00:00,PAYMENT_SYSTEM,DUPLICATE_CHECK,CHECK_960,WEEKLY,FAILED,19433,3,45.46,9.65,1043.74,3.8549,15.984483026762598,True,True
EXEC-001185,2026-01-14 23:00:00,LOAN_REGISTRY,COMPLETENESS_CHECK,CHECK_631,WEEKLY,SUCCESS,12442,54,7.32,20.19,1338.23,0.0546,0.017878989189441755,False,False
EXEC-001186,2026-02-08 13:00:00,INTERNET_BANK,FRESHNESS_CHECK,CHECK_611,DAILY,SUCCESS,119075,60,5.56,24.83,327.44,3.5128,3.0368550471883955,False,False
EXEC-001187,2026-03-02 08:00:00,PAYMENT_SYSTEM,RANGE_CHECK,CHECK_620,ON_DEMAND,SUCCESS,3104,8974,18.93,9.99,533.34,4.1702,3.7156001060768107,False,False
EXEC-001188,2025-10-07 23:00:00,CREDIT_BUREAU,NULL_CHECK,CHECK_713,DAILY,SUCCESS,4365,684,3.59,11.99,269.93,3.0044,0.9495496297738724,False,False
EXEC-001189,2025-10-19 09:00:00,CRM_CLIENTS,RANGE_CHECK,CHECK_694,ON_DEMAND,SUCCESS,6290,1,1.08,13.39,668.6,3.6607,2.075666125774861,False,False
EXEC-001190,2026-02-06 02:00:00,FRAUD_DETECTION,ACCURACY_CHECK,CHECK_438,DAILY,SUCCESS,9587,293,98.71,29.63,222.28,3.7605,0.975251019266329,False,False
EXEC-001191,2026-02-18 13:00:00,CREDIT_BUREAU,RANGE_CHECK,CHECK_112,WEEKLY,SUCCESS,2716,15,3.38,31.02,994.69,1.0621,0.41356275577246654,False,False
EXEC-001192,2026-02-23 05:00:00,CREDIT_BUREAU,NULL_CHECK,CHECK_377,ON_DEMAND,SUCCESS,2555,68,36.65,8.77,401.59,2.0566,0.23123321355947354,False,False
EXEC-001193,2025-10-29 03:00:00,LOAN_REGISTRY,SCHEMA_VALIDATION,CHECK_575,WEEKLY,SUCCESS,2432,30,5.04,24.02,1139.28,1.9474,1.7444530900256294,False,False
EXEC-001194,2025-11-03 17:00:00,FRAUD_DETECTION,COMPLETENESS_CHECK,CHECK_121,WEEKLY,SUCCESS,41317,1972,6.91,28.86,533.26,1.4821,0.685617835378003,False,False
EXEC-001195,2025-09-26 15:00:00,CRM_CLIENTS,ACCURACY_CHECK,CHECK_923,WEEKLY,SUCCESS,2723,4,2.62,19.13,236.93,1.5844,0.4758655621391638,False,False
EXEC-001196,2025-09-05 18:00:00,LOAN_REGISTRY,FORMAT_CHECK,CHECK_270,DAILY,SUCCESS,99130,47,16.75,57.57,1862.84,3.5238,2.137615098033634,False,False
EXEC-001197,2025-10-26 02:00:00,CRM_CLIENTS,DUPLICATE_CHECK,CHECK_110,DAILY,TIMEOUT,8620,0,0.83,46.46,349.66,1.4944,,False,False
EXEC-001198,2025-10-02 11:00:00,CRM_CLIENTS,REFERENTIAL_INTEGRITY,CHECK_980,DAILY,SUCCESS,1445,2,27.66,50.34,642.54,4.0617,3.2665063709060647,False,False
EXEC-001199,2026-02-15 18:00:00,SCORING_ENGINE,NULL_CHECK,CHECK_483,WEEKLY,SUCCESS,2970,831,2.14,62.09,174.3,4.5647,3.254751404550607,False,False
EXEC-001200,2026-03-03 00:00:00,LOAN_REGISTRY,RANGE_CHECK,CHECK_728,DAILY,SUCCESS,4533,18,1.3,35.79,165.67,4.3435,1.287895738274277,False,False
EXEC-001201,2025-11-02 06:00:00,SCORING_ENGINE,CONSISTENCY_CHECK,CHECK_799,ON_DEMAND,FAILED,1588,6,17.98,20.04,1661.24,4.2407,18.54023815964353,True,True
EXEC-001202,2025-10-05 22:00:00,CRM_CLIENTS,FRESHNESS_CHECK,CHECK_486,DAILY,SUCCESS,1363,2387,8.43,12.68,334.26,2.9666,0.7634026467003541,False,False
EXEC-001203,2025-11-06 00:00:00,SCORING_ENGINE,DUPLICATE_CHECK,CHECK_884,DAILY,SUCCESS,525220,80,1.99,19.59,148.02,1.7129,1.3041015224562231,False,False
EXEC-001204,2025-11-29 02:00:00,CREDIT_BUREAU,SCHEMA_VALIDATION,CHECK_619,WEEKLY,SUCCESS,76594,3,0.71,35.08,1679.75,3.5488,2.0798779649808736,False,False
EXEC-001205,2026-02-25 07:00:00,FRAUD_DETECTION,ACCURACY_CHECK,CHECK_800,DAILY,SUCCESS,18399,283,406.53,4.42,1083.37,0.3456,0.21160121678084415,False,False
EXEC-001206,2026-01-22 07:00:00,MOBILE_APP,DUPLICATE_CHECK,CHECK_457,DAILY,SUCCESS,2897,0,4.15,35.1,49.95,2.4752,1.7716299403740432,False,False
EXEC-001207,2025-10-29 13:00:00,PAYMENT_SYSTEM,REFERENTIAL_INTEGRITY,CHECK_173,DAILY,SUCCESS,1333,362,3.4,68.25,549.97,3.6861,2.613788375228484,False,False
EXEC-001208,2026-03-06 09:00:00,MOBILE_APP,FRESHNESS_CHECK,CHECK_726,DAILY,SUCCESS,57455,4,1.67,31.93,225.42,2.7313,2.3045159731850413,False,False
EXEC-001209,2025-12-26 02:00:00,SCORING_ENGINE,ACCURACY_CHECK,CHECK_884,WEEKLY,SUCCESS,306022,705,1.08,44.44,202.54,1.1118,0.15159515042503707,False,False
EXEC-001210,2026-02-15 16:00:00,MOBILE_APP,FRESHNESS_CHECK,CHECK_995,WEEKLY,SUCCESS,10277,591,5.3,59.71,660.04,1.0173,0.7597924574912422,False,False
EXEC-001211,2026-01-28 11:00:00,FRAUD_DETECTION,CONSISTENCY_CHECK,CHECK_420,DAILY,SUCCESS,1962,67,112.14,7.24,689.36,0.1694,0.056467729635044574,False,False
EXEC-001212,2025-11-19 19:00:00,MOBILE_APP,CONSISTENCY_CHECK,CHECK_294,WEEKLY,SUCCESS,1300,137,6.63,66.44,1556.9,4.5295,2.85022104429164,False,False
EXEC-001213,2026-01-24 09:00:00,CRM_CLIENTS,REFERENTIAL_INTEGRITY,CHECK_906,WEEKLY,SUCCESS,1921,141,2.23,8.26,416.01,1.3347,1.0391647073348347,False,False
EXEC-001214,2025-11-19 01:00:00,SCORING_ENGINE,ACCURACY_CHECK,CHECK_798,WEEKLY,SUCCESS,418017,1542,0.83,29.29,1112.0,1.6187,0.6588942842211724,False,False
EXEC-001215,2026-03-04 02:00:00,SCORING_ENGINE,SCHEMA_VALIDATION,CHECK_558,DAILY,SUCCESS,9127,2896,10.54,4.11,176.05,0.629,0.31420968816901934,False,False
EXEC-001216,2025-11-22 22:00:00,FRAUD_DETECTION,RANGE_CHECK,CHECK_608,WEEKLY,SUCCESS,1863,13,3.61,1.92,198.6,1.7945,1.0432718859265047,False,False
EXEC-001217,2025-10-10 05:00:00,MOBILE_APP,DUPLICATE_CHECK,CHECK_363,ON_DEMAND,SUCCESS,3779,354,80.53,28.23,1476.87,1.8192,1.0223952760588366,False,False
EXEC-001218,2026-02-23 21:00:00,CRM_CLIENTS,NULL_CHECK,CHECK_738,HOURLY,SUCCESS,46416,42,0.21,29.96,252.95,3.9651,2.2578345770311063,False,False
EXEC-001219,2025-10-31 11:00:00,FRAUD_DETECTION,RANGE_CHECK,CHECK_818,DAILY,SUCCESS,4413,60,2.04,24.06,310.0,1.968,0.4491641330164967,False,False
EXEC-001220,2026-03-05 12:00:00,LOAN_REGISTRY,NULL_CHECK,CHECK_286,ON_DEMAND,SUCCESS,6301,38,0.72,23.03,445.38,4.3439,2.4662625642766627,False,False
EXEC-001221,2025-12-18 16:00:00,CRM_CLIENTS,ACCURACY_CHECK,CHECK_506,WEEKLY,FAILED,123,38,3.3,5.45,370.78,2.8055,7.3991625109194015,True,True
EXEC-001222,2026-01-18 09:00:00,INTERNET_BANK,COMPLETENESS_CHECK,CHECK_537,DAILY,SKIPPED,52564,0,9.28,20.0,1551.69,4.7514,,False,False
EXEC-001223,2025-09-10 22:00:00,CRM_CLIENTS,RANGE_CHECK,CHECK_749,DAILY,TIMEOUT,196924,0,2.82,6.79,981.97,4.9401,,False,False
EXEC-001224,2025-12-25 12:00:00,MOBILE_APP,DUPLICATE_CHECK,CHECK_773,HOURLY,SUCCESS,5142,6,7.99,30.42,513.34,0.8593,0.5416486832630959,False,False
EXEC-001225,2025-11-18 03:00:00,FRAUD_DETECTION,SCHEMA_VALIDATION,CHECK_314,WEEKLY,FAILED,21428,26,6.75,4.74,171.32,1.1054,1.9897343701857835,True,True
EXEC-001226,2026-02-01 11:00:00,FRAUD_DETECTION,SCHEMA_VALIDATION,CHECK_263,DAILY,SUCCESS,1277,8,18.75,39.95,266.7,4.1639,2.4980286426700684,False,False
EXEC-001227,2025-09-08 19:00:00,MOBILE_APP,CONSISTENCY_CHECK,CHECK_998,HOURLY,SUCCESS,1905,972,2.47,5.37,577.74,3.263,1.9077744404275538,False,False
EXEC-001228,2026-02-16 05:00:00,PAYMENT_SYSTEM,CONSISTENCY_CHECK,CHECK_712,ON_DEMAND,TIMEOUT,5992,0,3.49,8.45,989.73,3.0815,,False,False
EXEC-001229,2026-03-05 21:00:00,FRAUD_DETECTION,FORMAT_CHECK,CHECK_858,ON_DEMAND,SUCCESS,179,7279,362.81,36.16,341.06,4.8996,2.558409716879224,False,False
EXEC-001230,2026-01-25 07:00:00,LOAN_REGISTRY,FORMAT_CHECK,CHECK_424,ON_DEMAND,FAILED,29477,347,5.56,58.15,209.13,4.129,15.388806192951487,True,True
EXEC-001231,2026-01-16 11:00:00,LOAN_REGISTRY,FRESHNESS_CHECK,CHECK_524,HOURLY,SUCCESS,411,1052,52.26,56.88,116.04,2.0187,1.3933637228652898,False,False
EXEC-001232,2025-10-11 14:00:00,FRAUD_DETECTION,FRESHNESS_CHECK,CHECK_338,WEEKLY,SUCCESS,1099609,21,3.55,44.36,377.25,2.8827,0.5762767149227954,False,False
EXEC-001233,2026-02-02 19:00:00,PAYMENT_SYSTEM,SCHEMA_VALIDATION,CHECK_374,HOURLY,SUCCESS,1401,17,1.42,21.61,82.55,2.2915,1.48625817773119,False,False
EXEC-001234,2026-02-11 06:00:00,PAYMENT_SYSTEM,ACCURACY_CHECK,CHECK_289,DAILY,FAILED,429,34,0.51,20.81,146.71,3.3094,10.828226786363691,True,True
EXEC-001235,2025-09-21 20:00:00,LOAN_REGISTRY,CONSISTENCY_CHECK,CHECK_563,WEEKLY,SUCCESS,10176,424,5.78,20.3,426.03,2.0845,1.2345594457337272,False,False
EXEC-001236,2026-01-16 10:00:00,CRM_CLIENTS,SCHEMA_VALIDATION,CHECK_609,WEEKLY,SUCCESS,9819,5,3.15,47.97,1719.7,2.1344,0.9383855626902714,False,False
EXEC-001237,2026-02-17 11:00:00,SCORING_ENGINE,REFERENTIAL_INTEGRITY,CHECK_585,DAILY,SUCCESS,54387,226,26.58,36.93,188.52,3.5379,2.262291505818237,False,False
EXEC-001238,2025-11-20 12:00:00,CREDIT_BUREAU,SCHEMA_VALIDATION,CHECK_426,ON_DEMAND,SUCCESS,395,3329,2.58,41.56,609.63,0.2328,0.04223156445605664,False,False
EXEC-001239,2026-01-17 06:00:00,SCORING_ENGINE,ACCURACY_CHECK,CHECK_913,WEEKLY,SUCCESS,17455,279,16.08,54.02,551.51,1.5521,0.7214518715987628,False,False
EXEC-001240,2026-02-24 21:00:00,CREDIT_BUREAU,DUPLICATE_CHECK,CHECK_274,WEEKLY,SUCCESS,20538,0,85.22,50.88,702.66,1.7888,0.9018726057563832,False,False
EXEC-001241,2025-10-21 00:00:00,PAYMENT_SYSTEM,DUPLICATE_CHECK,CHECK_263,HOURLY,SUCCESS,1463,80,138.03,31.07,333.76,3.3552,1.2785159066455893,False,False
EXEC-001242,2025-09-06 06:00:00,CREDIT_BUREAU,RANGE_CHECK,CHECK_467,HOURLY,SUCCESS,3615,18,1.98,38.14,195.03,0.4479,0.40272248380225084,False,False
EXEC-001243,2026-01-03 14:00:00,CRM_CLIENTS,RANGE_CHECK,CHECK_680,HOURLY,SUCCESS,2286,93,7.76,14.68,303.78,1.2546,0.8461181104763751,False,False
EXEC-001244,2025-09-01 18:00:00,INTERNET_BANK,SCHEMA_VALIDATION,CHECK_257,DAILY,SUCCESS,11560,247,3.52,31.89,538.37,1.7595,0.6619300232967139,False,False
EXEC-001245,2026-01-07 09:00:00,LOAN_REGISTRY,SCHEMA_VALIDATION,CHECK_117,DAILY,SUCCESS,5970,1427,44.51,20.17,246.54,4.0602,1.3222586136957295,False,False
EXEC-001246,2026-03-04 12:00:00,PAYMENT_SYSTEM,SCHEMA_VALIDATION,CHECK_528,WEEKLY,SUCCESS,111708,14721,6.95,30.8,244.95,1.8322,0.4770941965308508,False,False
EXEC-001247,2025-10-20 00:00:00,PAYMENT_SYSTEM,RANGE_CHECK,CHECK_182,WEEKLY,SUCCESS,1556,497,12.47,32.5,311.22,4.2311,1.6624110952323248,False,False
EXEC-001248,2025-09-29 19:00:00,SCORING_ENGINE,REFERENTIAL_INTEGRITY,CHECK_508,WEEKLY,SUCCESS,24861,130,28.22,39.51,420.98,4.087,3.4773661251279466,False,False
EXEC-001249,2025-10-29 08:00:00,SCORING_ENGINE,FORMAT_CHECK,CHECK_457,WEEKLY,SUCCESS,3203,140,2.92,48.0,108.11,3.3893,1.664157257595756,False,False
EXEC-001250,2025-11-01 14:00:00,FRAUD_DETECTION,DUPLICATE_CHECK,CHECK_655,ON_DEMAND,FAILED,2823,12,8.03,22.22,461.15,1.7395,3.0653112344234086,True,True
EXEC-001251,2025-11-16 10:00:00,LOAN_REGISTRY,RANGE_CHECK,CHECK_185,WEEKLY,SUCCESS,1813,839,3.23,14.88,661.79,4.9109,2.607351133632066,False,False
EXEC-001252,2025-12-29 05:00:00,CRM_CLIENTS,ACCURACY_CHECK,CHECK_245,WEEKLY,SUCCESS,49783,1538,64.85,28.43,241.21,0.9338,0.558692693108637,False,False
EXEC-001253,2025-12-21 22:00:00,INTERNET_BANK,RANGE_CHECK,CHECK_928,DAILY,SUCCESS,84926,293,1.18,37.26,847.04,1.214,0.17464871967801332,False,False
EXEC-001254,2025-10-25 08:00:00,MOBILE_APP,SCHEMA_VALIDATION,CHECK_719,HOURLY,SUCCESS,24384,439,9.14,38.4,82.21,3.9843,1.2686055865126664,False,False
EXEC-001255,2025-09-30 10:00:00,MOBILE_APP,SCHEMA_VALIDATION,CHECK_237,WEEKLY,SUCCESS,5250,3,4.5,27.89,204.04,3.3604,0.3497090172617514,False,False
EXEC-001256,2026-01-13 06:00:00,LOAN_REGISTRY,NULL_CHECK,CHECK_128,ON_DEMAND,SUCCESS,8468,19,4.1,41.45,234.65,3.4631,1.7777721376357376,False,False
EXEC-001257,2026-01-03 22:00:00,FRAUD_DETECTION,SCHEMA_VALIDATION,CHECK_769,WEEKLY,SUCCESS,11686,44,1.54,48.23,112.53,0.3045,0.27022546873616105,False,False
EXEC-001258,2025-09-06 01:00:00,CREDIT_BUREAU,COMPLETENESS_CHECK,CHECK_477,HOURLY,SUCCESS,29402,83,0.54,40.24,477.3,4.2536,2.1306592036931984,False,False
EXEC-001259,2025-12-24 08:00:00,LOAN_REGISTRY,FORMAT_CHECK,CHECK_686,DAILY,SUCCESS,176,0,49.95,14.74,357.24,0.8573,0.671322535992968,False,False
EXEC-001260,2026-03-04 00:00:00,SCORING_ENGINE,NULL_CHECK,CHECK_842,WEEKLY,SUCCESS,1271,298,10.74,63.65,320.85,1.9814,1.5284031181789526,False,False
EXEC-001261,2026-01-31 16:00:00,INTERNET_BANK,NULL_CHECK,CHECK_261,WEEKLY,SUCCESS,7011,7196,94.49,9.63,29.41,4.6299,4.152835734518575,False,False
EXEC-001262,2025-10-06 19:00:00,LOAN_REGISTRY,REFERENTIAL_INTEGRITY,CHECK_254,WEEKLY,SUCCESS,181858,67,25.83,16.69,822.34,0.1949,0.15123118554247003,False,False
EXEC-001263,2025-11-30 10:00:00,CRM_CLIENTS,RANGE_CHECK,CHECK_706,DAILY,FAILED,1439,489,47.66,43.52,648.56,1.7346,7.45806390780964,True,True
EXEC-001264,2026-01-17 05:00:00,CREDIT_BUREAU,FRESHNESS_CHECK,CHECK_392,DAILY,SUCCESS,3181,2113,11.12,16.88,710.54,1.1361,0.1309616397135613,False,False
EXEC-001265,2025-10-22 07:00:00,INTERNET_BANK,FRESHNESS_CHECK,CHECK_219,DAILY,SUCCESS,39503,2,0.44,11.79,1505.33,4.3475,2.2395202470113085,False,False
EXEC-001266,2025-09-25 20:00:00,CREDIT_BUREAU,ACCURACY_CHECK,CHECK_173,ON_DEMAND,SUCCESS,7048,12,2.75,27.21,73.59,2.7041,1.1895320429476777,False,False
EXEC-001267,2026-02-26 11:00:00,CREDIT_BUREAU,FORMAT_CHECK,CHECK_430,HOURLY,TIMEOUT,1723,0,0.51,28.84,82.3,3.7236,,False,False
EXEC-001268,2025-10-30 11:00:00,PAYMENT_SYSTEM,SCHEMA_VALIDATION,CHECK_985,ON_DEMAND,SUCCESS,8982,526,79.15,46.39,824.62,4.5999,2.4601388209466997,False,False
EXEC-001269,2025-09-25 19:00:00,CRM_CLIENTS,SCHEMA_VALIDATION,CHECK_887,WEEKLY,SKIPPED,47505,0,12.97,58.15,7852.28,4.6319,,False,False
EXEC-001270,2025-10-18 08:00:00,CRM_CLIENTS,DUPLICATE_CHECK,CHECK_520,HOURLY,SUCCESS,52278,16,0.06,13.29,381.69,1.0555,0.5165753865899393,False,False
EXEC-001271,2025-12-21 17:00:00,SCORING_ENGINE,NULL_CHECK,CHECK_323,WEEKLY,SUCCESS,10059,19,0.55,24.94,5891.82,1.2754,1.0669399729980276,False,False
EXEC-001272,2026-03-13 19:00:00,CRM_CLIENTS,DUPLICATE_CHECK,CHECK_143,HOURLY,SUCCESS,3530,1057,5.21,31.75,263.35,1.818,0.5012939185676966,False,False
EXEC-001273,2026-01-14 19:00:00,FRAUD_DETECTION,DUPLICATE_CHECK,CHECK_255,HOURLY,SUCCESS,2255,3,16.27,9.48,328.64,4.9698,2.7160283782093537,False,False
EXEC-001274,2026-02-03 21:00:00,MOBILE_APP,CONSISTENCY_CHECK,CHECK_705,DAILY,SUCCESS,2225,2149,6.18,11.47,120.78,3.7822,3.1237864379670923,False,False
EXEC-001275,2025-09-14 11:00:00,FRAUD_DETECTION,NULL_CHECK,CHECK_425,WEEKLY,SUCCESS,4936,2625,1.05,34.41,680.87,2.8148,0.3904920843609989,False,False
EXEC-001276,2026-03-10 07:00:00,FRAUD_DETECTION,COMPLETENESS_CHECK,CHECK_423,WEEKLY,SUCCESS,30138,0,4.29,17.87,2068.43,3.2713,1.6619763161023222,False,False
EXEC-001277,2026-03-02 08:00:00,LOAN_REGISTRY,REFERENTIAL_INTEGRITY,CHECK_875,ON_DEMAND,SKIPPED,57796,0,7.89,61.54,1025.6,0.2697,,False,False
EXEC-001278,2025-12-01 15:00:00,LOAN_REGISTRY,NULL_CHECK,CHECK_780,DAILY,SUCCESS,4766,0,3.15,45.36,1329.51,2.3045,1.0994770837585874,False,False
EXEC-001279,2025-11-20 06:00:00,LOAN_REGISTRY,FRESHNESS_CHECK,CHECK_817,ON_DEMAND,SUCCESS,577,49,8.77,21.9,68.84,4.0563,2.579168349155339,False,False
EXEC-001280,2026-01-25 18:00:00,LOAN_REGISTRY,COMPLETENESS_CHECK,CHECK_695,WEEKLY,SUCCESS,201542,1033,165.9,73.83,279.06,0.42,0.2540713181514039,False,False
EXEC-001281,2026-03-04 22:00:00,CRM_CLIENTS,NULL_CHECK,CHECK_511,HOURLY,FAILED,845,4215,0.98,69.6,287.73,2.9863,12.396203083783321,True,True
EXEC-001282,2025-12-08 13:00:00,CREDIT_BUREAU,DUPLICATE_CHECK,CHECK_338,HOURLY,SUCCESS,1040,407,53.72,46.25,103.43,4.5441,1.0682952071879936,False,False
EXEC-001283,2026-03-06 14:00:00,LOAN_REGISTRY,ACCURACY_CHECK,CHECK_546,HOURLY,SUCCESS,2200,13,6.06,21.15,648.27,0.758,0.5477423890526285,False,False
EXEC-001284,2025-09-06 12:00:00,INTERNET_BANK,SCHEMA_VALIDATION,CHECK_350,WEEKLY,SUCCESS,415591,35,2.55,26.95,487.41,2.1033,1.891415116655713,False,False
EXEC-001285,2025-10-25 01:00:00,SCORING_ENGINE,DUPLICATE_CHECK,CHECK_574,HOURLY,SUCCESS,837,1044,83.14,24.55,268.02,1.2314,0.5951124330558569,False,False
EXEC-001286,2025-10-14 07:00:00,CREDIT_BUREAU,FRESHNESS_CHECK,CHECK_784,HOURLY,SUCCESS,95262,16,8.63,28.37,548.61,2.1188,0.5679834026978267,False,False
EXEC-001287,2025-09-13 21:00:00,SCORING_ENGINE,RANGE_CHECK,CHECK_837,HOURLY,FAILED,47116,1842,9.98,19.59,140.27,3.6181,15.11401478542811,True,True
EXEC-001288,2025-12-22 22:00:00,PAYMENT_SYSTEM,COMPLETENESS_CHECK,CHECK_931,ON_DEMAND,SUCCESS,8082,306,13.05,36.04,1983.25,4.089,0.5089700351905931,False,False
EXEC-001289,2025-09-12 13:00:00,CREDIT_BUREAU,ACCURACY_CHECK,CHECK_257,WEEKLY,SUCCESS,2918,1147,1.42,16.28,570.36,1.7545,0.6007326089538909,False,False
EXEC-001290,2025-11-18 10:00:00,FRAUD_DETECTION,COMPLETENESS_CHECK,CHECK_761,DAILY,SUCCESS,12599,310,11.65,54.7,286.49,1.2396,0.24931440564754698,False,False
EXEC-001291,2026-03-05 02:00:00,CRM_CLIENTS,RANGE_CHECK,CHECK_518,ON_DEMAND,SUCCESS,3581,0,5.04,38.79,1668.5,0.3759,0.30574365446759966,False,False
EXEC-001292,2026-01-26 20:00:00,MOBILE_APP,DUPLICATE_CHECK,CHECK_276,HOURLY,SUCCESS,24292,10,4.97,5.02,55.55,3.952,3.088064957744949,False,False
EXEC-001293,2025-11-25 14:00:00,INTERNET_BANK,DUPLICATE_CHECK,CHECK_946,HOURLY,SUCCESS,176,6,4.89,17.91,581.27,0.9344,0.7421261602952302,False,False
EXEC-001294,2026-02-21 04:00:00,SCORING_ENGINE,NULL_CHECK,CHECK_737,WEEKLY,SUCCESS,10390,2,3.84,66.37,279.25,4.8628,1.499068315415255,False,False
EXEC-001295,2025-12-09 14:00:00,LOAN_REGISTRY,REFERENTIAL_INTEGRITY,CHECK_840,WEEKLY,SUCCESS,27196,35,1.56,39.86,544.31,4.1423,1.6333682208367881,False,False
EXEC-001296,2025-10-15 08:00:00,FRAUD_DETECTION,CONSISTENCY_CHECK,CHECK_403,DAILY,SUCCESS,6443,34,22.0,26.57,92.08,2.3147,0.667216907772418,False,False
EXEC-001297,2025-12-11 18:00:00,MOBILE_APP,FRESHNESS_CHECK,CHECK_780,HOURLY,SUCCESS,3462,12626,19.46,4.84,1123.79,2.6198,1.9050372060025886,False,False
EXEC-001298,2025-12-25 06:00:00,PAYMENT_SYSTEM,CONSISTENCY_CHECK,CHECK_882,WEEKLY,SUCCESS,2388,5634,38.88,26.51,145.28,4.9319,4.023855978426054,False,False
EXEC-001299,2026-02-22 19:00:00,INTERNET_BANK,FORMAT_CHECK,CHECK_284,WEEKLY,SUCCESS,94287,28,173.27,14.57,500.15,1.1632,0.5146057442911811,False,False
EXEC-001300,2026-03-08 22:00:00,INTERNET_BANK,RANGE_CHECK,CHECK_143,WEEKLY,SUCCESS,680,684,56.71,32.34,255.24,3.1891,2.504884308560814,False,False
EXEC-001301,2025-09-23 12:00:00,SCORING_ENGINE,COMPLETENESS_CHECK,CHECK_541,DAILY,FAILED,13020,52,226.61,11.67,425.34,4.2803,10.866294486551432,True,True
EXEC-001302,2025-09-29 16:00:00,MOBILE_APP,REFERENTIAL_INTEGRITY,CHECK_486,ON_DEMAND,SUCCESS,185131,56,64.93,51.42,65.75,2.8955,1.1230140756572948,False,False
EXEC-001303,2025-12-06 18:00:00,CRM_CLIENTS,FRESHNESS_CHECK,CHECK_177,WEEKLY,FAILED,1612,14,4.64,10.29,944.05,2.3723,6.947980228383886,True,True
EXEC-001304,2025-12-28 08:00:00,PAYMENT_SYSTEM,SCHEMA_VALIDATION,CHECK_443,DAILY,SUCCESS,976666,1285,4.33,37.54,810.2,3.3665,1.0503551624221148,False,False
EXEC-001305,2026-02-02 05:00:00,FRAUD_DETECTION,FRESHNESS_CHECK,CHECK_779,WEEKLY,SUCCESS,31207,13,1.37,27.83,98.43,4.8197,2.293267786008442,False,False
EXEC-001306,2026-03-06 06:00:00,LOAN_REGISTRY,FORMAT_CHECK,CHECK_365,DAILY,SUCCESS,283,744,111.14,19.36,906.75,1.9344,0.9885775844081509,False,False
EXEC-001307,2026-02-21 05:00:00,LOAN_REGISTRY,FRESHNESS_CHECK,CHECK_738,ON_DEMAND,SUCCESS,2253,388,2.2,22.68,1216.68,4.8041,0.5137522369554753,False,False
EXEC-001308,2026-02-04 06:00:00,CREDIT_BUREAU,ACCURACY_CHECK,CHECK_626,ON_DEMAND,SUCCESS,186,204,6.5,27.83,658.02,4.1851,2.767916179910106,False,False
EXEC-001309,2025-09-13 05:00:00,FRAUD_DETECTION,REFERENTIAL_INTEGRITY,CHECK_127,HOURLY,SUCCESS,2065,861,8.21,25.46,343.84,2.3239,0.5004713907689132,False,False
EXEC-001310,2026-01-29 15:00:00,SCORING_ENGINE,REFERENTIAL_INTEGRITY,CHECK_761,WEEKLY,SUCCESS,293,1551,1.51,8.76,461.54,2.9511,0.8883450339804088,False,False
EXEC-001311,2025-10-02 06:00:00,LOAN_REGISTRY,RANGE_CHECK,CHECK_784,HOURLY,SUCCESS,147325,52,80.78,25.34,407.5,1.357,0.8664292095500817,False,False
EXEC-001312,2025-12-31 20:00:00,LOAN_REGISTRY,ACCURACY_CHECK,CHECK_664,DAILY,SUCCESS,132,1,7.36,68.97,227.42,2.5301,2.2230988702335783,False,False
EXEC-001313,2025-11-01 02:00:00,CREDIT_BUREAU,COMPLETENESS_CHECK,CHECK_447,WEEKLY,SUCCESS,21889,34,23.65,15.57,1088.53,4.2352,3.583363304035345,False,False
EXEC-001314,2025-11-20 07:00:00,MOBILE_APP,ACCURACY_CHECK,CHECK_199,ON_DEMAND,SUCCESS,1481,40,1.38,46.81,213.08,2.2678,2.0062963020887725,False,False
EXEC-001315,2026-03-05 16:00:00,SCORING_ENGINE,COMPLETENESS_CHECK,CHECK_299,DAILY,SUCCESS,22929,38,1.7,22.36,481.11,4.0301,0.539981730385955,False,False
EXEC-001316,2026-01-16 02:00:00,FRAUD_DETECTION,COMPLETENESS_CHECK,CHECK_309,HOURLY,SUCCESS,21274,200,64.89,10.74,780.9,0.8693,0.3280321050785161,False,False
EXEC-001317,2026-01-31 18:00:00,INTERNET_BANK,COMPLETENESS_CHECK,CHECK_841,ON_DEMAND,SUCCESS,6401,880,12.01,12.75,291.03,0.7132,0.08479503679866456,False,False
EXEC-001318,2026-01-12 06:00:00,FRAUD_DETECTION,COMPLETENESS_CHECK,CHECK_209,DAILY,SUCCESS,8443,54,7.16,19.53,729.57,0.0874,0.06372495128981777,False,False
EXEC-001319,2026-02-11 00:00:00,PAYMENT_SYSTEM,NULL_CHECK,CHECK_328,ON_DEMAND,FAILED,674,68,9.67,33.09,553.15,0.202,0.5370245099106108,True,False
EXEC-001320,2025-11-06 21:00:00,INTERNET_BANK,SCHEMA_VALIDATION,CHECK_770,DAILY,SUCCESS,63014,75,32.34,52.0,161.4,1.1796,0.6453758671489324,False,False
EXEC-001321,2026-03-04 01:00:00,LOAN_REGISTRY,REFERENTIAL_INTEGRITY,CHECK_651,HOURLY,SUCCESS,5954,6,25.67,33.74,274.05,4.6716,0.5073855178045412,False,False
EXEC-001322,2025-11-03 17:00:00,CREDIT_BUREAU,SCHEMA_VALIDATION,CHECK_878,ON_DEMAND,SKIPPED,22600,0,3.91,14.37,436.24,4.933,,False,False
EXEC-001323,2025-09-09 22:00:00,CREDIT_BUREAU,COMPLETENESS_CHECK,CHECK_971,ON_DEMAND,SUCCESS,621169,1528,36.39,31.78,2919.61,0.3524,0.2524162919919263,False,False
EXEC-001324,2026-02-02 06:00:00,FRAUD_DETECTION,ACCURACY_CHECK,CHECK_141,WEEKLY,TIMEOUT,2829,0,11.44,17.37,279.9,3.195,,False,False
EXEC-001325,2025-12-03 19:00:00,CREDIT_BUREAU,DUPLICATE_CHECK,CHECK_144,ON_DEMAND,SUCCESS,54275,25887,1.42,30.37,1241.36,2.2017,0.5987519397069383,False,False
EXEC-001326,2026-01-08 20:00:00,INTERNET_BANK,ACCURACY_CHECK,CHECK_379,ON_DEMAND,SUCCESS,5049,2,51.17,17.71,221.17,3.6577,1.0558386975085317,False,False
EXEC-001327,2025-09-27 14:00:00,SCORING_ENGINE,RANGE_CHECK,CHECK_687,DAILY,SUCCESS,101,7803,5.01,27.7,701.59,0.0381,0.022233620802669156,False,False
EXEC-001328,2025-09-22 16:00:00,INTERNET_BANK,COMPLETENESS_CHECK,CHECK_647,DAILY,SUCCESS,1226,0,66.92,34.21,215.33,4.8533,0.5879959781401742,False,False
EXEC-001329,2026-02-05 11:00:00,SCORING_ENGINE,FRESHNESS_CHECK,CHECK_972,WEEKLY,SUCCESS,2624,1,16.43,58.49,471.52,2.8041,1.9039421508862444,False,False
EXEC-001330,2026-02-16 22:00:00,SCORING_ENGINE,ACCURACY_CHECK,CHECK_971,WEEKLY,SUCCESS,424898,47,1.77,34.5,367.3,4.8493,1.7409539558832303,False,False
EXEC-001331,2026-03-01 15:00:00,LOAN_REGISTRY,FRESHNESS_CHECK,CHECK_329,HOURLY,SUCCESS,4535,171,65.82,29.9,62.12,4.2647,1.8975684576345881,False,False
EXEC-001332,2026-02-16 02:00:00,CRM_CLIENTS,ACCURACY_CHECK,CHECK_821,DAILY,SUCCESS,146,214,139.55,17.26,289.82,0.9481,0.10617325395531658,False,False
EXEC-001333,2026-01-10 05:00:00,FRAUD_DETECTION,REFERENTIAL_INTEGRITY,CHECK_976,HOURLY,SUCCESS,1693,22,0.31,21.74,60.92,2.951,0.8383761887407882,False,False
EXEC-001334,2026-03-04 23:00:00,INTERNET_BANK,FORMAT_CHECK,CHECK_260,DAILY,SUCCESS,79558,25,95.86,11.28,1914.55,1.3966,0.8044061343149307,False,False
EXEC-001335,2025-10-22 04:00:00,CRM_CLIENTS,DUPLICATE_CHECK,CHECK_165,WEEKLY,SUCCESS,1331,8756,15.11,30.76,536.82,1.9821,0.7483497661301354,False,False
EXEC-001336,2026-01-27 23:00:00,CRM_CLIENTS,FORMAT_CHECK,CHECK_938,WEEKLY,SKIPPED,1842,0,41.34,23.69,1796.08,3.7032,,False,False
EXEC-001337,2026-02-20 15:00:00,PAYMENT_SYSTEM,DUPLICATE_CHECK,CHECK_757,ON_DEMAND,SUCCESS,4064,27,19.08,22.72,131.49,4.7881,2.319379869005103,False,False
EXEC-001338,2026-02-17 17:00:00,INTERNET_BANK,COMPLETENESS_CHECK,CHECK_185,ON_DEMAND,TIMEOUT,6788,0,16.28,8.78,221.32,0.8541,,False,False
EXEC-001339,2025-10-23 12:00:00,SCORING_ENGINE,SCHEMA_VALIDATION,CHECK_281,DAILY,SUCCESS,11885,9,3.31,13.79,207.87,1.9764,0.8662327572765883,False,False
EXEC-001340,2025-10-15 04:00:00,SCORING_ENGINE,DUPLICATE_CHECK,CHECK_970,WEEKLY,FAILED,14509,0,0.88,27.76,138.23,1.7379,7.001059746756216,True,True
EXEC-001341,2025-12-19 06:00:00,MOBILE_APP,COMPLETENESS_CHECK,CHECK_255,DAILY,SUCCESS,934,36,5.52,17.6,177.77,3.2867,1.5416427413620382,False,False
EXEC-001342,2026-02-24 04:00:00,INTERNET_BANK,REFERENTIAL_INTEGRITY,CHECK_196,WEEKLY,SUCCESS,67853,10,12.72,16.84,1735.7,2.2649,0.6566587734231637,False,False
EXEC-001343,2025-11-06 22:00:00,SCORING_ENGINE,NULL_CHECK,CHECK_948,DAILY,SUCCESS,6115,37,10.33,17.33,1671.38,4.109,0.5420977077415211,False,False
EXEC-001344,2026-02-16 14:00:00,FRAUD_DETECTION,REFERENTIAL_INTEGRITY,CHECK_277,WEEKLY,FAILED,1197,19,38.38,22.33,296.74,0.201,0.8309646653325641,True,False
EXEC-001345,2025-09-14 00:00:00,SCORING_ENGINE,FRESHNESS_CHECK,CHECK_900,ON_DEMAND,SUCCESS,10874,177,33.3,17.3,635.87,4.7376,1.7304241272294194,False,False
EXEC-001346,2026-03-01 15:00:00,INTERNET_BANK,COMPLETENESS_CHECK,CHECK_178,WEEKLY,SUCCESS,89851,7,17.73,15.28,174.07,4.9632,1.8799290473807648,False,False
EXEC-001347,2025-12-18 15:00:00,SCORING_ENGINE,FRESHNESS_CHECK,CHECK_481,DAILY,SUCCESS,19670,177,10.7,54.28,1543.97,4.9195,2.8645436854254807,False,False
EXEC-001348,2026-02-26 23:00:00,PAYMENT_SYSTEM,DUPLICATE_CHECK,CHECK_867,ON_DEMAND,SUCCESS,12660,3,23.09,13.38,48.48,1.5134,1.3129422505646817,False,False
EXEC-001349,2025-09-01 05:00:00,PAYMENT_SYSTEM,NULL_CHECK,CHECK_403,WEEKLY,SUCCESS,3144,2850,62.36,6.78,763.89,1.172,0.37007248849389907,False,False
EXEC-001350,2026-01-15 01:00:00,CRM_CLIENTS,FRESHNESS_CHECK,CHECK_623,DAILY,SUCCESS,12053,12220,23.04,63.85,1085.66,0.4331,0.20417912393597407,False,False
EXEC-001351,2025-11-03 13:00:00,MOBILE_APP,ACCURACY_CHECK,CHECK_778,WEEKLY,SUCCESS,532,274,14.49,19.94,1211.16,4.0731,1.4417781291451177,False,False
EXEC-001352,2025-11-21 01:00:00,CREDIT_BUREAU,FRESHNESS_CHECK,CHECK_215,WEEKLY,SUCCESS,1308,20,1.36,12.35,162.41,4.4936,1.3927644377244333,False,False
EXEC-001353,2026-01-04 20:00:00,CREDIT_BUREAU,COMPLETENESS_CHECK,CHECK_828,DAILY,SUCCESS,4961,12,3.46,11.97,763.6,1.7226,1.1672122812292915,False,False
EXEC-001354,2025-09-18 16:00:00,FRAUD_DETECTION,REFERENTIAL_INTEGRITY,CHECK_481,DAILY,SUCCESS,1381,1,12.89,23.1,981.65,0.8509,0.10665690610923514,False,False
EXEC-001355,2025-12-01 22:00:00,CRM_CLIENTS,CONSISTENCY_CHECK,CHECK_651,HOURLY,SUCCESS,3257,3,15.67,19.83,264.31,3.8638,2.8324455955386076,False,False
EXEC-001356,2025-09-11 04:00:00,FRAUD_DETECTION,SCHEMA_VALIDATION,CHECK_257,HOURLY,FAILED,704,506,1.33,29.07,987.85,1.843,4.497236705605054,True,True
EXEC-001357,2026-01-02 00:00:00,INTERNET_BANK,RANGE_CHECK,CHECK_990,WEEKLY,SUCCESS,6340,5427,41.52,13.86,119.7,3.4534,2.6492792626800257,False,False
EXEC-001358,2026-01-12 04:00:00,LOAN_REGISTRY,FRESHNESS_CHECK,CHECK_545,ON_DEMAND,SUCCESS,7882,538,0.74,39.58,2146.61,2.1434,1.3933557854946446,False,False
EXEC-001359,2026-01-09 00:00:00,INTERNET_BANK,FRESHNESS_CHECK,CHECK_656,HOURLY,SUCCESS,1216,0,0.21,33.1,1317.0,3.5669,1.1258656577990858,False,False
EXEC-001360,2025-12-23 06:00:00,PAYMENT_SYSTEM,COMPLETENESS_CHECK,CHECK_527,WEEKLY,SKIPPED,149048,0,0.59,46.58,420.51,3.5482,,False,False
EXEC-001361,2026-02-03 20:00:00,SCORING_ENGINE,NULL_CHECK,CHECK_648,HOURLY,SUCCESS,3871,24,0.38,16.63,500.81,4.2417,3.569182076365348,False,False
EXEC-001362,2025-09-14 01:00:00,MOBILE_APP,CONSISTENCY_CHECK,CHECK_611,HOURLY,SUCCESS,13784,98,2.75,42.45,643.21,3.4085,2.1247992132442617,False,False
EXEC-001363,2025-09-11 10:00:00,CREDIT_BUREAU,REFERENTIAL_INTEGRITY,CHECK_511,DAILY,SUCCESS,1057,8,3.61,23.12,1034.85,4.1925,3.681473654460323,False,False
EXEC-001364,2025-10-13 14:00:00,MOBILE_APP,FRESHNESS_CHECK,CHECK_405,WEEKLY,SUCCESS,1273,1,6.51,4.36,210.58,1.2045,0.4833566567905425,False,False
EXEC-001365,2025-10-28 07:00:00,CRM_CLIENTS,ACCURACY_CHECK,CHECK_108,DAILY,SUCCESS,7917,15,1.33,10.54,281.87,1.8742,1.4246062397890775,False,False
EXEC-001366,2025-12-05 10:00:00,INTERNET_BANK,ACCURACY_CHECK,CHECK_206,DAILY,SUCCESS,4646,49,1.33,14.87,265.21,4.3158,1.1831548489630754,False,False
EXEC-001367,2026-03-04 22:00:00,CREDIT_BUREAU,FORMAT_CHECK,CHECK_881,HOURLY,TIMEOUT,60697,0,123.17,9.42,507.15,3.6313,,False,False
EXEC-001368,2025-10-31 01:00:00,CREDIT_BUREAU,COMPLETENESS_CHECK,CHECK_696,DAILY,SUCCESS,16084,286,35.73,25.79,961.07,1.2307,0.9974996748479353,False,False
EXEC-001369,2025-12-26 22:00:00,SCORING_ENGINE,RANGE_CHECK,CHECK_212,HOURLY,SUCCESS,2127,20,1.83,21.61,1127.22,1.4442,1.048145473363589,False,False
EXEC-001370,2026-01-06 20:00:00,PAYMENT_SYSTEM,REFERENTIAL_INTEGRITY,CHECK_643,HOURLY,SKIPPED,51091,0,5.93,31.15,1758.14,2.0049,,False,False
EXEC-001371,2025-12-01 14:00:00,MOBILE_APP,FORMAT_CHECK,CHECK_434,ON_DEMAND,SUCCESS,2967,8,10.88,33.37,422.75,0.6063,0.49507310131025944,False,False
EXEC-001372,2025-11-25 17:00:00,CREDIT_BUREAU,ACCURACY_CHECK,CHECK_368,WEEKLY,SUCCESS,2584,18,11.58,2.12,277.58,4.1436,3.004285344628585,False,False
EXEC-001373,2025-11-02 07:00:00,CRM_CLIENTS,REFERENTIAL_INTEGRITY,CHECK_669,WEEKLY,SUCCESS,1808,64,0.95,17.76,370.49,0.858,0.26190387814293037,False,False
EXEC-001374,2026-02-26 17:00:00,FRAUD_DETECTION,FRESHNESS_CHECK,CHECK_650,WEEKLY,SUCCESS,4535,60,226.56,48.03,758.8,4.4014,1.2620455515879707,False,False
EXEC-001375,2026-01-13 04:00:00,FRAUD_DETECTION,NULL_CHECK,CHECK_159,DAILY,SUCCESS,1330,203,15.2,49.1,376.16,1.8366,0.3156632692250433,False,False
EXEC-001376,2026-02-05 05:00:00,INTERNET_BANK,FORMAT_CHECK,CHECK_498,WEEKLY,SUCCESS,1788,154,17.25,51.57,1216.79,0.1157,0.05863593520862653,False,False
EXEC-001377,2026-01-13 12:00:00,SCORING_ENGINE,DUPLICATE_CHECK,CHECK_416,ON_DEMAND,SUCCESS,46478,0,0.66,25.52,412.01,1.8086,0.8558302333298405,False,False
EXEC-001378,2025-11-06 22:00:00,FRAUD_DETECTION,SCHEMA_VALIDATION,CHECK_412,DAILY,FAILED,14412,2329,37.28,25.77,1059.29,2.086,6.667982179402074,True,True
EXEC-001379,2025-10-18 21:00:00,SCORING_ENGINE,SCHEMA_VALIDATION,CHECK_868,WEEKLY,SUCCESS,4169,5,2.83,13.59,246.29,0.3091,0.08575685813845944,False,False
EXEC-001380,2025-12-30 11:00:00,CRM_CLIENTS,SCHEMA_VALIDATION,CHECK_236,HOURLY,FAILED,44386,355,9.52,6.33,423.67,1.8146,3.25112442490517,True,True
EXEC-001381,2025-12-10 09:00:00,SCORING_ENGINE,COMPLETENESS_CHECK,CHECK_957,ON_DEMAND,SUCCESS,3959,10745,5.45,26.86,771.78,2.541,1.3639176798724415,False,False
EXEC-001382,2025-11-03 09:00:00,LOAN_REGISTRY,COMPLETENESS_CHECK,CHECK_956,ON_DEMAND,SUCCESS,6798,981,20.7,3.92,300.82,4.7553,1.1792240415203241,False,False
EXEC-001383,2025-11-24 04:00:00,CREDIT_BUREAU,DUPLICATE_CHECK,CHECK_789,ON_DEMAND,SUCCESS,550,1618,18.28,48.66,904.04,1.1914,0.4904019838341745,False,False
EXEC-001384,2025-10-16 10:00:00,CRM_CLIENTS,COMPLETENESS_CHECK,CHECK_100,DAILY,SUCCESS,48439,28,4.03,45.76,267.61,1.5034,0.34283758206753917,False,False
EXEC-001385,2026-03-01 19:00:00,SCORING_ENGINE,CONSISTENCY_CHECK,CHECK_143,WEEKLY,SUCCESS,28513,1359,55.51,6.79,773.9,0.1849,0.13070253698492554,False,False
EXEC-001386,2025-12-01 21:00:00,MOBILE_APP,SCHEMA_VALIDATION,CHECK_913,ON_DEMAND,SUCCESS,2424,992,3.29,22.98,128.06,0.5143,0.36419790120205103,False,False
EXEC-001387,2026-01-12 14:00:00,FRAUD_DETECTION,REFERENTIAL_INTEGRITY,CHECK_497,WEEKLY,SUCCESS,12388,468,2.23,28.35,188.97,2.7991,2.2350266336968585,False,False
EXEC-001388,2025-11-15 20:00:00,SCORING_ENGINE,FORMAT_CHECK,CHECK_281,DAILY,SUCCESS,2006,432,10.67,21.13,1770.11,4.8059,2.54198231418968,False,False
EXEC-001389,2025-11-06 09:00:00,FRAUD_DETECTION,RANGE_CHECK,CHECK_683,HOURLY,SUCCESS,807,11,2.22,33.07,890.57,4.8088,2.9032559716569093,False,False
EXEC-001390,2026-03-06 10:00:00,CREDIT_BUREAU,FORMAT_CHECK,CHECK_614,DAILY,SUCCESS,1835,9,20.63,51.64,245.39,1.7902,1.0909923240562855,False,False
EXEC-001391,2025-10-06 04:00:00,LOAN_REGISTRY,REFERENTIAL_INTEGRITY,CHECK_609,WEEKLY,SUCCESS,1999,0,12.72,17.08,431.73,0.1954,0.046274020812440725,False,False
EXEC-001392,2025-12-26 02:00:00,LOAN_REGISTRY,SCHEMA_VALIDATION,CHECK_552,WEEKLY,SUCCESS,302,225,5.31,5.23,819.13,1.4347,0.5797472320763737,False,False
EXEC-001393,2026-01-17 04:00:00,FRAUD_DETECTION,SCHEMA_VALIDATION,CHECK_753,WEEKLY,SUCCESS,220,3,41.17,10.33,31.15,3.0331,2.588284363104073,False,False
EXEC-001394,2025-10-27 02:00:00,CRM_CLIENTS,REFERENTIAL_INTEGRITY,CHECK_637,ON_DEMAND,SUCCESS,495,67207,4.13,26.66,328.38,3.8131,1.2840909654480812,False,False
EXEC-001395,2025-11-28 23:00:00,FRAUD_DETECTION,SCHEMA_VALIDATION,CHECK_591,HOURLY,SUCCESS,3226,895,1.15,18.03,81.08,3.9082,2.2233072323634806,False,False
EXEC-001396,2025-09-28 04:00:00,SCORING_ENGINE,RANGE_CHECK,CHECK_350,WEEKLY,SUCCESS,1085,1,3.36,25.78,906.97,4.75,2.7894273175045785,False,False
EXEC-001397,2025-12-21 21:00:00,INTERNET_BANK,DUPLICATE_CHECK,CHECK_951,DAILY,SUCCESS,22451,2585,4.41,36.88,2160.75,2.3551,1.637505766265094,False,False
EXEC-001398,2025-11-03 16:00:00,INTERNET_BANK,REFERENTIAL_INTEGRITY,CHECK_421,WEEKLY,SUCCESS,43328,33,1.02,13.18,428.22,1.1332,0.3061205629967855,False,False
EXEC-001399,2026-03-01 22:00:00,CRM_CLIENTS,ACCURACY_CHECK,CHECK_633,ON_DEMAND,SUCCESS,1291,8,0.88,36.9,568.61,3.9584,3.2907670170788657,False,False
EXEC-001400,2025-12-25 07:00:00,CRM_CLIENTS,NULL_CHECK,CHECK_435,HOURLY,SUCCESS,1113,7,2.39,8.27,220.91,0.0136,0.011994164584770163,False,False
EXEC-001401,2026-02-12 23:00:00,INTERNET_BANK,RANGE_CHECK,CHECK_894,HOURLY,SUCCESS,111860,1110,1.75,3.39,329.4,2.5737,1.3587347549685065,False,False
EXEC-001402,2025-10-31 17:00:00,SCORING_ENGINE,REFERENTIAL_INTEGRITY,CHECK_854,DAILY,FAILED,53497,406,4.24,17.43,2110.73,0.2844,1.3263360460985318,True,True
EXEC-001403,2025-12-27 04:00:00,CREDIT_BUREAU,ACCURACY_CHECK,CHECK_497,WEEKLY,SUCCESS,785,408,7.88,27.86,449.29,1.1993,0.5300492071922105,False,False
EXEC-001404,2026-01-11 19:00:00,CRM_CLIENTS,DUPLICATE_CHECK,CHECK_753,WEEKLY,FAILED,14549,0,5.16,14.01,448.11,4.9723,21.987552886644558,True,True
EXEC-001405,2025-10-28 05:00:00,SCORING_ENGINE,SCHEMA_VALIDATION,CHECK_511,ON_DEMAND,SUCCESS,55232,31,8.71,10.4,966.33,4.1796,1.2065769560308999,False,False
EXEC-001406,2025-10-29 15:00:00,MOBILE_APP,FRESHNESS_CHECK,CHECK_388,ON_DEMAND,SUCCESS,3506,240,7.97,40.97,193.97,4.9363,2.225228147290597,False,False
EXEC-001407,2026-01-16 18:00:00,PAYMENT_SYSTEM,NULL_CHECK,CHECK_991,ON_DEMAND,SUCCESS,8532,566,19.51,30.96,364.89,1.8414,1.5737779223572033,False,False
EXEC-001408,2025-11-15 15:00:00,LOAN_REGISTRY,COMPLETENESS_CHECK,CHECK_508,ON_DEMAND,SUCCESS,606,0,1.68,17.26,890.61,0.5101,0.08855382034959777,False,False
EXEC-001409,2025-11-15 20:00:00,MOBILE_APP,DUPLICATE_CHECK,CHECK_866,ON_DEMAND,SUCCESS,4554,0,3.24,19.85,1404.69,4.6862,1.8861376740359945,False,False
EXEC-001410,2025-12-27 04:00:00,INTERNET_BANK,NULL_CHECK,CHECK_418,ON_DEMAND,FAILED,51431,3,7.94,49.27,920.82,1.6757,6.91813851948425,True,True
EXEC-001411,2026-02-28 19:00:00,MOBILE_APP,RANGE_CHECK,CHECK_893,HOURLY,FAILED,685,807,5.76,38.83,2085.09,1.0918,4.699727061197953,True,True
EXEC-001412,2026-01-05 07:00:00,MOBILE_APP,ACCURACY_CHECK,CHECK_863,HOURLY,SUCCESS,26417,785,14.41,24.04,1133.59,2.2319,1.684145760823148,False,False
EXEC-001413,2025-10-05 21:00:00,PAYMENT_SYSTEM,RANGE_CHECK,CHECK_221,ON_DEMAND,TIMEOUT,1662,0,3.0,25.94,283.26,1.1266,,False,False
EXEC-001414,2025-11-16 07:00:00,PAYMENT_SYSTEM,REFERENTIAL_INTEGRITY,CHECK_710,DAILY,SUCCESS,40429,198,18.02,19.33,168.61,4.168,2.9099246878987,False,False
EXEC-001415,2026-02-20 04:00:00,MOBILE_APP,DUPLICATE_CHECK,CHECK_545,DAILY,TIMEOUT,20508,0,85.32,44.46,1892.78,1.6638,,False,False
EXEC-001416,2025-10-07 06:00:00,LOAN_REGISTRY,SCHEMA_VALIDATION,CHECK_841,WEEKLY,SUCCESS,7300,47,2.12,13.56,154.0,2.0212,1.1345619447949966,False,False
EXEC-001417,2026-03-11 02:00:00,PAYMENT_SYSTEM,SCHEMA_VALIDATION,CHECK_232,ON_DEMAND,SUCCESS,342,15,19.54,29.22,1874.46,1.9006,1.3779427875301113,False,False
EXEC-001418,2026-01-12 12:00:00,MOBILE_APP,DUPLICATE_CHECK,CHECK_322,DAILY,SUCCESS,8778,235,12.57,35.18,134.76,3.3747,2.301422655392259,False,False
EXEC-001419,2026-01-05 00:00:00,CREDIT_BUREAU,ACCURACY_CHECK,CHECK_403,ON_DEMAND,SUCCESS,25300,0,2.3,13.07,1488.44,1.4858,0.8926794675495274,False,False
EXEC-001420,2026-01-03 20:00:00,FRAUD_DETECTION,CONSISTENCY_CHECK,CHECK_774,DAILY,SUCCESS,22094,1,49.07,18.85,837.32,4.7925,2.9671083899991255,False,False
EXEC-001421,2025-09-09 18:00:00,INTERNET_BANK,CONSISTENCY_CHECK,CHECK_284,HOURLY,SUCCESS,302,651,88.11,22.99,401.3,4.186,1.5742950332081802,False,False
EXEC-001422,2026-02-15 03:00:00,LOAN_REGISTRY,COMPLETENESS_CHECK,CHECK_214,HOURLY,SUCCESS,84397,1465,1.06,24.07,1129.62,4.8142,2.7119542419232796,False,False
EXEC-001423,2026-02-25 03:00:00,PAYMENT_SYSTEM,FORMAT_CHECK,CHECK_725,ON_DEMAND,SUCCESS,229716,125,0.75,41.47,289.75,2.334,0.6758918391203393,False,False
EXEC-001424,2025-11-29 17:00:00,INTERNET_BANK,CONSISTENCY_CHECK,CHECK_244,HOURLY,FAILED,1479,5335,7.24,27.61,1746.27,1.5142,5.306686900066559,True,True
EXEC-001425,2026-01-10 20:00:00,LOAN_REGISTRY,FRESHNESS_CHECK,CHECK_832,DAILY,SUCCESS,42719,88,57.7,17.58,197.26,0.8127,0.6853518286689282,False,False
EXEC-001426,2026-03-10 16:00:00,CREDIT_BUREAU,NULL_CHECK,CHECK_546,HOURLY,FAILED,588,6,0.08,24.94,405.65,0.4506,2.1272477299560912,True,True
EXEC-001427,2025-12-20 17:00:00,LOAN_REGISTRY,NULL_CHECK,CHECK_928,HOURLY,SUCCESS,994,14,1.59,15.36,1024.98,1.011,0.49713211456682804,False,False
EXEC-001428,2025-09-06 08:00:00,LOAN_REGISTRY,CONSISTENCY_CHECK,CHECK_248,DAILY,SUCCESS,3486,0,9.05,32.82,536.36,3.3664,2.231977422942552,False,False
EXEC-001429,2025-12-19 09:00:00,FRAUD_DETECTION,CONSISTENCY_CHECK,CHECK_283,HOURLY,TIMEOUT,602,0,0.68,8.33,1218.5,0.4572,,False,False
EXEC-001430,2026-02-14 11:00:00,MOBILE_APP,COMPLETENESS_CHECK,CHECK_176,HOURLY,SUCCESS,562717,22,8.15,27.42,764.77,3.1945,0.4211245536066595,False,False
EXEC-001431,2025-12-08 01:00:00,INTERNET_BANK,DUPLICATE_CHECK,CHECK_297,ON_DEMAND,SUCCESS,52731,12201,11.01,34.88,460.71,4.5986,2.821552617248526,False,False
EXEC-001432,2025-11-29 07:00:00,FRAUD_DETECTION,ACCURACY_CHECK,CHECK_287,WEEKLY,SUCCESS,61195,11,45.06,19.81,972.68,0.9472,0.5611590660894552,False,False
EXEC-001433,2025-11-16 12:00:00,MOBILE_APP,SCHEMA_VALIDATION,CHECK_117,DAILY,SUCCESS,11229,1,4.46,7.96,192.37,3.689,1.3497593130101846,False,False
EXEC-001434,2025-09-03 14:00:00,INTERNET_BANK,FRESHNESS_CHECK,CHECK_412,WEEKLY,FAILED,17626,0,39.77,19.22,57.33,3.0933,8.740692184068918,True,False
EXEC-001435,2025-11-06 06:00:00,SCORING_ENGINE,NULL_CHECK,CHECK_806,HOURLY,SUCCESS,1835,1,2.3,13.21,837.3,3.1892,2.6181575105230763,False,False
EXEC-001436,2025-12-14 15:00:00,SCORING_ENGINE,FORMAT_CHECK,CHECK_165,WEEKLY,SUCCESS,18479,297,0.36,17.78,402.63,3.6237,2.9440781474373616,False,False
EXEC-001437,2025-10-11 22:00:00,MOBILE_APP,REFERENTIAL_INTEGRITY,CHECK_146,HOURLY,SUCCESS,20581,2,71.64,49.83,232.46,3.3915,0.9755981423147436,False,False
EXEC-001438,2026-02-22 20:00:00,FRAUD_DETECTION,COMPLETENESS_CHECK,CHECK_391,DAILY,SUCCESS,2360,0,6.22,39.53,285.25,0.0717,0.05000053964924447,False,False
EXEC-001439,2025-09-26 10:00:00,MOBILE_APP,FRESHNESS_CHECK,CHECK_267,ON_DEMAND,SUCCESS,1152,8,8.87,23.54,434.47,1.3409,0.31715802005437255,False,False
EXEC-001440,2025-10-09 15:00:00,LOAN_REGISTRY,DUPLICATE_CHECK,CHECK_726,HOURLY,SUCCESS,35176,414,0.48,10.86,181.29,4.62,3.2652539702812495,False,False
EXEC-001441,2026-02-12 06:00:00,CRM_CLIENTS,FRESHNESS_CHECK,CHECK_359,HOURLY,SUCCESS,2510,195,5.41,33.7,854.27,0.1199,0.054058834154878825,False,False
EXEC-001442,2026-02-13 06:00:00,SCORING_ENGINE,FRESHNESS_CHECK,CHECK_644,HOURLY,SUCCESS,2661,1082,26.92,7.24,63.64,2.2159,1.955857653930157,False,False
EXEC-001443,2025-10-27 06:00:00,MOBILE_APP,COMPLETENESS_CHECK,CHECK_322,DAILY,SUCCESS,4885,69,3.29,17.64,111.54,0.1874,0.09874812994455014,False,False
EXEC-001444,2025-09-17 00:00:00,INTERNET_BANK,REFERENTIAL_INTEGRITY,CHECK_914,WEEKLY,SUCCESS,375699,5407,12.79,50.19,562.47,4.5396,2.0540191861407897,False,False
EXEC-001445,2025-11-07 23:00:00,SCORING_ENGINE,CONSISTENCY_CHECK,CHECK_215,WEEKLY,SUCCESS,9094,1186,4.72,27.4,420.58,4.5617,2.0758713844568635,False,False
EXEC-001446,2026-02-26 00:00:00,CRM_CLIENTS,RANGE_CHECK,CHECK_388,DAILY,FAILED,2120,0,2.89,18.39,920.52,4.3337,16.225309289032587,True,True
EXEC-001447,2025-12-23 20:00:00,CREDIT_BUREAU,DUPLICATE_CHECK,CHECK_850,ON_DEMAND,SUCCESS,10596,127,1.45,52.04,242.09,4.7129,2.5089709867498073,False,False
EXEC-001448,2025-11-20 13:00:00,MOBILE_APP,FORMAT_CHECK,CHECK_597,ON_DEMAND,SUCCESS,3380,8,0.3,15.3,86.65,4.5269,0.7742233378100339,False,False
EXEC-001449,2025-12-01 20:00:00,INTERNET_BANK,ACCURACY_CHECK,CHECK_623,DAILY,SUCCESS,69867,21,29.82,51.86,574.46,0.1131,0.03993192683138952,False,False
EXEC-001450,2025-09-13 20:00:00,CRM_CLIENTS,DUPLICATE_CHECK,CHECK_681,WEEKLY,SUCCESS,44082,19,11.4,47.2,644.46,2.641,2.0662024852787617,False,False
EXEC-001451,2025-09-30 08:00:00,CREDIT_BUREAU,COMPLETENESS_CHECK,CHECK_891,ON_DEMAND,SUCCESS,345920,225,4.68,28.23,878.33,3.0766,2.465140791480247,False,False
EXEC-001452,2026-01-03 07:00:00,SCORING_ENGINE,COMPLETENESS_CHECK,CHECK_982,WEEKLY,FAILED,9956,34,11.41,11.08,944.91,3.6212,7.007125082815193,True,True
EXEC-001453,2025-11-11 17:00:00,SCORING_ENGINE,CONSISTENCY_CHECK,CHECK_816,WEEKLY,SUCCESS,44480,0,26.7,28.05,1089.03,3.3024,1.9559658329550627,False,False
EXEC-001454,2026-01-13 15:00:00,CREDIT_BUREAU,ACCURACY_CHECK,CHECK_986,HOURLY,SUCCESS,22039,2,24.36,52.61,500.68,3.461,2.072074405618693,False,False
EXEC-001455,2025-12-14 23:00:00,MOBILE_APP,ACCURACY_CHECK,CHECK_214,HOURLY,SUCCESS,5669,957,2.67,36.38,734.0,3.2219,0.3769922846941946,False,False
EXEC-001456,2025-10-01 02:00:00,PAYMENT_SYSTEM,FRESHNESS_CHECK,CHECK_192,HOURLY,SUCCESS,9346,2,1.67,27.21,527.0,0.7755,0.4746230059131244,False,False
EXEC-001457,2025-12-21 00:00:00,CREDIT_BUREAU,FORMAT_CHECK,CHECK_582,HOURLY,TIMEOUT,2274,0,0.56,45.4,1004.9,2.7789,,False,False
EXEC-001458,2025-12-10 05:00:00,MOBILE_APP,RANGE_CHECK,CHECK_983,ON_DEMAND,FAILED,728,572,6.67,7.05,159.97,2.2573,11.225346850854526,True,True
EXEC-001459,2026-02-02 20:00:00,PAYMENT_SYSTEM,FRESHNESS_CHECK,CHECK_729,DAILY,SUCCESS,26026,2758,4.09,37.35,213.74,4.9655,2.286468102752342,False,False
EXEC-001460,2025-10-07 16:00:00,LOAN_REGISTRY,DUPLICATE_CHECK,CHECK_557,ON_DEMAND,SUCCESS,1838,141,20.6,43.42,1266.37,3.2594,2.7670214859632427,False,False
EXEC-001461,2025-12-21 12:00:00,SCORING_ENGINE,FORMAT_CHECK,CHECK_257,ON_DEMAND,SUCCESS,11882,24967,2.42,9.51,102.58,4.4134,3.7896640194170206,False,False
EXEC-001462,2025-12-21 21:00:00,CREDIT_BUREAU,DUPLICATE_CHECK,CHECK_945,DAILY,FAILED,233,258,11.36,26.05,562.6,0.6184,1.605806431531801,True,False
EXEC-001463,2025-11-09 01:00:00,CREDIT_BUREAU,FRESHNESS_CHECK,CHECK_878,HOURLY,SUCCESS,70429,255,2.97,20.29,783.89,1.5479,1.199734950975022,False,False
EXEC-001464,2025-10-07 14:00:00,SCORING_ENGINE,RANGE_CHECK,CHECK_516,HOURLY,TIMEOUT,772,0,6.65,3.12,81.64,3.838,,False,False
EXEC-001465,2025-11-13 22:00:00,MOBILE_APP,COMPLETENESS_CHECK,CHECK_702,HOURLY,SUCCESS,78519,21,7.72,33.76,2113.34,3.8106,0.47150304258352177,False,False
EXEC-001466,2025-10-30 05:00:00,INTERNET_BANK,FORMAT_CHECK,CHECK_724,WEEKLY,SUCCESS,17618,392,4.03,42.3,864.59,0.7484,0.267942710042066,False,False
EXEC-001467,2026-01-03 23:00:00,LOAN_REGISTRY,SCHEMA_VALIDATION,CHECK_708,DAILY,SKIPPED,9417,0,2.73,30.77,550.86,2.9092,,False,False
EXEC-001468,2025-11-13 04:00:00,INTERNET_BANK,ACCURACY_CHECK,CHECK_727,DAILY,TIMEOUT,3657,0,4.33,4.13,135.09,1.2863,,False,False
EXEC-001469,2026-01-22 04:00:00,CREDIT_BUREAU,FRESHNESS_CHECK,CHECK_384,ON_DEMAND,FAILED,17872,230,70.79,9.76,387.8,3.1036,15.293820391308287,True,True
EXEC-001470,2026-02-10 10:00:00,MOBILE_APP,NULL_CHECK,CHECK_689,WEEKLY,FAILED,671,641,7.94,20.36,582.23,0.7203,2.8023527532144277,True,True
EXEC-001471,2026-02-27 00:00:00,LOAN_REGISTRY,FRESHNESS_CHECK,CHECK_807,DAILY,SUCCESS,27730,90,10.6,50.51,131.63,2.0071,1.55495617464869,False,False
EXEC-001472,2025-10-04 05:00:00,CRM_CLIENTS,DUPLICATE_CHECK,CHECK_639,DAILY,SUCCESS,5654,1531,12.27,8.42,235.02,1.215,0.45419529490025246,False,False
EXEC-001473,2025-11-21 06:00:00,SCORING_ENGINE,RANGE_CHECK,CHECK_198,DAILY,SUCCESS,8492,21,22.15,20.49,200.76,2.3417,1.2812064661911604,False,False
EXEC-001474,2026-01-24 11:00:00,MOBILE_APP,COMPLETENESS_CHECK,CHECK_767,WEEKLY,SUCCESS,489,13,9.06,7.45,285.14,1.7976,1.6168097964557513,False,False
EXEC-001475,2026-01-31 16:00:00,CREDIT_BUREAU,FORMAT_CHECK,CHECK_264,WEEKLY,SUCCESS,242,185,126.03,44.86,442.84,4.1916,1.7520966412015297,False,False
EXEC-001476,2025-12-18 07:00:00,SCORING_ENGINE,DUPLICATE_CHECK,CHECK_626,ON_DEMAND,SUCCESS,4728,69,3.32,48.21,1791.25,4.068,2.8755024760350527,False,False
EXEC-001477,2025-09-16 15:00:00,INTERNET_BANK,SCHEMA_VALIDATION,CHECK_815,DAILY,SUCCESS,2719,276,3.64,40.48,782.87,4.0614,2.1902585143891105,False,False
EXEC-001478,2025-09-06 11:00:00,INTERNET_BANK,RANGE_CHECK,CHECK_303,WEEKLY,SUCCESS,6014,182,0.84,50.02,1420.74,0.9267,0.6251191189742704,False,False
EXEC-001479,2025-11-30 17:00:00,CRM_CLIENTS,RANGE_CHECK,CHECK_213,WEEKLY,SUCCESS,1772,37,4.21,59.15,142.16,1.7426,1.09191231215909,False,False
EXEC-001480,2025-10-22 02:00:00,INTERNET_BANK,FORMAT_CHECK,CHECK_853,WEEKLY,SUCCESS,14956,39,6.73,32.79,166.04,1.7844,1.410126542004192,False,False
EXEC-001481,2025-10-08 05:00:00,CRM_CLIENTS,CONSISTENCY_CHECK,CHECK_662,HOURLY,SUCCESS,3762,10255,3.44,56.9,211.59,4.5751,0.5605193707246208,False,False
EXEC-001482,2025-12-06 18:00:00,CRM_CLIENTS,SCHEMA_VALIDATION,CHECK_120,ON_DEMAND,SUCCESS,46,0,0.79,36.37,114.32,2.4045,0.5283098877689874,False,False
EXEC-001483,2025-09-30 17:00:00,LOAN_REGISTRY,REFERENTIAL_INTEGRITY,CHECK_158,DAILY,SUCCESS,3049,5,24.82,18.17,838.91,1.8961,0.30092346778876733,False,False
EXEC-001484,2025-09-13 00:00:00,MOBILE_APP,FORMAT_CHECK,CHECK_324,ON_DEMAND,FAILED,7415,2,5.92,6.28,488.64,2.228,6.973841902733574,True,True
EXEC-001485,2025-12-30 18:00:00,CREDIT_BUREAU,SCHEMA_VALIDATION,CHECK_996,HOURLY,SUCCESS,12003,39,7.16,21.59,452.58,3.6572,1.5907333140854627,False,False
EXEC-001486,2025-10-31 12:00:00,PAYMENT_SYSTEM,CONSISTENCY_CHECK,CHECK_542,HOURLY,SUCCESS,7079,2,49.23,45.39,857.25,0.9898,0.12200270704981446,False,False
EXEC-001487,2026-02-03 20:00:00,INTERNET_BANK,COMPLETENESS_CHECK,CHECK_532,WEEKLY,TIMEOUT,172,0,1.45,23.96,447.77,4.1247,,False,False
EXEC-001488,2026-01-09 16:00:00,SCORING_ENGINE,RANGE_CHECK,CHECK_519,DAILY,TIMEOUT,63197,0,56.03,39.88,781.75,4.9306,,False,False
EXEC-001489,2026-02-28 15:00:00,MOBILE_APP,FRESHNESS_CHECK,CHECK_121,DAILY,TIMEOUT,934,0,3.44,32.28,493.74,4.3486,,False,False
EXEC-001490,2025-10-12 15:00:00,PAYMENT_SYSTEM,FRESHNESS_CHECK,CHECK_855,HOURLY,FAILED,87112,152,3.6,41.65,2599.28,4.3346,14.755916187227756,True,True
EXEC-001491,2026-02-26 18:00:00,CREDIT_BUREAU,REFERENTIAL_INTEGRITY,CHECK_804,WEEKLY,SUCCESS,4187,19,6.93,12.64,47.87,0.7439,0.15224614242881496,False,False
EXEC-001492,2026-02-09 09:00:00,CREDIT_BUREAU,RANGE_CHECK,CHECK_863,ON_DEMAND,SUCCESS,161070,625,2.43,17.01,242.05,3.1883,0.5950872291407758,False,False
EXEC-001493,2026-03-11 15:00:00,CRM_CLIENTS,FRESHNESS_CHECK,CHECK_272,HOURLY,SUCCESS,33070,1335,3.87,27.52,402.96,3.1375,0.5524512373153936,False,False
EXEC-001494,2025-09-21 12:00:00,PAYMENT_SYSTEM,CONSISTENCY_CHECK,CHECK_823,ON_DEMAND,SUCCESS,34196,1113,12.54,42.81,266.8,3.4464,1.6114883256410468,False,False
EXEC-001495,2025-10-15 22:00:00,CREDIT_BUREAU,FRESHNESS_CHECK,CHECK_102,DAILY,SKIPPED,823,0,6.31,3.78,378.23,4.2168,,False,False
EXEC-001496,2026-02-11 03:00:00,MOBILE_APP,REFERENTIAL_INTEGRITY,CHECK_163,HOURLY,SUCCESS,431,2,108.98,48.61,289.98,1.5306,0.8276862307738378,False,False
EXEC-001497,2025-09-03 07:00:00,CREDIT_BUREAU,COMPLETENESS_CHECK,CHECK_105,HOURLY,SUCCESS,1213104,1031,39.28,53.95,212.57,2.1091,0.5437805273610536,False,False
EXEC-001498,2025-12-02 17:00:00,MOBILE_APP,REFERENTIAL_INTEGRITY,CHECK_456,ON_DEMAND,SUCCESS,3557,28,2.19,10.84,287.36,4.196,0.8510130015348857,False,False
EXEC-001499,2026-01-02 05:00:00,CREDIT_BUREAU,FRESHNESS_CHECK,CHECK_301,DAILY,SUCCESS,9917,3,166.77,17.96,119.82,4.3332,0.689118119473972,False,False
EXEC-001500,2025-10-15 07:00:00,INTERNET_BANK,REFERENTIAL_INTEGRITY,CHECK_865,HOURLY,SUCCESS,13878,25,0.16,5.78,106.07,2.6932,1.946036238740245,False,False
EXEC-001501,2025-11-20 05:00:00,INTERNET_BANK,CONSISTENCY_CHECK,CHECK_265,ON_DEMAND,SUCCESS,74691,301,18.06,62.87,1091.9,1.6666,0.7032324948257139,False,False
EXEC-001502,2026-02-23 12:00:00,MOBILE_APP,COMPLETENESS_CHECK,CHECK_652,WEEKLY,SUCCESS,837,6996,2.03,20.53,1271.16,3.1634,0.64035111004476,False,False
EXEC-001503,2026-02-27 19:00:00,FRAUD_DETECTION,FORMAT_CHECK,CHECK_444,HOURLY,SUCCESS,9691,17,2.54,2.77,392.51,0.567,0.5046541101771349,False,False
EXEC-001504,2026-03-10 09:00:00,MOBILE_APP,SCHEMA_VALIDATION,CHECK_298,HOURLY,SUCCESS,581,156,4.09,18.37,579.1,3.2358,0.5859681664287247,False,False
EXEC-001505,2025-12-28 21:00:00,FRAUD_DETECTION,FRESHNESS_CHECK,CHECK_657,DAILY,SUCCESS,878,3,20.13,53.24,857.62,3.7891,1.8933431124633529,False,False
EXEC-001506,2026-01-16 06:00:00,PAYMENT_SYSTEM,NULL_CHECK,CHECK_505,HOURLY,SKIPPED,8286,0,0.35,15.11,534.21,0.941,,False,False
EXEC-001507,2025-10-26 13:00:00,CRM_CLIENTS,REFERENTIAL_INTEGRITY,CHECK_293,ON_DEMAND,FAILED,312156,10,6.39,20.76,3014.83,0.4642,1.1679693630719323,True,True
EXEC-001508,2025-10-17 17:00:00,LOAN_REGISTRY,COMPLETENESS_CHECK,CHECK_993,ON_DEMAND,SUCCESS,10363,175,5.03,32.74,205.69,1.5735,0.7548547097824622,False,False
EXEC-001509,2025-12-22 22:00:00,INTERNET_BANK,ACCURACY_CHECK,CHECK_198,HOURLY,SUCCESS,51,9,57.09,44.98,985.15,4.1218,2.206152322115286,False,False
EXEC-001510,2026-03-10 06:00:00,INTERNET_BANK,NULL_CHECK,CHECK_103,HOURLY,FAILED,5809,156,260.05,47.12,765.9,2.397,8.201956626776699,True,True
EXEC-001511,2026-01-25 03:00:00,FRAUD_DETECTION,FORMAT_CHECK,CHECK_429,DAILY,SUCCESS,6468,11,6.14,22.93,755.85,4.2884,3.6094736432565,False,False
EXEC-001512,2026-01-21 00:00:00,PAYMENT_SYSTEM,NULL_CHECK,CHECK_746,ON_DEMAND,SUCCESS,572921,197,13.45,21.64,593.09,0.9372,0.4804132447058007,False,False
EXEC-001513,2025-09-20 22:00:00,FRAUD_DETECTION,ACCURACY_CHECK,CHECK_147,ON_DEMAND,SUCCESS,2202,1362,224.15,24.51,1450.55,1.2074,0.4588518948251359,False,False
EXEC-001514,2025-12-20 17:00:00,CREDIT_BUREAU,SCHEMA_VALIDATION,CHECK_434,DAILY,FAILED,159,31,8.81,9.91,153.45,0.3875,0.9788013110913247,True,True
EXEC-001515,2026-02-20 20:00:00,SCORING_ENGINE,COMPLETENESS_CHECK,CHECK_929,ON_DEMAND,SUCCESS,83498,376,59.02,36.65,124.68,1.3672,0.7374948567240482,False,False
EXEC-001516,2026-01-20 19:00:00,LOAN_REGISTRY,RANGE_CHECK,CHECK_283,WEEKLY,SUCCESS,372,197,242.98,17.19,972.17,0.4316,0.317960074720563,False,False
EXEC-001517,2026-02-01 12:00:00,CRM_CLIENTS,DUPLICATE_CHECK,CHECK_376,WEEKLY,SUCCESS,569,1,3.91,36.42,112.94,2.0536,0.8171769233799228,False,False
EXEC-001518,2026-03-03 22:00:00,SCORING_ENGINE,RANGE_CHECK,CHECK_350,WEEKLY,FAILED,13104,5642,4.95,17.2,1407.76,0.3381,1.5305427202677926,True,True
EXEC-001519,2026-01-29 22:00:00,CRM_CLIENTS,SCHEMA_VALIDATION,CHECK_642,DAILY,SUCCESS,14764,3,50.36,24.02,160.27,3.3866,2.7875258764153683,False,False
EXEC-001520,2025-12-05 09:00:00,SCORING_ENGINE,DUPLICATE_CHECK,CHECK_340,HOURLY,TIMEOUT,6708,0,3.42,15.11,692.23,3.2991,,False,False
EXEC-001521,2025-12-11 22:00:00,FRAUD_DETECTION,SCHEMA_VALIDATION,CHECK_663,ON_DEMAND,SUCCESS,2524,838,1.98,11.39,332.41,0.7128,0.1799850633877023,False,False
EXEC-001522,2025-10-28 04:00:00,CREDIT_BUREAU,NULL_CHECK,CHECK_826,DAILY,SUCCESS,179767,36,14.15,17.08,167.24,0.0641,0.05269005392170108,False,False
EXEC-001523,2025-10-18 04:00:00,CRM_CLIENTS,COMPLETENESS_CHECK,CHECK_101,ON_DEMAND,SUCCESS,12039,296,1.14,16.93,146.02,3.9235,2.5439575981453695,False,False
EXEC-001524,2026-02-16 04:00:00,CRM_CLIENTS,SCHEMA_VALIDATION,CHECK_463,DAILY,SUCCESS,49500,2,4.44,55.88,696.85,3.4307,2.321355700150493,False,False
EXEC-001525,2025-12-25 07:00:00,MOBILE_APP,NULL_CHECK,CHECK_666,ON_DEMAND,SUCCESS,9687,14,21.69,53.58,370.67,2.1428,1.6514536000535243,False,False
EXEC-001526,2026-02-22 03:00:00,INTERNET_BANK,DUPLICATE_CHECK,CHECK_805,HOURLY,SUCCESS,89982,0,66.35,6.71,395.15,4.6866,2.8640582360999423,False,False
EXEC-001527,2025-12-25 03:00:00,LOAN_REGISTRY,SCHEMA_VALIDATION,CHECK_265,WEEKLY,FAILED,12993,287,13.13,15.56,138.39,3.0487,11.479370751791222,True,False
EXEC-001528,2025-12-05 10:00:00,INTERNET_BANK,NULL_CHECK,CHECK_527,HOURLY,FAILED,2740,0,3.14,29.67,2230.34,4.2713,10.11121107533262,True,True
EXEC-001529,2026-03-04 18:00:00,SCORING_ENGINE,RANGE_CHECK,CHECK_962,HOURLY,SUCCESS,789,2,65.73,51.12,346.52,3.4689,0.6976153968670578,False,False
EXEC-001530,2025-12-25 21:00:00,MOBILE_APP,DUPLICATE_CHECK,CHECK_929,DAILY,SUCCESS,5642,448,16.77,16.4,118.06,3.4004,0.34877968058806424,False,False
EXEC-001531,2026-01-23 00:00:00,CRM_CLIENTS,DUPLICATE_CHECK,CHECK_730,ON_DEMAND,SUCCESS,7388,24,3.46,29.72,121.63,1.4768,1.1741907394554838,False,False
EXEC-001532,2026-01-03 03:00:00,FRAUD_DETECTION,NULL_CHECK,CHECK_275,HOURLY,SUCCESS,139593,8,3.69,20.38,763.02,2.8121,2.5075569250589194,False,False
EXEC-001533,2025-12-18 07:00:00,CRM_CLIENTS,REFERENTIAL_INTEGRITY,CHECK_775,WEEKLY,SUCCESS,2363,43,2.74,19.03,15.04,1.5488,1.006290147073376,False,False
EXEC-001534,2025-12-08 07:00:00,SCORING_ENGINE,SCHEMA_VALIDATION,CHECK_897,HOURLY,SUCCESS,995,31793,6.92,42.62,644.98,1.0545,0.535631491878394,False,False
EXEC-001535,2025-10-31 16:00:00,CRM_CLIENTS,REFERENTIAL_INTEGRITY,CHECK_678,ON_DEMAND,SKIPPED,17463,0,26.87,28.37,102.67,0.2243,,False,False
EXEC-001536,2026-02-19 08:00:00,LOAN_REGISTRY,NULL_CHECK,CHECK_885,WEEKLY,SUCCESS,850,111,77.23,27.89,387.53,3.6348,2.6292198414324632,False,False
EXEC-001537,2025-10-14 23:00:00,INTERNET_BANK,FORMAT_CHECK,CHECK_726,ON_DEMAND,FAILED,486,1765296,17.75,19.27,169.92,1.5632,3.1129779436205895,True,True
EXEC-001538,2025-12-13 22:00:00,LOAN_REGISTRY,ACCURACY_CHECK,CHECK_163,WEEKLY,SUCCESS,51695,104,3.28,32.46,1158.8,4.7362,1.1133381652012964,False,False
EXEC-001539,2025-10-11 12:00:00,INTERNET_BANK,NULL_CHECK,CHECK_161,ON_DEMAND,SUCCESS,2568,1774,1.3,4.89,255.87,0.9025,0.44415557671923206,False,False
EXEC-001540,2025-09-29 07:00:00,CREDIT_BUREAU,SCHEMA_VALIDATION,CHECK_561,HOURLY,FAILED,4201,5,12.36,22.09,893.09,0.8655,1.4576735730936807,True,True
EXEC-001541,2026-01-25 03:00:00,SCORING_ENGINE,REFERENTIAL_INTEGRITY,CHECK_507,WEEKLY,SUCCESS,672,577,271.58,16.22,185.99,3.5861,3.163759509435118,False,False
EXEC-001542,2025-12-23 10:00:00,LOAN_REGISTRY,REFERENTIAL_INTEGRITY,CHECK_646,WEEKLY,SKIPPED,17903,0,2.22,25.34,1033.73,1.7832,,False,False
EXEC-001543,2025-09-09 16:00:00,LOAN_REGISTRY,RANGE_CHECK,CHECK_814,HOURLY,SUCCESS,50701,39,0.92,25.47,381.28,3.2885,2.2887288205236036,False,False
EXEC-001544,2025-10-17 11:00:00,FRAUD_DETECTION,CONSISTENCY_CHECK,CHECK_542,DAILY,SUCCESS,100682,6435,18.91,15.84,2102.39,3.7553,1.7961662475317477,False,False
EXEC-001545,2025-09-03 03:00:00,MOBILE_APP,COMPLETENESS_CHECK,CHECK_267,HOURLY,SUCCESS,756,373,2.64,42.56,289.62,2.9112,1.7354311630568902,False,False
EXEC-001546,2025-09-14 10:00:00,CREDIT_BUREAU,ACCURACY_CHECK,CHECK_942,WEEKLY,SUCCESS,31591,75,4.87,27.69,188.8,3.7418,0.886553565734511,False,False
EXEC-001547,2025-09-15 15:00:00,CREDIT_BUREAU,FRESHNESS_CHECK,CHECK_568,ON_DEMAND,SUCCESS,9300,5695,1.12,47.03,717.59,3.281,2.261037178046271,False,False
EXEC-001548,2025-10-24 05:00:00,FRAUD_DETECTION,NULL_CHECK,CHECK_874,ON_DEMAND,FAILED,4969,52,0.93,24.5,384.61,0.5206,1.2671853665035755,True,True
EXEC-001549,2025-12-14 17:00:00,INTERNET_BANK,FORMAT_CHECK,CHECK_546,DAILY,SUCCESS,2703,9,2.25,4.66,51.04,4.4947,2.7051077400960453,False,False
EXEC-001550,2026-01-06 03:00:00,MOBILE_APP,DUPLICATE_CHECK,CHECK_349,WEEKLY,TIMEOUT,1259,0,5.6,35.95,273.44,1.7774,,False,False
EXEC-001551,2025-11-18 08:00:00,SCORING_ENGINE,ACCURACY_CHECK,CHECK_978,WEEKLY,FAILED,1745,22,5.73,16.34,770.11,2.5489,10.137721815589673,True,True
EXEC-001552,2025-11-19 05:00:00,CREDIT_BUREAU,ACCURACY_CHECK,CHECK_332,WEEKLY,SKIPPED,2101,0,65.51,11.83,63.03,1.2535,,False,False
EXEC-001553,2025-09-25 19:00:00,INTERNET_BANK,SCHEMA_VALIDATION,CHECK_281,ON_DEMAND,SUCCESS,2187,434,1.19,27.07,775.1,3.0208,1.7907294840704597,False,False
EXEC-001554,2025-11-20 16:00:00,SCORING_ENGINE,RANGE_CHECK,CHECK_964,ON_DEMAND,SUCCESS,15025,226,6.82,32.86,1046.01,0.2428,0.18337649307263182,False,False
EXEC-001555,2025-10-15 18:00:00,MOBILE_APP,REFERENTIAL_INTEGRITY,CHECK_669,HOURLY,SUCCESS,545,12123,9.95,3.48,153.58,2.4837,0.9718619965728448,False,False
EXEC-001556,2025-10-10 12:00:00,CREDIT_BUREAU,DUPLICATE_CHECK,CHECK_311,DAILY,SUCCESS,63,99,5.65,58.45,58.95,4.0481,1.0596471669804304,False,False
EXEC-001557,2025-12-21 06:00:00,MOBILE_APP,CONSISTENCY_CHECK,CHECK_993,DAILY,SUCCESS,6429,105,3.98,37.93,37.73,0.5938,0.5293258126924796,False,False
EXEC-001558,2025-12-18 07:00:00,SCORING_ENGINE,RANGE_CHECK,CHECK_613,WEEKLY,SUCCESS,3139,456,6.88,39.7,2048.52,4.9852,1.5044444857087076,False,False
EXEC-001559,2025-09-24 15:00:00,CRM_CLIENTS,SCHEMA_VALIDATION,CHECK_724,HOURLY,SKIPPED,30776,0,16.08,34.49,530.05,4.8391,,False,False
EXEC-001560,2025-11-11 02:00:00,FRAUD_DETECTION,FRESHNESS_CHECK,CHECK_494,ON_DEMAND,SUCCESS,328,141,5.4,40.98,94.06,3.9902,1.3361922185633666,False,False
EXEC-001561,2025-09-02 21:00:00,FRAUD_DETECTION,DUPLICATE_CHECK,CHECK_789,DAILY,FAILED,561119,50,2.38,24.87,437.36,3.6026,9.334900796849126,True,True
EXEC-001562,2025-12-20 14:00:00,FRAUD_DETECTION,RANGE_CHECK,CHECK_908,DAILY,TIMEOUT,1301,0,7.39,23.03,680.9,3.6657,,False,False
EXEC-001563,2025-12-26 00:00:00,SCORING_ENGINE,FORMAT_CHECK,CHECK_308,ON_DEMAND,SUCCESS,642,1942,1.92,23.83,463.61,0.6416,0.28680392820770395,False,False
EXEC-001564,2026-02-12 00:00:00,INTERNET_BANK,FRESHNESS_CHECK,CHECK_319,WEEKLY,SUCCESS,8745,38,6.52,27.01,52.19,3.5191,1.2570544678851903,False,False
EXEC-001565,2025-09-12 12:00:00,SCORING_ENGINE,ACCURACY_CHECK,CHECK_934,ON_DEMAND,SUCCESS,280,30,2.22,11.27,394.99,1.9506,1.0943472800062624,False,False
EXEC-001566,2026-02-26 02:00:00,MOBILE_APP,REFERENTIAL_INTEGRITY,CHECK_595,ON_DEMAND,SUCCESS,984,2951,9.02,21.85,245.5,3.4544,1.7544171950643503,False,False
EXEC-001567,2025-11-09 15:00:00,CREDIT_BUREAU,REFERENTIAL_INTEGRITY,CHECK_517,DAILY,SUCCESS,12865,66,47.17,27.75,125.9,2.1779,0.6009088204170786,False,False
EXEC-001568,2026-01-24 07:00:00,LOAN_REGISTRY,DUPLICATE_CHECK,CHECK_864,WEEKLY,SUCCESS,13405,9009,1.92,23.12,629.88,1.2429,0.552682408423649,False,False
EXEC-001569,2026-03-09 15:00:00,LOAN_REGISTRY,RANGE_CHECK,CHECK_185,HOURLY,SKIPPED,13052,0,0.69,62.79,1996.65,4.2464,,False,False
EXEC-001570,2025-11-02 04:00:00,PAYMENT_SYSTEM,REFERENTIAL_INTEGRITY,CHECK_617,ON_DEMAND,SUCCESS,5076,0,29.34,47.79,107.17,1.1534,0.5180657435767457,False,False
EXEC-001571,2025-10-05 06:00:00,FRAUD_DETECTION,SCHEMA_VALIDATION,CHECK_444,DAILY,SUCCESS,465,2,25.87,15.43,527.35,0.3449,0.17337489838022355,False,False
EXEC-001572,2025-12-06 21:00:00,LOAN_REGISTRY,FORMAT_CHECK,CHECK_750,ON_DEMAND,SUCCESS,28114,773,10.13,19.6,227.13,1.3762,0.741592304482964,False,False
EXEC-001573,2025-12-13 12:00:00,LOAN_REGISTRY,CONSISTENCY_CHECK,CHECK_216,WEEKLY,FAILED,5598,12,2.68,40.6,277.31,4.3639,16.274405833535695,True,True
EXEC-001574,2025-12-07 01:00:00,FRAUD_DETECTION,FRESHNESS_CHECK,CHECK_746,WEEKLY,TIMEOUT,28011,0,73.68,33.19,169.16,1.5162,,False,False
EXEC-001575,2026-02-25 10:00:00,CRM_CLIENTS,ACCURACY_CHECK,CHECK_655,DAILY,SUCCESS,28374,117,17.36,28.61,280.65,2.902,1.6396372259722747,False,False
EXEC-001576,2026-02-27 03:00:00,SCORING_ENGINE,NULL_CHECK,CHECK_930,HOURLY,FAILED,69870,766,1.47,11.98,1204.03,4.1313,19.143334819729745,True,True
EXEC-001577,2026-01-09 18:00:00,CRM_CLIENTS,FRESHNESS_CHECK,CHECK_868,ON_DEMAND,FAILED,31178,942,2.66,15.61,212.88,1.7041,8.355979506404296,True,True
EXEC-001578,2026-01-10 16:00:00,MOBILE_APP,DUPLICATE_CHECK,CHECK_947,ON_DEMAND,SUCCESS,1292,0,5.0,14.76,269.45,3.0725,0.5725850237672303,False,False
EXEC-001579,2026-02-15 11:00:00,INTERNET_BANK,COMPLETENESS_CHECK,CHECK_886,ON_DEMAND,SUCCESS,19529,21,47.84,37.51,792.1,3.905,1.1492181232380536,False,False
EXEC-001580,2025-10-20 04:00:00,CRM_CLIENTS,RANGE_CHECK,CHECK_512,WEEKLY,SUCCESS,2350,1509,4.39,33.81,339.13,2.0612,0.7747524022070933,False,False
EXEC-001581,2026-02-18 12:00:00,INTERNET_BANK,REFERENTIAL_INTEGRITY,CHECK_281,HOURLY,SUCCESS,44903,9,0.4,26.81,158.64,1.5126,0.6766680502470684,False,False
EXEC-001582,2025-11-15 19:00:00,PAYMENT_SYSTEM,SCHEMA_VALIDATION,CHECK_507,WEEKLY,SKIPPED,327,0,0.86,15.68,621.72,1.1537,,False,False
EXEC-001583,2026-01-23 09:00:00,FRAUD_DETECTION,RANGE_CHECK,CHECK_565,HOURLY,SUCCESS,98658,4,3.27,8.04,71.9,2.9662,2.0490690636985054,False,False
EXEC-001584,2026-02-01 06:00:00,CRM_CLIENTS,COMPLETENESS_CHECK,CHECK_207,ON_DEMAND,FAILED,282,557,4.71,10.13,530.29,2.5353,10.499911140293039,True,True
EXEC-001585,2026-01-29 13:00:00,CRM_CLIENTS,REFERENTIAL_INTEGRITY,CHECK_353,ON_DEMAND,SUCCESS,910,252,1.39,18.27,3807.44,3.0458,1.3602717677240956,False,False
EXEC-001586,2025-12-09 21:00:00,CRM_CLIENTS,FORMAT_CHECK,CHECK_544,DAILY,TIMEOUT,437731,0,789.98,56.22,65.25,1.3283,,False,False
EXEC-001587,2026-01-20 01:00:00,CRM_CLIENTS,COMPLETENESS_CHECK,CHECK_665,DAILY,SUCCESS,13460,3,76.97,20.44,651.45,3.9082,1.1139962373893937,False,False
EXEC-001588,2025-10-22 02:00:00,CREDIT_BUREAU,REFERENTIAL_INTEGRITY,CHECK_412,WEEKLY,SUCCESS,19462,114,80.89,26.47,265.69,1.9083,1.3122917360567024,False,False
EXEC-001589,2025-09-03 04:00:00,PAYMENT_SYSTEM,NULL_CHECK,CHECK_895,HOURLY,SUCCESS,1758,7,18.14,18.21,6489.31,4.2808,1.598113352349477,False,False
EXEC-001590,2025-10-15 06:00:00,PAYMENT_SYSTEM,SCHEMA_VALIDATION,CHECK_211,WEEKLY,SUCCESS,13618,433,1.24,25.02,197.42,1.1021,0.9080158331914443,False,False
EXEC-001591,2026-01-04 00:00:00,CREDIT_BUREAU,ACCURACY_CHECK,CHECK_100,WEEKLY,FAILED,713,21,39.32,43.36,372.45,4.9824,19.08784209950942,True,True
EXEC-001592,2026-02-23 21:00:00,CREDIT_BUREAU,REFERENTIAL_INTEGRITY,CHECK_176,DAILY,SUCCESS,123224,52,19.22,35.79,137.94,1.7073,1.3693410930671963,False,False
EXEC-001593,2025-10-28 05:00:00,FRAUD_DETECTION,CONSISTENCY_CHECK,CHECK_294,WEEKLY,SUCCESS,14126,14,18.26,51.27,581.96,0.5239,0.43755095774170893,False,False
EXEC-001594,2026-01-04 21:00:00,CRM_CLIENTS,DUPLICATE_CHECK,CHECK_258,WEEKLY,SUCCESS,23119,140,115.9,2.62,65.31,0.223,0.045384233622985715,False,False
EXEC-001595,2025-12-08 06:00:00,LOAN_REGISTRY,SCHEMA_VALIDATION,CHECK_779,ON_DEMAND,TIMEOUT,548,0,0.19,46.35,297.73,3.0275,,False,False
EXEC-001596,2025-11-11 09:00:00,CRM_CLIENTS,SCHEMA_VALIDATION,CHECK_617,ON_DEMAND,FAILED,24671,1,3.35,26.59,541.41,2.2115,8.781230609572255,True,True
EXEC-001597,2025-09-24 18:00:00,MOBILE_APP,RANGE_CHECK,CHECK_910,ON_DEMAND,SUCCESS,39900,21,8.23,37.54,808.61,2.9228,1.3558639039852831,False,False
EXEC-001598,2026-02-27 11:00:00,FRAUD_DETECTION,DUPLICATE_CHECK,CHECK_260,DAILY,SUCCESS,13683,5,41.4,31.11,575.85,0.858,0.6759445721139268,False,False
EXEC-001599,2025-11-14 13:00:00,CREDIT_BUREAU,REFERENTIAL_INTEGRITY,CHECK_305,ON_DEMAND,SUCCESS,7042,1,4.56,39.22,334.08,1.8899,1.482161592039612,False,False
EXEC-001600,2025-10-30 00:00:00,LOAN_REGISTRY,DUPLICATE_CHECK,CHECK_331,ON_DEMAND,SUCCESS,539,283,14.1,26.31,55.51,2.1967,0.921338150205828,False,False
EXEC-001601,2026-03-05 11:00:00,FRAUD_DETECTION,DUPLICATE_CHECK,CHECK_834,ON_DEMAND,FAILED,17144,3,7.01,13.12,2010.84,1.9091,3.8202927119215557,True,True
EXEC-001602,2025-10-07 03:00:00,CREDIT_BUREAU,CONSISTENCY_CHECK,CHECK_723,HOURLY,SUCCESS,2672,1,9.3,10.5,234.09,4.3191,0.9258630755944265,False,False
EXEC-001603,2025-10-16 15:00:00,FRAUD_DETECTION,FORMAT_CHECK,CHECK_256,HOURLY,SUCCESS,43928,16,23.08,40.82,148.92,3.3029,2.42060036300054,False,False
EXEC-001604,2025-11-04 23:00:00,CRM_CLIENTS,RANGE_CHECK,CHECK_201,WEEKLY,SUCCESS,5966,3425,6.7,65.96,374.37,4.0253,2.088224490319835,False,False
EXEC-001605,2025-09-22 11:00:00,MOBILE_APP,RANGE_CHECK,CHECK_789,ON_DEMAND,SUCCESS,9014,5,9.94,37.35,232.25,3.4861,1.2742117778846773,False,False
EXEC-001606,2025-10-14 02:00:00,SCORING_ENGINE,CONSISTENCY_CHECK,CHECK_653,ON_DEMAND,FAILED,42838,1,32.77,9.78,213.19,4.9324,19.976318888496326,True,True
EXEC-001607,2025-11-08 07:00:00,SCORING_ENGINE,NULL_CHECK,CHECK_969,WEEKLY,FAILED,4611,27401,10.32,51.13,151.24,4.085,12.501068264314123,True,True
EXEC-001608,2025-10-19 21:00:00,CREDIT_BUREAU,CONSISTENCY_CHECK,CHECK_620,WEEKLY,SUCCESS,1813,38,1.01,11.72,274.4,4.9159,3.636450120906194,False,False
EXEC-001609,2025-09-03 10:00:00,MOBILE_APP,FRESHNESS_CHECK,CHECK_848,ON_DEMAND,SUCCESS,9376,2470,3.08,30.24,961.26,3.9587,1.1881495947608187,False,False
EXEC-001610,2025-12-14 01:00:00,INTERNET_BANK,RANGE_CHECK,CHECK_329,DAILY,FAILED,50710,0,77.63,9.69,538.17,2.0729,4.626426394259151,True,True
EXEC-001611,2025-10-02 14:00:00,CRM_CLIENTS,FORMAT_CHECK,CHECK_457,WEEKLY,SUCCESS,2617,1,22.61,22.0,513.79,0.6701,0.11199945187292729,False,False
EXEC-001612,2025-09-21 03:00:00,PAYMENT_SYSTEM,NULL_CHECK,CHECK_291,WEEKLY,SUCCESS,10203,3985,138.7,79.75,619.74,1.9181,0.4038306092335736,False,False
EXEC-001613,2026-01-07 17:00:00,CREDIT_BUREAU,FRESHNESS_CHECK,CHECK_572,ON_DEMAND,SUCCESS,21813,18,139.68,20.11,376.14,4.6039,3.664165997384865,False,False
EXEC-001614,2025-09-03 18:00:00,LOAN_REGISTRY,FRESHNESS_CHECK,CHECK_854,DAILY,SUCCESS,11837,0,8.8,40.91,1410.19,2.4366,0.7106897712516831,False,False
EXEC-001615,2025-10-01 16:00:00,MOBILE_APP,COMPLETENESS_CHECK,CHECK_714,ON_DEMAND,TIMEOUT,117997,0,8.82,22.91,281.04,1.6261,,False,False
EXEC-001616,2026-02-25 08:00:00,CREDIT_BUREAU,NULL_CHECK,CHECK_845,ON_DEMAND,SUCCESS,2634,0,18.77,32.77,1388.49,2.5413,1.034581828225521,False,False
EXEC-001617,2025-11-23 12:00:00,PAYMENT_SYSTEM,RANGE_CHECK,CHECK_976,HOURLY,SUCCESS,38506,16,1.56,19.15,207.97,3.9455,2.1891291309675474,False,False
EXEC-001618,2026-01-20 18:00:00,LOAN_REGISTRY,SCHEMA_VALIDATION,CHECK_164,ON_DEMAND,SUCCESS,31647,12,14.11,22.36,530.09,3.1264,0.6171340374325709,False,False
EXEC-001619,2025-11-29 13:00:00,CREDIT_BUREAU,FORMAT_CHECK,CHECK_641,ON_DEMAND,SUCCESS,232189,29,31.49,46.36,520.8,2.6395,1.1871489304577008,False,False
EXEC-001620,2026-02-15 02:00:00,CRM_CLIENTS,RANGE_CHECK,CHECK_588,ON_DEMAND,SUCCESS,789,72,8.01,26.04,189.56,4.9031,3.987888602468338,False,False
EXEC-001621,2025-10-25 15:00:00,MOBILE_APP,CONSISTENCY_CHECK,CHECK_433,WEEKLY,TIMEOUT,6316,0,1.68,25.06,1265.49,2.9894,,False,False
EXEC-001622,2025-11-09 14:00:00,SCORING_ENGINE,ACCURACY_CHECK,CHECK_825,ON_DEMAND,SUCCESS,5488,7577,4.64,33.14,540.47,0.6665,0.4051887393781233,False,False
EXEC-001623,2026-03-08 16:00:00,SCORING_ENGINE,COMPLETENESS_CHECK,CHECK_882,WEEKLY,SUCCESS,65271,249,9.04,9.42,1557.31,3.9378,0.7652352694365534,False,False
EXEC-001624,2026-02-06 02:00:00,FRAUD_DETECTION,RANGE_CHECK,CHECK_853,ON_DEMAND,SUCCESS,2286,209,0.82,20.77,230.6,0.8527,0.45262675541129244,False,False
EXEC-001625,2025-12-27 18:00:00,SCORING_ENGINE,DUPLICATE_CHECK,CHECK_817,HOURLY,FAILED,1648,41,4.51,9.48,228.95,4.2741,7.3721607082604725,True,True
EXEC-001626,2025-09-09 06:00:00,LOAN_REGISTRY,CONSISTENCY_CHECK,CHECK_120,HOURLY,SUCCESS,306674,393,18.34,18.14,226.53,1.0723,0.7777208599420233,False,False
EXEC-001627,2026-03-01 18:00:00,SCORING_ENGINE,REFERENTIAL_INTEGRITY,CHECK_515,HOURLY,SUCCESS,848,23,22.29,66.0,249.17,4.5583,2.334332069962489,False,False
EXEC-001628,2025-10-27 08:00:00,CREDIT_BUREAU,RANGE_CHECK,CHECK_593,WEEKLY,SUCCESS,105,11,3.8,12.41,1164.95,3.548,1.8210470604905518,False,False
EXEC-001629,2026-02-08 23:00:00,SCORING_ENGINE,REFERENTIAL_INTEGRITY,CHECK_604,WEEKLY,SUCCESS,686758,263,3.4,57.26,165.16,3.908,3.000308775708797,False,False
EXEC-001630,2026-01-16 21:00:00,SCORING_ENGINE,ACCURACY_CHECK,CHECK_494,WEEKLY,SUCCESS,303252,27,8.72,27.85,382.45,4.8392,0.8807112022748084,False,False
EXEC-001631,2026-02-25 01:00:00,PAYMENT_SYSTEM,ACCURACY_CHECK,CHECK_197,HOURLY,SUCCESS,1372129,11,7.94,67.54,441.11,1.4477,0.5123242071870966,False,False
EXEC-001632,2025-09-30 17:00:00,PAYMENT_SYSTEM,ACCURACY_CHECK,CHECK_766,DAILY,SUCCESS,5155,67,41.77,42.39,182.43,1.7211,1.5444008085829704,False,False
EXEC-001633,2026-02-03 15:00:00,MOBILE_APP,ACCURACY_CHECK,CHECK_144,DAILY,SUCCESS,18911,830,11.0,20.05,473.68,2.6425,2.0046336751619167,False,False
EXEC-001634,2025-10-31 09:00:00,PAYMENT_SYSTEM,FORMAT_CHECK,CHECK_532,WEEKLY,SUCCESS,437,1,4.36,12.68,1597.74,2.8875,0.8803944628695727,False,False
EXEC-001635,2025-11-01 16:00:00,INTERNET_BANK,COMPLETENESS_CHECK,CHECK_873,HOURLY,SKIPPED,7414,0,0.04,5.11,512.43,2.8086,,False,False
EXEC-001636,2025-12-29 11:00:00,INTERNET_BANK,DUPLICATE_CHECK,CHECK_744,HOURLY,SUCCESS,11278,16,13.43,10.5,928.84,3.2111,2.160762843953615,False,False
EXEC-001637,2026-02-11 20:00:00,LOAN_REGISTRY,NULL_CHECK,CHECK_840,ON_DEMAND,SUCCESS,25804,37,5.48,20.14,3040.84,4.6208,1.493955478723294,False,False
EXEC-001638,2026-02-06 11:00:00,MOBILE_APP,SCHEMA_VALIDATION,CHECK_479,ON_DEMAND,SUCCESS,14380,42,4.77,56.8,135.5,1.2172,0.9168586514551527,False,False
EXEC-001639,2025-12-19 12:00:00,MOBILE_APP,CONSISTENCY_CHECK,CHECK_945,HOURLY,SUCCESS,13272,0,18.34,61.21,1517.53,0.4866,0.3532749535479385,False,False
EXEC-001640,2025-11-28 20:00:00,LOAN_REGISTRY,REFERENTIAL_INTEGRITY,CHECK_695,DAILY,SUCCESS,14033,162,2.26,22.19,221.22,0.4535,0.32647822215366923,False,False
EXEC-001641,2026-01-02 23:00:00,CREDIT_BUREAU,RANGE_CHECK,CHECK_271,WEEKLY,FAILED,6034,28,0.43,7.39,469.77,2.2969,7.037560007425483,True,True
EXEC-001642,2026-03-11 20:00:00,CRM_CLIENTS,REFERENTIAL_INTEGRITY,CHECK_106,WEEKLY,SUCCESS,6648,4,6.76,33.19,183.58,2.4147,0.34968089737640223,False,False
EXEC-001643,2025-11-30 16:00:00,LOAN_REGISTRY,COMPLETENESS_CHECK,CHECK_750,HOURLY,SUCCESS,26514,2,1.29,41.01,242.74,4.9494,4.135006191135859,False,False
EXEC-001644,2026-02-13 03:00:00,CRM_CLIENTS,COMPLETENESS_CHECK,CHECK_651,WEEKLY,SUCCESS,3250,38,10.98,33.38,284.4,0.6518,0.48975106336252444,False,False
EXEC-001645,2025-10-17 07:00:00,FRAUD_DETECTION,ACCURACY_CHECK,CHECK_635,HOURLY,SUCCESS,4140,14436,5.14,27.65,521.04,1.6693,0.6143090402129727,False,False
EXEC-001646,2026-01-08 08:00:00,FRAUD_DETECTION,RANGE_CHECK,CHECK_202,DAILY,SUCCESS,78400,139,1.27,52.89,166.89,3.8227,1.9100683336030413,False,False
EXEC-001647,2025-10-23 19:00:00,CREDIT_BUREAU,COMPLETENESS_CHECK,CHECK_976,ON_DEMAND,SUCCESS,178459,581,2.92,3.06,1746.2,0.8324,0.6232044929478219,False,False
EXEC-001648,2025-09-12 03:00:00,CREDIT_BUREAU,CONSISTENCY_CHECK,CHECK_769,WEEKLY,SUCCESS,65018,4,15.3,48.35,2590.25,4.3041,3.859751031484558,False,False
EXEC-001649,2025-12-21 01:00:00,MOBILE_APP,RANGE_CHECK,CHECK_932,WEEKLY,SUCCESS,85073,217,1.94,28.31,214.82,1.5626,1.3467922044994816,False,False
EXEC-001650,2025-10-19 14:00:00,PAYMENT_SYSTEM,FORMAT_CHECK,CHECK_372,WEEKLY,SUCCESS,284190,18,0.94,42.34,259.91,0.0342,0.020324416616777963,False,False
EXEC-001651,2025-10-01 19:00:00,SCORING_ENGINE,RANGE_CHECK,CHECK_353,DAILY,FAILED,3409,856,16.6,1.85,1258.34,2.0239,4.346070863219495,True,True
EXEC-001652,2026-02-22 09:00:00,CREDIT_BUREAU,COMPLETENESS_CHECK,CHECK_888,HOURLY,SUCCESS,66292,0,32.05,37.52,557.07,1.6416,0.8446605546006857,False,False
EXEC-001653,2026-02-02 19:00:00,PAYMENT_SYSTEM,RANGE_CHECK,CHECK_176,WEEKLY,SUCCESS,636,5,1.89,37.6,142.4,3.4316,0.9701485849754496,False,False
EXEC-001654,2026-01-09 12:00:00,CRM_CLIENTS,REFERENTIAL_INTEGRITY,CHECK_736,DAILY,SUCCESS,563,2,17.57,22.55,206.69,2.3232,0.8896016196367931,False,False
EXEC-001655,2026-03-09 00:00:00,LOAN_REGISTRY,SCHEMA_VALIDATION,CHECK_230,WEEKLY,SUCCESS,15888,1,35.12,30.39,391.48,1.045,0.13402869770923445,False,False
EXEC-001656,2025-11-22 07:00:00,MOBILE_APP,CONSISTENCY_CHECK,CHECK_578,ON_DEMAND,FAILED,5520,0,2.83,37.27,613.06,0.9675,3.5700961955750916,True,True
EXEC-001657,2025-10-05 21:00:00,LOAN_REGISTRY,ACCURACY_CHECK,CHECK_721,HOURLY,SUCCESS,31945,88,8.59,44.29,94.05,3.3083,1.9861616749054012,False,False
EXEC-001658,2026-01-12 23:00:00,CRM_CLIENTS,RANGE_CHECK,CHECK_555,DAILY,SUCCESS,1290,2298,11.81,62.56,129.29,3.4587,1.2320966624482683,False,False
EXEC-001659,2025-09-19 02:00:00,MOBILE_APP,SCHEMA_VALIDATION,CHECK_519,DAILY,SUCCESS,71221,14,11.98,15.22,738.61,4.0955,1.6245570603060593,False,False
EXEC-001660,2026-03-07 12:00:00,FRAUD_DETECTION,RANGE_CHECK,CHECK_219,WEEKLY,SUCCESS,41818,4,4.13,28.72,547.52,4.8811,1.4457356834616129,False,False
EXEC-001661,2025-11-02 00:00:00,PAYMENT_SYSTEM,CONSISTENCY_CHECK,CHECK_571,DAILY,SUCCESS,3000,2497,2.36,24.3,662.42,2.6836,0.40496190426207745,False,False
EXEC-001662,2026-01-29 00:00:00,CRM_CLIENTS,COMPLETENESS_CHECK,CHECK_615,WEEKLY,SUCCESS,11587,0,25.53,38.1,146.22,4.0769,2.884281705169435,False,False
EXEC-001663,2025-10-12 06:00:00,FRAUD_DETECTION,DUPLICATE_CHECK,CHECK_811,HOURLY,SUCCESS,2349,1881,208.7,19.38,609.49,0.767,0.36488706360707884,False,False
EXEC-001664,2026-02-08 00:00:00,PAYMENT_SYSTEM,FORMAT_CHECK,CHECK_213,HOURLY,SUCCESS,908,6128,5.14,30.56,1455.73,0.8391,0.7004265454346857,False,False
EXEC-001665,2025-10-30 22:00:00,CRM_CLIENTS,FRESHNESS_CHECK,CHECK_460,DAILY,SUCCESS,16280,14,5.98,12.24,309.49,3.837,0.9108244491001366,False,False
EXEC-001666,2025-09-22 14:00:00,LOAN_REGISTRY,CONSISTENCY_CHECK,CHECK_707,ON_DEMAND,SUCCESS,255,2,1.89,54.86,899.88,0.3715,0.32147250283723805,False,False
EXEC-001667,2026-02-04 01:00:00,INTERNET_BANK,ACCURACY_CHECK,CHECK_529,DAILY,SUCCESS,13773,6,4.5,49.89,167.31,3.5845,2.2909571925073995,False,False
EXEC-001668,2025-11-13 09:00:00,SCORING_ENGINE,DUPLICATE_CHECK,CHECK_693,HOURLY,SUCCESS,557,25017,1.0,27.26,139.28,0.8301,0.4753288791808469,False,False
EXEC-001669,2025-11-07 16:00:00,SCORING_ENGINE,SCHEMA_VALIDATION,CHECK_973,HOURLY,SUCCESS,23391,4115,449.86,38.17,47.65,1.247,1.1024862597890548,False,False
EXEC-001670,2026-01-30 04:00:00,LOAN_REGISTRY,RANGE_CHECK,CHECK_646,ON_DEMAND,SUCCESS,721,1243,1.06,4.13,2049.61,1.3515,0.26820969532945776,False,False
EXEC-001671,2025-11-14 03:00:00,CREDIT_BUREAU,SCHEMA_VALIDATION,CHECK_758,ON_DEMAND,SUCCESS,4517,1,3.12,20.64,247.68,4.2788,2.342858929933969,False,False
EXEC-001672,2026-03-12 16:00:00,CREDIT_BUREAU,ACCURACY_CHECK,CHECK_352,HOURLY,FAILED,1548,3,3.16,62.77,1641.84,0.874,1.9348681272312758,True,True
EXEC-001673,2025-11-03 12:00:00,SCORING_ENGINE,CONSISTENCY_CHECK,CHECK_654,WEEKLY,SUCCESS,7940,0,1.1,37.65,184.62,0.8051,0.6424793881770463,False,False
EXEC-001674,2025-09-10 23:00:00,CRM_CLIENTS,FRESHNESS_CHECK,CHECK_809,WEEKLY,SUCCESS,174931,0,62.65,15.69,392.24,0.3199,0.23938983177980072,False,False
EXEC-001675,2025-12-21 05:00:00,INTERNET_BANK,NULL_CHECK,CHECK_406,DAILY,SUCCESS,6253,57988,10.11,25.05,789.29,4.9301,2.673107988752076,False,False
EXEC-001676,2025-11-02 01:00:00,MOBILE_APP,FRESHNESS_CHECK,CHECK_458,HOURLY,SUCCESS,22642,12,10.69,35.25,1385.73,2.7337,0.7573425562868232,False,False
EXEC-001677,2025-10-29 21:00:00,LOAN_REGISTRY,NULL_CHECK,CHECK_776,DAILY,FAILED,11242,9,4.03,5.98,698.96,3.0948,8.499202257117203,True,True
EXEC-001678,2025-10-23 23:00:00,LOAN_REGISTRY,NULL_CHECK,CHECK_609,WEEKLY,SUCCESS,12893,3,37.8,17.69,225.6,4.4758,1.4311235226119683,False,False
EXEC-001679,2026-03-13 11:00:00,SCORING_ENGINE,DUPLICATE_CHECK,CHECK_282,HOURLY,TIMEOUT,5874,0,4.08,20.43,128.14,0.6324,,False,False
EXEC-001680,2025-11-13 01:00:00,SCORING_ENGINE,FRESHNESS_CHECK,CHECK_852,HOURLY,SUCCESS,207172,2,27.47,10.36,1024.08,0.6758,0.2731145477557389,False,False
EXEC-001681,2026-01-19 14:00:00,MOBILE_APP,CONSISTENCY_CHECK,CHECK_791,ON_DEMAND,SUCCESS,168,55,1.09,30.87,245.1,1.5495,0.29454232773824635,False,False
EXEC-001682,2025-10-29 10:00:00,LOAN_REGISTRY,FRESHNESS_CHECK,CHECK_117,DAILY,SUCCESS,8368,3590,45.93,21.29,301.26,0.3119,0.25770623974256046,False,False
EXEC-001683,2025-10-05 09:00:00,CRM_CLIENTS,SCHEMA_VALIDATION,CHECK_833,WEEKLY,SUCCESS,6568,34,3.43,18.71,384.98,4.9846,1.992696144238431,False,False
EXEC-001684,2026-01-24 18:00:00,FRAUD_DETECTION,FORMAT_CHECK,CHECK_941,WEEKLY,SUCCESS,11043,12,34.62,10.25,126.84,3.6887,2.5333025898966355,False,False
EXEC-001685,2025-12-21 14:00:00,MOBILE_APP,RANGE_CHECK,CHECK_849,ON_DEMAND,SUCCESS,118947,21,2.16,45.85,86.34,4.1001,1.9473550907293173,False,False
EXEC-001686,2025-09-26 17:00:00,MOBILE_APP,SCHEMA_VALIDATION,CHECK_254,ON_DEMAND,SUCCESS,150,1765769,13.41,24.66,463.03,4.5245,1.0111142936142288,False,False
EXEC-001687,2025-12-13 11:00:00,CRM_CLIENTS,REFERENTIAL_INTEGRITY,CHECK_818,HOURLY,SUCCESS,1344,11,22.31,66.29,1283.89,3.8087,2.703945635960449,False,False
EXEC-001688,2025-11-20 15:00:00,CRM_CLIENTS,RANGE_CHECK,CHECK_500,DAILY,SUCCESS,1309,1228,22.54,29.74,244.15,1.8975,0.6704115967499275,False,False
EXEC-001689,2026-03-08 19:00:00,FRAUD_DETECTION,NULL_CHECK,CHECK_485,HOURLY,SUCCESS,89272,52,4.4,22.07,266.52,0.1683,0.09411566148392796,False,False
EXEC-001690,2026-03-07 22:00:00,CRM_CLIENTS,DUPLICATE_CHECK,CHECK_477,ON_DEMAND,SUCCESS,2826,16,29.47,31.52,1923.71,0.4261,0.3475005418006747,False,False
EXEC-001691,2025-10-20 02:00:00,CRM_CLIENTS,FRESHNESS_CHECK,CHECK_812,HOURLY,SUCCESS,14823,30124,1.72,27.56,927.28,0.1274,0.10223740235149714,False,False
EXEC-001692,2025-11-20 17:00:00,INTERNET_BANK,REFERENTIAL_INTEGRITY,CHECK_941,WEEKLY,SUCCESS,1363,136,7.09,21.76,622.51,4.5206,0.6766550527073075,False,False
EXEC-001693,2025-10-27 20:00:00,LOAN_REGISTRY,FORMAT_CHECK,CHECK_508,ON_DEMAND,SUCCESS,8903,86,44.76,0.6,384.12,2.3777,1.792650396767512,False,False
EXEC-001694,2025-12-20 23:00:00,FRAUD_DETECTION,COMPLETENESS_CHECK,CHECK_646,WEEKLY,SUCCESS,10740,62,20.72,43.79,127.86,4.9915,1.274497111050127,False,False
EXEC-001695,2026-01-03 03:00:00,FRAUD_DETECTION,SCHEMA_VALIDATION,CHECK_493,HOURLY,SUCCESS,609822,244,2.62,14.74,22.77,1.9471,1.0986000882693225,False,False
EXEC-001696,2025-11-23 11:00:00,INTERNET_BANK,SCHEMA_VALIDATION,CHECK_882,WEEKLY,SUCCESS,340,1595,504.59,15.46,733.67,2.027,0.5616276425579618,False,False
EXEC-001697,2026-03-04 09:00:00,CREDIT_BUREAU,CONSISTENCY_CHECK,CHECK_274,ON_DEMAND,SUCCESS,5831,0,23.1,40.14,708.39,1.0768,0.4023067151858066,False,False
EXEC-001698,2025-11-09 08:00:00,INTERNET_BANK,RANGE_CHECK,CHECK_726,WEEKLY,SUCCESS,1480,716,58.23,5.8,120.03,1.6434,1.068747479831132,False,False
EXEC-001699,2025-12-19 07:00:00,CRM_CLIENTS,NULL_CHECK,CHECK_990,DAILY,SUCCESS,3838,13,2.82,9.4,86.38,1.6418,0.18870685465492273,False,False
EXEC-001700,2026-03-09 18:00:00,PAYMENT_SYSTEM,COMPLETENESS_CHECK,CHECK_462,DAILY,TIMEOUT,1968,0,27.72,13.83,476.8,4.898,,False,False
EXEC-001701,2025-12-15 03:00:00,FRAUD_DETECTION,FORMAT_CHECK,CHECK_688,DAILY,SUCCESS,72229,14,1.95,35.37,704.6,0.7574,0.6496413597172606,False,False
EXEC-001702,2025-12-01 01:00:00,SCORING_ENGINE,DUPLICATE_CHECK,CHECK_949,DAILY,TIMEOUT,3343,0,18.37,11.85,391.93,4.7146,,False,False
EXEC-001703,2026-01-21 15:00:00,FRAUD_DETECTION,ACCURACY_CHECK,CHECK_196,ON_DEMAND,FAILED,249,13,15.79,22.29,539.75,4.6728,19.581550313885998,True,True
EXEC-001704,2025-10-12 16:00:00,CREDIT_BUREAU,FORMAT_CHECK,CHECK_241,ON_DEMAND,SUCCESS,4579,482,20.21,54.01,225.14,3.1349,2.5934326718780603,False,False
EXEC-001705,2026-02-14 22:00:00,SCORING_ENGINE,COMPLETENESS_CHECK,CHECK_431,DAILY,SUCCESS,143032,796,1.21,30.29,852.04,2.9973,1.1257289178220968,False,False
EXEC-001706,2026-02-06 01:00:00,CREDIT_BUREAU,RANGE_CHECK,CHECK_558,HOURLY,SUCCESS,70126,160,34.52,40.23,490.23,1.6636,1.258234823378112,False,False
EXEC-001707,2026-02-16 07:00:00,INTERNET_BANK,DUPLICATE_CHECK,CHECK_309,WEEKLY,SUCCESS,516,21,16.65,47.33,258.85,2.0115,0.617723903580817,False,False
EXEC-001708,2025-11-14 16:00:00,INTERNET_BANK,RANGE_CHECK,CHECK_415,HOURLY,SUCCESS,443,1158,4.48,60.12,3168.11,1.1493,0.14962796335972367,False,False
EXEC-001709,2025-10-26 03:00:00,SCORING_ENGINE,RANGE_CHECK,CHECK_731,DAILY,SUCCESS,7461,677,169.4,50.22,505.44,1.8562,1.4964123969367817,False,False
EXEC-001710,2026-01-13 04:00:00,SCORING_ENGINE,REFERENTIAL_INTEGRITY,CHECK_619,HOURLY,SUCCESS,94846,0,2.33,52.43,340.55,2.5145,1.0378656735886074,False,False
EXEC-001711,2025-12-08 22:00:00,FRAUD_DETECTION,FORMAT_CHECK,CHECK_707,HOURLY,SUCCESS,2687,132,8.18,14.22,435.78,4.1904,2.2652778936334386,False,False
EXEC-001712,2025-11-24 08:00:00,FRAUD_DETECTION,REFERENTIAL_INTEGRITY,CHECK_679,ON_DEMAND,SUCCESS,17727,1,3.39,38.63,271.36,1.6296,1.3444828528246797,False,False
EXEC-001713,2025-09-07 16:00:00,LOAN_REGISTRY,CONSISTENCY_CHECK,CHECK_266,ON_DEMAND,SUCCESS,791,57,8.67,69.3,917.95,1.962,1.6122280492331051,False,False
EXEC-001714,2025-12-23 12:00:00,INTERNET_BANK,FORMAT_CHECK,CHECK_451,HOURLY,SUCCESS,5403,86,1.16,5.53,280.41,0.7099,0.5765285337201571,False,False
EXEC-001715,2025-11-29 02:00:00,CREDIT_BUREAU,DUPLICATE_CHECK,CHECK_433,ON_DEMAND,SUCCESS,19568,14,101.92,41.54,339.82,0.51,0.1966169979431715,False,False
EXEC-001716,2025-11-26 15:00:00,LOAN_REGISTRY,ACCURACY_CHECK,CHECK_328,DAILY,SUCCESS,402,75,1.07,26.29,76.71,0.0614,0.04802924192739794,False,False
EXEC-001717,2026-02-18 00:00:00,SCORING_ENGINE,COMPLETENESS_CHECK,CHECK_716,DAILY,FAILED,35803,0,0.59,48.76,2115.55,3.8473,16.261865561139988,True,True
EXEC-001718,2025-10-10 18:00:00,LOAN_REGISTRY,CONSISTENCY_CHECK,CHECK_379,DAILY,SUCCESS,3770,3,46.1,61.57,164.5,2.7984,1.7275162889112956,False,False
EXEC-001719,2025-11-01 14:00:00,PAYMENT_SYSTEM,REFERENTIAL_INTEGRITY,CHECK_787,ON_DEMAND,SUCCESS,1959,71612,16.04,29.17,169.09,2.7582,1.994413043690536,False,False
EXEC-001720,2026-01-31 12:00:00,LOAN_REGISTRY,RANGE_CHECK,CHECK_545,WEEKLY,SUCCESS,97852,3,1.87,31.1,538.08,0.7621,0.5408227432558427,False,False
EXEC-001721,2026-01-28 18:00:00,INTERNET_BANK,CONSISTENCY_CHECK,CHECK_743,ON_DEMAND,FAILED,1197,1240,8.36,30.35,1182.41,3.7023,6.621341467480541,True,True
EXEC-001722,2025-09-01 22:00:00,SCORING_ENGINE,NULL_CHECK,CHECK_751,WEEKLY,SUCCESS,2573,17,5.69,38.51,1443.59,2.4627,1.692809051397878,False,False
EXEC-001723,2025-11-03 18:00:00,MOBILE_APP,FRESHNESS_CHECK,CHECK_109,HOURLY,SUCCESS,3374,27,127.46,32.33,155.55,2.659,1.2787904325192643,False,False
EXEC-001724,2025-10-30 12:00:00,CRM_CLIENTS,DUPLICATE_CHECK,CHECK_882,WEEKLY,SUCCESS,102,4,75.48,31.63,1014.95,4.8209,3.8231248381931846,False,False
EXEC-001725,2026-01-29 05:00:00,INTERNET_BANK,NULL_CHECK,CHECK_555,WEEKLY,SUCCESS,41676,1,10.0,11.9,659.89,3.3714,2.131292468291953,False,False
EXEC-001726,2025-09-24 20:00:00,PAYMENT_SYSTEM,NULL_CHECK,CHECK_855,DAILY,SUCCESS,2165,118,12.92,28.49,911.65,4.06,2.2466489984624403,False,False
EXEC-001727,2025-10-26 07:00:00,FRAUD_DETECTION,DUPLICATE_CHECK,CHECK_405,HOURLY,SUCCESS,1358,142,2.42,15.78,1317.78,2.9743,0.4243889998848601,False,False
EXEC-001728,2025-09-19 22:00:00,PAYMENT_SYSTEM,FORMAT_CHECK,CHECK_239,WEEKLY,FAILED,287,1,13.54,22.4,616.1,3.1932,13.69124144563152,True,True
EXEC-001729,2025-12-23 00:00:00,MOBILE_APP,FORMAT_CHECK,CHECK_693,WEEKLY,SUCCESS,164,6195,13.22,48.05,4450.7,4.7249,1.2592133536710508,False,False
EXEC-001730,2025-11-24 03:00:00,CRM_CLIENTS,SCHEMA_VALIDATION,CHECK_982,WEEKLY,SUCCESS,509062,161,23.83,47.29,292.08,4.928,1.7917029599775864,False,False
EXEC-001731,2026-02-07 22:00:00,CRM_CLIENTS,ACCURACY_CHECK,CHECK_722,WEEKLY,SUCCESS,6846,202,244.81,11.96,136.86,1.9081,1.330562824794438,False,False
EXEC-001732,2026-02-27 21:00:00,CREDIT_BUREAU,COMPLETENESS_CHECK,CHECK_123,HOURLY,SUCCESS,140092,0,0.42,51.9,220.43,2.9643,2.6323047140855818,False,False
EXEC-001733,2026-02-17 21:00:00,SCORING_ENGINE,NULL_CHECK,CHECK_555,HOURLY,SUCCESS,20614,32,5.56,38.08,432.72,4.3603,2.883602892912998,False,False
EXEC-001734,2025-10-09 09:00:00,CREDIT_BUREAU,SCHEMA_VALIDATION,CHECK_374,WEEKLY,FAILED,783,951,7.68,8.9,350.55,3.3687,14.250233641591068,True,False
EXEC-001735,2025-11-13 03:00:00,MOBILE_APP,SCHEMA_VALIDATION,CHECK_742,DAILY,SUCCESS,34633,1518,1.56,57.55,2415.81,2.4784,1.0879517290298375,False,False
EXEC-001736,2026-02-15 08:00:00,INTERNET_BANK,REFERENTIAL_INTEGRITY,CHECK_586,DAILY,SUCCESS,67426,14,0.49,19.28,414.31,3.4901,1.3390249599411075,False,False
EXEC-001737,2025-12-21 13:00:00,INTERNET_BANK,REFERENTIAL_INTEGRITY,CHECK_246,HOURLY,SUCCESS,566,6,57.69,18.4,698.21,2.4824,1.1942544935215413,False,False
EXEC-001738,2025-10-18 04:00:00,INTERNET_BANK,FRESHNESS_CHECK,CHECK_883,ON_DEMAND,TIMEOUT,13665,0,4.23,44.73,159.63,4.1541,,False,False
EXEC-001739,2026-03-10 13:00:00,CRM_CLIENTS,FRESHNESS_CHECK,CHECK_732,WEEKLY,SUCCESS,3133,574,14.72,37.6,334.77,2.6519,1.084771815025327,False,False
EXEC-001740,2026-02-25 03:00:00,INTERNET_BANK,COMPLETENESS_CHECK,CHECK_521,DAILY,SUCCESS,4620,0,26.17,58.1,784.45,2.7505,0.3065976215326556,False,False
EXEC-001741,2025-11-22 22:00:00,FRAUD_DETECTION,DUPLICATE_CHECK,CHECK_533,WEEKLY,SUCCESS,2278,12,1.94,61.26,377.37,3.3694,0.34548760275962936,False,False
EXEC-001742,2025-10-15 14:00:00,PAYMENT_SYSTEM,DUPLICATE_CHECK,CHECK_704,DAILY,SUCCESS,2618,0,0.36,30.2,83.99,2.7395,2.12798728231001,False,False
EXEC-001743,2025-10-21 22:00:00,PAYMENT_SYSTEM,DUPLICATE_CHECK,CHECK_411,DAILY,SUCCESS,614,2857,47.58,13.37,344.03,3.6732,1.272414518243649,False,False
EXEC-001744,2025-09-10 14:00:00,PAYMENT_SYSTEM,ACCURACY_CHECK,CHECK_164,HOURLY,SUCCESS,15897,49,61.45,9.57,26.46,1.6048,0.5503357276401112,False,False
EXEC-001745,2025-10-04 15:00:00,CREDIT_BUREAU,SCHEMA_VALIDATION,CHECK_882,DAILY,SUCCESS,60854,64,31.94,37.56,90.28,1.1674,0.6310681048204356,False,False
EXEC-001746,2025-10-16 23:00:00,LOAN_REGISTRY,ACCURACY_CHECK,CHECK_548,DAILY,SUCCESS,21150,439,0.71,32.54,422.55,3.7913,1.6676614980335782,False,False
EXEC-001747,2026-01-03 08:00:00,PAYMENT_SYSTEM,COMPLETENESS_CHECK,CHECK_687,WEEKLY,TIMEOUT,6139,0,31.07,43.91,60.12,3.8915,,False,False
EXEC-001748,2026-01-14 13:00:00,CRM_CLIENTS,NULL_CHECK,CHECK_733,ON_DEMAND,SUCCESS,740,2993,0.85,39.13,76.65,3.0068,0.38035314722107394,False,False
EXEC-001749,2025-09-19 12:00:00,CREDIT_BUREAU,NULL_CHECK,CHECK_505,DAILY,SUCCESS,13520,6702,608.77,10.82,573.72,2.8894,1.247518227633939,False,False
EXEC-001750,2026-03-07 01:00:00,CREDIT_BUREAU,COMPLETENESS_CHECK,CHECK_596,ON_DEMAND,FAILED,1500,4,1.51,18.31,613.45,1.1289,3.279096582726127,True,True
EXEC-001751,2025-11-04 07:00:00,LOAN_REGISTRY,DUPLICATE_CHECK,CHECK_122,WEEKLY,SUCCESS,29384,9,47.58,24.76,497.8,0.4657,0.19908415079682928,False,False
EXEC-001752,2025-10-30 03:00:00,PAYMENT_SYSTEM,FRESHNESS_CHECK,CHECK_675,HOURLY,SUCCESS,38082,2809,1.75,31.81,311.53,0.0927,0.06052699901080416,False,False
EXEC-001753,2025-09-13 20:00:00,INTERNET_BANK,NULL_CHECK,CHECK_103,WEEKLY,FAILED,1772,0,3.87,13.12,312.76,3.514,11.954101806718297,True,False
EXEC-001754,2025-09-16 04:00:00,PAYMENT_SYSTEM,CONSISTENCY_CHECK,CHECK_666,WEEKLY,SUCCESS,705,4,1.8,74.94,1336.87,4.2844,0.5817312278593785,False,False
EXEC-001755,2025-11-30 13:00:00,LOAN_REGISTRY,SCHEMA_VALIDATION,CHECK_900,ON_DEMAND,SUCCESS,37101,58762,14.74,69.48,274.71,4.9114,2.8359106363796758,False,False
EXEC-001756,2026-03-09 04:00:00,INTERNET_BANK,REFERENTIAL_INTEGRITY,CHECK_709,ON_DEMAND,SUCCESS,662,1522,4.25,4.08,197.32,4.8351,1.2099649746832917,False,False
EXEC-001757,2026-02-14 21:00:00,CREDIT_BUREAU,COMPLETENESS_CHECK,CHECK_568,DAILY,FAILED,38770,1350,3.95,33.65,3282.05,4.6146,22.2966147285652,True,True
EXEC-001758,2026-02-06 22:00:00,SCORING_ENGINE,COMPLETENESS_CHECK,CHECK_414,ON_DEMAND,SUCCESS,7885,6580,4.4,26.5,2978.42,1.2565,0.8809638162741512,False,False
EXEC-001759,2026-02-25 00:00:00,PAYMENT_SYSTEM,SCHEMA_VALIDATION,CHECK_802,HOURLY,SUCCESS,64305,313,19.26,10.11,97.39,0.5347,0.07775989478996033,False,False
EXEC-001760,2026-02-19 20:00:00,CREDIT_BUREAU,FORMAT_CHECK,CHECK_796,WEEKLY,SUCCESS,1594,2705,3.16,24.25,842.18,0.5983,0.5090203064169598,False,False
EXEC-001761,2026-02-20 16:00:00,SCORING_ENGINE,FORMAT_CHECK,CHECK_609,ON_DEMAND,SUCCESS,4334,4,1.88,39.6,235.19,1.3009,0.611343929222885,False,False
EXEC-001762,2026-01-28 15:00:00,FRAUD_DETECTION,SCHEMA_VALIDATION,CHECK_361,HOURLY,SUCCESS,1999,129,7.2,66.79,920.22,0.3095,0.12660950617559733,False,False
EXEC-001763,2025-12-29 05:00:00,PAYMENT_SYSTEM,SCHEMA_VALIDATION,CHECK_672,HOURLY,SUCCESS,319,3,11.02,52.94,73.01,3.5994,1.862757074305723,False,False
EXEC-001764,2025-11-11 21:00:00,LOAN_REGISTRY,COMPLETENESS_CHECK,CHECK_460,WEEKLY,SKIPPED,8468,0,10.71,15.07,358.13,4.2299,,False,False
EXEC-001765,2026-01-06 01:00:00,LOAN_REGISTRY,COMPLETENESS_CHECK,CHECK_802,DAILY,SUCCESS,35663,894,0.42,26.13,258.49,1.098,0.6872974723971763,False,False
EXEC-001766,2026-02-23 13:00:00,INTERNET_BANK,CONSISTENCY_CHECK,CHECK_732,HOURLY,SUCCESS,42191,91,134.57,37.64,208.67,0.8153,0.0901114874905013,False,False
EXEC-001767,2025-12-31 23:00:00,FRAUD_DETECTION,NULL_CHECK,CHECK_971,ON_DEMAND,SUCCESS,11788,3,13.26,45.49,548.31,0.5876,0.12796534323019063,False,False
EXEC-001768,2025-11-03 00:00:00,CREDIT_BUREAU,ACCURACY_CHECK,CHECK_684,HOURLY,SUCCESS,73440,532,19.46,4.47,191.87,1.7411,1.320509331182134,False,False
EXEC-001769,2025-11-20 19:00:00,CREDIT_BUREAU,COMPLETENESS_CHECK,CHECK_391,ON_DEMAND,TIMEOUT,939,0,1.24,33.71,903.19,4.2043,,False,False
EXEC-001770,2026-03-02 14:00:00,INTERNET_BANK,FRESHNESS_CHECK,CHECK_515,ON_DEMAND,SUCCESS,5761,4,6.56,33.43,321.89,3.0487,2.515539393392839,False,False
EXEC-001771,2026-01-13 14:00:00,LOAN_REGISTRY,NULL_CHECK,CHECK_382,WEEKLY,SUCCESS,21873,1598,0.78,46.4,929.66,2.8875,0.9212668007000012,False,False
EXEC-001772,2025-09-21 18:00:00,INTERNET_BANK,NULL_CHECK,CHECK_177,HOURLY,SUCCESS,163778,38092,0.11,14.58,667.11,4.2606,2.6559987249199066,False,False
EXEC-001773,2025-09-14 19:00:00,CRM_CLIENTS,ACCURACY_CHECK,CHECK_621,ON_DEMAND,SUCCESS,34498,54,1.56,38.66,1631.58,1.9437,1.6754267449315423,False,False
EXEC-001774,2025-11-08 22:00:00,INTERNET_BANK,NULL_CHECK,CHECK_298,ON_DEMAND,SKIPPED,1977,0,12.71,36.27,77.66,0.7519,,False,False
EXEC-001775,2025-09-06 22:00:00,SCORING_ENGINE,NULL_CHECK,CHECK_921,WEEKLY,SUCCESS,1784,7,262.66,35.44,64.89,0.4123,0.04471073513432821,False,False
EXEC-001776,2025-12-04 22:00:00,CRM_CLIENTS,CONSISTENCY_CHECK,CHECK_722,WEEKLY,SUCCESS,79492,50,10.9,27.6,256.4,2.9672,1.0369906854087945,False,False
EXEC-001777,2025-12-13 02:00:00,INTERNET_BANK,NULL_CHECK,CHECK_921,WEEKLY,SUCCESS,72688,35,16.74,25.15,686.98,0.4647,0.3438156400230804,False,False
EXEC-001778,2025-11-20 15:00:00,CREDIT_BUREAU,FORMAT_CHECK,CHECK_616,ON_DEMAND,SUCCESS,4906,31,2.57,17.37,709.99,4.8239,3.9163189920073607,False,False
EXEC-001779,2026-01-11 09:00:00,PAYMENT_SYSTEM,DUPLICATE_CHECK,CHECK_967,ON_DEMAND,FAILED,100166,150,3.5,28.56,839.38,3.0351,11.786577809684127,True,True
EXEC-001780,2025-09-28 23:00:00,CRM_CLIENTS,FRESHNESS_CHECK,CHECK_409,WEEKLY,SUCCESS,8297,246450,0.7,25.97,215.62,0.6725,0.44520579784761455,False,False
EXEC-001781,2025-12-19 11:00:00,CREDIT_BUREAU,RANGE_CHECK,CHECK_215,ON_DEMAND,SUCCESS,1649,99,15.99,60.9,261.45,3.4542,2.798626355398911,False,False
EXEC-001782,2025-10-08 08:00:00,CREDIT_BUREAU,REFERENTIAL_INTEGRITY,CHECK_520,WEEKLY,SUCCESS,743273,3561,43.14,36.47,514.26,0.5046,0.07227566007101782,False,False
EXEC-001783,2026-02-05 02:00:00,SCORING_ENGINE,FRESHNESS_CHECK,CHECK_573,WEEKLY,SUCCESS,989,0,6.51,5.51,554.11,4.1431,1.3718860476387789,False,False
EXEC-001784,2025-09-23 16:00:00,CREDIT_BUREAU,DUPLICATE_CHECK,CHECK_348,ON_DEMAND,SUCCESS,667,69,13.04,33.31,179.05,2.9889,0.8167514448265968,False,False
EXEC-001785,2025-12-28 09:00:00,FRAUD_DETECTION,RANGE_CHECK,CHECK_395,WEEKLY,SKIPPED,19463,0,6.68,13.98,62.71,2.0788,,False,False
EXEC-001786,2025-10-26 15:00:00,FRAUD_DETECTION,ACCURACY_CHECK,CHECK_959,ON_DEMAND,SUCCESS,5265,0,118.14,26.09,671.26,2.4103,0.9438050939858799,False,False
EXEC-001787,2025-11-11 16:00:00,MOBILE_APP,FORMAT_CHECK,CHECK_569,WEEKLY,SUCCESS,43370,25,4.33,37.87,453.15,0.3791,0.1665759106300677,False,False
EXEC-001788,2025-10-02 22:00:00,FRAUD_DETECTION,CONSISTENCY_CHECK,CHECK_631,WEEKLY,FAILED,220171,2078,5.64,44.92,50.89,3.7596,11.996114448071832,True,True
EXEC-001789,2025-09-08 19:00:00,FRAUD_DETECTION,RANGE_CHECK,CHECK_745,DAILY,SUCCESS,286770,2884,2.65,60.97,31.93,1.6947,0.4638350017371898,False,False
EXEC-001790,2025-10-21 22:00:00,INTERNET_BANK,SCHEMA_VALIDATION,CHECK_451,DAILY,SUCCESS,2310,6,14.51,32.63,689.04,1.1027,0.9272925328071825,False,False
EXEC-001791,2025-10-28 03:00:00,MOBILE_APP,COMPLETENESS_CHECK,CHECK_311,WEEKLY,SUCCESS,825,522,27.58,3.13,574.8,2.8795,0.5707617170985795,False,False
EXEC-001792,2025-12-28 20:00:00,PAYMENT_SYSTEM,SCHEMA_VALIDATION,CHECK_508,DAILY,TIMEOUT,18829,0,9.06,8.77,981.92,3.8185,,False,False
EXEC-001793,2025-09-09 04:00:00,LOAN_REGISTRY,DUPLICATE_CHECK,CHECK_850,WEEKLY,SUCCESS,63534,12,10.04,3.66,250.5,0.7329,0.5274295349490786,False,False
EXEC-001794,2025-10-02 13:00:00,INTERNET_BANK,REFERENTIAL_INTEGRITY,CHECK_695,DAILY,SUCCESS,153959,1483,2.69,44.14,221.99,0.4459,0.362517188758266,False,False
EXEC-001795,2025-12-13 08:00:00,CREDIT_BUREAU,SCHEMA_VALIDATION,CHECK_649,DAILY,SUCCESS,44200,257,0.54,12.12,2348.83,3.5946,1.5207579288030737,False,False
EXEC-001796,2025-11-07 20:00:00,MOBILE_APP,RANGE_CHECK,CHECK_927,HOURLY,FAILED,4349,20,122.15,33.79,346.58,0.7641,3.5984281775079463,True,True
EXEC-001797,2026-02-11 03:00:00,FRAUD_DETECTION,ACCURACY_CHECK,CHECK_646,WEEKLY,SUCCESS,275106,1034,34.18,67.37,1328.59,0.7546,0.39335452423163825,False,False
EXEC-001798,2025-12-04 14:00:00,CREDIT_BUREAU,FRESHNESS_CHECK,CHECK_209,WEEKLY,SUCCESS,7516,0,3.02,17.8,420.45,3.9705,3.2696053047681355,False,False
EXEC-001799,2026-02-22 13:00:00,INTERNET_BANK,CONSISTENCY_CHECK,CHECK_489,ON_DEMAND,SUCCESS,2671,36,17.99,39.33,415.0,4.9245,1.085461079938329,False,False
EXEC-001800,2025-11-05 19:00:00,CREDIT_BUREAU,COMPLETENESS_CHECK,CHECK_399,ON_DEMAND,SUCCESS,43095,101,22.21,73.34,1558.25,3.4619,0.6996080549506595,False,False
EXEC-001801,2025-09-20 08:00:00,CRM_CLIENTS,FORMAT_CHECK,CHECK_895,ON_DEMAND,SUCCESS,1001,477,9.28,25.98,961.41,1.0027,0.139691289656909,False,False
EXEC-001802,2025-11-07 00:00:00,CRM_CLIENTS,FORMAT_CHECK,CHECK_698,WEEKLY,FAILED,506,2,72.5,22.28,832.88,1.3996,4.64470185530348,True,True
EXEC-001803,2025-09-02 16:00:00,LOAN_REGISTRY,FORMAT_CHECK,CHECK_646,WEEKLY,SUCCESS,45998,1619,0.26,21.27,714.32,3.5981,2.8463123393024556,False,False
EXEC-001804,2026-01-20 20:00:00,SCORING_ENGINE,NULL_CHECK,CHECK_128,WEEKLY,SUCCESS,5225,12746,14.82,32.89,808.86,2.1914,0.636713982918536,False,False
EXEC-001805,2026-02-08 11:00:00,SCORING_ENGINE,SCHEMA_VALIDATION,CHECK_371,HOURLY,FAILED,19160,1060,1.02,11.39,308.19,3.7397,18.173850109706645,True,True
EXEC-001806,2025-09-29 05:00:00,FRAUD_DETECTION,COMPLETENESS_CHECK,CHECK_396,HOURLY,SUCCESS,2848,29,10.93,10.74,526.51,4.3541,2.1320519667573454,False,False
EXEC-001807,2025-11-11 19:00:00,CREDIT_BUREAU,COMPLETENESS_CHECK,CHECK_423,ON_DEMAND,FAILED,5068,161,21.59,30.09,602.17,0.5502,1.1873761886861156,True,True
EXEC-001808,2026-02-18 14:00:00,CREDIT_BUREAU,FRESHNESS_CHECK,CHECK_110,HOURLY,SUCCESS,3508,0,1.88,27.84,514.09,2.6196,0.8611988100505147,False,False
EXEC-001809,2025-10-02 17:00:00,CRM_CLIENTS,FORMAT_CHECK,CHECK_911,DAILY,SUCCESS,1054,51,20.08,3.29,518.36,3.1186,2.7701397246504853,False,False
EXEC-001810,2025-10-10 07:00:00,LOAN_REGISTRY,SCHEMA_VALIDATION,CHECK_719,DAILY,SUCCESS,1367,321,0.85,13.18,284.98,3.6612,2.7668746505323285,False,False
EXEC-001811,2025-10-20 13:00:00,MOBILE_APP,FRESHNESS_CHECK,CHECK_270,ON_DEMAND,SUCCESS,73496,5,4.5,32.5,201.89,2.4948,1.5883705570921351,False,False
EXEC-001812,2026-01-14 18:00:00,SCORING_ENGINE,FRESHNESS_CHECK,CHECK_778,HOURLY,SUCCESS,184,600,3.25,15.27,370.61,3.1427,2.59302389336487,False,False
EXEC-001813,2025-09-17 12:00:00,FRAUD_DETECTION,SCHEMA_VALIDATION,CHECK_755,DAILY,SUCCESS,11800,39,26.65,16.04,292.74,1.7133,0.5120883897064729,False,False
EXEC-001814,2025-10-22 12:00:00,FRAUD_DETECTION,FRESHNESS_CHECK,CHECK_627,WEEKLY,SUCCESS,3398,3465,68.78,31.44,197.62,1.4228,0.46685150940650355,False,False
EXEC-001815,2025-10-22 19:00:00,LOAN_REGISTRY,RANGE_CHECK,CHECK_925,DAILY,SUCCESS,271021,0,14.65,40.36,868.38,1.1874,0.8779114552416781,False,False
EXEC-001816,2025-10-10 10:00:00,CRM_CLIENTS,REFERENTIAL_INTEGRITY,CHECK_503,ON_DEMAND,SUCCESS,95820,95,0.27,8.73,2107.03,1.4917,0.4271442382019879,False,False
EXEC-001817,2025-11-10 17:00:00,SCORING_ENGINE,REFERENTIAL_INTEGRITY,CHECK_996,WEEKLY,SUCCESS,313379,19,50.93,31.23,838.8,1.8673,1.1128728415141351,False,False
EXEC-001818,2025-10-24 17:00:00,CREDIT_BUREAU,RANGE_CHECK,CHECK_110,WEEKLY,SUCCESS,19941,6,3.23,30.76,355.74,2.4538,1.6564181858896712,False,False
EXEC-001819,2025-10-11 07:00:00,INTERNET_BANK,NULL_CHECK,CHECK_434,DAILY,SUCCESS,199609,14,97.65,29.94,235.65,4.8756,1.9302383743464875,False,False
EXEC-001820,2026-02-05 03:00:00,MOBILE_APP,DUPLICATE_CHECK,CHECK_275,ON_DEMAND,TIMEOUT,10416,0,1.25,56.97,913.51,3.4991,,False,False
EXEC-001821,2026-01-18 23:00:00,SCORING_ENGINE,SCHEMA_VALIDATION,CHECK_221,DAILY,SUCCESS,24715,69,7.92,29.97,505.48,1.715,1.1495605208793074,False,False
EXEC-001822,2026-02-07 06:00:00,CRM_CLIENTS,DUPLICATE_CHECK,CHECK_955,DAILY,SUCCESS,944,309,0.47,28.91,638.63,0.4126,0.06176080973120005,False,False
EXEC-001823,2025-10-18 15:00:00,CRM_CLIENTS,REFERENTIAL_INTEGRITY,CHECK_132,ON_DEMAND,SUCCESS,144377,16,1.13,33.94,185.58,2.723,1.1593247257235106,False,False
EXEC-001824,2025-09-19 06:00:00,FRAUD_DETECTION,FORMAT_CHECK,CHECK_267,HOURLY,FAILED,85717,63,1.05,44.51,619.82,1.1906,2.0482754434865225,True,False
EXEC-001825,2025-10-10 07:00:00,INTERNET_BANK,DUPLICATE_CHECK,CHECK_508,HOURLY,SUCCESS,4784,147,1.35,37.15,80.43,3.9078,2.7273526445808485,False,False
EXEC-001826,2025-10-01 11:00:00,CRM_CLIENTS,REFERENTIAL_INTEGRITY,CHECK_242,DAILY,SUCCESS,9659,321,2.11,47.69,656.81,0.6055,0.317699163926568,False,False
EXEC-001827,2025-10-10 13:00:00,PAYMENT_SYSTEM,DUPLICATE_CHECK,CHECK_569,HOURLY,SUCCESS,68272,39,217.74,42.99,175.14,3.9524,2.6287005547416418,False,False
EXEC-001828,2025-10-09 11:00:00,LOAN_REGISTRY,SCHEMA_VALIDATION,CHECK_140,WEEKLY,SUCCESS,16028,24,9.81,10.82,685.84,3.2467,1.766469264636448,False,False
EXEC-001829,2026-01-09 14:00:00,LOAN_REGISTRY,FORMAT_CHECK,CHECK_506,ON_DEMAND,SUCCESS,35398,246,132.35,31.16,241.09,1.067,0.40468015493841036,False,False
EXEC-001830,2026-01-16 10:00:00,MOBILE_APP,ACCURACY_CHECK,CHECK_509,HOURLY,FAILED,10490,62,5.43,18.59,872.73,2.3077,10.822226542767845,True,False
EXEC-001831,2025-10-06 16:00:00,CRM_CLIENTS,FRESHNESS_CHECK,CHECK_396,ON_DEMAND,SUCCESS,7825,184,88.33,3.81,651.42,2.7214,0.8771839147317665,False,False
EXEC-001832,2025-10-15 04:00:00,LOAN_REGISTRY,ACCURACY_CHECK,CHECK_666,HOURLY,SUCCESS,2902,35,11.05,6.43,1069.81,0.1942,0.09279202687307356,False,False
EXEC-001833,2025-11-01 16:00:00,INTERNET_BANK,FRESHNESS_CHECK,CHECK_716,DAILY,SUCCESS,833,8,2.55,15.76,1259.79,0.3512,0.1133914335679347,False,False
EXEC-001834,2025-09-15 06:00:00,FRAUD_DETECTION,RANGE_CHECK,CHECK_162,DAILY,SUCCESS,1694,50,265.2,16.51,306.04,1.1325,0.5375174827819564,False,False
EXEC-001835,2025-10-12 06:00:00,SCORING_ENGINE,SCHEMA_VALIDATION,CHECK_118,ON_DEMAND,SUCCESS,4851,29,0.62,23.2,1301.28,2.3794,0.9459755448808418,False,False
EXEC-001836,2025-09-11 21:00:00,SCORING_ENGINE,SCHEMA_VALIDATION,CHECK_960,ON_DEMAND,SUCCESS,6667,1300,8.79,27.92,183.22,3.3131,0.7604778242800927,False,False
EXEC-001837,2026-01-31 09:00:00,LOAN_REGISTRY,CONSISTENCY_CHECK,CHECK_657,WEEKLY,FAILED,13457,30,0.26,27.62,903.69,2.3733,9.4588028850836,True,True
EXEC-001838,2025-10-17 10:00:00,CRM_CLIENTS,NULL_CHECK,CHECK_283,DAILY,SKIPPED,2946,0,15.44,7.04,62.13,3.0102,,False,False
EXEC-001839,2025-12-27 01:00:00,CREDIT_BUREAU,NULL_CHECK,CHECK_377,DAILY,TIMEOUT,70305,0,0.28,26.68,83.54,0.5284,,False,False
EXEC-001840,2026-02-28 14:00:00,INTERNET_BANK,FORMAT_CHECK,CHECK_647,WEEKLY,SUCCESS,125971,1100,30.3,16.88,2921.22,1.4998,0.9977148718382821,False,False
EXEC-001841,2026-01-28 09:00:00,LOAN_REGISTRY,REFERENTIAL_INTEGRITY,CHECK_953,WEEKLY,SUCCESS,40519,313456,43.3,31.04,531.08,4.6364,1.2123858664769351,False,False
EXEC-001842,2025-11-24 21:00:00,INTERNET_BANK,CONSISTENCY_CHECK,CHECK_358,WEEKLY,SUCCESS,11285,3958,14.51,14.7,98.21,2.6063,2.3190307236691625,False,False
EXEC-001843,2025-11-07 13:00:00,INTERNET_BANK,SCHEMA_VALIDATION,CHECK_467,WEEKLY,SUCCESS,630,0,3.72,11.0,1384.08,2.148,1.814156928691635,False,False
EXEC-001844,2025-11-13 01:00:00,MOBILE_APP,COMPLETENESS_CHECK,CHECK_632,HOURLY,SUCCESS,1916,100,11.9,25.41,852.94,4.1714,3.6615450935525544,False,False
EXEC-001845,2025-09-13 15:00:00,INTERNET_BANK,NULL_CHECK,CHECK_206,ON_DEMAND,SUCCESS,5623,25,13.01,23.99,154.06,4.6807,2.6462474075388274,False,False
EXEC-001846,2025-12-10 05:00:00,CREDIT_BUREAU,NULL_CHECK,CHECK_888,DAILY,SUCCESS,549497,172,7.38,27.65,560.11,4.8018,0.9203673842258072,False,False
EXEC-001847,2025-11-05 16:00:00,CREDIT_BUREAU,SCHEMA_VALIDATION,CHECK_326,WEEKLY,SUCCESS,60127,0,20.49,54.98,745.93,2.8069,2.46424655279733,False,False
EXEC-001848,2026-01-26 06:00:00,PAYMENT_SYSTEM,RANGE_CHECK,CHECK_100,WEEKLY,SUCCESS,18101,146,36.98,23.59,220.5,4.0211,1.004320431663442,False,False
EXEC-001849,2026-01-08 19:00:00,MOBILE_APP,FORMAT_CHECK,CHECK_669,ON_DEMAND,SUCCESS,29432,450,76.63,4.91,216.65,4.3711,2.7537470162670097,False,False
EXEC-001850,2025-12-25 03:00:00,FRAUD_DETECTION,NULL_CHECK,CHECK_998,WEEKLY,SUCCESS,2774,3,7.49,15.72,54.87,1.8922,0.1958496657690761,False,False
EXEC-001851,2025-11-11 03:00:00,INTERNET_BANK,DUPLICATE_CHECK,CHECK_652,DAILY,SUCCESS,37238,39,74.14,17.0,239.27,3.9692,2.9704308716974133,False,False
EXEC-001852,2026-03-03 00:00:00,MOBILE_APP,FRESHNESS_CHECK,CHECK_686,ON_DEMAND,FAILED,10514,5,12.18,36.68,109.1,2.1044,7.498276117651943,True,True
EXEC-001853,2025-09-05 13:00:00,LOAN_REGISTRY,NULL_CHECK,CHECK_668,HOURLY,SUCCESS,288,18,2.48,48.11,235.19,2.8312,1.4768868685010186,False,False
EXEC-001854,2025-11-01 01:00:00,CREDIT_BUREAU,RANGE_CHECK,CHECK_294,WEEKLY,SUCCESS,4129,29,21.74,34.87,796.49,1.396,0.4418624114087994,False,False
EXEC-001855,2026-02-03 10:00:00,CREDIT_BUREAU,FRESHNESS_CHECK,CHECK_995,HOURLY,FAILED,1584,46,6.91,25.27,1254.15,0.6112,2.8306928675774907,True,True
EXEC-001856,2025-12-12 21:00:00,MOBILE_APP,COMPLETENESS_CHECK,CHECK_781,HOURLY,SUCCESS,88722,87,1.0,38.65,942.66,4.595,0.8915367002078068,False,False
EXEC-001857,2026-02-25 19:00:00,INTERNET_BANK,FORMAT_CHECK,CHECK_923,HOURLY,FAILED,34028,30,35.21,38.89,549.2,3.9623,8.759974310133959,True,True
EXEC-001858,2025-10-06 08:00:00,FRAUD_DETECTION,FORMAT_CHECK,CHECK_142,ON_DEMAND,SUCCESS,1222,40,29.54,15.4,209.48,0.8228,0.5871230297972607,False,False
EXEC-001859,2025-10-22 01:00:00,CREDIT_BUREAU,CONSISTENCY_CHECK,CHECK_437,DAILY,SUCCESS,4529,17950,203.38,17.13,257.22,0.1194,0.014982340953939466,False,False
EXEC-001860,2025-12-06 06:00:00,CREDIT_BUREAU,COMPLETENESS_CHECK,CHECK_594,HOURLY,SUCCESS,189,0,17.88,10.46,993.43,2.5122,1.571757269867942,False,False
EXEC-001861,2025-10-31 02:00:00,INTERNET_BANK,NULL_CHECK,CHECK_412,ON_DEMAND,SUCCESS,13531,0,13.91,33.17,431.09,4.5521,3.837254704841983,False,False
EXEC-001862,2025-10-05 06:00:00,CRM_CLIENTS,COMPLETENESS_CHECK,CHECK_782,DAILY,SUCCESS,102179,642,12.33,46.46,86.87,1.5077,0.6874285661482967,False,False
EXEC-001863,2025-10-01 18:00:00,CRM_CLIENTS,DUPLICATE_CHECK,CHECK_934,ON_DEMAND,SUCCESS,3997,5,1.1,35.67,191.77,1.2964,0.35873710148280813,False,False
EXEC-001864,2025-12-07 02:00:00,FRAUD_DETECTION,SCHEMA_VALIDATION,CHECK_653,HOURLY,SUCCESS,1661,11255,7.4,38.26,140.2,3.5855,0.5394811073725739,False,False
EXEC-001865,2025-09-08 18:00:00,LOAN_REGISTRY,FORMAT_CHECK,CHECK_664,ON_DEMAND,SUCCESS,23232,1303,1.77,9.06,479.97,1.3669,0.4221162767452844,False,False
EXEC-001866,2026-03-10 14:00:00,CRM_CLIENTS,ACCURACY_CHECK,CHECK_342,HOURLY,SUCCESS,10368,117,17.23,9.76,217.53,2.7766,1.450763199569716,False,False
EXEC-001867,2026-01-13 18:00:00,MOBILE_APP,COMPLETENESS_CHECK,CHECK_733,DAILY,SUCCESS,9857,6,20.48,43.21,1077.05,4.4008,3.5797418829785532,False,False
EXEC-001868,2026-02-27 03:00:00,PAYMENT_SYSTEM,DUPLICATE_CHECK,CHECK_709,ON_DEMAND,SUCCESS,5785,16,2.71,13.46,397.23,4.6743,3.080763447846398,False,False
EXEC-001869,2025-10-18 23:00:00,PAYMENT_SYSTEM,DUPLICATE_CHECK,CHECK_854,ON_DEMAND,SUCCESS,3155,4,0.2,23.83,365.6,1.8318,1.2242058518404733,False,False
EXEC-001870,2025-12-25 01:00:00,FRAUD_DETECTION,NULL_CHECK,CHECK_585,WEEKLY,SUCCESS,4875,334,3.48,33.46,773.55,0.573,0.2697815461684431,False,False
EXEC-001871,2025-09-03 23:00:00,PAYMENT_SYSTEM,DUPLICATE_CHECK,CHECK_368,DAILY,SUCCESS,5097,5,53.57,24.38,723.97,3.2248,2.6258590017753485,False,False
EXEC-001872,2025-12-21 11:00:00,FRAUD_DETECTION,CONSISTENCY_CHECK,CHECK_953,HOURLY,SUCCESS,4152,0,2.76,28.12,844.84,2.6637,2.1082431631399285,False,False
EXEC-001873,2025-10-16 22:00:00,LOAN_REGISTRY,COMPLETENESS_CHECK,CHECK_975,HOURLY,FAILED,5495,1,1.37,32.77,388.1,0.5711,0.8741759795528039,True,True
EXEC-001874,2025-10-22 05:00:00,SCORING_ENGINE,REFERENTIAL_INTEGRITY,CHECK_861,ON_DEMAND,SUCCESS,18978,15,0.26,53.59,419.78,1.9682,0.5893085216667678,False,False
EXEC-001875,2025-12-07 20:00:00,INTERNET_BANK,RANGE_CHECK,CHECK_208,DAILY,SUCCESS,60415,3,17.72,11.52,228.56,3.7536,1.9096359579714561,False,False
EXEC-001876,2026-01-07 04:00:00,INTERNET_BANK,RANGE_CHECK,CHECK_666,ON_DEMAND,SUCCESS,6071,3268,0.65,20.9,246.02,0.5946,0.1496984103684598,False,False
EXEC-001877,2025-10-14 23:00:00,CRM_CLIENTS,FORMAT_CHECK,CHECK_455,ON_DEMAND,FAILED,9428,2,2.03,31.09,444.91,4.4828,11.492762594950817,True,True
EXEC-001878,2025-09-06 20:00:00,CRM_CLIENTS,FORMAT_CHECK,CHECK_525,ON_DEMAND,SKIPPED,263,0,40.54,9.78,1733.13,3.6176,,False,False
EXEC-001879,2025-11-06 02:00:00,LOAN_REGISTRY,RANGE_CHECK,CHECK_986,WEEKLY,SUCCESS,29887,611,4.29,16.8,147.81,3.4726,1.638349497259457,False,False
EXEC-001880,2026-01-04 04:00:00,INTERNET_BANK,REFERENTIAL_INTEGRITY,CHECK_342,WEEKLY,SUCCESS,251,2633,30.44,3.44,106.97,0.9522,0.7900034107618068,False,False
EXEC-001881,2025-12-29 10:00:00,LOAN_REGISTRY,SCHEMA_VALIDATION,CHECK_114,HOURLY,SUCCESS,8105,121,9.98,17.71,107.57,4.2273,2.7124190935922923,False,False
EXEC-001882,2026-01-08 21:00:00,MOBILE_APP,COMPLETENESS_CHECK,CHECK_252,DAILY,SUCCESS,1386,300,2.75,17.77,389.49,4.017,0.7336316279075523,False,False
EXEC-001883,2025-09-23 12:00:00,CREDIT_BUREAU,SCHEMA_VALIDATION,CHECK_557,HOURLY,SUCCESS,12855,504,2.2,27.07,331.15,4.3246,2.8724203119550196,False,False
EXEC-001884,2025-09-01 10:00:00,CREDIT_BUREAU,FRESHNESS_CHECK,CHECK_907,WEEKLY,FAILED,30203,36,4.02,21.05,110.2,2.3815,5.923889583767169,True,True
EXEC-001885,2025-11-13 06:00:00,LOAN_REGISTRY,REFERENTIAL_INTEGRITY,CHECK_479,ON_DEMAND,SUCCESS,11190,195,2.05,25.16,109.59,0.0567,0.045485940147668276,False,False
EXEC-001886,2025-12-27 20:00:00,MOBILE_APP,SCHEMA_VALIDATION,CHECK_113,ON_DEMAND,SUCCESS,37697,16,9.82,24.73,577.43,1.2438,0.7896177006173741,False,False
EXEC-001887,2025-10-14 18:00:00,CRM_CLIENTS,RANGE_CHECK,CHECK_148,WEEKLY,FAILED,1597,876,16.16,40.03,237.37,1.278,4.162189844404029,True,True
EXEC-001888,2026-02-17 11:00:00,FRAUD_DETECTION,FRESHNESS_CHECK,CHECK_100,HOURLY,SUCCESS,3335,282,6.79,2.45,2395.25,1.4309,0.18317765508594372,False,False
EXEC-001889,2025-09-06 19:00:00,PAYMENT_SYSTEM,DUPLICATE_CHECK,CHECK_317,WEEKLY,FAILED,5459,948,0.53,3.0,436.65,1.2398,3.7142414109496467,True,True
EXEC-001890,2025-10-04 04:00:00,CRM_CLIENTS,FRESHNESS_CHECK,CHECK_147,ON_DEMAND,SUCCESS,68146,0,285.16,30.8,223.2,4.6169,0.5493082465711447,False,False
EXEC-001891,2025-11-18 02:00:00,SCORING_ENGINE,COMPLETENESS_CHECK,CHECK_795,HOURLY,SUCCESS,817,10,8.49,39.77,360.74,4.4885,0.47856209234861835,False,False
EXEC-001892,2026-02-02 20:00:00,FRAUD_DETECTION,NULL_CHECK,CHECK_453,ON_DEMAND,SUCCESS,1638,12,4.6,34.47,260.05,4.5871,3.356497483279942,False,False
EXEC-001893,2025-10-11 11:00:00,CREDIT_BUREAU,RANGE_CHECK,CHECK_837,ON_DEMAND,SKIPPED,9738,0,46.73,57.78,189.07,1.0308,,False,False
EXEC-001894,2025-10-19 10:00:00,LOAN_REGISTRY,COMPLETENESS_CHECK,CHECK_499,ON_DEMAND,SUCCESS,9851,20,1.73,27.36,58.5,3.7947,2.626914461761444,False,False
EXEC-001895,2025-12-04 00:00:00,SCORING_ENGINE,FRESHNESS_CHECK,CHECK_878,ON_DEMAND,SUCCESS,17344,7,6.62,43.29,561.69,3.2418,0.759501545589634,False,False
EXEC-001896,2025-11-05 02:00:00,CREDIT_BUREAU,COMPLETENESS_CHECK,CHECK_795,HOURLY,FAILED,27120,539,9.68,51.99,829.8,3.2285,5.296682459975536,True,True
EXEC-001897,2026-01-23 16:00:00,CREDIT_BUREAU,RANGE_CHECK,CHECK_512,ON_DEMAND,FAILED,5635,110,26.83,51.3,3300.39,1.107,4.334805971859423,True,True
EXEC-001898,2026-01-01 13:00:00,CREDIT_BUREAU,COMPLETENESS_CHECK,CHECK_204,WEEKLY,SUCCESS,2741,511,37.31,14.28,199.89,2.5452,1.8550665053370665,False,False
EXEC-001899,2026-03-07 15:00:00,PAYMENT_SYSTEM,FORMAT_CHECK,CHECK_706,DAILY,SUCCESS,18180,164,25.94,34.02,525.02,3.5663,0.9116892343992332,False,False
EXEC-001900,2025-12-21 11:00:00,PAYMENT_SYSTEM,FORMAT_CHECK,CHECK_990,ON_DEMAND,SUCCESS,45629,7,20.21,28.35,339.91,2.367,1.965367406556172,False,False
EXEC-001901,2026-03-04 04:00:00,CRM_CLIENTS,NULL_CHECK,CHECK_897,HOURLY,SUCCESS,3269,12,14.79,10.85,749.97,4.4226,1.7959725410958203,False,False
EXEC-001902,2026-01-04 03:00:00,CREDIT_BUREAU,NULL_CHECK,CHECK_710,WEEKLY,SKIPPED,74085,0,1.5,23.98,554.54,1.2934,,False,False
EXEC-001903,2026-01-11 05:00:00,FRAUD_DETECTION,NULL_CHECK,CHECK_464,ON_DEMAND,SUCCESS,82117,587,0.8,26.64,1343.48,1.9448,0.2091694085432626,False,False
EXEC-001904,2025-12-14 18:00:00,SCORING_ENGINE,FORMAT_CHECK,CHECK_760,WEEKLY,SUCCESS,37148,5,12.77,48.25,129.5,4.0624,3.589568945240343,False,False
EXEC-001905,2025-10-15 11:00:00,LOAN_REGISTRY,SCHEMA_VALIDATION,CHECK_308,DAILY,FAILED,261,95,1.56,33.57,188.26,4.2762,13.283584963072617,True,True
EXEC-001906,2025-11-12 08:00:00,CREDIT_BUREAU,REFERENTIAL_INTEGRITY,CHECK_117,ON_DEMAND,SKIPPED,8413,0,2.52,8.46,423.83,0.3474,,False,False
EXEC-001907,2025-09-10 05:00:00,LOAN_REGISTRY,SCHEMA_VALIDATION,CHECK_466,ON_DEMAND,SUCCESS,2967,121,2.26,18.26,599.66,0.3605,0.32241523813720574,False,False
EXEC-001908,2025-11-28 12:00:00,CREDIT_BUREAU,RANGE_CHECK,CHECK_496,WEEKLY,SUCCESS,4150,1,8.32,18.25,1313.36,4.2595,3.805359132025863,False,False
EXEC-001909,2025-09-26 13:00:00,MOBILE_APP,FORMAT_CHECK,CHECK_399,ON_DEMAND,SUCCESS,42549,3,11.32,19.65,188.54,1.9778,0.3455199884839306,False,False
EXEC-001910,2025-10-24 07:00:00,MOBILE_APP,CONSISTENCY_CHECK,CHECK_199,WEEKLY,SUCCESS,96162,7,4.04,25.88,48.88,0.8978,0.13949251648111438,False,False
EXEC-001911,2025-09-09 18:00:00,SCORING_ENGINE,FORMAT_CHECK,CHECK_671,DAILY,SUCCESS,22489,608,8.15,19.92,1387.56,1.8495,0.8522421147002478,False,False
EXEC-001912,2025-10-19 01:00:00,CRM_CLIENTS,RANGE_CHECK,CHECK_367,HOURLY,SUCCESS,9939,242,1.5,33.63,294.52,0.3675,0.12020387758921879,False,False
EXEC-001913,2026-02-12 11:00:00,SCORING_ENGINE,CONSISTENCY_CHECK,CHECK_885,WEEKLY,SUCCESS,1564,27,6.22,29.58,220.28,4.6262,2.4065266937500702,False,False
EXEC-001914,2025-09-19 08:00:00,FRAUD_DETECTION,FORMAT_CHECK,CHECK_678,HOURLY,SUCCESS,4047,712,8.82,21.41,337.39,1.2699,0.9083833948038611,False,False
EXEC-001915,2026-01-23 04:00:00,LOAN_REGISTRY,SCHEMA_VALIDATION,CHECK_296,WEEKLY,SKIPPED,30720,0,17.51,42.9,630.6,0.6074,,False,False
EXEC-001916,2025-10-13 00:00:00,INTERNET_BANK,CONSISTENCY_CHECK,CHECK_945,ON_DEMAND,SUCCESS,1387,6,0.59,27.87,494.49,0.3031,0.044974215050663846,False,False
EXEC-001917,2026-01-02 12:00:00,LOAN_REGISTRY,DUPLICATE_CHECK,CHECK_548,DAILY,SUCCESS,13733,18694,0.51,40.25,277.41,0.3464,0.05003017581721433,False,False
EXEC-001918,2025-10-26 06:00:00,MOBILE_APP,SCHEMA_VALIDATION,CHECK_654,HOURLY,SUCCESS,25856,0,3.14,2.37,213.7,3.7251,1.3139277467731263,False,False
EXEC-001919,2026-02-11 14:00:00,MOBILE_APP,RANGE_CHECK,CHECK_780,WEEKLY,SUCCESS,19892,17,2.15,20.97,1059.92,3.0314,1.0272552141938984,False,False
EXEC-001920,2025-11-18 18:00:00,SCORING_ENGINE,CONSISTENCY_CHECK,CHECK_964,ON_DEMAND,FAILED,1737,5,0.92,9.95,256.1,0.2727,1.1886836672029826,True,True
EXEC-001921,2026-03-10 07:00:00,CRM_CLIENTS,RANGE_CHECK,CHECK_401,HOURLY,SUCCESS,1335,19,117.89,53.04,547.9,3.0986,2.5308934221412613,False,False
EXEC-001922,2026-02-16 21:00:00,CREDIT_BUREAU,DUPLICATE_CHECK,CHECK_542,WEEKLY,FAILED,308,6,70.01,45.53,1491.19,4.1884,20.35380202629632,True,True
EXEC-001923,2025-12-04 20:00:00,CRM_CLIENTS,REFERENTIAL_INTEGRITY,CHECK_559,ON_DEMAND,TIMEOUT,1169,0,10.74,24.9,1532.54,0.1345,,False,False
EXEC-001924,2025-09-21 14:00:00,PAYMENT_SYSTEM,NULL_CHECK,CHECK_683,DAILY,SUCCESS,361491,0,2.7,37.98,132.36,0.6102,0.27923096012667253,False,False
EXEC-001925,2025-10-27 18:00:00,PAYMENT_SYSTEM,ACCURACY_CHECK,CHECK_153,HOURLY,SUCCESS,88,27,4.98,13.03,534.16,3.0941,0.48921235209225467,False,False
EXEC-001926,2025-09-21 23:00:00,SCORING_ENGINE,NULL_CHECK,CHECK_614,HOURLY,SUCCESS,158182,47,8.18,23.63,73.08,0.9404,0.22743566664301562,False,False
EXEC-001927,2026-01-30 05:00:00,SCORING_ENGINE,FRESHNESS_CHECK,CHECK_879,WEEKLY,SUCCESS,720,0,0.93,65.59,442.25,0.3837,0.1324578956532405,False,False
EXEC-001928,2025-09-30 03:00:00,INTERNET_BANK,SCHEMA_VALIDATION,CHECK_591,WEEKLY,SUCCESS,706,281,17.44,2.66,1035.05,3.6671,2.5847314610969736,False,False
EXEC-001929,2026-01-26 04:00:00,MOBILE_APP,REFERENTIAL_INTEGRITY,CHECK_838,DAILY,SUCCESS,64585,4,21.73,17.25,286.61,2.6654,1.8986882045966225,False,False
EXEC-001930,2026-01-24 11:00:00,LOAN_REGISTRY,FORMAT_CHECK,CHECK_119,WEEKLY,SUCCESS,20002,45,21.61,20.13,181.43,2.0318,1.2155625866328852,False,False
EXEC-001931,2025-09-08 15:00:00,LOAN_REGISTRY,FORMAT_CHECK,CHECK_769,WEEKLY,SUCCESS,69209,2688,5.04,44.03,178.11,1.6056,0.46038904333956654,False,False
EXEC-001932,2026-01-19 17:00:00,CREDIT_BUREAU,NULL_CHECK,CHECK_221,ON_DEMAND,SUCCESS,1026,109,124.52,12.91,84.05,3.0938,0.7313167869021522,False,False
EXEC-001933,2025-11-17 21:00:00,SCORING_ENGINE,CONSISTENCY_CHECK,CHECK_643,ON_DEMAND,SUCCESS,30845,21,11.15,31.6,272.39,1.789,1.1743570173106757,False,False
EXEC-001934,2025-10-15 08:00:00,CREDIT_BUREAU,REFERENTIAL_INTEGRITY,CHECK_583,HOURLY,SUCCESS,24133,10,14.42,17.04,348.08,2.5276,1.151767892060534,False,False
EXEC-001935,2025-10-14 04:00:00,CREDIT_BUREAU,SCHEMA_VALIDATION,CHECK_265,ON_DEMAND,TIMEOUT,468,0,27.32,21.75,4127.15,0.9374,,False,False
EXEC-001936,2025-12-06 01:00:00,PAYMENT_SYSTEM,NULL_CHECK,CHECK_524,ON_DEMAND,SUCCESS,248,44,6.25,45.13,727.24,4.4765,2.3066107129714206,False,False
EXEC-001937,2026-03-01 06:00:00,MOBILE_APP,COMPLETENESS_CHECK,CHECK_999,ON_DEMAND,SUCCESS,15667,2,2.35,55.45,659.27,0.5216,0.09611579440369057,False,False
EXEC-001938,2025-10-07 12:00:00,CRM_CLIENTS,CONSISTENCY_CHECK,CHECK_758,WEEKLY,SUCCESS,10461,33,7.21,15.82,37.57,0.2734,0.05615055963808961,False,False
EXEC-001939,2025-12-26 20:00:00,CREDIT_BUREAU,COMPLETENESS_CHECK,CHECK_922,WEEKLY,SUCCESS,9865,145,76.85,26.78,1095.71,2.2817,1.7010895690458445,False,False
EXEC-001940,2025-12-19 00:00:00,INTERNET_BANK,NULL_CHECK,CHECK_135,HOURLY,SUCCESS,11414,1,2.59,28.53,594.33,4.3809,3.182000016769803,False,False
EXEC-001941,2025-11-29 02:00:00,INTERNET_BANK,RANGE_CHECK,CHECK_131,WEEKLY,FAILED,25514,3089,8.37,14.76,4674.4,3.7128,5.96986495468172,True,True
EXEC-001942,2025-10-25 03:00:00,INTERNET_BANK,ACCURACY_CHECK,CHECK_215,HOURLY,SUCCESS,1009,16,1.41,16.24,145.6,0.2909,0.23690153572587141,False,False
EXEC-001943,2025-09-03 14:00:00,LOAN_REGISTRY,COMPLETENESS_CHECK,CHECK_746,HOURLY,SKIPPED,691637,0,13.01,28.04,56.28,4.5102,,False,False
EXEC-001944,2025-11-15 17:00:00,CREDIT_BUREAU,CONSISTENCY_CHECK,CHECK_868,DAILY,SUCCESS,90393,385,5.84,34.56,609.5,1.0633,0.7684666957642852,False,False
EXEC-001945,2025-12-07 10:00:00,LOAN_REGISTRY,REFERENTIAL_INTEGRITY,CHECK_308,WEEKLY,SUCCESS,27303,17,0.07,17.26,1099.93,2.5614,1.948006236190817,False,False
EXEC-001946,2025-09-12 01:00:00,INTERNET_BANK,DUPLICATE_CHECK,CHECK_537,WEEKLY,SUCCESS,3371,36,5.4,39.85,1581.56,1.4472,0.5858093127296558,False,False
EXEC-001947,2025-11-25 05:00:00,PAYMENT_SYSTEM,NULL_CHECK,CHECK_481,HOURLY,SUCCESS,948,3,41.38,25.36,973.89,0.9534,0.6259293960246037,False,False
EXEC-001948,2025-09-21 00:00:00,PAYMENT_SYSTEM,SCHEMA_VALIDATION,CHECK_804,HOURLY,SUCCESS,4110,2,35.25,22.41,406.16,3.1316,0.8788680780530826,False,False
EXEC-001949,2025-10-13 13:00:00,CREDIT_BUREAU,COMPLETENESS_CHECK,CHECK_225,DAILY,SUCCESS,439,5022,18.37,30.31,491.77,3.3317,1.2903171257625932,False,False
EXEC-001950,2025-09-06 18:00:00,CRM_CLIENTS,FORMAT_CHECK,CHECK_148,WEEKLY,FAILED,20213,5,10.09,23.59,224.44,2.7016,12.496443248196531,True,True
EXEC-001951,2026-01-02 23:00:00,MOBILE_APP,RANGE_CHECK,CHECK_336,DAILY,SUCCESS,11617,98,8.67,40.47,4248.94,0.7238,0.11593538247421624,False,False
EXEC-001952,2026-01-17 10:00:00,INTERNET_BANK,COMPLETENESS_CHECK,CHECK_377,WEEKLY,SKIPPED,616,0,18.98,14.57,1486.51,2.6842,,False,False
EXEC-001953,2026-02-17 10:00:00,CRM_CLIENTS,FORMAT_CHECK,CHECK_402,ON_DEMAND,SUCCESS,18928,95,2.7,16.86,135.02,2.6877,0.594881571607154,False,False
EXEC-001954,2026-03-12 15:00:00,LOAN_REGISTRY,FORMAT_CHECK,CHECK_410,HOURLY,FAILED,2478,5,17.82,69.42,841.27,2.1541,5.845054606171321,True,False
EXEC-001955,2026-02-02 02:00:00,SCORING_ENGINE,FRESHNESS_CHECK,CHECK_358,WEEKLY,FAILED,1407,100,5.0,15.18,2256.15,4.981,12.281032943370032,True,False
EXEC-001956,2026-01-04 19:00:00,FRAUD_DETECTION,REFERENTIAL_INTEGRITY,CHECK_234,DAILY,SUCCESS,207736,25,3.05,9.04,367.77,4.3766,3.7146337278125325,False,False
EXEC-001957,2026-01-23 10:00:00,PAYMENT_SYSTEM,CONSISTENCY_CHECK,CHECK_715,WEEKLY,SKIPPED,8827,0,0.33,13.16,434.11,4.125,,False,False
EXEC-001958,2025-12-15 05:00:00,SCORING_ENGINE,COMPLETENESS_CHECK,CHECK_709,ON_DEMAND,SUCCESS,1271,20,4.74,34.0,106.65,1.9468,0.8235399627194806,False,False
EXEC-001959,2025-09-23 03:00:00,INTERNET_BANK,CONSISTENCY_CHECK,CHECK_144,WEEKLY,SUCCESS,2167,6888,53.33,9.44,228.84,3.3029,2.4903179173415295,False,False
EXEC-001960,2026-01-05 14:00:00,CREDIT_BUREAU,NULL_CHECK,CHECK_502,DAILY,SUCCESS,5557,0,0.16,20.42,270.07,4.5555,2.1949486231719173,False,False
EXEC-001961,2026-01-30 03:00:00,CREDIT_BUREAU,ACCURACY_CHECK,CHECK_595,ON_DEMAND,SUCCESS,5971,181,36.5,12.7,577.01,3.5943,0.5837706483193422,False,False
EXEC-001962,2025-12-28 19:00:00,FRAUD_DETECTION,COMPLETENESS_CHECK,CHECK_380,DAILY,SUCCESS,56749,623,2.77,27.37,847.39,1.9063,1.3819870322514287,False,False
EXEC-001963,2026-01-05 23:00:00,FRAUD_DETECTION,COMPLETENESS_CHECK,CHECK_781,HOURLY,SUCCESS,103313,986,24.5,36.13,352.85,2.4169,1.5654259769405618,False,False
EXEC-001964,2025-12-07 07:00:00,CREDIT_BUREAU,COMPLETENESS_CHECK,CHECK_451,ON_DEMAND,SUCCESS,54792,3256,8.38,10.48,443.45,4.8431,1.668580112667685,False,False
EXEC-001965,2026-01-24 02:00:00,LOAN_REGISTRY,SCHEMA_VALIDATION,CHECK_532,DAILY,SUCCESS,1139,0,4.36,28.11,781.8,0.3781,0.06679715666449977,False,False
EXEC-001966,2025-10-29 20:00:00,PAYMENT_SYSTEM,FRESHNESS_CHECK,CHECK_672,ON_DEMAND,SUCCESS,47246,12258,2.36,13.41,377.45,1.0358,0.9268113237119622,False,False
EXEC-001967,2025-11-24 00:00:00,CREDIT_BUREAU,SCHEMA_VALIDATION,CHECK_510,ON_DEMAND,FAILED,2372,0,83.77,9.99,416.38,4.5009,20.208143312188074,True,True
EXEC-001968,2025-11-25 18:00:00,FRAUD_DETECTION,NULL_CHECK,CHECK_938,ON_DEMAND,TIMEOUT,343,0,21.16,15.36,639.99,0.4645,,False,False
EXEC-001969,2026-02-11 16:00:00,INTERNET_BANK,FRESHNESS_CHECK,CHECK_483,HOURLY,SUCCESS,1054,18,13.96,21.54,657.18,3.0333,2.4574900110565467,False,False
EXEC-001970,2025-10-07 07:00:00,INTERNET_BANK,FORMAT_CHECK,CHECK_268,WEEKLY,FAILED,998194,1,111.3,59.04,2136.44,3.0717,9.353994311442964,True,True
EXEC-001971,2025-10-17 17:00:00,SCORING_ENGINE,RANGE_CHECK,CHECK_408,DAILY,FAILED,19174,7,0.23,10.12,52.61,0.6717,2.737317087134834,True,False
EXEC-001972,2025-11-25 17:00:00,PAYMENT_SYSTEM,CONSISTENCY_CHECK,CHECK_139,WEEKLY,SKIPPED,8217,0,5.5,39.79,545.76,1.0563,,False,False
EXEC-001973,2026-02-05 14:00:00,FRAUD_DETECTION,REFERENTIAL_INTEGRITY,CHECK_486,DAILY,SUCCESS,1854,9,10.4,26.12,38.52,0.9623,0.527394527661044,False,False
EXEC-001974,2026-01-27 04:00:00,FRAUD_DETECTION,FORMAT_CHECK,CHECK_245,WEEKLY,FAILED,20926,43,14.81,37.63,431.44,4.1384,18.183252495039017,True,True
EXEC-001975,2025-09-01 22:00:00,SCORING_ENGINE,CONSISTENCY_CHECK,CHECK_906,ON_DEMAND,SUCCESS,8155,2,24.07,36.41,263.27,3.3218,2.8345523592432715,False,False
EXEC-001976,2025-10-08 17:00:00,CREDIT_BUREAU,CONSISTENCY_CHECK,CHECK_896,ON_DEMAND,FAILED,16008,24,9.68,20.44,51.99,2.9501,9.25544659870763,True,True
EXEC-001977,2025-09-16 01:00:00,INTERNET_BANK,SCHEMA_VALIDATION,CHECK_229,DAILY,FAILED,16270,1536,20.8,8.84,1050.55,4.9463,9.01410766232533,True,False
EXEC-001978,2026-03-09 10:00:00,INTERNET_BANK,SCHEMA_VALIDATION,CHECK_219,WEEKLY,FAILED,8976,248,16.48,1.32,636.76,3.549,6.577637175835806,True,True
EXEC-001979,2025-09-21 06:00:00,LOAN_REGISTRY,FORMAT_CHECK,CHECK_431,ON_DEMAND,FAILED,3215,4,9.04,24.74,1385.45,4.7217,22.948677013894276,True,True
EXEC-001980,2025-10-11 10:00:00,CRM_CLIENTS,ACCURACY_CHECK,CHECK_452,ON_DEMAND,FAILED,2705,86,19.7,18.16,45.6,2.2265,10.885928077146476,True,True
EXEC-001981,2026-02-23 12:00:00,MOBILE_APP,DUPLICATE_CHECK,CHECK_725,HOURLY,SUCCESS,40,0,13.11,52.03,235.05,4.0543,3.1551188428509835,False,False
EXEC-001982,2025-10-12 20:00:00,INTERNET_BANK,COMPLETENESS_CHECK,CHECK_711,WEEKLY,SUCCESS,22683,182,2.92,18.16,963.96,1.4102,0.6128423262730224,False,False
EXEC-001983,2025-09-14 05:00:00,CREDIT_BUREAU,FORMAT_CHECK,CHECK_546,ON_DEMAND,SUCCESS,3062,218,8.07,59.43,212.07,1.4109,0.1684104899730831,False,False
EXEC-001984,2025-11-10 17:00:00,LOAN_REGISTRY,RANGE_CHECK,CHECK_993,HOURLY,SUCCESS,645185,314,11.34,30.64,120.76,4.1181,2.083242204062797,False,False
EXEC-001985,2025-09-10 02:00:00,CREDIT_BUREAU,REFERENTIAL_INTEGRITY,CHECK_589,DAILY,SUCCESS,866,0,5.13,56.24,551.0,4.3232,1.845947606973332,False,False
EXEC-001986,2026-01-19 19:00:00,LOAN_REGISTRY,REFERENTIAL_INTEGRITY,CHECK_240,WEEKLY,TIMEOUT,38515,0,30.91,26.1,663.62,1.9295,,False,False
EXEC-001987,2026-03-09 01:00:00,CRM_CLIENTS,NULL_CHECK,CHECK_422,WEEKLY,SUCCESS,6567,3,21.05,7.55,112.93,0.666,0.1127919162437344,False,False
EXEC-001988,2025-11-18 10:00:00,PAYMENT_SYSTEM,RANGE_CHECK,CHECK_535,WEEKLY,SUCCESS,3159,43,7.97,51.74,563.16,1.6756,0.9079535145265106,False,False
EXEC-001989,2025-10-05 06:00:00,FRAUD_DETECTION,DUPLICATE_CHECK,CHECK_886,DAILY,SUCCESS,1373,3,19.76,9.23,180.01,0.9299,0.45973233988178963,False,False
EXEC-001990,2026-02-01 08:00:00,PAYMENT_SYSTEM,COMPLETENESS_CHECK,CHECK_282,ON_DEMAND,FAILED,28016,633,2.91,50.18,2246.23,3.0893,7.130592574420882,True,True
EXEC-001991,2026-01-15 01:00:00,CRM_CLIENTS,CONSISTENCY_CHECK,CHECK_288,HOURLY,SUCCESS,3289,1877,1.23,50.25,126.12,1.3393,0.5972050033662675,False,False
EXEC-001992,2025-12-04 06:00:00,CRM_CLIENTS,COMPLETENESS_CHECK,CHECK_975,WEEKLY,SUCCESS,29434,1,2.62,13.18,103.53,3.6094,2.5634772391616156,False,False
EXEC-001993,2025-10-01 17:00:00,LOAN_REGISTRY,FORMAT_CHECK,CHECK_285,HOURLY,FAILED,30013,513,1.23,11.07,1056.98,0.2126,0.4067353872389274,True,True
EXEC-001994,2026-02-14 21:00:00,INTERNET_BANK,COMPLETENESS_CHECK,CHECK_227,WEEKLY,SUCCESS,27990,2903,0.33,36.16,239.76,2.2244,0.7623926783465501,False,False
EXEC-001995,2025-10-26 06:00:00,INTERNET_BANK,COMPLETENESS_CHECK,CHECK_723,HOURLY,SUCCESS,119929,0,0.84,14.62,2050.11,0.4603,0.3576427862518726,False,False
EXEC-001996,2026-01-23 15:00:00,PAYMENT_SYSTEM,ACCURACY_CHECK,CHECK_108,DAILY,SUCCESS,38851,67,4.21,31.74,7402.39,3.8857,0.9542381176336153,False,False
EXEC-001997,2026-02-24 05:00:00,FRAUD_DETECTION,NULL_CHECK,CHECK_439,HOURLY,SUCCESS,19245,216,18.55,43.18,944.02,1.8471,0.5208403351578307,False,False
EXEC-001998,2025-09-15 13:00:00,CREDIT_BUREAU,RANGE_CHECK,CHECK_341,DAILY,SUCCESS,18252,1,34.23,15.77,363.34,4.0436,1.3313928211383899,False,False
EXEC-001999,2026-03-05 19:00:00,CREDIT_BUREAU,ACCURACY_CHECK,CHECK_320,WEEKLY,SUCCESS,379,11,6.05,2.15,348.37,3.47,1.5636028772640136,False,False
EXEC-002000,2025-09-05 11:00:00,CREDIT_BUREAU,NULL_CHECK,CHECK_750,ON_DEMAND,SUCCESS,9084,1,2.48,7.1,221.16,4.3238,3.320531319598997,False,False
EXEC-002001,2026-02-24 10:00:00,SCORING_ENGINE,FRESHNESS_CHECK,CHECK_763,WEEKLY,SUCCESS,19088,21483,30.99,20.87,469.44,4.6451,2.942966260296842,False,False
EXEC-002002,2025-10-04 06:00:00,LOAN_REGISTRY,RANGE_CHECK,CHECK_775,ON_DEMAND,SUCCESS,78329,3860,5.22,36.76,2122.75,0.4613,0.21100513537402607,False,False
EXEC-002003,2026-01-04 00:00:00,PAYMENT_SYSTEM,ACCURACY_CHECK,CHECK_401,WEEKLY,TIMEOUT,1168,0,93.02,51.74,514.46,0.4161,,False,False
EXEC-002004,2026-01-31 20:00:00,LOAN_REGISTRY,NULL_CHECK,CHECK_550,WEEKLY,SUCCESS,265761,43,22.17,31.21,1471.21,3.4288,1.9471754791170015,False,False
EXEC-002005,2025-10-07 15:00:00,CRM_CLIENTS,COMPLETENESS_CHECK,CHECK_912,WEEKLY,SUCCESS,4432,95,1.25,13.29,344.89,0.6517,0.2527435451745203,False,False
EXEC-002006,2025-10-21 13:00:00,MOBILE_APP,NULL_CHECK,CHECK_130,HOURLY,SKIPPED,4086,0,14.35,66.06,1357.33,3.928,,False,False
EXEC-002007,2025-09-11 09:00:00,SCORING_ENGINE,CONSISTENCY_CHECK,CHECK_364,WEEKLY,SUCCESS,573457,6281,1.93,15.48,833.68,4.1883,1.2815239458704937,False,False
EXEC-002008,2025-10-07 22:00:00,INTERNET_BANK,DUPLICATE_CHECK,CHECK_610,ON_DEMAND,SUCCESS,3678,938,11.48,22.33,681.58,4.4297,2.9749760189064,False,False
EXEC-002009,2025-12-26 23:00:00,INTERNET_BANK,ACCURACY_CHECK,CHECK_414,DAILY,SUCCESS,2740,148,1.46,35.13,9369.93,1.8587,0.44638000541302325,False,False
EXEC-002010,2025-09-21 18:00:00,CRM_CLIENTS,CONSISTENCY_CHECK,CHECK_591,ON_DEMAND,SUCCESS,267,44695,2.76,55.32,1036.86,4.9654,0.7744629121217113,False,False
EXEC-002011,2026-02-06 04:00:00,LOAN_REGISTRY,DUPLICATE_CHECK,CHECK_498,DAILY,SUCCESS,3034,448,64.27,44.07,278.86,3.1022,2.3522447774830786,False,False
EXEC-002012,2025-09-29 19:00:00,FRAUD_DETECTION,ACCURACY_CHECK,CHECK_410,DAILY,SUCCESS,1393,7,85.9,41.67,225.72,3.7754,2.4506878005902344,False,False
EXEC-002013,2025-11-06 17:00:00,PAYMENT_SYSTEM,CONSISTENCY_CHECK,CHECK_654,DAILY,SUCCESS,579,101,1.62,13.33,663.98,3.8346,1.5784782939290536,False,False
EXEC-002014,2026-02-21 12:00:00,PAYMENT_SYSTEM,COMPLETENESS_CHECK,CHECK_395,HOURLY,SUCCESS,21015,245,4.18,15.69,228.33,2.6343,1.2309655112262567,False,False
EXEC-002015,2025-09-15 11:00:00,MOBILE_APP,REFERENTIAL_INTEGRITY,CHECK_801,ON_DEMAND,SUCCESS,1187,595217,4.72,19.58,204.26,3.5598,0.9559987412501579,False,False
EXEC-002016,2026-01-18 11:00:00,CREDIT_BUREAU,COMPLETENESS_CHECK,CHECK_904,HOURLY,SUCCESS,14466,897,26.51,30.94,1627.85,3.6449,3.1242340689511976,False,False
EXEC-002017,2026-02-02 14:00:00,FRAUD_DETECTION,ACCURACY_CHECK,CHECK_433,DAILY,SUCCESS,150355,2,0.89,5.07,421.82,3.8689,3.3474110747335892,False,False
EXEC-002018,2025-10-05 16:00:00,MOBILE_APP,NULL_CHECK,CHECK_481,WEEKLY,SUCCESS,1971,110,2.86,25.52,168.39,2.2995,1.879987006718865,False,False
EXEC-002019,2025-11-24 03:00:00,MOBILE_APP,FORMAT_CHECK,CHECK_711,HOURLY,SUCCESS,34194,20,3.7,42.05,55.0,4.5674,3.6795618586928547,False,False
EXEC-002020,2025-09-19 09:00:00,PAYMENT_SYSTEM,COMPLETENESS_CHECK,CHECK_328,WEEKLY,SUCCESS,2364,15446,10.53,51.94,3980.01,1.965,1.494444778475255,False,False
EXEC-002021,2026-02-05 16:00:00,INTERNET_BANK,ACCURACY_CHECK,CHECK_715,ON_DEMAND,SUCCESS,365510,1442,26.83,14.48,255.59,4.5921,1.5369446605938137,False,False
EXEC-002022,2025-11-18 05:00:00,CREDIT_BUREAU,RANGE_CHECK,CHECK_547,HOURLY,FAILED,3894,4,16.0,19.64,299.07,1.9671,9.66225749552388,True,True
EXEC-002023,2025-12-23 08:00:00,SCORING_ENGINE,RANGE_CHECK,CHECK_434,WEEKLY,SUCCESS,1987,3,214.74,21.28,266.99,2.1589,1.1769231398961588,False,False
EXEC-002024,2025-09-28 04:00:00,FRAUD_DETECTION,COMPLETENESS_CHECK,CHECK_274,WEEKLY,SUCCESS,740858,5,7.0,29.62,289.03,3.7546,2.126719528321694,False,False
EXEC-002025,2025-09-17 07:00:00,LOAN_REGISTRY,NULL_CHECK,CHECK_198,ON_DEMAND,FAILED,1877,3,4.25,49.13,466.47,4.2231,16.990713199437955,True,True
EXEC-002026,2025-12-08 05:00:00,LOAN_REGISTRY,FORMAT_CHECK,CHECK_968,WEEKLY,SUCCESS,511,0,0.95,12.46,1826.07,3.2895,2.805577251650073,False,False
EXEC-002027,2026-01-02 06:00:00,SCORING_ENGINE,COMPLETENESS_CHECK,CHECK_943,WEEKLY,SKIPPED,58459,0,2.97,27.88,443.26,2.8446,,False,False
EXEC-002028,2026-03-01 03:00:00,CREDIT_BUREAU,ACCURACY_CHECK,CHECK_937,DAILY,SUCCESS,40709,623,13.64,46.31,183.14,2.0114,0.601142660779444,False,False
EXEC-002029,2025-12-04 01:00:00,PAYMENT_SYSTEM,FRESHNESS_CHECK,CHECK_337,WEEKLY,FAILED,45602,161,89.94,8.43,111.18,2.1888,9.16339826838499,True,True
EXEC-002030,2026-02-15 22:00:00,CRM_CLIENTS,NULL_CHECK,CHECK_647,DAILY,SUCCESS,7817,524,69.83,27.97,104.84,3.0278,1.627812295905192,False,False
EXEC-002031,2025-12-12 11:00:00,LOAN_REGISTRY,COMPLETENESS_CHECK,CHECK_330,DAILY,SUCCESS,14901,35,2.54,35.82,168.38,1.4102,0.31773310928002035,False,False
EXEC-002032,2025-11-08 02:00:00,FRAUD_DETECTION,SCHEMA_VALIDATION,CHECK_420,DAILY,SUCCESS,5029,2,20.58,14.21,1723.07,2.3412,0.3423041525770517,False,False
EXEC-002033,2026-01-15 17:00:00,PAYMENT_SYSTEM,FORMAT_CHECK,CHECK_106,WEEKLY,SUCCESS,409,16,18.4,48.29,842.92,1.1575,0.29252651408462593,False,False
EXEC-002034,2025-10-30 17:00:00,FRAUD_DETECTION,RANGE_CHECK,CHECK_600,DAILY,SUCCESS,4940,35859,4.64,38.18,1032.02,1.1775,0.2332175681841882,False,False
EXEC-002035,2025-10-09 23:00:00,PAYMENT_SYSTEM,ACCURACY_CHECK,CHECK_950,HOURLY,FAILED,3204,1321,22.17,10.13,2397.6,1.6975,4.401601629877822,True,True
EXEC-002036,2025-11-07 02:00:00,LOAN_REGISTRY,COMPLETENESS_CHECK,CHECK_183,DAILY,SUCCESS,118595,12,4.74,6.77,156.67,4.7072,0.9548392368226056,False,False
EXEC-002037,2025-09-09 11:00:00,FRAUD_DETECTION,ACCURACY_CHECK,CHECK_240,DAILY,FAILED,21638,0,2.08,4.14,253.22,3.5123,5.360128534549184,True,True
EXEC-002038,2025-09-06 22:00:00,INTERNET_BANK,RANGE_CHECK,CHECK_394,DAILY,SUCCESS,433,19480,3.94,28.99,209.96,1.041,0.7353447628097606,False,False
EXEC-002039,2026-03-12 21:00:00,MOBILE_APP,COMPLETENESS_CHECK,CHECK_441,DAILY,FAILED,4582,55,1.93,82.53,249.29,1.445,3.8976055626085664,True,True
EXEC-002040,2026-01-27 12:00:00,MOBILE_APP,RANGE_CHECK,CHECK_846,DAILY,SUCCESS,1349,4275,17.43,48.65,347.99,4.2522,1.9677792941734504,False,False
EXEC-002041,2025-11-02 00:00:00,FRAUD_DETECTION,NULL_CHECK,CHECK_456,DAILY,SUCCESS,929,71,1.61,25.95,346.3,4.6159,3.6691603159272317,False,False
EXEC-002042,2025-12-29 02:00:00,INTERNET_BANK,RANGE_CHECK,CHECK_323,ON_DEMAND,SUCCESS,276,43,9.28,31.19,2055.4,3.8835,1.0587854321288572,False,False
EXEC-002043,2026-03-01 11:00:00,SCORING_ENGINE,NULL_CHECK,CHECK_204,ON_DEMAND,FAILED,479360,85,103.36,29.32,368.72,4.302,9.143540471955275,True,True
EXEC-002044,2026-02-28 06:00:00,PAYMENT_SYSTEM,CONSISTENCY_CHECK,CHECK_270,HOURLY,SUCCESS,1534,154,69.5,23.02,115.89,4.4727,2.9805040424749603,False,False
EXEC-002045,2025-12-31 06:00:00,LOAN_REGISTRY,DUPLICATE_CHECK,CHECK_818,ON_DEMAND,TIMEOUT,7219,0,22.06,48.7,352.78,1.0958,,False,False
EXEC-002046,2026-01-31 12:00:00,INTERNET_BANK,ACCURACY_CHECK,CHECK_948,ON_DEMAND,SKIPPED,2038,0,8.81,28.56,274.23,2.4247,,False,False
EXEC-002047,2026-01-24 09:00:00,INTERNET_BANK,COMPLETENESS_CHECK,CHECK_982,ON_DEMAND,FAILED,117,152,7.17,43.61,440.51,3.3037,14.479006692434886,True,True
EXEC-002048,2026-01-25 14:00:00,CREDIT_BUREAU,CONSISTENCY_CHECK,CHECK_710,ON_DEMAND,FAILED,7496,621,4.39,55.08,423.52,4.7233,13.211370265363866,True,True
EXEC-002049,2025-11-26 14:00:00,MOBILE_APP,ACCURACY_CHECK,CHECK_157,ON_DEMAND,SUCCESS,45823,39,25.56,34.16,901.45,2.9252,1.0071764016528209,False,False
EXEC-002050,2026-02-17 08:00:00,SCORING_ENGINE,RANGE_CHECK,CHECK_103,HOURLY,SUCCESS,57272,3003,12.7,49.73,190.66,4.5662,2.908441488634416,False,False
EXEC-002051,2025-09-11 03:00:00,SCORING_ENGINE,COMPLETENESS_CHECK,CHECK_858,ON_DEMAND,SUCCESS,81242,13,3.57,14.02,544.99,1.4658,0.7528765808674963,False,False
EXEC-002052,2025-11-09 19:00:00,CRM_CLIENTS,FORMAT_CHECK,CHECK_355,HOURLY,SUCCESS,9310,2688,38.88,28.08,259.42,3.6752,0.8019693602923069,False,False
EXEC-002053,2025-10-12 03:00:00,LOAN_REGISTRY,ACCURACY_CHECK,CHECK_503,HOURLY,TIMEOUT,4547,0,0.8,35.73,2620.91,1.8345,,False,False
EXEC-002054,2026-03-11 13:00:00,MOBILE_APP,REFERENTIAL_INTEGRITY,CHECK_230,WEEKLY,SUCCESS,1376,4,0.85,22.58,248.21,3.6441,3.122566458559676,False,False
EXEC-002055,2025-09-02 20:00:00,CRM_CLIENTS,CONSISTENCY_CHECK,CHECK_774,HOURLY,FAILED,23543,7,0.67,59.57,1213.27,1.3305,6.053252067105219,True,True
EXEC-002056,2025-12-23 22:00:00,PAYMENT_SYSTEM,CONSISTENCY_CHECK,CHECK_289,HOURLY,SUCCESS,12742,4,1.11,58.12,513.32,1.7188,0.25571799865102957,False,False
EXEC-002057,2025-11-07 21:00:00,INTERNET_BANK,NULL_CHECK,CHECK_193,ON_DEMAND,SUCCESS,5843,100,13.74,20.66,99.55,3.0868,1.4709901678821748,False,False
EXEC-002058,2025-11-08 09:00:00,MOBILE_APP,REFERENTIAL_INTEGRITY,CHECK_989,HOURLY,SUCCESS,11497,6,4.76,50.17,185.18,3.4501,2.3245050679792993,False,False
EXEC-002059,2026-01-16 09:00:00,SCORING_ENGINE,ACCURACY_CHECK,CHECK_169,DAILY,SKIPPED,9692,0,2.19,11.88,712.85,0.9099,,False,False
EXEC-002060,2025-10-24 10:00:00,LOAN_REGISTRY,COMPLETENESS_CHECK,CHECK_834,HOURLY,FAILED,1997,22,29.25,24.8,326.16,0.878,3.8280044559013002,True,True
EXEC-002061,2026-01-29 00:00:00,MOBILE_APP,ACCURACY_CHECK,CHECK_897,HOURLY,FAILED,85,2,1.1,9.42,313.81,4.5921,17.92201059805973,True,True
EXEC-002062,2025-11-26 18:00:00,FRAUD_DETECTION,NULL_CHECK,CHECK_583,ON_DEMAND,SUCCESS,7084,354,8.46,32.1,320.0,1.5389,1.2382211369632403,False,False
EXEC-002063,2026-01-28 07:00:00,SCORING_ENGINE,FORMAT_CHECK,CHECK_342,WEEKLY,SUCCESS,3302,0,1.58,13.43,39.91,3.1592,2.8371139874964024,False,False
EXEC-002064,2026-01-13 08:00:00,CREDIT_BUREAU,DUPLICATE_CHECK,CHECK_897,HOURLY,FAILED,587,0,17.58,17.69,90.82,0.1825,0.6437853481263393,True,True
EXEC-002065,2026-01-28 02:00:00,LOAN_REGISTRY,FRESHNESS_CHECK,CHECK_755,DAILY,SUCCESS,193,1,18.58,21.62,1048.91,4.8557,2.762333026794655,False,False
EXEC-002066,2025-10-21 19:00:00,INTERNET_BANK,CONSISTENCY_CHECK,CHECK_246,WEEKLY,SUCCESS,5285,230,20.96,5.64,128.13,4.501,3.9946252643703404,False,False
EXEC-002067,2025-09-27 22:00:00,SCORING_ENGINE,DUPLICATE_CHECK,CHECK_748,WEEKLY,SUCCESS,8630,204,13.92,19.83,384.38,2.0732,1.1244899967974795,False,False
EXEC-002068,2025-12-30 13:00:00,INTERNET_BANK,RANGE_CHECK,CHECK_574,DAILY,SUCCESS,4773,100,47.0,52.52,656.85,0.2329,0.14290825360862908,False,False
EXEC-002069,2025-09-22 20:00:00,PAYMENT_SYSTEM,COMPLETENESS_CHECK,CHECK_606,DAILY,SUCCESS,6342,17,5.8,43.07,459.51,4.1031,2.623554827516987,False,False
EXEC-002070,2026-02-27 01:00:00,LOAN_REGISTRY,CONSISTENCY_CHECK,CHECK_260,WEEKLY,FAILED,16866,5178,2.88,35.68,1313.84,2.0212,8.933753022812914,True,False
EXEC-002071,2025-11-22 02:00:00,CREDIT_BUREAU,RANGE_CHECK,CHECK_535,ON_DEMAND,SUCCESS,16356,192,5.51,21.77,55.55,0.7053,0.47100885659509906,False,False
EXEC-002072,2025-10-18 04:00:00,PAYMENT_SYSTEM,CONSISTENCY_CHECK,CHECK_890,DAILY,SUCCESS,13075,16,1.88,23.01,698.13,1.302,0.5886355275432446,False,False
EXEC-002073,2026-02-10 03:00:00,LOAN_REGISTRY,REFERENTIAL_INTEGRITY,CHECK_377,HOURLY,SKIPPED,161,0,4.6,69.39,633.08,1.5656,,False,False
EXEC-002074,2025-09-07 11:00:00,PAYMENT_SYSTEM,NULL_CHECK,CHECK_648,ON_DEMAND,SUCCESS,1240,27,22.32,25.89,937.21,1.9766,1.7533385701933202,False,False
EXEC-002075,2025-09-11 22:00:00,CRM_CLIENTS,REFERENTIAL_INTEGRITY,CHECK_757,DAILY,SUCCESS,688141,2576,69.04,23.97,383.72,4.4895,1.8488319600648002,False,False
EXEC-002076,2025-09-20 15:00:00,LOAN_REGISTRY,COMPLETENESS_CHECK,CHECK_658,WEEKLY,TIMEOUT,5992,0,3.5,44.47,124.9,4.1315,,False,False
EXEC-002077,2025-11-30 19:00:00,PAYMENT_SYSTEM,FORMAT_CHECK,CHECK_849,DAILY,SUCCESS,1841,70,19.56,32.14,1711.38,2.9036,0.7900960899243163,False,False
EXEC-002078,2026-01-16 13:00:00,CREDIT_BUREAU,FRESHNESS_CHECK,CHECK_352,ON_DEMAND,SKIPPED,15744,0,3.38,15.21,891.45,1.1903,,False,False
EXEC-002079,2026-01-20 14:00:00,LOAN_REGISTRY,COMPLETENESS_CHECK,CHECK_732,HOURLY,SUCCESS,4152,1,7.08,53.04,623.63,3.9969,2.536929354237506,False,False
EXEC-002080,2026-01-24 06:00:00,FRAUD_DETECTION,CONSISTENCY_CHECK,CHECK_454,WEEKLY,SUCCESS,2395,5,3.15,4.52,1321.44,3.322,1.4406395347557053,False,False
EXEC-002081,2025-10-05 04:00:00,FRAUD_DETECTION,RANGE_CHECK,CHECK_669,ON_DEMAND,FAILED,260387,0,106.98,33.58,1128.29,4.027,18.70439439854171,True,True
EXEC-002082,2025-12-16 00:00:00,MOBILE_APP,SCHEMA_VALIDATION,CHECK_428,ON_DEMAND,SUCCESS,55934,44,2.48,10.47,926.29,1.4699,0.30082287902267263,False,False
EXEC-002083,2025-12-22 18:00:00,MOBILE_APP,SCHEMA_VALIDATION,CHECK_829,DAILY,SUCCESS,72037,110,8.06,30.28,343.27,2.4085,0.5968126249505517,False,False
EXEC-002084,2025-09-09 12:00:00,MOBILE_APP,NULL_CHECK,CHECK_791,DAILY,SUCCESS,791,37,4.01,17.39,656.04,0.8937,0.693897284113414,False,False
EXEC-002085,2025-09-24 03:00:00,PAYMENT_SYSTEM,SCHEMA_VALIDATION,CHECK_428,ON_DEMAND,SUCCESS,7945,374,9.84,36.59,256.62,2.4316,1.145154992649487,False,False
EXEC-002086,2025-10-10 18:00:00,MOBILE_APP,NULL_CHECK,CHECK_667,HOURLY,FAILED,172,7,2.96,22.91,90.34,4.932,23.363414358014428,True,True
EXEC-002087,2025-09-18 06:00:00,FRAUD_DETECTION,ACCURACY_CHECK,CHECK_432,DAILY,SUCCESS,82189,0,162.26,12.64,1084.33,2.7932,0.29484341191406493,False,False
EXEC-002088,2026-01-31 13:00:00,MOBILE_APP,FRESHNESS_CHECK,CHECK_275,WEEKLY,SKIPPED,725542,0,6.18,18.33,2408.1,1.0551,,False,False
EXEC-002089,2026-02-13 18:00:00,INTERNET_BANK,NULL_CHECK,CHECK_285,ON_DEMAND,SUCCESS,190103,5,11.99,47.66,136.42,1.0567,0.8931943364309534,False,False
EXEC-002090,2026-02-07 12:00:00,PAYMENT_SYSTEM,COMPLETENESS_CHECK,CHECK_698,ON_DEMAND,TIMEOUT,57784,0,2.59,15.2,50.12,0.261,,False,False
EXEC-002091,2025-10-13 10:00:00,FRAUD_DETECTION,DUPLICATE_CHECK,CHECK_784,HOURLY,SUCCESS,41169,0,4.73,13.78,120.85,1.9739,0.5552247247847307,False,False
EXEC-002092,2025-11-26 02:00:00,SCORING_ENGINE,REFERENTIAL_INTEGRITY,CHECK_412,ON_DEMAND,SUCCESS,2667,6,27.58,64.49,685.41,1.3832,0.7976184754983691,False,False
EXEC-002093,2025-09-13 17:00:00,INTERNET_BANK,CONSISTENCY_CHECK,CHECK_274,DAILY,SUCCESS,2232,24708,7.92,23.38,486.8,1.5864,1.2911188600415013,False,False
EXEC-002094,2025-09-07 16:00:00,SCORING_ENGINE,SCHEMA_VALIDATION,CHECK_797,DAILY,SUCCESS,25990,0,25.67,24.57,801.64,3.3749,2.831766416309894,False,False
EXEC-002095,2025-11-29 15:00:00,LOAN_REGISTRY,FRESHNESS_CHECK,CHECK_961,ON_DEMAND,SUCCESS,2807,4,14.33,24.45,360.77,3.1203,2.3967383232387203,False,False
EXEC-002096,2025-11-20 12:00:00,CREDIT_BUREAU,FRESHNESS_CHECK,CHECK_454,WEEKLY,SKIPPED,1108,0,2.73,19.07,2043.83,4.7142,,False,False
EXEC-002097,2026-03-05 15:00:00,PAYMENT_SYSTEM,NULL_CHECK,CHECK_243,HOURLY,TIMEOUT,10212,0,0.69,43.49,368.27,1.898,,False,False
EXEC-002098,2026-03-08 10:00:00,FRAUD_DETECTION,REFERENTIAL_INTEGRITY,CHECK_829,WEEKLY,SKIPPED,25553,0,5.0,32.19,908.8,4.1936,,False,False
EXEC-002099,2025-09-24 04:00:00,CREDIT_BUREAU,COMPLETENESS_CHECK,CHECK_979,WEEKLY,SUCCESS,22611,10,4.32,23.01,311.94,4.483,3.53344780354001,False,False
EXEC-002100,2026-03-12 03:00:00,LOAN_REGISTRY,REFERENTIAL_INTEGRITY,CHECK_420,DAILY,SUCCESS,5558524,164,11.66,18.07,99.56,1.5235,0.8951598308752972,False,False
EXEC-002101,2025-12-02 00:00:00,SCORING_ENGINE,RANGE_CHECK,CHECK_203,HOURLY,FAILED,12157,245,9.1,67.47,465.24,1.5921,6.429531535764008,True,True
EXEC-002102,2025-09-02 00:00:00,SCORING_ENGINE,COMPLETENESS_CHECK,CHECK_515,DAILY,FAILED,7726,122,6.77,17.76,81.59,4.7088,17.785842410931096,True,True
EXEC-002103,2025-12-17 12:00:00,PAYMENT_SYSTEM,RANGE_CHECK,CHECK_218,ON_DEMAND,SUCCESS,332,0,4.53,23.42,268.35,1.9576,1.4513975211910428,False,False
EXEC-002104,2025-11-25 02:00:00,CREDIT_BUREAU,RANGE_CHECK,CHECK_614,WEEKLY,SUCCESS,5838,0,9.95,12.01,202.58,4.7059,2.6694303705098603,False,False
EXEC-002105,2025-09-23 10:00:00,SCORING_ENGINE,ACCURACY_CHECK,CHECK_435,DAILY,FAILED,627,5,11.34,18.48,164.96,1.4775,4.014737979472296,True,True
EXEC-002106,2025-12-18 02:00:00,LOAN_REGISTRY,FORMAT_CHECK,CHECK_600,ON_DEMAND,TIMEOUT,34613,0,23.97,37.11,332.78,4.3625,,False,False
EXEC-002107,2025-10-29 18:00:00,LOAN_REGISTRY,ACCURACY_CHECK,CHECK_477,ON_DEMAND,SUCCESS,12918,0,5.79,14.35,595.13,2.2063,0.4896198546223692,False,False
EXEC-002108,2025-09-15 10:00:00,INTERNET_BANK,FRESHNESS_CHECK,CHECK_729,DAILY,SUCCESS,1024,63,61.2,26.65,256.41,2.9256,2.0395196174328083,False,False
EXEC-002109,2025-11-27 05:00:00,LOAN_REGISTRY,SCHEMA_VALIDATION,CHECK_186,DAILY,FAILED,3841,89,10.47,13.68,205.24,2.4546,8.878869610742758,True,True
EXEC-002110,2026-02-19 07:00:00,MOBILE_APP,REFERENTIAL_INTEGRITY,CHECK_559,ON_DEMAND,FAILED,254960,4,1.77,32.34,497.85,4.1888,18.508892349436668,True,True
EXEC-002111,2025-09-13 22:00:00,INTERNET_BANK,NULL_CHECK,CHECK_168,HOURLY,SUCCESS,1373,18,17.03,28.11,211.47,1.3117,0.67153374454928,False,False
EXEC-002112,2025-12-11 14:00:00,CRM_CLIENTS,RANGE_CHECK,CHECK_156,HOURLY,SUCCESS,3260,425511,38.63,13.99,112.37,0.5572,0.3110318273273968,False,False
EXEC-002113,2026-02-17 14:00:00,MOBILE_APP,CONSISTENCY_CHECK,CHECK_444,DAILY,FAILED,11459,0,15.02,10.0,420.29,1.344,4.529120398201256,True,False
EXEC-002114,2026-01-13 19:00:00,PAYMENT_SYSTEM,NULL_CHECK,CHECK_153,HOURLY,SUCCESS,10585,1054,34.85,40.22,2511.31,4.9085,4.244930562907968,False,False
EXEC-002115,2026-02-28 15:00:00,SCORING_ENGINE,REFERENTIAL_INTEGRITY,CHECK_641,WEEKLY,SUCCESS,3259,89,12.91,15.41,161.29,4.3396,0.6641949057646207,False,False
EXEC-002116,2026-02-16 05:00:00,CRM_CLIENTS,ACCURACY_CHECK,CHECK_972,HOURLY,SUCCESS,353,32,4.27,20.76,1996.18,0.825,0.5791617118252178,False,False
EXEC-002117,2025-11-16 08:00:00,LOAN_REGISTRY,CONSISTENCY_CHECK,CHECK_752,WEEKLY,SUCCESS,48117,2,22.35,19.8,117.04,4.6861,4.12275590489141,False,False
EXEC-002118,2025-09-23 05:00:00,PAYMENT_SYSTEM,RANGE_CHECK,CHECK_148,WEEKLY,SUCCESS,2859,708,0.16,61.55,233.94,2.3538,1.00280416268807,False,False
EXEC-002119,2025-11-07 19:00:00,INTERNET_BANK,SCHEMA_VALIDATION,CHECK_471,ON_DEMAND,SKIPPED,62425,0,3.06,7.68,290.45,1.8081,,False,False
EXEC-002120,2026-02-06 02:00:00,CRM_CLIENTS,FRESHNESS_CHECK,CHECK_415,HOURLY,SUCCESS,1203,235,11.35,34.8,172.63,2.5046,0.4176197161435134,False,False
EXEC-002121,2026-01-28 20:00:00,MOBILE_APP,RANGE_CHECK,CHECK_713,HOURLY,SUCCESS,13417,120,3.73,40.42,179.62,0.3786,0.31540055713350923,False,False
EXEC-002122,2025-10-12 01:00:00,SCORING_ENGINE,FORMAT_CHECK,CHECK_194,DAILY,SUCCESS,2394,3,3.35,14.15,268.04,1.4787,0.7266068190001916,False,False
EXEC-002123,2026-01-20 12:00:00,SCORING_ENGINE,FORMAT_CHECK,CHECK_364,ON_DEMAND,SUCCESS,178,0,16.33,48.3,168.04,4.9831,2.466127545022431,False,False
EXEC-002124,2026-01-09 11:00:00,INTERNET_BANK,ACCURACY_CHECK,CHECK_558,ON_DEMAND,FAILED,3792,54,0.75,36.14,174.4,4.4071,14.973875868058206,True,True
EXEC-002125,2026-03-09 23:00:00,MOBILE_APP,COMPLETENESS_CHECK,CHECK_565,HOURLY,SUCCESS,347,100,21.07,39.46,1751.42,4.9481,0.5835310370485691,False,False
EXEC-002126,2025-12-09 21:00:00,FRAUD_DETECTION,REFERENTIAL_INTEGRITY,CHECK_414,DAILY,SUCCESS,17330,92,26.9,40.13,687.71,3.9597,1.1997506701460658,False,False
EXEC-002127,2025-10-05 20:00:00,PAYMENT_SYSTEM,FORMAT_CHECK,CHECK_375,WEEKLY,FAILED,1097,73,5.22,20.33,697.42,1.1227,4.677656031839427,True,True
EXEC-002128,2026-01-19 05:00:00,FRAUD_DETECTION,SCHEMA_VALIDATION,CHECK_582,HOURLY,SUCCESS,430,486,1.52,5.1,776.36,3.7468,2.8279179413432436,False,False
EXEC-002129,2026-01-09 09:00:00,LOAN_REGISTRY,COMPLETENESS_CHECK,CHECK_335,DAILY,SKIPPED,4051,0,2.55,21.27,1305.12,0.5672,,False,False
EXEC-002130,2025-10-04 23:00:00,SCORING_ENGINE,RANGE_CHECK,CHECK_883,DAILY,FAILED,49676,59,46.61,53.0,146.57,3.121,11.248609205104204,True,True
EXEC-002131,2025-10-21 16:00:00,INTERNET_BANK,FORMAT_CHECK,CHECK_474,DAILY,SKIPPED,13703,0,4.5,20.46,563.18,4.5501,,False,False
EXEC-002132,2025-11-13 19:00:00,LOAN_REGISTRY,REFERENTIAL_INTEGRITY,CHECK_753,DAILY,FAILED,24058,829,5.52,28.66,274.62,2.141,6.138382059594917,True,True
EXEC-002133,2026-02-13 12:00:00,FRAUD_DETECTION,ACCURACY_CHECK,CHECK_319,WEEKLY,FAILED,7421,162,0.82,60.04,85.81,3.1945,9.540614113794625,True,False
EXEC-002134,2025-12-07 20:00:00,SCORING_ENGINE,CONSISTENCY_CHECK,CHECK_465,ON_DEMAND,SUCCESS,5739,11,14.85,15.41,2891.52,4.0336,1.1583359836911713,False,False
EXEC-002135,2025-09-17 18:00:00,CREDIT_BUREAU,FRESHNESS_CHECK,CHECK_890,ON_DEMAND,FAILED,502,122,1.82,23.36,115.93,4.8278,12.865641150005525,True,True
EXEC-002136,2026-02-13 13:00:00,INTERNET_BANK,SCHEMA_VALIDATION,CHECK_244,ON_DEMAND,SUCCESS,2332,26,0.31,26.76,186.0,3.8867,1.378543539139995,False,False
EXEC-002137,2026-02-11 19:00:00,PAYMENT_SYSTEM,CONSISTENCY_CHECK,CHECK_404,WEEKLY,SUCCESS,2931,166,4.36,9.82,172.36,2.0069,0.6259483844460952,False,False
EXEC-002138,2025-11-30 20:00:00,CREDIT_BUREAU,FORMAT_CHECK,CHECK_548,WEEKLY,FAILED,9840,14709,11.92,55.57,595.34,0.921,2.1676237452857197,True,True
EXEC-002139,2025-11-24 17:00:00,CRM_CLIENTS,FORMAT_CHECK,CHECK_994,ON_DEMAND,SUCCESS,98611,81,5.95,38.58,215.8,3.3752,1.0328317177498438,False,False
EXEC-002140,2025-11-19 15:00:00,LOAN_REGISTRY,DUPLICATE_CHECK,CHECK_641,WEEKLY,SUCCESS,541776,163,1.73,30.83,333.35,1.1777,0.6226429322551088,False,False
EXEC-002141,2025-10-30 11:00:00,INTERNET_BANK,SCHEMA_VALIDATION,CHECK_849,WEEKLY,SUCCESS,17473,5,1.01,16.53,236.18,4.8399,3.43248495618462,False,False
EXEC-002142,2025-12-20 00:00:00,LOAN_REGISTRY,NULL_CHECK,CHECK_861,DAILY,SUCCESS,365404,3,9.36,32.43,947.16,3.9036,1.0041284123466352,False,False
EXEC-002143,2026-01-28 03:00:00,SCORING_ENGINE,ACCURACY_CHECK,CHECK_973,ON_DEMAND,FAILED,9740,1527,20.37,21.74,417.49,3.3543,8.166831173911843,True,True
EXEC-002144,2025-11-02 11:00:00,MOBILE_APP,DUPLICATE_CHECK,CHECK_849,HOURLY,FAILED,7591,36,273.53,60.04,677.67,3.9818,9.778173357889225,True,True
EXEC-002145,2025-11-11 23:00:00,SCORING_ENGINE,RANGE_CHECK,CHECK_402,DAILY,SUCCESS,17811,294,0.73,33.72,266.18,1.54,0.9526694308213973,False,False
EXEC-002146,2026-02-23 22:00:00,FRAUD_DETECTION,FORMAT_CHECK,CHECK_214,HOURLY,SUCCESS,2465,44,3.82,30.82,440.71,0.1387,0.09599670244233356,False,False
EXEC-002147,2025-12-08 16:00:00,LOAN_REGISTRY,RANGE_CHECK,CHECK_953,WEEKLY,SUCCESS,23985,254,19.47,41.97,462.68,1.8545,0.9183417158088861,False,False
EXEC-002148,2026-03-14 00:00:00,LOAN_REGISTRY,RANGE_CHECK,CHECK_908,HOURLY,SUCCESS,18167,1040,6.09,37.53,243.36,2.7638,0.6182699775238099,False,False
EXEC-002149,2025-10-09 21:00:00,LOAN_REGISTRY,SCHEMA_VALIDATION,CHECK_964,HOURLY,TIMEOUT,9361,0,67.6,13.59,855.11,4.0923,,False,False
EXEC-002150,2026-01-31 06:00:00,CRM_CLIENTS,REFERENTIAL_INTEGRITY,CHECK_572,WEEKLY,SUCCESS,995,0,3.39,33.51,1243.1,4.7306,2.133289990195632,False,False
EXEC-002151,2025-09-06 00:00:00,LOAN_REGISTRY,NULL_CHECK,CHECK_221,ON_DEMAND,FAILED,1806,85,23.32,14.53,468.45,0.283,1.0801537212037722,True,False
EXEC-002152,2025-09-23 20:00:00,FRAUD_DETECTION,FRESHNESS_CHECK,CHECK_464,DAILY,SUCCESS,146393,1688,1.21,29.88,573.6,0.1096,0.0828587635263892,False,False
EXEC-002153,2025-11-30 03:00:00,LOAN_REGISTRY,CONSISTENCY_CHECK,CHECK_694,HOURLY,SKIPPED,17759,0,249.71,13.29,165.73,2.841,,False,False
EXEC-002154,2025-10-27 08:00:00,INTERNET_BANK,REFERENTIAL_INTEGRITY,CHECK_407,WEEKLY,SUCCESS,7369,114,29.78,24.45,29.9,1.4393,0.4703248353143093,False,False
EXEC-002155,2026-01-26 01:00:00,FRAUD_DETECTION,DUPLICATE_CHECK,CHECK_819,HOURLY,SUCCESS,16529,715,72.36,8.29,2307.27,4.256,2.5900968273169713,False,False
EXEC-002156,2025-10-18 15:00:00,SCORING_ENGINE,RANGE_CHECK,CHECK_925,DAILY,SUCCESS,11937,72,4.39,2.83,483.35,4.2348,1.051169544848693,False,False
EXEC-002157,2025-09-09 23:00:00,MOBILE_APP,ACCURACY_CHECK,CHECK_684,DAILY,SUCCESS,1252,405,6.16,29.11,224.62,4.8851,1.2828587391934922,False,False
EXEC-002158,2025-11-13 03:00:00,FRAUD_DETECTION,SCHEMA_VALIDATION,CHECK_570,ON_DEMAND,SUCCESS,42,610,1.67,46.91,1066.52,1.144,0.7158732060276289,False,False
EXEC-002159,2026-02-07 11:00:00,LOAN_REGISTRY,RANGE_CHECK,CHECK_304,WEEKLY,SKIPPED,7063,0,2.66,20.38,209.35,0.3264,,False,False
EXEC-002160,2025-09-18 09:00:00,PAYMENT_SYSTEM,ACCURACY_CHECK,CHECK_366,WEEKLY,SUCCESS,19700,7902,73.45,47.76,223.95,4.4758,3.056321149953446,False,False
EXEC-002161,2026-02-23 23:00:00,MOBILE_APP,CONSISTENCY_CHECK,CHECK_396,ON_DEMAND,SUCCESS,230048,8,4.71,5.58,147.68,3.4114,2.7456001289886887,False,False
EXEC-002162,2026-02-05 06:00:00,MOBILE_APP,RANGE_CHECK,CHECK_967,ON_DEMAND,SUCCESS,1822,1218,0.25,33.07,539.71,4.5245,2.43620263378189,False,False
EXEC-002163,2026-03-04 12:00:00,SCORING_ENGINE,SCHEMA_VALIDATION,CHECK_717,DAILY,SUCCESS,7030,1918,21.15,33.15,293.31,3.8274,1.6008357594391178,False,False
EXEC-002164,2025-10-29 13:00:00,CREDIT_BUREAU,CONSISTENCY_CHECK,CHECK_308,DAILY,SUCCESS,2539,3,15.79,15.3,334.97,2.8287,2.298949724527572,False,False
EXEC-002165,2025-10-07 01:00:00,CRM_CLIENTS,REFERENTIAL_INTEGRITY,CHECK_137,WEEKLY,SUCCESS,2035,70,12.2,22.46,458.44,1.9077,0.3610744039405289,False,False
EXEC-002166,2025-10-01 09:00:00,CRM_CLIENTS,FRESHNESS_CHECK,CHECK_441,HOURLY,FAILED,407485,1087,3.99,39.55,448.65,2.6878,12.952042393935866,True,True
EXEC-002167,2026-01-19 04:00:00,PAYMENT_SYSTEM,REFERENTIAL_INTEGRITY,CHECK_336,ON_DEMAND,SUCCESS,249,227,13.98,22.24,24.24,2.2122,1.7896425040111086,False,False
EXEC-002168,2025-09-19 17:00:00,PAYMENT_SYSTEM,COMPLETENESS_CHECK,CHECK_600,WEEKLY,SUCCESS,9478,2731,11.2,24.78,1820.47,2.7339,0.5135454653636606,False,False
EXEC-002169,2025-10-25 01:00:00,SCORING_ENGINE,NULL_CHECK,CHECK_622,WEEKLY,SUCCESS,2159,1,2.47,20.82,1062.11,4.3823,1.7759940277082227,False,False
EXEC-002170,2025-09-10 08:00:00,LOAN_REGISTRY,SCHEMA_VALIDATION,CHECK_647,DAILY,FAILED,1494,571,5.45,15.87,275.76,1.6749,7.439920953032967,True,False
EXEC-002171,2025-11-28 13:00:00,SCORING_ENGINE,RANGE_CHECK,CHECK_131,WEEKLY,SUCCESS,4837,0,17.7,21.55,168.13,1.133,0.8558156113340862,False,False
EXEC-002172,2025-10-03 10:00:00,CRM_CLIENTS,RANGE_CHECK,CHECK_327,ON_DEMAND,SUCCESS,19053,663,19.72,19.45,53.03,0.0971,0.04979314150025667,False,False
EXEC-002173,2026-03-06 06:00:00,SCORING_ENGINE,DUPLICATE_CHECK,CHECK_299,DAILY,TIMEOUT,296831,0,4.02,17.73,324.56,1.8003,,False,False
EXEC-002174,2025-09-29 13:00:00,LOAN_REGISTRY,ACCURACY_CHECK,CHECK_227,HOURLY,SUCCESS,4867,0,246.3,34.47,594.45,0.4008,0.21139070477073904,False,False
EXEC-002175,2025-11-20 06:00:00,LOAN_REGISTRY,FRESHNESS_CHECK,CHECK_642,DAILY,SUCCESS,1449,6347,11.07,38.22,1099.69,3.793,1.6660846382687153,False,False
EXEC-002176,2026-01-05 01:00:00,CREDIT_BUREAU,NULL_CHECK,CHECK_322,DAILY,SUCCESS,72805,132,6.01,33.31,3511.8,0.2617,0.05486788232343633,False,False
EXEC-002177,2026-02-23 02:00:00,INTERNET_BANK,FRESHNESS_CHECK,CHECK_531,ON_DEMAND,SUCCESS,1862,144,3.53,9.24,120.6,3.3375,2.737018884404974,False,False
EXEC-002178,2026-02-20 04:00:00,CRM_CLIENTS,SCHEMA_VALIDATION,CHECK_185,HOURLY,FAILED,526,6082,98.53,38.9,611.38,3.9937,16.036856873546306,True,True
EXEC-002179,2026-02-01 02:00:00,MOBILE_APP,CONSISTENCY_CHECK,CHECK_994,DAILY,SUCCESS,10023,10,82.26,13.57,893.67,0.6787,0.33101897415900766,False,False
EXEC-002180,2025-10-21 00:00:00,MOBILE_APP,NULL_CHECK,CHECK_906,DAILY,SUCCESS,1261,322,1.63,55.58,272.13,3.8016,1.544273308922469,False,False
EXEC-002181,2025-10-09 05:00:00,MOBILE_APP,CONSISTENCY_CHECK,CHECK_170,WEEKLY,SUCCESS,1355,79,0.99,59.19,1117.17,3.7114,2.5504401663717755,False,False
EXEC-002182,2025-09-29 12:00:00,CREDIT_BUREAU,ACCURACY_CHECK,CHECK_804,ON_DEMAND,TIMEOUT,38595,0,3.26,32.34,181.54,1.4499,,False,False
EXEC-002183,2026-01-30 16:00:00,MOBILE_APP,DUPLICATE_CHECK,CHECK_305,WEEKLY,SUCCESS,911,56,89.44,67.3,526.46,1.6281,1.3945173316773791,False,False
EXEC-002184,2025-09-08 15:00:00,FRAUD_DETECTION,RANGE_CHECK,CHECK_345,WEEKLY,FAILED,5093,93,9.23,58.23,283.98,4.894,16.964014341290497,True,True
EXEC-002185,2026-03-03 11:00:00,CRM_CLIENTS,COMPLETENESS_CHECK,CHECK_945,HOURLY,SUCCESS,2266,4958,2.19,10.21,127.52,1.3364,0.7518629394049272,False,False
EXEC-002186,2026-02-19 21:00:00,MOBILE_APP,FRESHNESS_CHECK,CHECK_759,WEEKLY,SUCCESS,14817,13,4.68,28.09,240.91,3.0969,2.327067117350854,False,False
EXEC-002187,2025-12-08 21:00:00,FRAUD_DETECTION,RANGE_CHECK,CHECK_633,WEEKLY,SUCCESS,1049,22,13.47,41.84,322.56,1.7027,0.7050523883781582,False,False
EXEC-002188,2026-02-21 11:00:00,MOBILE_APP,COMPLETENESS_CHECK,CHECK_715,ON_DEMAND,SUCCESS,32474,13,31.95,7.57,195.08,4.1753,1.612990671382177,False,False
EXEC-002189,2025-09-11 10:00:00,LOAN_REGISTRY,ACCURACY_CHECK,CHECK_286,WEEKLY,SUCCESS,77094,0,50.98,5.38,208.87,1.1263,0.16198973644271442,False,False
EXEC-002190,2025-09-25 02:00:00,CREDIT_BUREAU,CONSISTENCY_CHECK,CHECK_537,WEEKLY,FAILED,8583,3073,4.98,24.32,283.42,1.6635,6.753329688768893,True,True
EXEC-002191,2026-03-06 13:00:00,LOAN_REGISTRY,CONSISTENCY_CHECK,CHECK_138,DAILY,SUCCESS,1488,1858,9.72,42.93,1116.22,2.4381,1.5049031056923161,False,False
EXEC-002192,2026-01-15 04:00:00,CREDIT_BUREAU,NULL_CHECK,CHECK_625,ON_DEMAND,SUCCESS,47151,49,1.42,44.26,246.22,2.2736,0.8367791066616936,False,False
EXEC-002193,2025-11-28 18:00:00,LOAN_REGISTRY,FORMAT_CHECK,CHECK_585,WEEKLY,SUCCESS,18843,30,6.67,25.8,297.08,4.2653,3.6438474592003867,False,False
EXEC-002194,2025-12-13 19:00:00,INTERNET_BANK,CONSISTENCY_CHECK,CHECK_618,HOURLY,SUCCESS,75840,35,7.41,16.38,630.63,2.4903,2.1689400177025724,False,False
EXEC-002195,2026-03-02 15:00:00,INTERNET_BANK,FRESHNESS_CHECK,CHECK_647,HOURLY,SUCCESS,83566,0,3.61,30.37,518.36,2.6237,0.6422538658277451,False,False
EXEC-002196,2025-10-18 04:00:00,INTERNET_BANK,CONSISTENCY_CHECK,CHECK_279,WEEKLY,SUCCESS,2407,32,0.44,21.49,605.8,3.6963,2.9835024265984176,False,False
EXEC-002197,2025-10-25 20:00:00,PAYMENT_SYSTEM,RANGE_CHECK,CHECK_931,ON_DEMAND,TIMEOUT,155093,0,9.78,31.53,572.13,3.236,,False,False
EXEC-002198,2025-10-12 01:00:00,MOBILE_APP,SCHEMA_VALIDATION,CHECK_670,DAILY,SUCCESS,1286,10,38.29,28.32,44.3,3.8643,1.3367043746297278,False,False
EXEC-002199,2026-02-02 00:00:00,SCORING_ENGINE,RANGE_CHECK,CHECK_169,HOURLY,SUCCESS,570092,7,2.28,9.25,1797.58,1.1038,0.7928256384970451,False,False
EXEC-002200,2025-12-31 12:00:00,FRAUD_DETECTION,SCHEMA_VALIDATION,CHECK_461,WEEKLY,SUCCESS,341176,2,2.29,31.34,482.87,2.6112,1.6592436176490926,False,False
EXEC-002201,2026-02-26 03:00:00,SCORING_ENGINE,FRESHNESS_CHECK,CHECK_913,HOURLY,SUCCESS,19853,2853,7.2,24.49,451.6,2.745,1.952533372127284,False,False
EXEC-002202,2026-02-23 03:00:00,INTERNET_BANK,FRESHNESS_CHECK,CHECK_278,ON_DEMAND,FAILED,8600,1808,38.16,35.5,954.64,4.8048,8.847025549690507,True,True
EXEC-002203,2025-11-19 13:00:00,SCORING_ENGINE,NULL_CHECK,CHECK_591,ON_DEMAND,SUCCESS,6290,14,12.6,29.83,41.09,1.0095,0.33212036650534416,False,False
EXEC-002204,2026-01-29 07:00:00,CRM_CLIENTS,FRESHNESS_CHECK,CHECK_656,DAILY,TIMEOUT,50580,0,22.4,13.65,1065.48,4.2412,,False,False
EXEC-002205,2026-02-21 00:00:00,CRM_CLIENTS,NULL_CHECK,CHECK_586,HOURLY,SUCCESS,11324,148,23.47,55.58,98.71,4.4532,3.749432556885361,False,False
EXEC-002206,2026-01-06 14:00:00,CREDIT_BUREAU,RANGE_CHECK,CHECK_301,WEEKLY,SKIPPED,21208,0,6.54,20.08,223.09,2.7566,,False,False
EXEC-002207,2026-01-28 09:00:00,FRAUD_DETECTION,NULL_CHECK,CHECK_109,HOURLY,SUCCESS,16953,33,10.88,33.63,727.74,2.6789,1.5277020662732368,False,False
EXEC-002208,2025-09-04 22:00:00,CREDIT_BUREAU,REFERENTIAL_INTEGRITY,CHECK_392,WEEKLY,SKIPPED,18061,0,2.41,26.48,846.11,0.0833,,False,False
EXEC-002209,2026-03-04 00:00:00,CRM_CLIENTS,ACCURACY_CHECK,CHECK_947,ON_DEMAND,SUCCESS,14110,1,0.84,34.55,676.49,2.0795,0.4303356227914697,False,False
EXEC-002210,2025-10-29 21:00:00,INTERNET_BANK,RANGE_CHECK,CHECK_668,ON_DEMAND,SUCCESS,10445,15,3.95,54.38,58.17,0.7457,0.08489749674058776,False,False
EXEC-002211,2025-09-22 01:00:00,CRM_CLIENTS,SCHEMA_VALIDATION,CHECK_545,DAILY,FAILED,8316,87,16.91,5.84,292.61,3.5881,9.59386652525607,True,True
EXEC-002212,2025-09-09 18:00:00,INTERNET_BANK,ACCURACY_CHECK,CHECK_288,WEEKLY,FAILED,36798,1313,0.22,14.08,142.08,0.5462,1.746189042839787,True,True
EXEC-002213,2025-11-28 13:00:00,CREDIT_BUREAU,RANGE_CHECK,CHECK_423,HOURLY,SUCCESS,1102,1,0.41,14.66,638.35,1.4111,0.6952189881382146,False,False
EXEC-002214,2026-03-04 08:00:00,CREDIT_BUREAU,DUPLICATE_CHECK,CHECK_800,ON_DEMAND,SUCCESS,6286,33,5.53,42.98,722.44,2.0573,1.1511354505583227,False,False
EXEC-002215,2025-09-16 23:00:00,FRAUD_DETECTION,CONSISTENCY_CHECK,CHECK_164,WEEKLY,TIMEOUT,2136,0,58.03,47.65,194.66,1.0812,,False,False
EXEC-002216,2026-01-21 22:00:00,SCORING_ENGINE,COMPLETENESS_CHECK,CHECK_420,DAILY,TIMEOUT,34513,0,1.31,39.33,539.42,3.041,,False,False
EXEC-002217,2026-02-09 21:00:00,PAYMENT_SYSTEM,FRESHNESS_CHECK,CHECK_285,WEEKLY,SUCCESS,3316,0,305.87,39.06,482.49,0.4973,0.2829124705490147,False,False
EXEC-002218,2025-12-19 07:00:00,SCORING_ENGINE,FORMAT_CHECK,CHECK_225,WEEKLY,SUCCESS,1148,136,12.37,56.44,1479.44,0.4383,0.2108978972459244,False,False
EXEC-002219,2026-02-09 13:00:00,FRAUD_DETECTION,DUPLICATE_CHECK,CHECK_555,HOURLY,SUCCESS,34996,11130,3.73,36.19,12.43,4.6268,2.7245301941760993,False,False
EXEC-002220,2025-10-02 23:00:00,SCORING_ENGINE,FRESHNESS_CHECK,CHECK_808,ON_DEMAND,SUCCESS,1337,543,2.57,17.4,494.74,4.1928,1.6677889826163514,False,False
EXEC-002221,2025-11-01 09:00:00,MOBILE_APP,CONSISTENCY_CHECK,CHECK_413,DAILY,FAILED,94468,82,1.93,74.65,1458.11,0.9895,2.5252772108069688,True,True
EXEC-002222,2025-11-04 11:00:00,CRM_CLIENTS,FORMAT_CHECK,CHECK_518,WEEKLY,SUCCESS,2336,287,5.73,13.79,372.94,1.5099,0.9984990878194706,False,False
EXEC-002223,2026-01-08 19:00:00,PAYMENT_SYSTEM,DUPLICATE_CHECK,CHECK_434,HOURLY,SUCCESS,16398,997,6.09,38.79,265.96,2.9742,2.5067052817937845,False,False
EXEC-002224,2026-03-12 07:00:00,LOAN_REGISTRY,CONSISTENCY_CHECK,CHECK_951,ON_DEMAND,FAILED,98266,13,17.2,73.45,127.31,4.6012,17.43185662761795,True,True
EXEC-002225,2025-09-30 01:00:00,CRM_CLIENTS,SCHEMA_VALIDATION,CHECK_776,DAILY,SUCCESS,442,4,9.02,11.26,1114.99,4.0878,2.944318299234822,False,False
EXEC-002226,2025-12-12 05:00:00,CREDIT_BUREAU,REFERENTIAL_INTEGRITY,CHECK_317,ON_DEMAND,SUCCESS,42833,10364,33.5,30.72,416.81,0.7407,0.31917293448994494,False,False
EXEC-002227,2026-01-16 15:00:00,INTERNET_BANK,DUPLICATE_CHECK,CHECK_435,WEEKLY,SKIPPED,10186,0,7.98,16.72,368.28,2.3043,,False,False
EXEC-002228,2025-10-02 05:00:00,INTERNET_BANK,SCHEMA_VALIDATION,CHECK_846,ON_DEMAND,SUCCESS,686989,9388,11.43,11.71,233.7,4.5131,2.0447101596538633,False,False
EXEC-002229,2025-09-29 16:00:00,MOBILE_APP,FORMAT_CHECK,CHECK_331,ON_DEMAND,SUCCESS,64003,4590,10.22,42.43,1256.64,4.2677,2.1353372443655556,False,False
EXEC-002230,2025-10-24 20:00:00,FRAUD_DETECTION,COMPLETENESS_CHECK,CHECK_594,ON_DEMAND,SUCCESS,94679,154,2.56,16.38,160.0,3.8422,0.39270950715709185,False,False
EXEC-002231,2026-02-22 09:00:00,FRAUD_DETECTION,COMPLETENESS_CHECK,CHECK_931,ON_DEMAND,SUCCESS,41176,33470,63.24,40.64,503.6,4.3366,2.323750586194239,False,False
EXEC-002232,2026-02-18 13:00:00,SCORING_ENGINE,SCHEMA_VALIDATION,CHECK_925,DAILY,FAILED,19761,17,2.14,7.51,105.97,4.431,9.414457748372495,True,True
EXEC-002233,2025-12-02 07:00:00,MOBILE_APP,FORMAT_CHECK,CHECK_903,DAILY,SUCCESS,130000,57018,0.87,35.75,50.41,1.0831,0.7122937871555142,False,False
EXEC-002234,2025-10-27 10:00:00,CREDIT_BUREAU,FORMAT_CHECK,CHECK_624,ON_DEMAND,SUCCESS,19941,17,1.3,16.45,151.76,2.7161,0.3284344161379087,False,False
EXEC-002235,2026-01-23 13:00:00,INTERNET_BANK,COMPLETENESS_CHECK,CHECK_151,ON_DEMAND,FAILED,68619,0,2.59,42.56,315.13,0.5336,1.5295255254487092,True,True
EXEC-002236,2026-03-11 00:00:00,LOAN_REGISTRY,ACCURACY_CHECK,CHECK_203,WEEKLY,SUCCESS,2289,68,11.37,18.17,536.74,4.5964,1.090835552814117,False,False
EXEC-002237,2026-02-20 06:00:00,LOAN_REGISTRY,CONSISTENCY_CHECK,CHECK_624,HOURLY,TIMEOUT,999,0,4.38,53.51,558.84,3.4698,,False,False
EXEC-002238,2025-10-22 08:00:00,SCORING_ENGINE,RANGE_CHECK,CHECK_678,HOURLY,SUCCESS,475,50140,1.17,23.45,3290.32,0.095,0.0301554727388166,False,False
EXEC-002239,2026-02-06 03:00:00,INTERNET_BANK,SCHEMA_VALIDATION,CHECK_984,HOURLY,SUCCESS,3943,361,91.82,41.09,1310.25,0.1176,0.09190468796258952,False,False
EXEC-002240,2026-01-12 20:00:00,CREDIT_BUREAU,FORMAT_CHECK,CHECK_209,WEEKLY,FAILED,23960,16,14.12,17.24,212.71,0.063,0.30405814973434,True,True
EXEC-002241,2026-02-10 20:00:00,CRM_CLIENTS,FORMAT_CHECK,CHECK_464,DAILY,SUCCESS,1438,0,2.08,33.77,765.22,4.0463,3.639166476003238,False,False
EXEC-002242,2025-09-18 01:00:00,PAYMENT_SYSTEM,CONSISTENCY_CHECK,CHECK_535,HOURLY,SUCCESS,38003,2,0.35,9.0,42.19,0.6423,0.5054709911830014,False,False
EXEC-002243,2025-12-01 04:00:00,CREDIT_BUREAU,DUPLICATE_CHECK,CHECK_802,HOURLY,FAILED,25349,4850,2.78,33.07,204.61,0.8561,2.9686931015852887,True,True
EXEC-002244,2025-09-15 17:00:00,LOAN_REGISTRY,COMPLETENESS_CHECK,CHECK_589,DAILY,SUCCESS,472,0,5.17,24.1,22.02,2.1154,0.29878677218199307,False,False
EXEC-002245,2025-12-31 01:00:00,CREDIT_BUREAU,CONSISTENCY_CHECK,CHECK_292,WEEKLY,FAILED,9784,85,7.2,15.98,1198.09,4.6386,18.526491074977066,True,True
EXEC-002246,2025-11-18 06:00:00,SCORING_ENGINE,CONSISTENCY_CHECK,CHECK_399,WEEKLY,SUCCESS,4507,6,21.4,24.63,608.63,4.0555,3.606101299479306,False,False
EXEC-002247,2025-10-11 05:00:00,PAYMENT_SYSTEM,CONSISTENCY_CHECK,CHECK_385,WEEKLY,SUCCESS,17139,8,31.62,46.34,300.74,4.2602,2.4189034788156607,False,False
EXEC-002248,2025-11-28 06:00:00,SCORING_ENGINE,CONSISTENCY_CHECK,CHECK_990,WEEKLY,SUCCESS,12428,73,0.08,8.77,1697.33,3.795,0.9564755680407544,False,False
EXEC-002249,2025-10-01 04:00:00,PAYMENT_SYSTEM,ACCURACY_CHECK,CHECK_490,HOURLY,SUCCESS,29231,1764,5.9,33.63,490.87,0.3967,0.20441810342419667,False,False
EXEC-002250,2026-01-23 13:00:00,PAYMENT_SYSTEM,FRESHNESS_CHECK,CHECK_608,HOURLY,SUCCESS,20843,383,80.18,14.23,1060.77,2.8718,2.0019650588469844,False,False
EXEC-002251,2025-10-09 09:00:00,CRM_CLIENTS,NULL_CHECK,CHECK_189,ON_DEMAND,TIMEOUT,1784,0,2.34,19.66,135.13,0.4205,,False,False
EXEC-002252,2025-12-31 00:00:00,FRAUD_DETECTION,FORMAT_CHECK,CHECK_852,ON_DEMAND,SUCCESS,952,2036,7.5,24.86,129.64,0.748,0.4871597605377252,False,False
EXEC-002253,2026-01-24 19:00:00,INTERNET_BANK,REFERENTIAL_INTEGRITY,CHECK_590,DAILY,SUCCESS,10874,72,0.64,48.71,192.58,2.6159,1.3015329502356032,False,False
EXEC-002254,2025-09-16 00:00:00,FRAUD_DETECTION,DUPLICATE_CHECK,CHECK_553,DAILY,SKIPPED,24447,0,6.55,7.82,67.87,1.3219,,False,False
EXEC-002255,2026-02-16 17:00:00,MOBILE_APP,FORMAT_CHECK,CHECK_860,ON_DEMAND,FAILED,91166,704,51.55,8.49,690.31,2.6106,7.1642116476296005,True,True
EXEC-002256,2026-03-08 08:00:00,MOBILE_APP,SCHEMA_VALIDATION,CHECK_487,DAILY,SUCCESS,88920,202,0.48,40.72,2201.92,4.5024,2.2148147109798733,False,False
EXEC-002257,2025-11-24 16:00:00,LOAN_REGISTRY,FORMAT_CHECK,CHECK_266,HOURLY,SUCCESS,13198,50,91.02,6.47,102.14,3.9396,3.0088581625190325,False,False
EXEC-002258,2025-10-31 10:00:00,INTERNET_BANK,DUPLICATE_CHECK,CHECK_706,WEEKLY,SUCCESS,11043,37,1.43,37.19,161.77,1.3351,1.1414134284479764,False,False
EXEC-002259,2026-02-14 09:00:00,FRAUD_DETECTION,NULL_CHECK,CHECK_928,HOURLY,SUCCESS,52627,463,10.51,59.94,743.41,0.7605,0.45824840681389145,False,False
EXEC-002260,2025-12-06 23:00:00,LOAN_REGISTRY,CONSISTENCY_CHECK,CHECK_507,WEEKLY,SKIPPED,2733,0,8.68,20.28,180.42,4.2506,,False,False
EXEC-002261,2026-03-08 19:00:00,CREDIT_BUREAU,RANGE_CHECK,CHECK_702,WEEKLY,SUCCESS,13867,1,4.06,50.84,944.72,0.6979,0.5256016784549107,False,False
EXEC-002262,2026-03-10 12:00:00,LOAN_REGISTRY,FRESHNESS_CHECK,CHECK_166,DAILY,SKIPPED,7550,0,17.53,11.78,472.93,2.4867,,False,False
EXEC-002263,2025-11-16 12:00:00,PAYMENT_SYSTEM,REFERENTIAL_INTEGRITY,CHECK_417,ON_DEMAND,SUCCESS,1571,0,158.87,31.67,423.8,0.5491,0.3216520540260367,False,False
EXEC-002264,2025-12-23 18:00:00,LOAN_REGISTRY,FRESHNESS_CHECK,CHECK_329,ON_DEMAND,TIMEOUT,2593,0,2.29,20.24,1617.45,4.1513,,False,False
EXEC-002265,2026-01-07 19:00:00,SCORING_ENGINE,CONSISTENCY_CHECK,CHECK_314,DAILY,SUCCESS,226245,33,79.95,5.89,69.5,1.5018,0.26844827471939164,False,False
EXEC-002266,2025-12-30 20:00:00,CREDIT_BUREAU,ACCURACY_CHECK,CHECK_933,WEEKLY,SUCCESS,4071,0,32.36,32.37,2431.02,2.8597,1.9913572617536444,False,False
EXEC-002267,2025-10-07 12:00:00,SCORING_ENGINE,COMPLETENESS_CHECK,CHECK_505,HOURLY,SKIPPED,8937,0,10.78,27.34,543.07,4.8174,,False,False
EXEC-002268,2026-02-05 02:00:00,PAYMENT_SYSTEM,CONSISTENCY_CHECK,CHECK_239,HOURLY,SKIPPED,2265,0,28.78,7.72,1404.28,0.76,,False,False
EXEC-002269,2026-01-14 21:00:00,CRM_CLIENTS,COMPLETENESS_CHECK,CHECK_701,DAILY,SUCCESS,1406487,4,63.6,54.48,2497.01,2.7836,1.6029247078484432,False,False
EXEC-002270,2025-11-02 00:00:00,PAYMENT_SYSTEM,ACCURACY_CHECK,CHECK_719,ON_DEMAND,SUCCESS,1056,250,15.0,54.88,128.23,0.6546,0.36012511959750093,False,False
EXEC-002271,2025-12-09 23:00:00,PAYMENT_SYSTEM,SCHEMA_VALIDATION,CHECK_689,DAILY,SUCCESS,358,29,21.63,50.78,227.41,2.2139,0.28449988292208434,False,False
EXEC-002272,2025-09-16 10:00:00,FRAUD_DETECTION,ACCURACY_CHECK,CHECK_363,WEEKLY,FAILED,37989,63,89.78,23.83,219.5,3.2504,14.151397318509371,True,False
EXEC-002273,2026-01-22 22:00:00,FRAUD_DETECTION,REFERENTIAL_INTEGRITY,CHECK_485,ON_DEMAND,SUCCESS,2164,2859,145.7,16.84,138.79,2.0542,1.309800078100281,False,False
EXEC-002274,2025-12-06 14:00:00,MOBILE_APP,SCHEMA_VALIDATION,CHECK_744,ON_DEMAND,SUCCESS,219,2452,6.02,33.24,325.54,2.1623,1.9367980146041446,False,False
EXEC-002275,2026-01-07 10:00:00,PAYMENT_SYSTEM,NULL_CHECK,CHECK_912,WEEKLY,SUCCESS,9327,1122,8.01,20.29,383.15,2.9992,1.4016836938214083,False,False
EXEC-002276,2026-01-09 23:00:00,INTERNET_BANK,COMPLETENESS_CHECK,CHECK_540,WEEKLY,SUCCESS,15916,3,2.2,21.64,608.22,4.1757,1.7037081054682197,False,False
EXEC-002277,2026-03-06 15:00:00,SCORING_ENGINE,REFERENTIAL_INTEGRITY,CHECK_368,DAILY,SKIPPED,4304,0,15.83,16.42,1056.95,1.042,,False,False
EXEC-002278,2025-11-24 20:00:00,PAYMENT_SYSTEM,RANGE_CHECK,CHECK_449,ON_DEMAND,SUCCESS,4302,1,1.17,44.38,895.06,4.6707,3.0970609319078326,False,False
EXEC-002279,2025-11-30 09:00:00,SCORING_ENGINE,CONSISTENCY_CHECK,CHECK_153,WEEKLY,SUCCESS,3874,88,0.11,6.0,1186.35,4.8351,2.662481545369474,False,False
EXEC-002280,2026-01-25 12:00:00,CRM_CLIENTS,FRESHNESS_CHECK,CHECK_724,WEEKLY,SUCCESS,379058,111,115.84,22.57,498.0,3.8276,1.1742995534009362,False,False
EXEC-002281,2025-09-09 17:00:00,MOBILE_APP,ACCURACY_CHECK,CHECK_701,ON_DEMAND,TIMEOUT,6700,0,5.74,26.11,3436.86,4.2819,,False,False
EXEC-002282,2025-11-30 16:00:00,FRAUD_DETECTION,COMPLETENESS_CHECK,CHECK_688,ON_DEMAND,SUCCESS,82885,1193,11.29,7.93,275.41,3.6896,2.511079673348924,False,False
EXEC-002283,2026-02-02 15:00:00,LOAN_REGISTRY,FORMAT_CHECK,CHECK_699,WEEKLY,SUCCESS,8698,129,65.03,19.83,770.18,3.6186,2.928801449270574,False,False
EXEC-002284,2026-02-22 15:00:00,INTERNET_BANK,CONSISTENCY_CHECK,CHECK_909,HOURLY,SUCCESS,6380,80,5.31,39.96,596.32,3.9036,2.100848399598995,False,False
EXEC-002285,2025-12-16 15:00:00,SCORING_ENGINE,FRESHNESS_CHECK,CHECK_129,WEEKLY,SUCCESS,988,84,4.07,22.0,490.66,0.4257,0.3120858526116259,False,False
EXEC-002286,2025-10-22 18:00:00,CREDIT_BUREAU,REFERENTIAL_INTEGRITY,CHECK_806,DAILY,FAILED,21179,8624,3.72,48.5,216.66,4.2043,11.315288724684283,True,True
EXEC-002287,2025-09-23 02:00:00,INTERNET_BANK,CONSISTENCY_CHECK,CHECK_137,WEEKLY,SUCCESS,10734,301,16.31,36.21,2557.77,1.1475,0.334248591511246,False,False
EXEC-002288,2026-01-30 12:00:00,INTERNET_BANK,FRESHNESS_CHECK,CHECK_214,HOURLY,SUCCESS,353140,9,6.62,7.71,433.65,2.5758,0.888221394139964,False,False
EXEC-002289,2025-09-04 23:00:00,INTERNET_BANK,CONSISTENCY_CHECK,CHECK_149,WEEKLY,SUCCESS,4588,1,9.15,3.79,974.2,4.6332,0.9531918918968132,False,False
EXEC-002290,2025-10-23 04:00:00,SCORING_ENGINE,RANGE_CHECK,CHECK_645,DAILY,SUCCESS,1024,122,6.11,48.73,1636.46,2.0994,0.6590921966792715,False,False
EXEC-002291,2026-03-11 10:00:00,CRM_CLIENTS,ACCURACY_CHECK,CHECK_709,DAILY,SUCCESS,474455,11,370.98,16.26,345.15,2.9953,0.5116147536037631,False,False
EXEC-002292,2025-12-25 09:00:00,INTERNET_BANK,CONSISTENCY_CHECK,CHECK_667,WEEKLY,SUCCESS,324703,1,22.35,29.67,1099.15,3.2742,1.2373318945634912,False,False
EXEC-002293,2025-10-05 21:00:00,FRAUD_DETECTION,SCHEMA_VALIDATION,CHECK_448,DAILY,SUCCESS,264626,1,1.08,20.69,121.11,4.9039,2.856624422281214,False,False
EXEC-002294,2026-01-10 17:00:00,CREDIT_BUREAU,SCHEMA_VALIDATION,CHECK_591,HOURLY,SUCCESS,6992,0,3.68,30.52,254.35,1.9691,1.270563020366872,False,False
EXEC-002295,2025-10-19 14:00:00,FRAUD_DETECTION,FRESHNESS_CHECK,CHECK_333,ON_DEMAND,SKIPPED,109634,0,9.48,48.28,1402.45,1.0537,,False,False
EXEC-002296,2025-10-25 13:00:00,CREDIT_BUREAU,RANGE_CHECK,CHECK_691,DAILY,SUCCESS,392,14,97.83,19.1,61.38,1.8945,1.3055796367219843,False,False
EXEC-002297,2025-12-31 08:00:00,CREDIT_BUREAU,SCHEMA_VALIDATION,CHECK_117,ON_DEMAND,FAILED,24149,6,5.0,13.8,1225.65,2.375,5.189423079793624,True,True
EXEC-002298,2025-11-22 23:00:00,MOBILE_APP,FORMAT_CHECK,CHECK_644,DAILY,SUCCESS,3681,5,13.73,33.24,1781.45,4.8715,2.7446928274835463,False,False
EXEC-002299,2026-01-17 19:00:00,INTERNET_BANK,FORMAT_CHECK,CHECK_339,ON_DEMAND,SUCCESS,32690,0,8.32,24.02,686.89,4.5535,3.783463548261187,False,False
EXEC-002300,2025-12-03 22:00:00,FRAUD_DETECTION,DUPLICATE_CHECK,CHECK_952,WEEKLY,SUCCESS,1619,331,0.95,32.72,724.5,3.0369,0.76825887208743,False,False
EXEC-002301,2026-03-05 05:00:00,SCORING_ENGINE,FRESHNESS_CHECK,CHECK_800,DAILY,SUCCESS,83148,6943,9.14,19.61,397.02,0.5639,0.1857865737696759,False,False
EXEC-002302,2026-03-06 14:00:00,FRAUD_DETECTION,FORMAT_CHECK,CHECK_825,DAILY,SUCCESS,60770,129,0.44,18.37,811.02,2.6846,0.8602745558087445,False,False
EXEC-002303,2025-10-13 16:00:00,FRAUD_DETECTION,RANGE_CHECK,CHECK_448,HOURLY,SUCCESS,10359,93009,5.42,21.76,53.81,4.7033,1.8932838151201747,False,False
EXEC-002304,2025-09-01 02:00:00,LOAN_REGISTRY,REFERENTIAL_INTEGRITY,CHECK_267,HOURLY,FAILED,1470,366,0.88,17.11,1793.35,1.9612,5.7998889959557,True,True
EXEC-002305,2026-02-19 12:00:00,INTERNET_BANK,SCHEMA_VALIDATION,CHECK_197,WEEKLY,SKIPPED,757,0,27.29,11.34,70.33,0.122,,False,False
EXEC-002306,2025-11-15 18:00:00,SCORING_ENGINE,NULL_CHECK,CHECK_821,WEEKLY,SUCCESS,79204,539,14.78,26.02,31.05,3.4407,1.63863726661089,False,False
EXEC-002307,2025-11-30 18:00:00,SCORING_ENGINE,COMPLETENESS_CHECK,CHECK_187,ON_DEMAND,SUCCESS,1513,60,16.43,21.35,432.36,3.2274,2.3544221955735907,False,False
EXEC-002308,2026-03-02 11:00:00,CREDIT_BUREAU,NULL_CHECK,CHECK_653,WEEKLY,FAILED,216689,5,98.36,17.63,1092.45,1.4196,3.2553687863166294,True,True
EXEC-002309,2026-01-15 13:00:00,CREDIT_BUREAU,CONSISTENCY_CHECK,CHECK_708,ON_DEMAND,SUCCESS,70007,17,11.03,12.79,127.5,4.6236,0.8621624560318778,False,False
EXEC-002310,2026-03-01 19:00:00,FRAUD_DETECTION,DUPLICATE_CHECK,CHECK_519,HOURLY,SUCCESS,2236,63,13.98,4.77,1681.3,1.0789,0.22521614992962663,False,False
EXEC-002311,2026-02-19 06:00:00,MOBILE_APP,DUPLICATE_CHECK,CHECK_779,HOURLY,FAILED,8562,46,45.72,24.28,111.41,4.8545,18.812345372090363,True,True
EXEC-002312,2025-11-17 19:00:00,PAYMENT_SYSTEM,ACCURACY_CHECK,CHECK_634,HOURLY,SUCCESS,8408,18,13.96,46.29,182.29,3.7077,2.7782381220148036,False,False
EXEC-002313,2025-09-15 00:00:00,INTERNET_BANK,FORMAT_CHECK,CHECK_397,DAILY,SUCCESS,312,11791,5.18,12.4,406.05,4.5842,1.2259365868879217,False,False
EXEC-002314,2026-01-27 18:00:00,FRAUD_DETECTION,DUPLICATE_CHECK,CHECK_394,DAILY,FAILED,434,79,6.56,26.79,1183.83,2.6166,4.813118193040173,True,True
EXEC-002315,2025-10-17 22:00:00,SCORING_ENGINE,NULL_CHECK,CHECK_274,ON_DEMAND,SUCCESS,6576,204,13.47,12.46,238.16,2.9122,0.5850865483077106,False,False
EXEC-002316,2025-11-28 05:00:00,MOBILE_APP,FORMAT_CHECK,CHECK_766,ON_DEMAND,SUCCESS,9194,0,5.05,36.17,515.34,2.4113,1.1397069800822988,False,False
EXEC-002317,2026-01-13 21:00:00,MOBILE_APP,CONSISTENCY_CHECK,CHECK_401,DAILY,SUCCESS,20337,1,3.8,30.6,472.12,3.2217,2.8654539812213895,False,False
EXEC-002318,2026-02-11 16:00:00,INTERNET_BANK,FRESHNESS_CHECK,CHECK_499,ON_DEMAND,SUCCESS,1692,439,27.63,26.59,25.99,3.8325,3.1807810204528617,False,False
EXEC-002319,2025-10-22 15:00:00,SCORING_ENGINE,ACCURACY_CHECK,CHECK_383,ON_DEMAND,SUCCESS,5562,203,11.68,45.84,324.1,0.4422,0.290752001119644,False,False
EXEC-002320,2026-02-27 22:00:00,INTERNET_BANK,DUPLICATE_CHECK,CHECK_853,HOURLY,SKIPPED,32969,0,25.47,57.13,285.3,0.8019,,False,False
EXEC-002321,2026-01-30 22:00:00,LOAN_REGISTRY,DUPLICATE_CHECK,CHECK_626,DAILY,SUCCESS,1638,316,181.99,14.86,37.19,2.1575,1.1319661644573524,False,False
EXEC-002322,2025-09-24 06:00:00,MOBILE_APP,NULL_CHECK,CHECK_895,WEEKLY,FAILED,258226,1519,1.72,7.05,357.17,2.4319,9.723971495474505,True,True
EXEC-002323,2026-01-24 00:00:00,CRM_CLIENTS,FRESHNESS_CHECK,CHECK_629,HOURLY,SUCCESS,4621,54,2.25,63.51,475.56,4.1774,0.5917913496009336,False,False
EXEC-002324,2025-09-08 12:00:00,FRAUD_DETECTION,SCHEMA_VALIDATION,CHECK_404,DAILY,SUCCESS,2952,0,0.33,31.43,79.62,4.525,1.3757191487654987,False,False
EXEC-002325,2025-09-22 15:00:00,CRM_CLIENTS,FORMAT_CHECK,CHECK_734,ON_DEMAND,SUCCESS,481702,2,1.27,44.39,1340.14,2.4256,1.5098655937210783,False,False
EXEC-002326,2025-10-01 10:00:00,CREDIT_BUREAU,COMPLETENESS_CHECK,CHECK_869,WEEKLY,SUCCESS,4380,4533,1.24,13.81,614.15,1.3265,0.8697399725146615,False,False
EXEC-002327,2025-12-12 08:00:00,INTERNET_BANK,SCHEMA_VALIDATION,CHECK_959,WEEKLY,SUCCESS,35495,0,2.49,18.57,571.82,3.1879,2.59297773601815,False,False
EXEC-002328,2025-09-26 05:00:00,FRAUD_DETECTION,RANGE_CHECK,CHECK_786,HOURLY,SUCCESS,820,870,1.0,41.01,339.16,3.3302,1.1182193112692387,False,False
EXEC-002329,2025-11-13 04:00:00,LOAN_REGISTRY,RANGE_CHECK,CHECK_729,DAILY,SKIPPED,8182,0,3.83,54.14,249.31,0.9847,,False,False
EXEC-002330,2025-10-09 13:00:00,CREDIT_BUREAU,COMPLETENESS_CHECK,CHECK_841,ON_DEMAND,FAILED,12491,68,67.24,68.05,1266.58,1.8014,8.40206040383934,True,True
EXEC-002331,2025-11-24 17:00:00,CRM_CLIENTS,FORMAT_CHECK,CHECK_568,HOURLY,FAILED,47456,5,38.8,32.52,573.04,3.4671,15.915876746160688,True,False
EXEC-002332,2026-01-01 02:00:00,PAYMENT_SYSTEM,SCHEMA_VALIDATION,CHECK_696,WEEKLY,SUCCESS,32621,212,51.8,20.37,608.1,4.4951,1.1470529881256444,False,False
EXEC-002333,2025-10-26 17:00:00,FRAUD_DETECTION,FORMAT_CHECK,CHECK_479,WEEKLY,SUCCESS,1016,3135,42.91,12.54,319.3,2.3463,0.9629672139350917,False,False
EXEC-002334,2025-11-09 19:00:00,FRAUD_DETECTION,CONSISTENCY_CHECK,CHECK_548,WEEKLY,SUCCESS,691091,3,19.72,13.29,108.48,0.3185,0.18383018860309397,False,False
EXEC-002335,2026-01-18 01:00:00,LOAN_REGISTRY,REFERENTIAL_INTEGRITY,CHECK_274,WEEKLY,SUCCESS,14912,104,3.54,41.81,183.82,1.7703,0.1851412555758444,False,False
EXEC-002336,2025-10-07 20:00:00,FRAUD_DETECTION,NULL_CHECK,CHECK_674,WEEKLY,SUCCESS,87265,17540,83.07,28.32,871.64,4.6021,1.5854968735596129,False,False
EXEC-002337,2025-11-19 09:00:00,LOAN_REGISTRY,REFERENTIAL_INTEGRITY,CHECK_997,DAILY,SUCCESS,274,49,11.31,5.81,1665.53,4.4656,2.573803702020512,False,False
EXEC-002338,2025-11-12 19:00:00,FRAUD_DETECTION,RANGE_CHECK,CHECK_479,DAILY,FAILED,15742,3,0.55,11.87,2723.29,1.9141,7.820362337315821,True,True
EXEC-002339,2026-02-10 04:00:00,FRAUD_DETECTION,SCHEMA_VALIDATION,CHECK_943,ON_DEMAND,SUCCESS,1967,21,1.05,13.93,202.44,0.766,0.6151880481429002,False,False
EXEC-002340,2026-01-18 03:00:00,INTERNET_BANK,REFERENTIAL_INTEGRITY,CHECK_893,WEEKLY,SUCCESS,12870,4,1.72,62.5,29.6,3.2786,0.8154034636509004,False,False
EXEC-002341,2025-09-01 03:00:00,CREDIT_BUREAU,DUPLICATE_CHECK,CHECK_602,ON_DEMAND,SUCCESS,22328,190,4.99,25.25,848.14,1.6519,0.8883275920639588,False,False
EXEC-002342,2025-12-26 15:00:00,CREDIT_BUREAU,FORMAT_CHECK,CHECK_436,ON_DEMAND,SUCCESS,6316,26,0.09,13.08,300.02,1.5846,0.9578405490998793,False,False
EXEC-002343,2025-11-03 16:00:00,PAYMENT_SYSTEM,DUPLICATE_CHECK,CHECK_750,DAILY,SUCCESS,67212,5256,20.67,22.36,155.53,3.2315,1.991626928989465,False,False
EXEC-002344,2025-11-24 20:00:00,SCORING_ENGINE,REFERENTIAL_INTEGRITY,CHECK_827,HOURLY,SUCCESS,7826,31,2.75,18.53,494.97,3.6299,1.601395457508228,False,False
EXEC-002345,2025-09-15 22:00:00,FRAUD_DETECTION,FRESHNESS_CHECK,CHECK_684,DAILY,TIMEOUT,2599,0,12.02,6.59,186.57,2.089,,False,False
EXEC-002346,2025-11-26 20:00:00,INTERNET_BANK,NULL_CHECK,CHECK_456,HOURLY,SUCCESS,12249,10,4.19,21.3,136.54,2.2839,0.877775460163527,False,False
EXEC-002347,2025-12-19 15:00:00,INTERNET_BANK,REFERENTIAL_INTEGRITY,CHECK_872,HOURLY,SUCCESS,21308,911,10.06,45.33,778.21,4.372,0.9469431392355634,False,False
EXEC-002348,2026-03-09 21:00:00,INTERNET_BANK,COMPLETENESS_CHECK,CHECK_632,HOURLY,FAILED,28051,33,1.05,11.67,693.56,1.8425,4.982964149371621,True,True
EXEC-002349,2026-02-22 10:00:00,CREDIT_BUREAU,REFERENTIAL_INTEGRITY,CHECK_229,HOURLY,SUCCESS,14982,26,14.22,13.63,227.2,1.5473,0.44465334699088527,False,False
EXEC-002350,2025-10-03 05:00:00,FRAUD_DETECTION,DUPLICATE_CHECK,CHECK_630,DAILY,TIMEOUT,49243,0,2.77,18.11,793.4,3.5034,,False,False
EXEC-002351,2026-01-15 17:00:00,CRM_CLIENTS,RANGE_CHECK,CHECK_859,HOURLY,SUCCESS,32915,42,3.68,45.53,439.19,2.8541,0.8459917937507309,False,False
EXEC-002352,2025-12-23 11:00:00,LOAN_REGISTRY,SCHEMA_VALIDATION,CHECK_213,WEEKLY,SUCCESS,5453,0,140.68,45.92,81.49,0.6218,0.4089017898091639,False,False
EXEC-002353,2025-09-08 11:00:00,FRAUD_DETECTION,COMPLETENESS_CHECK,CHECK_962,DAILY,SUCCESS,2596,6984,3.24,23.29,190.67,4.7597,2.059169032926718,False,False
EXEC-002354,2025-10-27 12:00:00,PAYMENT_SYSTEM,NULL_CHECK,CHECK_706,HOURLY,SUCCESS,1621,439,42.4,6.0,375.93,3.5697,3.1689139453370836,False,False
EXEC-002355,2026-01-01 23:00:00,CREDIT_BUREAU,REFERENTIAL_INTEGRITY,CHECK_152,ON_DEMAND,SUCCESS,2098,117,1.58,44.27,117.4,4.556,3.135609759704423,False,False
EXEC-002356,2025-12-05 00:00:00,FRAUD_DETECTION,COMPLETENESS_CHECK,CHECK_283,WEEKLY,SUCCESS,29932,2,1.58,32.72,378.33,1.505,1.1440824895153878,False,False
EXEC-002357,2025-12-13 02:00:00,INTERNET_BANK,COMPLETENESS_CHECK,CHECK_246,DAILY,SUCCESS,4619,465,0.4,7.4,401.75,2.9956,1.790564778930158,False,False
EXEC-002358,2026-02-17 03:00:00,CREDIT_BUREAU,SCHEMA_VALIDATION,CHECK_173,ON_DEMAND,FAILED,5958,1367,0.65,10.99,153.06,1.2377,6.0906626578616265,True,True
EXEC-002359,2025-10-20 08:00:00,LOAN_REGISTRY,SCHEMA_VALIDATION,CHECK_551,DAILY,FAILED,477,101090,21.38,35.06,1442.11,2.739,11.645985887977542,True,False
EXEC-002360,2025-11-29 11:00:00,FRAUD_DETECTION,SCHEMA_VALIDATION,CHECK_863,WEEKLY,SUCCESS,225394,11,3.66,15.36,290.05,4.3709,1.9288361095477589,False,False
EXEC-002361,2025-10-13 12:00:00,CRM_CLIENTS,ACCURACY_CHECK,CHECK_697,HOURLY,SUCCESS,11244,54,12.76,23.05,1187.59,4.4655,3.2758808189103177,False,False
EXEC-002362,2025-10-04 05:00:00,LOAN_REGISTRY,FRESHNESS_CHECK,CHECK_573,ON_DEMAND,SUCCESS,378,930,17.45,32.63,478.0,4.946,3.598771896056111,False,False
EXEC-002363,2026-01-25 09:00:00,SCORING_ENGINE,NULL_CHECK,CHECK_848,WEEKLY,SUCCESS,550,20,38.1,12.1,577.1,4.9166,3.917640570200791,False,False
EXEC-002364,2025-12-18 12:00:00,CRM_CLIENTS,CONSISTENCY_CHECK,CHECK_651,HOURLY,SKIPPED,11774,0,0.59,19.3,848.56,2.6131,,False,False
EXEC-002365,2025-09-11 18:00:00,PAYMENT_SYSTEM,FRESHNESS_CHECK,CHECK_723,HOURLY,SUCCESS,12682,80,8.88,23.3,32.33,1.5585,0.4944283073975205,False,False
EXEC-002366,2025-11-05 23:00:00,CREDIT_BUREAU,REFERENTIAL_INTEGRITY,CHECK_776,WEEKLY,SUCCESS,5206,22,1.01,37.98,137.62,4.6391,1.4034953162839097,False,False
EXEC-002367,2025-12-08 16:00:00,LOAN_REGISTRY,DUPLICATE_CHECK,CHECK_778,HOURLY,SUCCESS,619005,3,5.54,22.47,50.86,1.2046,1.0692702942452326,False,False
EXEC-002368,2025-12-03 09:00:00,PAYMENT_SYSTEM,RANGE_CHECK,CHECK_966,HOURLY,FAILED,3209,18,5.18,12.36,449.61,1.9389,9.32835226453297,True,True
EXEC-002369,2025-09-10 15:00:00,FRAUD_DETECTION,REFERENTIAL_INTEGRITY,CHECK_746,DAILY,SUCCESS,257717,268,4.99,51.98,804.59,4.9878,2.8430351661974615,False,False
EXEC-002370,2026-03-13 14:00:00,CRM_CLIENTS,RANGE_CHECK,CHECK_958,HOURLY,SUCCESS,2188,278,278.15,27.9,635.57,1.2655,0.9165458499091554,False,False
EXEC-002371,2026-01-21 03:00:00,INTERNET_BANK,REFERENTIAL_INTEGRITY,CHECK_175,HOURLY,FAILED,1387,3,10.67,24.82,342.31,3.1354,10.998462386727288,True,False
EXEC-002372,2026-01-16 05:00:00,INTERNET_BANK,FORMAT_CHECK,CHECK_939,WEEKLY,SUCCESS,1879,67,10.4,9.6,419.25,0.9059,0.7441626704451751,False,False
EXEC-002373,2025-09-22 13:00:00,INTERNET_BANK,FRESHNESS_CHECK,CHECK_240,ON_DEMAND,SUCCESS,571,28,7.97,7.61,756.49,1.0222,0.9051324554083976,False,False
EXEC-002374,2026-02-08 10:00:00,MOBILE_APP,ACCURACY_CHECK,CHECK_406,DAILY,SUCCESS,83,73,26.78,29.77,47.93,0.53,0.3238666589168575,False,False
EXEC-002375,2026-02-13 06:00:00,FRAUD_DETECTION,FORMAT_CHECK,CHECK_641,HOURLY,SUCCESS,17573,32,5.85,35.35,99.71,0.2447,0.21040402431830185,False,False
EXEC-002376,2025-09-23 07:00:00,SCORING_ENGINE,SCHEMA_VALIDATION,CHECK_653,WEEKLY,SUCCESS,4527,0,70.42,49.65,4545.65,4.0357,3.2658831266571813,False,False
EXEC-002377,2026-02-24 01:00:00,CREDIT_BUREAU,COMPLETENESS_CHECK,CHECK_292,HOURLY,FAILED,47188,691,9.03,14.57,294.65,4.2949,18.877510930922682,True,True
EXEC-002378,2025-10-14 06:00:00,MOBILE_APP,RANGE_CHECK,CHECK_754,DAILY,FAILED,3769,95,25.14,53.9,573.29,0.2064,0.48113028619142534,True,True
EXEC-002379,2025-11-28 07:00:00,SCORING_ENGINE,REFERENTIAL_INTEGRITY,CHECK_723,WEEKLY,SUCCESS,151,3813,0.41,22.96,225.62,3.7135,2.811318009972535,False,False
EXEC-002380,2026-03-03 17:00:00,CRM_CLIENTS,CONSISTENCY_CHECK,CHECK_980,DAILY,SUCCESS,1373,29,0.61,15.36,470.42,0.8227,0.20644010075095956,False,False
EXEC-002381,2026-03-06 13:00:00,SCORING_ENGINE,REFERENTIAL_INTEGRITY,CHECK_562,ON_DEMAND,SUCCESS,3489,55,0.87,55.24,42.44,1.7033,1.4782706150791989,False,False
EXEC-002382,2025-09-15 06:00:00,PAYMENT_SYSTEM,FRESHNESS_CHECK,CHECK_183,ON_DEMAND,SUCCESS,23227,26,9.3,22.16,307.1,0.4616,0.34462694986468323,False,False
EXEC-002383,2026-03-06 14:00:00,MOBILE_APP,DUPLICATE_CHECK,CHECK_573,ON_DEMAND,SUCCESS,7007,140,2.17,15.9,138.7,1.2941,1.027532407615883,False,False
EXEC-002384,2026-03-04 16:00:00,FRAUD_DETECTION,FRESHNESS_CHECK,CHECK_114,HOURLY,SUCCESS,6394,960,0.9,44.89,141.38,2.5717,0.9978960418429956,False,False
EXEC-002385,2025-09-01 23:00:00,MOBILE_APP,REFERENTIAL_INTEGRITY,CHECK_436,DAILY,SUCCESS,7515,416,6.48,12.21,193.3,4.7852,2.210323092084104,False,False
EXEC-002386,2026-01-15 18:00:00,CREDIT_BUREAU,ACCURACY_CHECK,CHECK_868,DAILY,SUCCESS,4183,206,6.46,31.02,281.04,2.5042,0.656131360795163,False,False
EXEC-002387,2026-02-05 14:00:00,FRAUD_DETECTION,FRESHNESS_CHECK,CHECK_694,WEEKLY,SUCCESS,781,24,6.6,34.39,533.99,4.4466,3.854288178868858,False,False
EXEC-002388,2026-03-08 03:00:00,LOAN_REGISTRY,FRESHNESS_CHECK,CHECK_641,HOURLY,SUCCESS,132696,795,9.0,54.59,197.86,0.2841,0.043772937465656234,False,False
EXEC-002389,2025-10-20 15:00:00,SCORING_ENGINE,FORMAT_CHECK,CHECK_406,WEEKLY,SKIPPED,2577,0,6.38,54.8,262.67,2.3476,,False,False
EXEC-002390,2025-10-04 01:00:00,CRM_CLIENTS,CONSISTENCY_CHECK,CHECK_368,WEEKLY,FAILED,1319,0,81.3,15.66,203.73,0.3578,0.9975470170871316,True,True
EXEC-002391,2025-12-02 16:00:00,CRM_CLIENTS,SCHEMA_VALIDATION,CHECK_436,ON_DEMAND,SUCCESS,1872,52,38.74,6.55,437.25,1.4607,0.8962569876487739,False,False
EXEC-002392,2025-09-28 04:00:00,CRM_CLIENTS,CONSISTENCY_CHECK,CHECK_930,HOURLY,SUCCESS,1808,0,35.03,29.22,81.06,0.2513,0.03354230598072195,False,False
EXEC-002393,2026-01-30 03:00:00,FRAUD_DETECTION,FORMAT_CHECK,CHECK_201,HOURLY,TIMEOUT,11419,0,2.14,37.33,128.13,1.8403,,False,False
EXEC-002394,2025-12-02 10:00:00,CREDIT_BUREAU,SCHEMA_VALIDATION,CHECK_908,ON_DEMAND,SUCCESS,660,27,33.02,61.92,744.15,2.143,1.3598952803695947,False,False
EXEC-002395,2026-01-20 05:00:00,FRAUD_DETECTION,NULL_CHECK,CHECK_372,DAILY,SKIPPED,7850,0,0.2,16.85,498.27,1.7215,,False,False
EXEC-002396,2026-02-24 11:00:00,FRAUD_DETECTION,SCHEMA_VALIDATION,CHECK_913,HOURLY,SUCCESS,294376,229,14.14,17.59,226.11,3.0858,2.546169840901156,False,False
EXEC-002397,2025-10-06 16:00:00,FRAUD_DETECTION,RANGE_CHECK,CHECK_311,DAILY,SUCCESS,238,33,22.85,55.08,142.27,2.6552,1.017285308473313,False,False
EXEC-002398,2025-11-17 07:00:00,LOAN_REGISTRY,ACCURACY_CHECK,CHECK_535,HOURLY,SUCCESS,41228,98,130.18,13.51,753.27,1.1349,0.3869442417218666,False,False
EXEC-002399,2025-12-21 10:00:00,CREDIT_BUREAU,ACCURACY_CHECK,CHECK_608,ON_DEMAND,TIMEOUT,40033,0,4.36,30.01,406.6,1.0766,,False,False
EXEC-002400,2025-11-03 01:00:00,LOAN_REGISTRY,SCHEMA_VALIDATION,CHECK_878,DAILY,SUCCESS,3568,269,2.31,35.51,356.51,2.3398,0.7266941046872415,False,False
EXEC-002401,2026-01-13 15:00:00,PAYMENT_SYSTEM,FORMAT_CHECK,CHECK_994,ON_DEMAND,SUCCESS,142,388,0.33,24.12,864.86,1.231,0.8805728210729457,False,False
EXEC-002402,2026-01-07 12:00:00,MOBILE_APP,COMPLETENESS_CHECK,CHECK_263,ON_DEMAND,SUCCESS,16061,67,1.28,9.92,361.1,2.8581,1.8302972319648074,False,False
EXEC-002403,2025-11-30 11:00:00,MOBILE_APP,FORMAT_CHECK,CHECK_635,DAILY,SUCCESS,8204,18,3.5,47.68,291.19,4.9316,4.315745744502497,False,False
EXEC-002404,2026-03-06 08:00:00,FRAUD_DETECTION,FORMAT_CHECK,CHECK_500,DAILY,SUCCESS,185659,78,7.91,38.67,1083.49,0.0899,0.032603004570684005,False,False
EXEC-002405,2026-01-23 02:00:00,PAYMENT_SYSTEM,SCHEMA_VALIDATION,CHECK_635,HOURLY,SUCCESS,5864,6,1.19,30.82,243.43,1.9137,1.4107505155592774,False,False
EXEC-002406,2026-03-03 18:00:00,FRAUD_DETECTION,CONSISTENCY_CHECK,CHECK_207,ON_DEMAND,SUCCESS,4092,140,6.14,32.97,111.85,3.8213,0.8993759302759584,False,False
EXEC-002407,2025-11-24 23:00:00,FRAUD_DETECTION,CONSISTENCY_CHECK,CHECK_184,DAILY,FAILED,8691,53,5.62,17.3,355.56,1.3585,5.158234145162198,True,True
EXEC-002408,2026-01-14 02:00:00,CRM_CLIENTS,SCHEMA_VALIDATION,CHECK_286,WEEKLY,SUCCESS,26159,5,5.19,34.12,4491.27,2.4405,1.580473608610955,False,False
EXEC-002409,2026-03-07 13:00:00,SCORING_ENGINE,DUPLICATE_CHECK,CHECK_843,ON_DEMAND,SUCCESS,2966,1,9.31,27.63,150.01,1.1709,0.31116928996738064,False,False
EXEC-002410,2026-01-29 07:00:00,CREDIT_BUREAU,FRESHNESS_CHECK,CHECK_322,ON_DEMAND,SUCCESS,26019,1628,27.51,5.83,262.05,3.4773,1.7062723129857975,False,False
EXEC-002411,2025-12-16 08:00:00,PAYMENT_SYSTEM,FRESHNESS_CHECK,CHECK_753,WEEKLY,SUCCESS,22168,218,14.35,22.6,268.56,0.6185,0.16450638277190574,False,False
EXEC-002412,2026-02-20 23:00:00,MOBILE_APP,FORMAT_CHECK,CHECK_130,WEEKLY,SUCCESS,22839,269,27.74,9.64,259.26,3.894,2.6035898813087393,False,False
EXEC-002413,2026-01-09 02:00:00,MOBILE_APP,FRESHNESS_CHECK,CHECK_314,DAILY,SUCCESS,38440,54,5.81,22.47,755.89,2.4477,2.1803710843701127,False,False
EXEC-002414,2026-03-13 14:00:00,SCORING_ENGINE,FRESHNESS_CHECK,CHECK_640,HOURLY,FAILED,541,94,1.77,20.46,168.62,0.9595,1.6173106093968879,True,False
EXEC-002415,2025-12-16 14:00:00,CREDIT_BUREAU,ACCURACY_CHECK,CHECK_614,DAILY,SUCCESS,873,151,12.27,9.8,306.4,2.5828,1.555424858366121,False,False
EXEC-002416,2025-10-01 19:00:00,SCORING_ENGINE,NULL_CHECK,CHECK_449,DAILY,SUCCESS,295,1047,23.47,31.69,357.79,4.7516,2.242128397322192,False,False
EXEC-002417,2025-12-21 17:00:00,CREDIT_BUREAU,FORMAT_CHECK,CHECK_870,HOURLY,SUCCESS,22774,61,18.03,39.2,1033.17,4.2149,3.0003629338525446,False,False
EXEC-002418,2025-12-26 03:00:00,CREDIT_BUREAU,ACCURACY_CHECK,CHECK_544,ON_DEMAND,SUCCESS,116881,0,4.37,16.39,143.69,4.9224,3.8544857388633234,False,False
EXEC-002419,2025-11-29 03:00:00,MOBILE_APP,NULL_CHECK,CHECK_969,DAILY,SUCCESS,21993,25,1.43,28.38,912.69,1.656,0.8394431473410566,False,False
EXEC-002420,2025-12-17 00:00:00,PAYMENT_SYSTEM,DUPLICATE_CHECK,CHECK_649,DAILY,SUCCESS,2160,1,4.53,11.06,406.43,4.9162,0.7921319547409743,False,False
EXEC-002421,2025-09-17 19:00:00,LOAN_REGISTRY,CONSISTENCY_CHECK,CHECK_216,WEEKLY,SUCCESS,25570,6,53.13,16.92,738.11,1.9726,1.5767057916348721,False,False
EXEC-002422,2025-10-08 18:00:00,INTERNET_BANK,DUPLICATE_CHECK,CHECK_893,WEEKLY,SUCCESS,4901,11,10.09,30.35,408.02,2.6279,1.7104190316220425,False,False
EXEC-002423,2025-10-13 08:00:00,CRM_CLIENTS,DUPLICATE_CHECK,CHECK_183,HOURLY,TIMEOUT,16643,0,3.46,16.13,496.77,3.2187,,False,False
EXEC-002424,2025-10-17 00:00:00,LOAN_REGISTRY,REFERENTIAL_INTEGRITY,CHECK_691,DAILY,SUCCESS,5356,0,1.08,30.49,659.25,4.739,3.3502916972730103,False,False
EXEC-002425,2025-11-01 15:00:00,PAYMENT_SYSTEM,SCHEMA_VALIDATION,CHECK_351,WEEKLY,FAILED,45217,15,15.61,23.78,293.88,4.1079,8.139893049290906,True,True
EXEC-002426,2025-09-20 23:00:00,INTERNET_BANK,COMPLETENESS_CHECK,CHECK_724,WEEKLY,FAILED,2356,0,3.73,0.95,1176.05,3.6994,18.065076565951255,True,True
EXEC-002427,2026-02-11 01:00:00,LOAN_REGISTRY,FORMAT_CHECK,CHECK_603,ON_DEMAND,FAILED,423,11846,5.79,6.73,159.95,1.4857,4.1437695440588564,True,True
EXEC-002428,2026-01-02 07:00:00,CREDIT_BUREAU,RANGE_CHECK,CHECK_954,WEEKLY,SUCCESS,26602,12,0.77,9.13,221.85,2.7078,1.7846192252496385,False,False
EXEC-002429,2025-11-24 02:00:00,PAYMENT_SYSTEM,REFERENTIAL_INTEGRITY,CHECK_651,HOURLY,SUCCESS,52351,41,9.81,28.33,98.16,3.81,2.2840498555668134,False,False
EXEC-002430,2026-01-09 05:00:00,INTERNET_BANK,DUPLICATE_CHECK,CHECK_181,WEEKLY,SUCCESS,1761,646,8.48,30.66,813.18,2.9149,0.35327364179749826,False,False
EXEC-002431,2025-09-16 04:00:00,INTERNET_BANK,DUPLICATE_CHECK,CHECK_381,ON_DEMAND,SUCCESS,12141,3,4.12,15.92,333.99,0.9608,0.6904279832071074,False,False
EXEC-002432,2025-12-29 21:00:00,LOAN_REGISTRY,REFERENTIAL_INTEGRITY,CHECK_444,DAILY,SUCCESS,2578,737,6.0,37.0,2517.64,2.9304,2.3261259656216704,False,False
EXEC-002433,2025-10-09 16:00:00,FRAUD_DETECTION,ACCURACY_CHECK,CHECK_690,DAILY,SUCCESS,130028,75,21.42,43.21,176.42,3.163,2.0496350175421045,False,False
EXEC-002434,2025-09-25 00:00:00,CREDIT_BUREAU,SCHEMA_VALIDATION,CHECK_111,DAILY,SUCCESS,10607,15,16.61,65.53,852.45,2.6804,0.34550318691077075,False,False
EXEC-002435,2026-02-09 22:00:00,FRAUD_DETECTION,ACCURACY_CHECK,CHECK_940,WEEKLY,SKIPPED,5586,0,6.27,41.04,695.94,3.4093,,False,False
EXEC-002436,2025-09-27 19:00:00,PAYMENT_SYSTEM,ACCURACY_CHECK,CHECK_123,HOURLY,SUCCESS,3309,32,98.96,13.11,343.79,2.346,0.9539967713934971,False,False
EXEC-002437,2026-01-23 04:00:00,MOBILE_APP,COMPLETENESS_CHECK,CHECK_855,DAILY,SUCCESS,20932,353,3.61,22.55,148.06,3.482,1.780958299223093,False,False
EXEC-002438,2025-09-22 02:00:00,SCORING_ENGINE,RANGE_CHECK,CHECK_914,HOURLY,SUCCESS,718,6884,0.81,59.3,278.28,2.0786,1.5930472705837404,False,False
EXEC-002439,2025-11-17 12:00:00,CREDIT_BUREAU,FRESHNESS_CHECK,CHECK_732,ON_DEMAND,SUCCESS,232,32,12.66,65.13,418.45,2.0346,0.8302232570015009,False,False
EXEC-002440,2026-03-03 13:00:00,CRM_CLIENTS,RANGE_CHECK,CHECK_772,WEEKLY,SUCCESS,124772,126,1.52,48.45,167.77,3.1133,2.5812877620692913,False,False
EXEC-002441,2026-03-09 12:00:00,SCORING_ENGINE,CONSISTENCY_CHECK,CHECK_987,HOURLY,FAILED,19988,28,91.0,10.37,166.8,4.2782,10.635464363391522,True,True
EXEC-002442,2026-01-13 18:00:00,INTERNET_BANK,CONSISTENCY_CHECK,CHECK_963,WEEKLY,SUCCESS,120504,4,42.19,29.32,904.93,3.9566,2.179945176422512,False,False
EXEC-002443,2025-11-10 16:00:00,MOBILE_APP,REFERENTIAL_INTEGRITY,CHECK_837,HOURLY,SUCCESS,229897,7575,1.04,38.17,298.79,3.3465,1.1722001630184,False,False
EXEC-002444,2026-01-22 18:00:00,LOAN_REGISTRY,NULL_CHECK,CHECK_686,HOURLY,SUCCESS,15859,315,5.84,21.51,2853.65,3.8021,1.1756302452150045,False,False
EXEC-002445,2025-12-17 07:00:00,FRAUD_DETECTION,CONSISTENCY_CHECK,CHECK_745,WEEKLY,SUCCESS,29266,284,1.73,21.67,682.27,1.6437,0.2346070735129866,False,False
EXEC-002446,2025-11-24 20:00:00,CREDIT_BUREAU,DUPLICATE_CHECK,CHECK_966,ON_DEMAND,SKIPPED,361254,0,1.88,49.43,545.57,2.9665,,False,False
EXEC-002447,2026-01-19 05:00:00,CRM_CLIENTS,COMPLETENESS_CHECK,CHECK_270,HOURLY,SUCCESS,257855,339,4.71,38.82,950.15,1.5966,1.3191241997103953,False,False
EXEC-002448,2025-10-13 22:00:00,CRM_CLIENTS,FRESHNESS_CHECK,CHECK_953,DAILY,SUCCESS,3632,67,5.98,41.87,2855.01,3.925,2.0856170083633296,False,False
EXEC-002449,2025-10-05 03:00:00,FRAUD_DETECTION,FORMAT_CHECK,CHECK_207,ON_DEMAND,SUCCESS,3476,23,2.9,29.56,181.44,0.9233,0.2599434757554437,False,False
EXEC-002450,2026-02-23 16:00:00,CREDIT_BUREAU,CONSISTENCY_CHECK,CHECK_555,HOURLY,SUCCESS,52288,55,2.77,1.96,367.62,0.0842,0.018297017611645084,False,False
EXEC-002451,2025-11-28 17:00:00,MOBILE_APP,SCHEMA_VALIDATION,CHECK_579,WEEKLY,SUCCESS,3366,7,22.36,27.43,3246.73,3.6867,0.39136215883057457,False,False
EXEC-002452,2025-12-21 20:00:00,FRAUD_DETECTION,FORMAT_CHECK,CHECK_690,HOURLY,SUCCESS,7529,330,0.21,11.68,360.25,0.3218,0.15582311340068358,False,False
EXEC-002453,2026-01-06 02:00:00,INTERNET_BANK,NULL_CHECK,CHECK_148,ON_DEMAND,SUCCESS,7161,3,3.83,24.89,553.29,1.9084,0.6569306240991457,False,False
EXEC-002454,2025-09-20 01:00:00,MOBILE_APP,RANGE_CHECK,CHECK_479,DAILY,FAILED,31325,0,11.11,24.91,1198.36,3.1069,10.253071032309105,True,True
EXEC-002455,2026-01-08 08:00:00,INTERNET_BANK,FRESHNESS_CHECK,CHECK_423,ON_DEMAND,SUCCESS,142049,108,3.52,4.2,862.1,4.9535,1.7763863417973522,False,False
EXEC-002456,2026-02-13 17:00:00,INTERNET_BANK,ACCURACY_CHECK,CHECK_251,ON_DEMAND,FAILED,10404,21,84.52,32.71,175.1,2.3385,4.541383633375268,True,True
EXEC-002457,2025-09-03 14:00:00,INTERNET_BANK,FRESHNESS_CHECK,CHECK_673,ON_DEMAND,FAILED,2314,0,22.02,18.52,669.14,3.6228,8.3055109918489,True,True
EXEC-002458,2025-09-17 18:00:00,CRM_CLIENTS,FORMAT_CHECK,CHECK_982,HOURLY,SUCCESS,2528,121,11.03,15.4,994.25,4.2818,0.6965049719571059,False,False
EXEC-002459,2025-09-09 10:00:00,FRAUD_DETECTION,DUPLICATE_CHECK,CHECK_535,HOURLY,SUCCESS,1690,14037,30.53,58.59,816.56,4.0576,3.5614033628467956,False,False
EXEC-002460,2025-12-12 18:00:00,INTERNET_BANK,RANGE_CHECK,CHECK_533,HOURLY,SUCCESS,75056,23,46.91,43.45,1069.26,4.3977,2.73119770630275,False,False
EXEC-002461,2025-10-17 09:00:00,CRM_CLIENTS,DUPLICATE_CHECK,CHECK_699,WEEKLY,SUCCESS,3535,2,4.5,49.6,158.89,2.7607,1.086174746671342,False,False
EXEC-002462,2025-12-11 23:00:00,FRAUD_DETECTION,DUPLICATE_CHECK,CHECK_312,WEEKLY,FAILED,836558,563,39.08,42.52,1999.66,4.9676,9.456882129963583,True,True
EXEC-002463,2026-03-01 00:00:00,INTERNET_BANK,SCHEMA_VALIDATION,CHECK_326,WEEKLY,FAILED,443,14,2.23,27.25,922.75,4.4512,7.805323388612324,True,True
EXEC-002464,2025-11-25 09:00:00,INTERNET_BANK,REFERENTIAL_INTEGRITY,CHECK_942,ON_DEMAND,SUCCESS,946,45,0.16,48.55,1424.38,1.6654,0.6310065057390181,False,False
EXEC-002465,2025-11-01 01:00:00,INTERNET_BANK,DUPLICATE_CHECK,CHECK_908,WEEKLY,SUCCESS,3160,8,12.21,7.6,130.1,2.4329,1.1154259817755743,False,False
EXEC-002466,2025-09-17 00:00:00,INTERNET_BANK,NULL_CHECK,CHECK_482,DAILY,FAILED,25842,39,10.8,19.62,690.0,2.0376,5.810983767699144,True,True
EXEC-002467,2025-12-10 02:00:00,MOBILE_APP,FORMAT_CHECK,CHECK_191,ON_DEMAND,SUCCESS,3879,65,170.22,2.07,221.8,3.245,1.7353165170130072,False,False
EXEC-002468,2026-01-07 10:00:00,LOAN_REGISTRY,FORMAT_CHECK,CHECK_743,ON_DEMAND,SUCCESS,287900,20,3.11,14.75,816.22,3.1872,1.7228520699195715,False,False
EXEC-002469,2026-01-07 00:00:00,FRAUD_DETECTION,DUPLICATE_CHECK,CHECK_948,HOURLY,SKIPPED,6317,0,5.94,21.69,655.55,0.6544,,False,False
EXEC-002470,2025-12-03 12:00:00,SCORING_ENGINE,DUPLICATE_CHECK,CHECK_772,DAILY,FAILED,1154,78,82.95,16.73,1088.05,3.5373,11.327181013897876,True,True
EXEC-002471,2026-03-10 00:00:00,FRAUD_DETECTION,FRESHNESS_CHECK,CHECK_420,WEEKLY,SUCCESS,1618,534,140.77,44.14,409.58,0.8584,0.4416207697456029,False,False
EXEC-002472,2026-01-27 10:00:00,SCORING_ENGINE,FORMAT_CHECK,CHECK_862,DAILY,SUCCESS,1124,530,2.49,18.66,202.01,2.0972,1.452867950687404,False,False
EXEC-002473,2026-01-26 05:00:00,PAYMENT_SYSTEM,SCHEMA_VALIDATION,CHECK_616,WEEKLY,SUCCESS,18481,11,3.39,15.52,494.0,1.1791,0.5809814522463148,False,False
EXEC-002474,2026-02-17 19:00:00,SCORING_ENGINE,FORMAT_CHECK,CHECK_651,HOURLY,SUCCESS,16088,22,1.78,13.64,309.61,4.1804,3.413097086099589,False,False
EXEC-002475,2026-01-19 02:00:00,INTERNET_BANK,CONSISTENCY_CHECK,CHECK_868,WEEKLY,SUCCESS,63140,91,2.75,44.06,963.1,3.7219,0.5790601025130188,False,False
EXEC-002476,2025-09-18 01:00:00,CRM_CLIENTS,DUPLICATE_CHECK,CHECK_121,DAILY,TIMEOUT,11975,0,1.59,31.24,629.17,4.168,,False,False
EXEC-002477,2025-12-21 13:00:00,PAYMENT_SYSTEM,FORMAT_CHECK,CHECK_872,WEEKLY,TIMEOUT,838,0,3.81,17.78,261.31,2.6433,,False,False
EXEC-002478,2026-01-27 18:00:00,CREDIT_BUREAU,COMPLETENESS_CHECK,CHECK_839,DAILY,SUCCESS,48228,20,6.47,26.32,419.05,0.8919,0.5193895004455279,False,False
EXEC-002479,2025-11-29 11:00:00,MOBILE_APP,COMPLETENESS_CHECK,CHECK_575,WEEKLY,TIMEOUT,138,0,0.41,26.22,913.75,2.5077,,False,False
EXEC-002480,2025-10-26 05:00:00,FRAUD_DETECTION,SCHEMA_VALIDATION,CHECK_866,WEEKLY,SUCCESS,421,174,4.18,30.72,132.98,4.3778,3.0327614023407996,False,False
EXEC-002481,2025-09-05 21:00:00,SCORING_ENGINE,FORMAT_CHECK,CHECK_112,DAILY,SUCCESS,225618,768,1.29,14.77,2506.25,4.3399,0.6945662074988821,False,False
EXEC-002482,2025-12-16 01:00:00,CREDIT_BUREAU,CONSISTENCY_CHECK,CHECK_887,WEEKLY,SUCCESS,12069,765,7.96,9.92,590.32,0.8716,0.35985468886291966,False,False
EXEC-002483,2025-12-17 10:00:00,FRAUD_DETECTION,COMPLETENESS_CHECK,CHECK_956,WEEKLY,SUCCESS,17186,0,73.56,12.26,926.06,3.0469,1.9313442845405615,False,False
EXEC-002484,2026-01-23 14:00:00,LOAN_REGISTRY,CONSISTENCY_CHECK,CHECK_784,DAILY,SUCCESS,2180,68363,3.86,27.31,224.12,3.2927,2.436441178373025,False,False
EXEC-002485,2026-01-03 07:00:00,INTERNET_BANK,DUPLICATE_CHECK,CHECK_426,DAILY,FAILED,260,2,31.13,50.68,413.24,3.2179,5.041442335173103,True,True
EXEC-002486,2026-02-15 06:00:00,SCORING_ENGINE,FRESHNESS_CHECK,CHECK_299,ON_DEMAND,SUCCESS,4591,214,4.63,67.47,68.77,0.3401,0.2709915293754456,False,False
EXEC-002487,2026-01-30 05:00:00,CREDIT_BUREAU,CONSISTENCY_CHECK,CHECK_229,WEEKLY,TIMEOUT,8045,0,3.91,15.13,522.91,0.6108,,False,False
EXEC-002488,2025-12-26 00:00:00,CREDIT_BUREAU,CONSISTENCY_CHECK,CHECK_789,DAILY,SUCCESS,130321,144,1.33,25.5,621.01,2.0537,0.7225807670418051,False,False
EXEC-002489,2026-03-03 11:00:00,FRAUD_DETECTION,ACCURACY_CHECK,CHECK_504,DAILY,SUCCESS,2187,19,76.1,43.64,896.33,4.5592,2.48417831812519,False,False
EXEC-002490,2025-09-10 23:00:00,CREDIT_BUREAU,FORMAT_CHECK,CHECK_120,DAILY,SUCCESS,41235,68,12.83,27.89,1243.53,1.2781,0.1637834167271444,False,False
EXEC-002491,2026-02-01 19:00:00,CRM_CLIENTS,NULL_CHECK,CHECK_864,ON_DEMAND,SUCCESS,651,142,5.37,24.72,526.08,1.2428,0.38657300775247466,False,False
EXEC-002492,2025-12-15 07:00:00,INTERNET_BANK,RANGE_CHECK,CHECK_862,ON_DEMAND,SUCCESS,102185,291,18.97,50.02,540.81,2.0985,0.8545899469991998,False,False
EXEC-002493,2025-12-18 20:00:00,SCORING_ENGINE,NULL_CHECK,CHECK_224,ON_DEMAND,SUCCESS,35356,64238,5.24,11.9,1690.43,3.506,1.17592267880632,False,False
EXEC-002494,2025-11-15 08:00:00,CRM_CLIENTS,REFERENTIAL_INTEGRITY,CHECK_224,WEEKLY,SUCCESS,14042,7,0.88,32.66,55.91,2.0341,1.5120150177018936,False,False
EXEC-002495,2025-11-05 15:00:00,SCORING_ENGINE,CONSISTENCY_CHECK,CHECK_689,DAILY,SUCCESS,2584,473,2.94,20.08,125.33,4.5984,3.269326033082393,False,False
EXEC-002496,2026-02-20 20:00:00,SCORING_ENGINE,COMPLETENESS_CHECK,CHECK_346,WEEKLY,TIMEOUT,564,0,37.21,11.77,1884.87,4.6405,,False,False
EXEC-002497,2025-09-10 20:00:00,CREDIT_BUREAU,FORMAT_CHECK,CHECK_906,HOURLY,SUCCESS,14569,137604,10.24,27.09,339.56,4.745,0.7752215600666902,False,False
EXEC-002498,2026-01-24 02:00:00,PAYMENT_SYSTEM,FORMAT_CHECK,CHECK_698,ON_DEMAND,SUCCESS,1383,32,15.03,16.99,95.4,1.671,0.5683216220408359,False,False
EXEC-002499,2025-10-15 15:00:00,FRAUD_DETECTION,FORMAT_CHECK,CHECK_181,WEEKLY,SUCCESS,91590,29,472.5,62.79,726.63,2.2852,1.5761968295396336,False,False
EXEC-002500,2025-11-22 18:00:00,MOBILE_APP,RANGE_CHECK,CHECK_110,HOURLY,SUCCESS,3838,2334,6.53,27.72,807.02,3.6524,0.7084336787746449,False,False
EXEC-002501,2026-01-05 03:00:00,CREDIT_BUREAU,FORMAT_CHECK,CHECK_354,HOURLY,TIMEOUT,771,0,135.11,29.57,1812.69,4.7322,,False,False
EXEC-002502,2025-11-28 02:00:00,FRAUD_DETECTION,ACCURACY_CHECK,CHECK_978,HOURLY,TIMEOUT,795,0,41.69,71.75,1754.72,3.1199,,False,False
EXEC-002503,2026-01-17 01:00:00,PAYMENT_SYSTEM,COMPLETENESS_CHECK,CHECK_645,WEEKLY,SUCCESS,1427,256,21.51,27.79,1432.61,2.4486,0.6312174167283809,False,False
EXEC-002504,2026-01-09 03:00:00,LOAN_REGISTRY,ACCURACY_CHECK,CHECK_228,HOURLY,FAILED,168538,6,22.39,35.56,184.47,2.9209,5.975764021698414,True,True
EXEC-002505,2025-10-15 15:00:00,CREDIT_BUREAU,CONSISTENCY_CHECK,CHECK_973,HOURLY,TIMEOUT,432496,0,0.34,45.17,298.83,1.0216,,False,False
EXEC-002506,2025-11-02 21:00:00,CREDIT_BUREAU,CONSISTENCY_CHECK,CHECK_687,WEEKLY,FAILED,382306,7312,0.28,34.43,1223.89,4.5727,18.14759994887206,True,True
EXEC-002507,2026-01-21 22:00:00,CREDIT_BUREAU,RANGE_CHECK,CHECK_585,DAILY,SUCCESS,30539,964,0.99,24.97,1983.56,3.2341,1.7723005348907763,False,False
EXEC-002508,2025-12-24 20:00:00,PAYMENT_SYSTEM,CONSISTENCY_CHECK,CHECK_414,DAILY,SUCCESS,1026,0,9.76,40.3,1235.84,1.0401,0.5094880780403896,False,False
EXEC-002509,2025-12-08 17:00:00,INTERNET_BANK,ACCURACY_CHECK,CHECK_237,WEEKLY,TIMEOUT,791857,0,44.0,21.31,710.09,2.1934,,False,False
EXEC-002510,2025-09-19 11:00:00,FRAUD_DETECTION,REFERENTIAL_INTEGRITY,CHECK_761,HOURLY,SUCCESS,246,7037,13.45,25.81,831.38,1.1386,0.3318625290768007,False,False
EXEC-002511,2025-10-08 00:00:00,INTERNET_BANK,CONSISTENCY_CHECK,CHECK_986,ON_DEMAND,SUCCESS,9219,3,1.05,20.23,262.22,3.6623,0.671157497126802,False,False
EXEC-002512,2026-01-14 08:00:00,CREDIT_BUREAU,CONSISTENCY_CHECK,CHECK_422,ON_DEMAND,SUCCESS,8564,84,0.66,17.32,273.22,3.8337,0.507773083603944,False,False
EXEC-002513,2025-12-24 00:00:00,LOAN_REGISTRY,COMPLETENESS_CHECK,CHECK_457,DAILY,SUCCESS,20098,762,0.93,44.92,92.97,4.2697,3.117759331108378,False,False
EXEC-002514,2025-12-28 10:00:00,FRAUD_DETECTION,ACCURACY_CHECK,CHECK_224,ON_DEMAND,SUCCESS,2622,6889,126.58,27.72,488.41,4.3284,1.6091352478013372,False,False
EXEC-002515,2025-11-18 03:00:00,LOAN_REGISTRY,ACCURACY_CHECK,CHECK_349,WEEKLY,SUCCESS,9779,69,0.71,58.86,693.95,1.7677,1.3620850362192765,False,False
EXEC-002516,2025-09-19 07:00:00,SCORING_ENGINE,REFERENTIAL_INTEGRITY,CHECK_840,ON_DEMAND,SUCCESS,58918,327,86.02,39.98,267.13,4.5177,2.181437431318986,False,False
EXEC-002517,2025-09-04 03:00:00,CRM_CLIENTS,NULL_CHECK,CHECK_536,HOURLY,SUCCESS,2343,152,20.83,20.92,460.16,2.1115,1.6681035252714207,False,False
EXEC-002518,2026-01-24 05:00:00,INTERNET_BANK,RANGE_CHECK,CHECK_143,HOURLY,SUCCESS,7428,1,27.55,28.79,90.06,4.6367,2.538345701941618,False,False
EXEC-002519,2025-10-25 16:00:00,CREDIT_BUREAU,REFERENTIAL_INTEGRITY,CHECK_687,ON_DEMAND,FAILED,1200,541,8.5,45.69,187.17,3.266,11.191116959825322,True,True
EXEC-002520,2025-11-03 17:00:00,MOBILE_APP,CONSISTENCY_CHECK,CHECK_160,DAILY,SUCCESS,40640,93,27.65,31.73,1252.04,3.9435,3.054462101305087,False,False
EXEC-002521,2025-10-11 10:00:00,CREDIT_BUREAU,RANGE_CHECK,CHECK_806,DAILY,SUCCESS,18095,8057,3.58,60.12,2643.84,4.5367,0.706202129622906,False,False
EXEC-002522,2025-10-30 16:00:00,PAYMENT_SYSTEM,RANGE_CHECK,CHECK_643,HOURLY,SUCCESS,4812,67,2.44,10.0,222.63,0.5251,0.27522546549382826,False,False
EXEC-002523,2025-10-22 22:00:00,CREDIT_BUREAU,ACCURACY_CHECK,CHECK_435,WEEKLY,SUCCESS,9389,1275,5.37,39.84,556.71,1.9833,1.0978569536850802,False,False
EXEC-002524,2025-12-10 09:00:00,LOAN_REGISTRY,REFERENTIAL_INTEGRITY,CHECK_946,WEEKLY,SUCCESS,1053721,24,14.7,52.16,158.57,4.7093,3.9392123461623303,False,False
EXEC-002525,2025-11-01 19:00:00,FRAUD_DETECTION,NULL_CHECK,CHECK_647,ON_DEMAND,SUCCESS,875,5,0.15,21.14,39.78,2.5121,1.767044129352867,False,False
EXEC-002526,2026-02-02 06:00:00,CREDIT_BUREAU,SCHEMA_VALIDATION,CHECK_916,HOURLY,SUCCESS,1359,668,2.9,13.1,517.08,3.9141,2.7029546700548317,False,False
EXEC-002527,2026-01-25 03:00:00,INTERNET_BANK,FRESHNESS_CHECK,CHECK_203,DAILY,SUCCESS,14331,12,10.16,41.87,244.12,4.6331,0.6688159228282905,False,False
EXEC-002528,2026-02-11 06:00:00,SCORING_ENGINE,ACCURACY_CHECK,CHECK_976,WEEKLY,SUCCESS,44063,516,11.72,56.64,411.84,3.8585,2.5877574037286033,False,False
EXEC-002529,2026-02-09 18:00:00,LOAN_REGISTRY,COMPLETENESS_CHECK,CHECK_614,WEEKLY,SUCCESS,415,1,6.97,43.82,818.22,1.5349,0.4094892957869156,False,False
EXEC-002530,2025-12-16 00:00:00,FRAUD_DETECTION,ACCURACY_CHECK,CHECK_834,DAILY,SUCCESS,220,4307,3.33,4.21,224.2,3.0012,2.5610150072434026,False,False
EXEC-002531,2026-01-15 22:00:00,SCORING_ENGINE,RANGE_CHECK,CHECK_225,DAILY,SUCCESS,10,0,2.35,23.52,220.45,0.7458,0.45037295957354445,False,False
EXEC-002532,2025-10-16 20:00:00,FRAUD_DETECTION,CONSISTENCY_CHECK,CHECK_143,ON_DEMAND,SUCCESS,8335,15,7.31,29.72,557.62,1.4783,1.3280051136903266,False,False
EXEC-002533,2025-12-17 20:00:00,PAYMENT_SYSTEM,NULL_CHECK,CHECK_390,DAILY,FAILED,12249,62,1.55,42.39,1126.22,0.5657,1.3438177270568272,True,False
EXEC-002534,2025-09-23 23:00:00,CREDIT_BUREAU,CONSISTENCY_CHECK,CHECK_435,ON_DEMAND,SUCCESS,2034,1,0.48,11.54,451.39,3.3351,2.684291365321041,False,False
EXEC-002535,2026-01-12 04:00:00,FRAUD_DETECTION,COMPLETENESS_CHECK,CHECK_162,ON_DEMAND,SUCCESS,16454,360,13.58,13.39,491.97,0.9973,0.7573658982388155,False,False
EXEC-002536,2025-09-10 11:00:00,CRM_CLIENTS,FRESHNESS_CHECK,CHECK_238,WEEKLY,SUCCESS,36890,694,0.33,38.23,339.18,0.7474,0.6530552235348394,False,False
EXEC-002537,2025-10-06 09:00:00,PAYMENT_SYSTEM,NULL_CHECK,CHECK_406,ON_DEMAND,SUCCESS,20991,0,6.85,7.99,867.2,4.0119,1.5745963823595615,False,False
EXEC-002538,2025-09-27 23:00:00,MOBILE_APP,RANGE_CHECK,CHECK_317,HOURLY,SKIPPED,113,0,22.41,12.36,505.99,2.5584,,False,False
EXEC-002539,2025-10-31 08:00:00,SCORING_ENGINE,DUPLICATE_CHECK,CHECK_831,ON_DEMAND,TIMEOUT,2928,0,2.52,24.4,544.72,3.6785,,False,False
EXEC-002540,2025-12-05 21:00:00,CRM_CLIENTS,RANGE_CHECK,CHECK_572,WEEKLY,SUCCESS,4397,2329,4.48,66.32,112.81,2.3663,1.791642924065567,False,False
EXEC-002541,2025-10-05 02:00:00,SCORING_ENGINE,SCHEMA_VALIDATION,CHECK_311,ON_DEMAND,SUCCESS,13881,936,94.16,62.9,1238.03,1.8467,0.38551194481293455,False,False
EXEC-002542,2025-10-02 12:00:00,INTERNET_BANK,COMPLETENESS_CHECK,CHECK_510,WEEKLY,FAILED,2511,196,51.85,15.08,994.02,3.045,8.346740021736814,True,True
EXEC-002543,2026-01-06 03:00:00,CREDIT_BUREAU,FORMAT_CHECK,CHECK_171,HOURLY,SUCCESS,342905,3,113.61,35.11,1256.26,4.4717,3.314739617426141,False,False
EXEC-002544,2026-02-19 19:00:00,INTERNET_BANK,DUPLICATE_CHECK,CHECK_451,HOURLY,FAILED,821,136,4.42,46.42,246.33,3.6078,7.373344502092077,True,True
EXEC-002545,2025-11-25 17:00:00,MOBILE_APP,FORMAT_CHECK,CHECK_813,WEEKLY,SUCCESS,13946,1,100.76,5.82,484.63,2.607,1.7436356401487587,False,False
EXEC-002546,2026-03-02 01:00:00,CRM_CLIENTS,ACCURACY_CHECK,CHECK_914,HOURLY,SUCCESS,9969,59407,6.98,43.48,42.76,0.97,0.11182559053499658,False,False
EXEC-002547,2026-02-24 11:00:00,INTERNET_BANK,DUPLICATE_CHECK,CHECK_905,HOURLY,FAILED,813,83,21.01,10.52,328.19,1.0302,4.832637406797336,True,True
EXEC-002548,2026-01-11 12:00:00,INTERNET_BANK,NULL_CHECK,CHECK_643,ON_DEMAND,SUCCESS,2723,434,17.38,18.51,272.27,4.5911,0.8027151800869813,False,False
EXEC-002549,2025-09-21 11:00:00,INTERNET_BANK,FORMAT_CHECK,CHECK_608,WEEKLY,SUCCESS,20510,437,194.07,55.41,1520.08,1.6731,0.467715780203466,False,False
EXEC-002550,2025-09-03 02:00:00,INTERNET_BANK,REFERENTIAL_INTEGRITY,CHECK_310,DAILY,FAILED,1504,3896,23.03,41.08,406.51,4.2343,19.685128985033913,True,True
EXEC-002551,2026-03-03 05:00:00,PAYMENT_SYSTEM,ACCURACY_CHECK,CHECK_488,ON_DEMAND,TIMEOUT,62595,0,3.69,17.28,213.6,4.4392,,False,False
EXEC-002552,2025-09-06 02:00:00,INTERNET_BANK,REFERENTIAL_INTEGRITY,CHECK_875,DAILY,SUCCESS,5506,4463,18.95,27.14,471.66,3.1965,1.7841819592523078,False,False
EXEC-002553,2025-10-07 23:00:00,LOAN_REGISTRY,REFERENTIAL_INTEGRITY,CHECK_511,DAILY,SUCCESS,6053,99,208.45,2.14,412.23,1.9508,0.3051731517328605,False,False
EXEC-002554,2026-02-09 23:00:00,FRAUD_DETECTION,DUPLICATE_CHECK,CHECK_243,WEEKLY,SUCCESS,5464,752,24.97,12.53,50.91,2.7381,2.453437404341082,False,False
EXEC-002555,2026-02-24 05:00:00,CREDIT_BUREAU,ACCURACY_CHECK,CHECK_550,WEEKLY,SUCCESS,1817,59360,3.78,13.3,151.24,0.1974,0.14244185042707824,False,False
EXEC-002556,2026-01-14 04:00:00,FRAUD_DETECTION,ACCURACY_CHECK,CHECK_180,HOURLY,SUCCESS,158576,938,7.12,10.95,3411.0,0.0176,0.010036157791098432,False,False
EXEC-002557,2026-02-12 05:00:00,MOBILE_APP,RANGE_CHECK,CHECK_322,WEEKLY,SUCCESS,15054,1419,1.7,48.72,294.69,1.6174,0.733205070472233,False,False
EXEC-002558,2026-02-16 19:00:00,PAYMENT_SYSTEM,COMPLETENESS_CHECK,CHECK_806,HOURLY,SUCCESS,240412,117,4.37,35.59,209.12,3.4711,1.6546319471574131,False,False
EXEC-002559,2026-03-10 17:00:00,FRAUD_DETECTION,FRESHNESS_CHECK,CHECK_457,DAILY,SUCCESS,4834,1,23.15,28.04,1055.33,3.3089,1.0145035450461812,False,False
EXEC-002560,2025-10-14 15:00:00,CRM_CLIENTS,NULL_CHECK,CHECK_621,DAILY,SUCCESS,1770,11,39.43,6.58,228.21,1.3249,0.7202621136257904,False,False
EXEC-002561,2025-11-06 20:00:00,INTERNET_BANK,REFERENTIAL_INTEGRITY,CHECK_837,ON_DEMAND,SUCCESS,3792,98,50.02,32.23,366.59,4.6289,2.725834092235404,False,False
EXEC-002562,2025-09-28 00:00:00,FRAUD_DETECTION,NULL_CHECK,CHECK_713,HOURLY,SUCCESS,48366,2,8.53,5.4,688.02,1.7836,1.5997591540977365,False,False
EXEC-002563,2025-10-30 00:00:00,FRAUD_DETECTION,ACCURACY_CHECK,CHECK_510,WEEKLY,SUCCESS,1999,2542,0.62,58.66,263.6,2.4376,0.8100871629725722,False,False
EXEC-002564,2026-01-01 07:00:00,CREDIT_BUREAU,CONSISTENCY_CHECK,CHECK_681,ON_DEMAND,SUCCESS,2460,6,2.41,29.65,1147.4,2.0922,1.0299045051498226,False,False
EXEC-002565,2026-01-30 13:00:00,CREDIT_BUREAU,FORMAT_CHECK,CHECK_351,ON_DEMAND,FAILED,929,0,1.49,23.67,827.77,0.4373,1.4812896870285173,True,True
EXEC-002566,2025-09-05 15:00:00,CREDIT_BUREAU,CONSISTENCY_CHECK,CHECK_314,WEEKLY,SUCCESS,19615,1209,4.93,14.73,259.74,3.5739,2.7901565879027843,False,False
EXEC-002567,2025-12-03 06:00:00,SCORING_ENGINE,CONSISTENCY_CHECK,CHECK_461,ON_DEMAND,FAILED,6671,473,5.48,30.01,240.03,4.4983,20.20725559980972,True,False
EXEC-002568,2026-01-31 06:00:00,MOBILE_APP,NULL_CHECK,CHECK_347,DAILY,FAILED,6617,0,194.85,29.14,1067.41,1.2644,4.007652114634361,True,True
EXEC-002569,2025-10-17 01:00:00,CRM_CLIENTS,ACCURACY_CHECK,CHECK_917,WEEKLY,SUCCESS,59384,127,8.5,27.46,293.31,1.9229,1.394162620331209,False,False
EXEC-002570,2026-01-18 10:00:00,INTERNET_BANK,RANGE_CHECK,CHECK_733,ON_DEMAND,SUCCESS,22617,519,11.44,49.38,111.28,1.1995,0.21093429890345425,False,False
EXEC-002571,2025-11-29 19:00:00,CRM_CLIENTS,FORMAT_CHECK,CHECK_161,ON_DEMAND,SUCCESS,18904,130,50.47,23.25,1287.97,3.2665,0.7219174304748864,False,False
EXEC-002572,2025-10-27 00:00:00,CREDIT_BUREAU,RANGE_CHECK,CHECK_821,DAILY,SUCCESS,25147,22,41.95,53.42,226.29,4.7667,0.9676063477032442,False,False
EXEC-002573,2026-01-24 01:00:00,PAYMENT_SYSTEM,DUPLICATE_CHECK,CHECK_107,DAILY,SUCCESS,3259,27,0.79,18.03,277.03,1.3337,0.4370510375574887,False,False
EXEC-002574,2025-09-26 23:00:00,MOBILE_APP,FORMAT_CHECK,CHECK_741,ON_DEMAND,SUCCESS,5792,78,3.05,9.83,2201.98,2.6416,1.022379295068575,False,False
EXEC-002575,2025-10-21 06:00:00,PAYMENT_SYSTEM,SCHEMA_VALIDATION,CHECK_441,HOURLY,SUCCESS,57369,57,0.9,35.2,75.72,4.6864,1.179060447179,False,False
EXEC-002576,2025-10-08 20:00:00,CRM_CLIENTS,FORMAT_CHECK,CHECK_657,ON_DEMAND,SUCCESS,22582,603,60.82,14.48,797.82,0.1032,0.05178704506955365,False,False
EXEC-002577,2025-10-27 04:00:00,CRM_CLIENTS,COMPLETENESS_CHECK,CHECK_429,ON_DEMAND,SUCCESS,27953,264,33.16,36.21,198.47,2.6294,0.6624288490477902,False,False
EXEC-002578,2025-09-19 06:00:00,CREDIT_BUREAU,SCHEMA_VALIDATION,CHECK_994,HOURLY,SUCCESS,19644,0,0.51,43.52,500.33,3.398,1.7040992702445794,False,False
EXEC-002579,2025-11-09 14:00:00,PAYMENT_SYSTEM,FRESHNESS_CHECK,CHECK_869,ON_DEMAND,FAILED,83470,2,2.14,5.02,241.97,4.6072,20.01193970904274,True,True
EXEC-002580,2026-02-28 11:00:00,MOBILE_APP,NULL_CHECK,CHECK_961,ON_DEMAND,SUCCESS,17415,694,1.31,37.7,89.64,4.2568,1.570104633067194,False,False
EXEC-002581,2025-11-25 18:00:00,SCORING_ENGINE,DUPLICATE_CHECK,CHECK_540,DAILY,SUCCESS,4308,904,35.24,21.83,569.47,3.497,2.0790308169580243,False,False
EXEC-002582,2025-11-18 02:00:00,FRAUD_DETECTION,COMPLETENESS_CHECK,CHECK_192,DAILY,FAILED,8874,5,3.6,23.77,419.69,4.5838,16.242240100591914,True,True
EXEC-002583,2026-02-11 09:00:00,CRM_CLIENTS,DUPLICATE_CHECK,CHECK_475,HOURLY,FAILED,10110,1,6.85,40.92,604.3,0.4855,1.2829988312247311,True,True
EXEC-002584,2025-12-26 18:00:00,CREDIT_BUREAU,NULL_CHECK,CHECK_748,ON_DEMAND,SUCCESS,337,3221,2.61,25.31,148.97,3.9219,1.9029615117555174,False,False
EXEC-002585,2025-11-17 19:00:00,PAYMENT_SYSTEM,REFERENTIAL_INTEGRITY,CHECK_398,DAILY,SUCCESS,14712,3513,13.65,30.76,234.89,3.3726,2.4829055816661203,False,False
EXEC-002586,2026-01-25 19:00:00,INTERNET_BANK,RANGE_CHECK,CHECK_561,WEEKLY,FAILED,1230,5,12.54,28.42,759.46,4.0024,11.558210080701068,True,True
EXEC-002587,2025-12-28 00:00:00,INTERNET_BANK,RANGE_CHECK,CHECK_781,DAILY,SUCCESS,6878,1,0.65,43.15,255.0,1.2693,0.4354362424875647,False,False
EXEC-002588,2026-01-10 17:00:00,LOAN_REGISTRY,FORMAT_CHECK,CHECK_352,ON_DEMAND,SUCCESS,2993,2,48.11,39.53,327.56,4.2871,1.4070113575276617,False,False
EXEC-002589,2026-03-01 16:00:00,CREDIT_BUREAU,ACCURACY_CHECK,CHECK_188,ON_DEMAND,SUCCESS,1621,14,1.09,48.21,126.19,4.2922,3.080902501331103,False,False
EXEC-002590,2025-09-17 09:00:00,PAYMENT_SYSTEM,NULL_CHECK,CHECK_766,DAILY,SUCCESS,22810,4316,25.48,18.62,347.54,0.0334,0.007369855220661806,False,False
EXEC-002591,2026-02-05 10:00:00,PAYMENT_SYSTEM,CONSISTENCY_CHECK,CHECK_442,WEEKLY,SUCCESS,10390,332,4.06,27.6,63.59,1.5619,1.0841304098473097,False,False
EXEC-002592,2026-03-09 03:00:00,INTERNET_BANK,RANGE_CHECK,CHECK_981,DAILY,SUCCESS,1866568,311,3.36,44.93,262.9,1.5228,1.295387273006783,False,False
EXEC-002593,2025-12-29 14:00:00,SCORING_ENGINE,ACCURACY_CHECK,CHECK_495,DAILY,SKIPPED,34084,0,25.18,37.2,185.04,3.0377,,False,False
EXEC-002594,2025-10-28 14:00:00,CREDIT_BUREAU,RANGE_CHECK,CHECK_940,WEEKLY,FAILED,23225,198,16.68,24.38,492.42,4.3491,7.530491600137051,True,True
EXEC-002595,2026-01-04 18:00:00,MOBILE_APP,REFERENTIAL_INTEGRITY,CHECK_484,WEEKLY,SUCCESS,11848,8,22.5,22.88,260.25,0.0862,0.01430273850928385,False,False
EXEC-002596,2025-11-30 08:00:00,PAYMENT_SYSTEM,RANGE_CHECK,CHECK_345,DAILY,SKIPPED,7700,0,3.71,16.16,1052.47,1.166,,False,False
EXEC-002597,2026-02-23 11:00:00,LOAN_REGISTRY,ACCURACY_CHECK,CHECK_698,WEEKLY,SUCCESS,72386,1,1.01,41.68,4539.05,2.4771,1.7485235454893922,False,False
EXEC-002598,2025-10-30 16:00:00,INTERNET_BANK,ACCURACY_CHECK,CHECK_599,HOURLY,SUCCESS,7113,231,52.83,52.7,276.58,4.9579,2.6156036124812507,False,False
EXEC-002599,2025-12-15 17:00:00,SCORING_ENGINE,DUPLICATE_CHECK,CHECK_681,DAILY,SUCCESS,8785,411,17.05,45.73,523.72,0.3474,0.08424191355847002,False,False
EXEC-002600,2025-10-14 15:00:00,MOBILE_APP,SCHEMA_VALIDATION,CHECK_290,DAILY,SUCCESS,175861,118,38.48,24.13,1198.54,4.108,2.4665923984581704,False,False
EXEC-002601,2025-10-13 02:00:00,PAYMENT_SYSTEM,NULL_CHECK,CHECK_465,DAILY,SUCCESS,357,78,48.9,35.31,392.56,1.8704,0.4918182962916349,False,False
EXEC-002602,2026-03-10 06:00:00,PAYMENT_SYSTEM,RANGE_CHECK,CHECK_455,HOURLY,FAILED,32236,1,5.73,59.16,554.26,3.838,8.608993941700238,True,True
EXEC-002603,2025-11-19 09:00:00,SCORING_ENGINE,SCHEMA_VALIDATION,CHECK_908,ON_DEMAND,SKIPPED,2445,0,175.71,38.33,404.17,2.1266,,False,False
EXEC-002604,2026-02-19 20:00:00,MOBILE_APP,REFERENTIAL_INTEGRITY,CHECK_998,DAILY,SUCCESS,1665496,43,6.81,33.51,130.66,1.3703,0.9364952643719976,False,False
EXEC-002605,2025-12-20 16:00:00,PAYMENT_SYSTEM,REFERENTIAL_INTEGRITY,CHECK_218,WEEKLY,SUCCESS,1522,1,3.29,44.24,787.29,2.1516,1.5490159751559347,False,False
EXEC-002606,2025-11-26 10:00:00,FRAUD_DETECTION,FRESHNESS_CHECK,CHECK_203,HOURLY,SUCCESS,1527,7,12.13,25.7,397.89,2.1778,0.8750622540685223,False,False
EXEC-002607,2026-01-02 13:00:00,LOAN_REGISTRY,RANGE_CHECK,CHECK_488,HOURLY,SUCCESS,38164,458,0.21,16.93,102.37,4.0654,2.53200475603909,False,False
EXEC-002608,2025-12-01 14:00:00,SCORING_ENGINE,DUPLICATE_CHECK,CHECK_397,HOURLY,SUCCESS,829,1,2.16,30.32,1421.39,3.8687,2.6126736591024144,False,False
EXEC-002609,2025-09-17 02:00:00,CREDIT_BUREAU,RANGE_CHECK,CHECK_352,HOURLY,SUCCESS,108247,10,2.04,16.74,384.88,0.3628,0.1972789822479883,False,False
EXEC-002610,2025-09-11 17:00:00,PAYMENT_SYSTEM,NULL_CHECK,CHECK_502,HOURLY,SKIPPED,4547,0,7.33,17.18,504.77,4.0477,,False,False
EXEC-002611,2026-01-25 12:00:00,FRAUD_DETECTION,ACCURACY_CHECK,CHECK_795,DAILY,SUCCESS,1921,38,73.91,53.82,194.54,0.8748,0.5549878702500792,False,False
EXEC-002612,2025-11-26 20:00:00,CREDIT_BUREAU,ACCURACY_CHECK,CHECK_728,WEEKLY,FAILED,488989,4,45.59,51.1,395.08,0.0689,0.1999439702612113,True,True
EXEC-002613,2025-12-14 06:00:00,PAYMENT_SYSTEM,RANGE_CHECK,CHECK_143,DAILY,SKIPPED,61207,0,74.25,50.8,567.65,0.9757,,False,False
EXEC-002614,2026-01-04 09:00:00,INTERNET_BANK,REFERENTIAL_INTEGRITY,CHECK_775,HOURLY,SUCCESS,21085,301,18.37,22.39,161.8,0.4853,0.4300430447154503,False,False
EXEC-002615,2025-12-07 08:00:00,PAYMENT_SYSTEM,SCHEMA_VALIDATION,CHECK_237,HOURLY,SUCCESS,4963,11,14.05,48.9,1630.31,1.5505,0.8398115486501943,False,False
EXEC-002616,2026-02-07 11:00:00,INTERNET_BANK,ACCURACY_CHECK,CHECK_958,WEEKLY,SUCCESS,45792,63,6.63,18.8,291.24,4.6018,2.9550139605055956,False,False
EXEC-002617,2025-12-25 13:00:00,MOBILE_APP,SCHEMA_VALIDATION,CHECK_620,HOURLY,SUCCESS,475,167,23.67,34.96,478.01,2.6472,2.242408199440717,False,False
EXEC-002618,2025-10-20 17:00:00,FRAUD_DETECTION,NULL_CHECK,CHECK_345,HOURLY,SUCCESS,258786,22,11.7,19.87,1783.99,0.5302,0.4088977225187338,False,False
EXEC-002619,2025-11-07 04:00:00,CRM_CLIENTS,REFERENTIAL_INTEGRITY,CHECK_582,WEEKLY,SUCCESS,54463,4,2.0,34.85,116.32,3.8221,1.580376349383585,False,False
EXEC-002620,2025-09-27 04:00:00,FRAUD_DETECTION,CONSISTENCY_CHECK,CHECK_597,HOURLY,TIMEOUT,2748,0,4.92,14.64,211.97,2.9306,,False,False
EXEC-002621,2025-10-09 00:00:00,CREDIT_BUREAU,NULL_CHECK,CHECK_286,HOURLY,SUCCESS,71479,21,3.56,43.77,541.56,0.23,0.16163549828900978,False,False
EXEC-002622,2025-10-18 18:00:00,SCORING_ENGINE,REFERENTIAL_INTEGRITY,CHECK_567,HOURLY,TIMEOUT,7257,0,1.64,24.63,123.17,2.6858,,False,False
EXEC-002623,2025-11-06 01:00:00,SCORING_ENGINE,RANGE_CHECK,CHECK_128,ON_DEMAND,SKIPPED,34912,0,9.71,20.55,224.71,3.4938,,False,False
EXEC-002624,2025-10-23 14:00:00,CRM_CLIENTS,CONSISTENCY_CHECK,CHECK_975,HOURLY,SUCCESS,88334,9,38.4,19.8,115.12,0.997,0.5198736875781098,False,False
EXEC-002625,2026-01-31 17:00:00,SCORING_ENGINE,DUPLICATE_CHECK,CHECK_262,WEEKLY,SUCCESS,1503,0,45.98,9.66,86.27,4.9266,1.2415132922376926,False,False
EXEC-002626,2025-12-07 10:00:00,CRM_CLIENTS,FORMAT_CHECK,CHECK_657,ON_DEMAND,FAILED,6657,24,10.35,42.78,359.94,3.7639,11.657688232281645,True,True
EXEC-002627,2026-03-03 09:00:00,FRAUD_DETECTION,CONSISTENCY_CHECK,CHECK_708,DAILY,SUCCESS,87087,34,6.23,21.11,436.89,0.6764,0.2235921434045499,False,False
EXEC-002628,2026-02-15 16:00:00,PAYMENT_SYSTEM,CONSISTENCY_CHECK,CHECK_531,ON_DEMAND,SUCCESS,71714,53,2.84,37.68,697.89,2.1338,0.29413688416651396,False,False
EXEC-002629,2025-09-29 23:00:00,MOBILE_APP,COMPLETENESS_CHECK,CHECK_884,DAILY,SUCCESS,4792,3,2.3,18.01,328.42,2.295,0.8593157512748879,False,False
EXEC-002630,2026-02-01 20:00:00,MOBILE_APP,ACCURACY_CHECK,CHECK_765,ON_DEMAND,SUCCESS,12539,10,10.64,38.09,3790.75,2.7679,2.0782423706174717,False,False
EXEC-002631,2026-01-28 15:00:00,PAYMENT_SYSTEM,RANGE_CHECK,CHECK_487,WEEKLY,SUCCESS,2033,0,6.08,29.19,470.94,0.3565,0.2953337809429961,False,False
EXEC-002632,2026-01-14 21:00:00,INTERNET_BANK,ACCURACY_CHECK,CHECK_519,WEEKLY,SUCCESS,6274,3372,5.47,34.97,339.71,0.7833,0.6209206714854335,False,False
EXEC-002633,2025-11-10 09:00:00,CRM_CLIENTS,FORMAT_CHECK,CHECK_104,HOURLY,SUCCESS,5889,3,42.56,17.37,167.05,4.2144,0.6149259705328133,False,False
EXEC-002634,2025-11-22 21:00:00,MOBILE_APP,CONSISTENCY_CHECK,CHECK_451,HOURLY,SUCCESS,99,2252,11.46,38.96,28.95,1.4278,0.9573767094562262,False,False
EXEC-002635,2025-12-10 04:00:00,PAYMENT_SYSTEM,SCHEMA_VALIDATION,CHECK_355,DAILY,SUCCESS,9503,6287,89.17,43.15,4652.79,4.9016,1.4815730542790417,False,False
EXEC-002636,2025-10-27 18:00:00,CRM_CLIENTS,ACCURACY_CHECK,CHECK_402,WEEKLY,SUCCESS,20645,797,34.42,45.99,289.12,0.8776,0.422603299486123,False,False
EXEC-002637,2026-02-15 00:00:00,SCORING_ENGINE,DUPLICATE_CHECK,CHECK_281,HOURLY,SUCCESS,14889,179,1.97,33.65,604.25,0.4463,0.30073339997310106,False,False
EXEC-002638,2025-10-28 22:00:00,SCORING_ENGINE,FORMAT_CHECK,CHECK_633,DAILY,SUCCESS,3688,107,0.59,22.74,2054.64,0.0294,0.005769419995143318,False,False
EXEC-002639,2025-09-11 11:00:00,LOAN_REGISTRY,SCHEMA_VALIDATION,CHECK_184,WEEKLY,FAILED,26520,4,19.85,8.41,111.09,3.4982,5.841163725772781,True,True
EXEC-002640,2025-11-05 09:00:00,LOAN_REGISTRY,FORMAT_CHECK,CHECK_486,WEEKLY,SUCCESS,6004,6,20.23,0.57,406.59,3.5346,1.5661821678003787,False,False
EXEC-002641,2026-03-09 11:00:00,SCORING_ENGINE,REFERENTIAL_INTEGRITY,CHECK_926,ON_DEMAND,SUCCESS,21326,29,5.2,32.55,1733.72,0.0445,0.025698857351465064,False,False
EXEC-002642,2026-03-03 22:00:00,CREDIT_BUREAU,FORMAT_CHECK,CHECK_361,DAILY,SUCCESS,409,38331,21.65,43.89,313.91,2.8373,1.9722012066066132,False,False
EXEC-002643,2026-01-08 12:00:00,SCORING_ENGINE,DUPLICATE_CHECK,CHECK_362,WEEKLY,FAILED,21120,635,0.29,39.86,450.9,4.616,14.807588986768899,True,True
EXEC-002644,2025-10-28 22:00:00,SCORING_ENGINE,FRESHNESS_CHECK,CHECK_170,ON_DEMAND,SUCCESS,4722,4286,0.19,10.88,288.37,0.8286,0.41523369768701474,False,False
EXEC-002645,2025-09-25 20:00:00,LOAN_REGISTRY,ACCURACY_CHECK,CHECK_936,ON_DEMAND,SUCCESS,1076,124,0.87,57.93,461.97,1.5003,0.6809831615584319,False,False
EXEC-002646,2026-02-10 01:00:00,FRAUD_DETECTION,REFERENTIAL_INTEGRITY,CHECK_821,WEEKLY,SUCCESS,111740,13987,77.02,8.68,161.27,0.0306,0.005988855322722418,False,False
EXEC-002647,2025-12-30 16:00:00,PAYMENT_SYSTEM,RANGE_CHECK,CHECK_799,WEEKLY,SUCCESS,13766,83,17.09,27.21,304.05,4.9046,2.8685692354251207,False,False
EXEC-002648,2025-09-05 07:00:00,PAYMENT_SYSTEM,RANGE_CHECK,CHECK_522,WEEKLY,FAILED,7949,163,8.39,52.52,348.08,1.0557,4.749573629710379,True,True
EXEC-002649,2026-03-05 07:00:00,CREDIT_BUREAU,NULL_CHECK,CHECK_178,WEEKLY,SUCCESS,3024,392,17.43,2.41,104.53,0.2638,0.03540902544148953,False,False
EXEC-002650,2025-09-21 17:00:00,INTERNET_BANK,ACCURACY_CHECK,CHECK_135,HOURLY,SKIPPED,6514,0,0.69,32.72,986.6,2.1249,,False,False
EXEC-002651,2025-09-23 23:00:00,MOBILE_APP,ACCURACY_CHECK,CHECK_207,HOURLY,SUCCESS,14096,0,6.69,35.14,195.65,0.2268,0.04050864094740933,False,False
EXEC-002652,2026-01-11 02:00:00,INTERNET_BANK,NULL_CHECK,CHECK_738,ON_DEMAND,SUCCESS,756256,280,6.42,42.36,507.08,0.9492,0.463951153310369,False,False
EXEC-002653,2025-11-24 06:00:00,LOAN_REGISTRY,FORMAT_CHECK,CHECK_813,HOURLY,SUCCESS,30103,7500,20.36,11.28,243.34,1.6803,1.4459059031602095,False,False
EXEC-002654,2025-09-15 05:00:00,CREDIT_BUREAU,CONSISTENCY_CHECK,CHECK_572,ON_DEMAND,SUCCESS,457,10,76.51,17.27,42.94,2.1831,0.34401769042701735,False,False
EXEC-002655,2025-11-27 00:00:00,PAYMENT_SYSTEM,NULL_CHECK,CHECK_431,WEEKLY,SUCCESS,11081,48,8.7,36.27,636.61,1.9457,1.1543753596989057,False,False
EXEC-002656,2025-12-22 06:00:00,CRM_CLIENTS,REFERENTIAL_INTEGRITY,CHECK_749,ON_DEMAND,SUCCESS,4563,594,3.63,63.24,1107.22,1.5918,0.27838578618599286,False,False
EXEC-002657,2025-11-06 08:00:00,LOAN_REGISTRY,FORMAT_CHECK,CHECK_309,DAILY,SUCCESS,3735,6,1.39,53.93,1151.26,1.8353,1.540390213106233,False,False
EXEC-002658,2025-09-12 07:00:00,SCORING_ENGINE,FORMAT_CHECK,CHECK_442,DAILY,SUCCESS,1509,2,6.92,12.95,916.29,3.732,2.6755400890196928,False,False
EXEC-002659,2026-01-10 23:00:00,FRAUD_DETECTION,NULL_CHECK,CHECK_648,DAILY,SUCCESS,11860,7130,82.4,35.02,381.16,4.9356,2.6488310367715884,False,False
EXEC-002660,2025-11-18 08:00:00,MOBILE_APP,SCHEMA_VALIDATION,CHECK_993,ON_DEMAND,SUCCESS,36744,11,12.67,14.19,3312.32,0.8466,0.6616053759192222,False,False
EXEC-002661,2025-12-20 22:00:00,CRM_CLIENTS,DUPLICATE_CHECK,CHECK_937,DAILY,FAILED,1106,468,4.42,42.44,432.92,3.5905,7.320197522430321,True,False
EXEC-002662,2026-03-06 03:00:00,CRM_CLIENTS,COMPLETENESS_CHECK,CHECK_750,HOURLY,SUCCESS,18117,0,1.49,41.16,648.49,3.6212,1.9733539822820696,False,False
EXEC-002663,2026-02-19 16:00:00,LOAN_REGISTRY,COMPLETENESS_CHECK,CHECK_406,ON_DEMAND,TIMEOUT,42075,0,177.39,24.65,1630.23,3.4345,,False,False
EXEC-002664,2025-10-20 10:00:00,SCORING_ENGINE,CONSISTENCY_CHECK,CHECK_519,HOURLY,FAILED,32676,495,3.15,46.67,314.34,2.3559,5.687507063080725,True,True
EXEC-002665,2025-12-01 01:00:00,SCORING_ENGINE,SCHEMA_VALIDATION,CHECK_948,ON_DEMAND,SUCCESS,10221,8,16.47,50.43,334.88,0.0668,0.056267346013986724,False,False
EXEC-002666,2025-11-18 07:00:00,CRM_CLIENTS,NULL_CHECK,CHECK_371,HOURLY,SUCCESS,19427,666,160.9,35.87,290.25,1.2937,0.22564450904706088,False,False
EXEC-002667,2025-12-22 23:00:00,MOBILE_APP,NULL_CHECK,CHECK_143,WEEKLY,SUCCESS,13079,68171,7.51,23.79,261.48,0.3434,0.17731993758316736,False,False
EXEC-002668,2025-11-18 08:00:00,MOBILE_APP,ACCURACY_CHECK,CHECK_482,WEEKLY,FAILED,16352,7929,3.07,35.58,966.25,3.1813,13.756935576729157,True,False
EXEC-002669,2025-12-14 07:00:00,MOBILE_APP,RANGE_CHECK,CHECK_227,WEEKLY,SUCCESS,810,185,4.51,22.52,250.34,3.8426,1.130153261751861,False,False
EXEC-002670,2025-09-05 00:00:00,SCORING_ENGINE,FRESHNESS_CHECK,CHECK_138,WEEKLY,SUCCESS,3747,0,90.8,14.37,164.64,1.7488,1.238974841843666,False,False
EXEC-002671,2025-09-13 04:00:00,CREDIT_BUREAU,REFERENTIAL_INTEGRITY,CHECK_293,WEEKLY,SUCCESS,264,11028,0.33,18.93,285.45,2.0543,1.071944743668255,False,False
EXEC-002672,2025-10-06 10:00:00,CREDIT_BUREAU,FRESHNESS_CHECK,CHECK_785,WEEKLY,SUCCESS,24812,9323,49.0,7.1,583.24,1.6759,0.3810970375126032,False,False
EXEC-002673,2026-02-23 16:00:00,SCORING_ENGINE,CONSISTENCY_CHECK,CHECK_673,DAILY,SUCCESS,18150,8718,4.42,35.3,108.9,3.0608,1.8932426652764538,False,False
EXEC-002674,2025-09-24 14:00:00,SCORING_ENGINE,REFERENTIAL_INTEGRITY,CHECK_659,ON_DEMAND,SUCCESS,40302,1,83.75,16.75,127.12,0.9086,0.4301010169910329,False,False
EXEC-002675,2026-01-14 06:00:00,PAYMENT_SYSTEM,RANGE_CHECK,CHECK_101,HOURLY,TIMEOUT,355,0,4.11,28.04,83.99,4.9987,,False,False
EXEC-002676,2026-01-29 08:00:00,FRAUD_DETECTION,SCHEMA_VALIDATION,CHECK_238,ON_DEMAND,SUCCESS,24,0,2.73,9.31,295.22,1.1624,0.9015392271618168,False,False
EXEC-002677,2026-02-09 20:00:00,INTERNET_BANK,REFERENTIAL_INTEGRITY,CHECK_602,HOURLY,FAILED,6094,1021,3.56,38.93,44.32,1.5954,6.729599992601817,True,True
EXEC-002678,2026-02-20 10:00:00,CREDIT_BUREAU,RANGE_CHECK,CHECK_319,HOURLY,SUCCESS,23828,783,8.23,19.14,3376.71,3.4081,0.6919928041545964,False,False
EXEC-002679,2025-12-07 19:00:00,INTERNET_BANK,SCHEMA_VALIDATION,CHECK_108,HOURLY,SUCCESS,477,437,0.79,18.49,1959.3,2.7746,2.0092085734187934,False,False
EXEC-002680,2026-02-23 12:00:00,LOAN_REGISTRY,FRESHNESS_CHECK,CHECK_370,HOURLY,SUCCESS,444,842,30.77,10.19,147.52,3.0967,2.5938187437778795,False,False
EXEC-002681,2025-09-23 20:00:00,INTERNET_BANK,DUPLICATE_CHECK,CHECK_246,WEEKLY,SUCCESS,11083,31,11.23,14.86,494.48,4.9555,2.1211343002600693,False,False
EXEC-002682,2026-01-24 01:00:00,LOAN_REGISTRY,ACCURACY_CHECK,CHECK_598,ON_DEMAND,SUCCESS,25580,3,0.95,11.75,396.21,1.1235,0.8196753291745739,False,False
EXEC-002683,2025-12-27 21:00:00,PAYMENT_SYSTEM,REFERENTIAL_INTEGRITY,CHECK_529,WEEKLY,SUCCESS,9931,15,0.15,19.54,530.24,1.6743,0.278604365233746,False,False
EXEC-002684,2025-10-29 19:00:00,PAYMENT_SYSTEM,FORMAT_CHECK,CHECK_313,DAILY,FAILED,110960,485,4.89,16.4,4625.79,1.6072,4.252621977577105,True,False
EXEC-002685,2025-12-05 04:00:00,LOAN_REGISTRY,REFERENTIAL_INTEGRITY,CHECK_532,WEEKLY,SUCCESS,956,4,1.9,4.42,440.9,4.093,3.5956228427594463,False,False
EXEC-002686,2025-11-26 17:00:00,MOBILE_APP,ACCURACY_CHECK,CHECK_237,DAILY,SUCCESS,62050,839,0.95,23.66,446.36,2.1297,0.32069398059495036,False,False
EXEC-002687,2025-11-26 19:00:00,LOAN_REGISTRY,DUPLICATE_CHECK,CHECK_977,HOURLY,SUCCESS,17798,1082,1.86,31.46,64.98,2.8581,1.921001701924333,False,False
EXEC-002688,2026-01-01 16:00:00,SCORING_ENGINE,COMPLETENESS_CHECK,CHECK_621,ON_DEMAND,FAILED,7251,40,32.76,49.18,333.99,0.2328,0.9430380508594387,True,True
EXEC-002689,2025-11-29 07:00:00,PAYMENT_SYSTEM,NULL_CHECK,CHECK_993,HOURLY,SUCCESS,65395,2,0.72,9.64,781.62,3.9913,3.226910040216199,False,False
EXEC-002690,2025-11-29 09:00:00,MOBILE_APP,FRESHNESS_CHECK,CHECK_204,HOURLY,SUCCESS,4525,126,16.14,33.31,108.58,1.3675,0.598958912371707,False,False
EXEC-002691,2026-01-24 22:00:00,PAYMENT_SYSTEM,FRESHNESS_CHECK,CHECK_369,ON_DEMAND,SUCCESS,8709,106,5.76,8.43,445.15,1.435,0.31368996273813043,False,False
EXEC-002692,2025-09-19 06:00:00,CREDIT_BUREAU,FRESHNESS_CHECK,CHECK_748,WEEKLY,SUCCESS,666,32233,3.93,47.31,171.74,2.3836,1.1216977593796074,False,False
EXEC-002693,2026-03-01 11:00:00,INTERNET_BANK,FRESHNESS_CHECK,CHECK_365,DAILY,FAILED,136105,24,13.33,36.39,483.57,0.0645,0.220457521985264,True,True
EXEC-002694,2025-11-11 18:00:00,FRAUD_DETECTION,FORMAT_CHECK,CHECK_792,HOURLY,SUCCESS,2025,813,3.13,28.72,2258.3,0.5474,0.460078269404716,False,False
EXEC-002695,2026-03-02 15:00:00,CRM_CLIENTS,FORMAT_CHECK,CHECK_377,DAILY,SUCCESS,49117,144,6.08,13.63,89.1,3.9676,2.2484807948583314,False,False
EXEC-002696,2026-01-02 10:00:00,FRAUD_DETECTION,DUPLICATE_CHECK,CHECK_564,HOURLY,SUCCESS,2082,252,10.99,65.96,382.94,4.801,1.484668646595939,False,False
EXEC-002697,2025-09-23 12:00:00,MOBILE_APP,ACCURACY_CHECK,CHECK_218,WEEKLY,SUCCESS,3436,14,7.3,38.67,569.3,3.792,0.8144659536368848,False,False
EXEC-002698,2026-02-10 04:00:00,CREDIT_BUREAU,FORMAT_CHECK,CHECK_641,HOURLY,SUCCESS,6218,0,7.44,39.28,477.43,0.0453,0.00542151285952995,False,False
EXEC-002699,2025-11-14 05:00:00,SCORING_ENGINE,CONSISTENCY_CHECK,CHECK_873,WEEKLY,FAILED,5549,208,34.83,28.3,122.79,2.5465,7.200636819087859,True,True
EXEC-002700,2026-02-01 17:00:00,MOBILE_APP,RANGE_CHECK,CHECK_692,WEEKLY,SUCCESS,22085,552,0.65,23.03,1362.34,3.7174,1.9899694311912113,False,False
EXEC-002701,2026-03-08 13:00:00,SCORING_ENGINE,SCHEMA_VALIDATION,CHECK_335,HOURLY,SUCCESS,33384,0,4.48,28.37,87.51,2.9053,2.3381433211258393,False,False
EXEC-002702,2025-10-07 13:00:00,SCORING_ENGINE,SCHEMA_VALIDATION,CHECK_706,WEEKLY,SUCCESS,6247,7,21.38,36.64,111.45,4.2571,3.7026653290823157,False,False
EXEC-002703,2025-09-06 07:00:00,FRAUD_DETECTION,FORMAT_CHECK,CHECK_424,DAILY,SUCCESS,446942,0,224.35,39.82,100.3,0.987,0.1638809442692712,False,False
EXEC-002704,2025-12-19 09:00:00,MOBILE_APP,REFERENTIAL_INTEGRITY,CHECK_913,ON_DEMAND,SUCCESS,4858,922,8.81,29.17,2293.96,4.7538,1.1177173359356105,False,False
EXEC-002705,2025-11-22 05:00:00,MOBILE_APP,REFERENTIAL_INTEGRITY,CHECK_316,ON_DEMAND,SUCCESS,75269,1196,5.95,63.1,438.33,4.3095,0.5462957207647746,False,False
EXEC-002706,2025-10-13 02:00:00,CRM_CLIENTS,NULL_CHECK,CHECK_122,WEEKLY,SUCCESS,8370,31,1.15,54.54,3611.05,4.5813,3.347603888881388,False,False
EXEC-002707,2025-10-21 04:00:00,CRM_CLIENTS,FRESHNESS_CHECK,CHECK_689,DAILY,FAILED,2474,9,1.92,31.68,2554.6,0.6956,1.1028464427680207,True,True
EXEC-002708,2026-03-03 04:00:00,SCORING_ENGINE,COMPLETENESS_CHECK,CHECK_521,WEEKLY,SUCCESS,3409,43,11.76,12.36,2459.12,2.6345,1.0006608930168737,False,False
EXEC-002709,2026-02-03 19:00:00,SCORING_ENGINE,FRESHNESS_CHECK,CHECK_688,WEEKLY,SUCCESS,28644,72,35.33,29.67,1743.49,1.4972,0.5273384146442491,False,False
EXEC-002710,2026-02-19 11:00:00,CRM_CLIENTS,NULL_CHECK,CHECK_916,ON_DEMAND,SUCCESS,90553,27,12.2,41.92,438.42,2.9788,1.288542707074616,False,False
EXEC-002711,2026-02-22 22:00:00,CRM_CLIENTS,CONSISTENCY_CHECK,CHECK_145,WEEKLY,FAILED,185229,2637,79.81,17.1,340.22,3.1567,9.679692416169695,True,True
EXEC-002712,2025-11-27 04:00:00,PAYMENT_SYSTEM,SCHEMA_VALIDATION,CHECK_528,WEEKLY,SUCCESS,82202,22,0.45,33.6,821.74,1.4346,0.5040986745171478,False,False
EXEC-002713,2026-03-03 22:00:00,MOBILE_APP,DUPLICATE_CHECK,CHECK_607,HOURLY,SUCCESS,2671,2,116.16,10.18,1649.45,2.9201,1.9380938644987993,False,False
EXEC-002714,2026-01-10 18:00:00,LOAN_REGISTRY,SCHEMA_VALIDATION,CHECK_511,ON_DEMAND,FAILED,453,4,55.28,20.04,481.48,4.3229,12.876328829950646,True,True
EXEC-002715,2026-03-13 20:00:00,FRAUD_DETECTION,NULL_CHECK,CHECK_366,WEEKLY,FAILED,27237,60,0.34,39.89,1634.52,4.5416,7.951281387755778,True,True
EXEC-002716,2026-01-24 06:00:00,FRAUD_DETECTION,COMPLETENESS_CHECK,CHECK_811,ON_DEMAND,SUCCESS,2862,13,12.45,25.09,3119.02,3.1433,1.5795229875308001,False,False
EXEC-002717,2026-02-28 02:00:00,CREDIT_BUREAU,RANGE_CHECK,CHECK_874,WEEKLY,SUCCESS,16582,282,4.5,56.34,469.26,3.0104,1.805098138546782,False,False
EXEC-002718,2026-02-23 14:00:00,LOAN_REGISTRY,FORMAT_CHECK,CHECK_981,WEEKLY,SUCCESS,391823,0,1.05,18.38,1094.1,3.2119,1.2917458119449325,False,False
EXEC-002719,2025-10-23 21:00:00,LOAN_REGISTRY,NULL_CHECK,CHECK_775,DAILY,SUCCESS,875,1935,7.25,20.36,134.53,2.6371,0.8391594216963374,False,False
EXEC-002720,2025-09-21 19:00:00,PAYMENT_SYSTEM,ACCURACY_CHECK,CHECK_980,HOURLY,TIMEOUT,14536,0,16.81,48.55,342.44,2.5325,,False,False
EXEC-002721,2025-12-14 11:00:00,CRM_CLIENTS,COMPLETENESS_CHECK,CHECK_721,DAILY,SUCCESS,811,261,64.75,21.53,149.94,1.8448,0.23252540389379858,False,False
EXEC-002722,2025-12-17 08:00:00,CRM_CLIENTS,COMPLETENESS_CHECK,CHECK_741,HOURLY,TIMEOUT,215932,0,1.17,41.9,124.03,1.9862,,False,False
EXEC-002723,2026-02-12 06:00:00,INTERNET_BANK,COMPLETENESS_CHECK,CHECK_808,HOURLY,FAILED,3171,0,1.78,23.22,1372.05,0.8561,1.6656437674670443,True,True
EXEC-002724,2025-10-16 08:00:00,PAYMENT_SYSTEM,REFERENTIAL_INTEGRITY,CHECK_103,DAILY,SUCCESS,5697,37,231.37,36.55,89.67,0.2946,0.08913331624584561,False,False
EXEC-002725,2026-02-11 14:00:00,CRM_CLIENTS,REFERENTIAL_INTEGRITY,CHECK_683,DAILY,SUCCESS,62912,322,85.36,37.76,56.19,3.0701,0.6279629070754504,False,False
EXEC-002726,2025-10-06 17:00:00,PAYMENT_SYSTEM,COMPLETENESS_CHECK,CHECK_277,ON_DEMAND,SUCCESS,373283,42,31.46,26.86,1956.17,1.9799,0.920494349710654,False,False
EXEC-002727,2025-12-03 14:00:00,SCORING_ENGINE,CONSISTENCY_CHECK,CHECK_277,DAILY,SUCCESS,7190,7502,2.73,9.85,261.82,2.4663,1.2218052115139548,False,False
EXEC-002728,2026-02-01 09:00:00,PAYMENT_SYSTEM,COMPLETENESS_CHECK,CHECK_617,WEEKLY,SUCCESS,149965,3792,41.55,18.4,865.11,3.0747,0.3868068528954712,False,False
EXEC-002729,2025-10-17 22:00:00,SCORING_ENGINE,DUPLICATE_CHECK,CHECK_649,HOURLY,SUCCESS,15878,60,14.75,5.78,306.61,2.7228,2.3127809786933873,False,False
EXEC-002730,2025-11-26 15:00:00,SCORING_ENGINE,DUPLICATE_CHECK,CHECK_881,ON_DEMAND,SUCCESS,10479,468,0.49,15.09,438.53,2.1274,1.654694815849137,False,False
EXEC-002731,2026-01-07 15:00:00,INTERNET_BANK,CONSISTENCY_CHECK,CHECK_978,DAILY,SUCCESS,1829,4,2.12,67.9,139.28,3.7939,2.2689053845733373,False,False
EXEC-002732,2025-11-19 09:00:00,SCORING_ENGINE,RANGE_CHECK,CHECK_384,ON_DEMAND,SUCCESS,55,3815,9.66,31.06,713.23,1.0664,0.8854069461469272,False,False
EXEC-002733,2025-09-13 10:00:00,INTERNET_BANK,DUPLICATE_CHECK,CHECK_728,HOURLY,SUCCESS,4688269,4,2.3,44.92,249.19,0.4005,0.27569589924249943,False,False
EXEC-002734,2025-10-01 13:00:00,CREDIT_BUREAU,FRESHNESS_CHECK,CHECK_621,DAILY,SUCCESS,17515,211,16.15,22.01,352.07,3.7497,0.6497669740603768,False,False
EXEC-002735,2026-03-04 11:00:00,INTERNET_BANK,FORMAT_CHECK,CHECK_565,WEEKLY,SKIPPED,1585,0,2.56,20.1,1056.94,0.6966,,False,False
EXEC-002736,2026-01-09 03:00:00,LOAN_REGISTRY,ACCURACY_CHECK,CHECK_883,DAILY,SUCCESS,1789,31,16.76,9.41,245.01,4.8513,1.2308460988650551,False,False
EXEC-002737,2025-11-26 05:00:00,MOBILE_APP,CONSISTENCY_CHECK,CHECK_376,WEEKLY,SUCCESS,60361,23,1.44,25.95,349.18,1.5148,0.35499753270228496,False,False
EXEC-002738,2025-10-30 17:00:00,MOBILE_APP,ACCURACY_CHECK,CHECK_992,WEEKLY,FAILED,4352,109,1.17,19.12,1246.96,2.8088,8.500652791482397,True,True
EXEC-002739,2025-12-01 09:00:00,LOAN_REGISTRY,FORMAT_CHECK,CHECK_427,DAILY,SUCCESS,2384,51,6.18,15.5,470.36,2.5776,0.39340405273791845,False,False
EXEC-002740,2025-10-16 02:00:00,CREDIT_BUREAU,COMPLETENESS_CHECK,CHECK_872,HOURLY,SUCCESS,50494,19,9.07,33.06,297.58,2.08,0.388552542722653,False,False
EXEC-002741,2025-11-09 12:00:00,CRM_CLIENTS,COMPLETENESS_CHECK,CHECK_459,ON_DEMAND,SUCCESS,6289,9,1.52,23.81,1005.7,3.0383,2.4470896213252287,False,False
EXEC-002742,2026-03-10 00:00:00,SCORING_ENGINE,SCHEMA_VALIDATION,CHECK_214,HOURLY,SUCCESS,2759,21,113.75,22.84,65.01,4.3976,2.955228056948949,False,False
EXEC-002743,2025-11-17 06:00:00,LOAN_REGISTRY,SCHEMA_VALIDATION,CHECK_976,ON_DEMAND,SUCCESS,5197,65,2.73,6.47,871.65,3.2091,2.8270300066499723,False,False
EXEC-002744,2026-02-01 10:00:00,SCORING_ENGINE,ACCURACY_CHECK,CHECK_823,WEEKLY,SUCCESS,4065,812,16.52,11.39,499.45,0.2095,0.12278924381275338,False,False
EXEC-002745,2025-10-26 13:00:00,CREDIT_BUREAU,RANGE_CHECK,CHECK_342,HOURLY,SKIPPED,512,0,6.98,25.91,743.42,2.2518,,False,False
EXEC-002746,2026-02-25 23:00:00,LOAN_REGISTRY,SCHEMA_VALIDATION,CHECK_951,WEEKLY,SUCCESS,4791,4,12.74,50.33,140.93,0.138,0.049519228471540576,False,False
EXEC-002747,2025-11-20 08:00:00,LOAN_REGISTRY,REFERENTIAL_INTEGRITY,CHECK_951,DAILY,SUCCESS,60703,269,0.38,26.6,385.62,4.3463,1.54101308674111,False,False
EXEC-002748,2025-11-21 07:00:00,FRAUD_DETECTION,FRESHNESS_CHECK,CHECK_885,WEEKLY,SUCCESS,5559,150,33.6,2.66,189.32,4.1933,2.729936321106844,False,False
EXEC-002749,2026-03-13 21:00:00,FRAUD_DETECTION,ACCURACY_CHECK,CHECK_436,ON_DEMAND,FAILED,3926,7,48.25,23.72,237.43,2.3521,3.654943278808452,True,True
EXEC-002750,2025-10-06 05:00:00,SCORING_ENGINE,COMPLETENESS_CHECK,CHECK_650,HOURLY,FAILED,102224,1935,10.33,22.17,316.26,4.9046,23.29400431368554,True,True
EXEC-002751,2025-10-22 12:00:00,LOAN_REGISTRY,FRESHNESS_CHECK,CHECK_866,HOURLY,SUCCESS,766,22,26.12,17.98,1261.88,3.583,0.8032221436682332,False,False
EXEC-002752,2025-10-09 11:00:00,MOBILE_APP,FORMAT_CHECK,CHECK_564,HOURLY,FAILED,7510,306,16.67,24.13,184.22,1.502,5.992937004431014,True,False
EXEC-002753,2026-03-07 15:00:00,FRAUD_DETECTION,FORMAT_CHECK,CHECK_239,DAILY,SUCCESS,32008,81,10.55,47.07,1787.24,0.0893,0.033028022511514994,False,False
EXEC-002754,2026-02-18 15:00:00,CRM_CLIENTS,RANGE_CHECK,CHECK_966,ON_DEMAND,SUCCESS,2823,847,1.05,20.49,334.21,3.6885,2.2647876172776735,False,False
EXEC-002755,2025-09-11 06:00:00,SCORING_ENGINE,NULL_CHECK,CHECK_602,HOURLY,SKIPPED,6199,0,1.74,10.08,555.59,0.9589,,False,False
EXEC-002756,2026-01-12 18:00:00,INTERNET_BANK,FRESHNESS_CHECK,CHECK_226,DAILY,SUCCESS,6708,19,4.94,36.93,790.36,4.8867,4.198508126656282,False,False
EXEC-002757,2025-10-24 15:00:00,MOBILE_APP,ACCURACY_CHECK,CHECK_564,WEEKLY,FAILED,69976,18293,4.05,70.24,210.7,2.9594,14.729380833059006,True,True
EXEC-002758,2026-03-13 09:00:00,LOAN_REGISTRY,REFERENTIAL_INTEGRITY,CHECK_372,DAILY,FAILED,1457,6147,12.43,21.13,932.41,1.849,4.118637314349753,True,True
EXEC-002759,2025-11-11 17:00:00,MOBILE_APP,SCHEMA_VALIDATION,CHECK_301,DAILY,SUCCESS,696,0,13.87,54.65,200.86,0.5695,0.36939200645744796,False,False
EXEC-002760,2025-10-29 20:00:00,LOAN_REGISTRY,SCHEMA_VALIDATION,CHECK_121,ON_DEMAND,SUCCESS,3507,239,15.92,19.54,572.92,3.4587,1.573116370907018,False,False
EXEC-002761,2026-02-24 11:00:00,MOBILE_APP,CONSISTENCY_CHECK,CHECK_757,ON_DEMAND,SUCCESS,9211,18,16.93,43.94,102.64,0.564,0.1445234555324982,False,False
EXEC-002762,2026-02-23 16:00:00,FRAUD_DETECTION,REFERENTIAL_INTEGRITY,CHECK_535,ON_DEMAND,SUCCESS,53452,8,67.97,39.37,224.72,2.2506,1.9912158767642762,False,False
EXEC-002763,2025-09-17 20:00:00,CRM_CLIENTS,CONSISTENCY_CHECK,CHECK_925,DAILY,FAILED,1235,1,23.22,37.3,304.43,4.6699,11.554838757201153,True,True
EXEC-002764,2026-03-10 03:00:00,SCORING_ENGINE,NULL_CHECK,CHECK_666,WEEKLY,SUCCESS,677134,1577,72.73,12.3,480.19,4.0051,1.4243707859765624,False,False
EXEC-002765,2025-11-12 09:00:00,SCORING_ENGINE,CONSISTENCY_CHECK,CHECK_673,ON_DEMAND,SKIPPED,363,0,3.42,21.7,115.0,3.5274,,False,False
EXEC-002766,2025-10-28 06:00:00,FRAUD_DETECTION,COMPLETENESS_CHECK,CHECK_222,WEEKLY,SUCCESS,176,0,1.83,10.58,719.12,0.9522,0.5214317406697727,False,False
EXEC-002767,2025-10-20 17:00:00,PAYMENT_SYSTEM,REFERENTIAL_INTEGRITY,CHECK_907,WEEKLY,SUCCESS,885,1748,2.19,46.76,189.64,2.6139,1.005998109738712,False,False
EXEC-002768,2025-10-12 08:00:00,INTERNET_BANK,NULL_CHECK,CHECK_208,DAILY,SUCCESS,681,18,0.5,40.6,158.08,4.8678,1.1024527716315595,False,False
EXEC-002769,2025-09-16 06:00:00,MOBILE_APP,REFERENTIAL_INTEGRITY,CHECK_875,DAILY,SUCCESS,5145,109,1.47,21.81,233.87,2.8633,1.7885878244182927,False,False
EXEC-002770,2025-10-10 22:00:00,CRM_CLIENTS,SCHEMA_VALIDATION,CHECK_492,DAILY,SUCCESS,4380,129,11.59,27.71,306.32,0.4122,0.34773897549546157,False,False
EXEC-002771,2025-09-06 02:00:00,CRM_CLIENTS,DUPLICATE_CHECK,CHECK_959,HOURLY,SUCCESS,43888,62,3.17,26.24,239.38,2.6107,0.7753896138211631,False,False
EXEC-002772,2025-11-03 04:00:00,SCORING_ENGINE,NULL_CHECK,CHECK_952,ON_DEMAND,SUCCESS,123544,704,7.6,21.12,276.3,0.9192,0.44383440278403025,False,False
EXEC-002773,2025-11-18 12:00:00,MOBILE_APP,REFERENTIAL_INTEGRITY,CHECK_940,HOURLY,TIMEOUT,11916,0,12.95,23.1,5592.7,0.2717,,False,False
EXEC-002774,2025-10-30 23:00:00,PAYMENT_SYSTEM,SCHEMA_VALIDATION,CHECK_377,WEEKLY,FAILED,530,4,0.53,26.19,105.89,4.5331,10.247097733845528,True,True
EXEC-002775,2025-09-01 17:00:00,LOAN_REGISTRY,COMPLETENESS_CHECK,CHECK_894,ON_DEMAND,SUCCESS,24711,10,2.35,18.62,759.61,2.9928,2.1988934704152756,False,False
EXEC-002776,2025-09-06 13:00:00,LOAN_REGISTRY,RANGE_CHECK,CHECK_838,WEEKLY,SUCCESS,10364,582,155.03,19.8,32.12,0.8028,0.14485412494368255,False,False
EXEC-002777,2025-09-22 12:00:00,PAYMENT_SYSTEM,REFERENTIAL_INTEGRITY,CHECK_884,ON_DEMAND,SUCCESS,41887,2,17.47,9.56,1472.53,1.0077,0.7148688019181687,False,False
EXEC-002778,2026-02-26 04:00:00,CREDIT_BUREAU,ACCURACY_CHECK,CHECK_948,DAILY,SUCCESS,17774,2963,199.87,22.19,181.29,0.8218,0.5756470667673889,False,False
EXEC-002779,2026-01-10 17:00:00,FRAUD_DETECTION,ACCURACY_CHECK,CHECK_135,HOURLY,SUCCESS,21704,1898,2.7,36.48,992.48,3.4839,2.296061208952807,False,False
EXEC-002780,2026-02-05 11:00:00,LOAN_REGISTRY,RANGE_CHECK,CHECK_307,ON_DEMAND,SUCCESS,30019,73,1.35,24.65,532.62,3.3016,2.062034146870309,False,False
EXEC-002781,2026-01-27 03:00:00,SCORING_ENGINE,CONSISTENCY_CHECK,CHECK_412,HOURLY,SUCCESS,47800,12,1.63,6.29,154.55,0.4955,0.0527571071152734,False,False
EXEC-002782,2026-01-08 12:00:00,FRAUD_DETECTION,DUPLICATE_CHECK,CHECK_313,HOURLY,SUCCESS,4343,3,0.27,53.19,728.55,2.3505,1.7791079815819562,False,False
EXEC-002783,2025-10-10 02:00:00,CRM_CLIENTS,FORMAT_CHECK,CHECK_704,HOURLY,TIMEOUT,40936,0,5.55,10.93,192.75,1.3468,,False,False
EXEC-002784,2025-09-16 11:00:00,CREDIT_BUREAU,NULL_CHECK,CHECK_615,HOURLY,SUCCESS,50319,8,1.32,27.77,791.47,0.7853,0.3735259221858957,False,False
EXEC-002785,2025-09-11 04:00:00,FRAUD_DETECTION,NULL_CHECK,CHECK_878,ON_DEMAND,SUCCESS,1401,258,15.88,19.14,2171.92,2.1133,1.5473155412373274,False,False
EXEC-002786,2026-02-21 08:00:00,FRAUD_DETECTION,CONSISTENCY_CHECK,CHECK_635,ON_DEMAND,SUCCESS,19684,12548,3.53,9.39,95.67,2.729,0.43929378267453373,False,False
EXEC-002787,2026-03-10 12:00:00,SCORING_ENGINE,CONSISTENCY_CHECK,CHECK_166,ON_DEMAND,SUCCESS,2849,5,3.08,6.59,151.63,0.0871,0.024053827836140663,False,False
EXEC-002788,2026-02-12 03:00:00,INTERNET_BANK,REFERENTIAL_INTEGRITY,CHECK_619,DAILY,SKIPPED,18036,0,1.34,36.16,480.05,2.2772,,False,False
EXEC-002789,2026-01-10 20:00:00,FRAUD_DETECTION,NULL_CHECK,CHECK_605,ON_DEMAND,SUCCESS,12878,368,2.86,10.92,176.81,2.9179,1.5076894543931072,False,False
EXEC-002790,2025-10-12 12:00:00,CRM_CLIENTS,SCHEMA_VALIDATION,CHECK_310,WEEKLY,SUCCESS,430,1,0.4,0.59,539.24,3.0989,0.9158672769636441,False,False
EXEC-002791,2025-09-04 19:00:00,SCORING_ENGINE,DUPLICATE_CHECK,CHECK_661,DAILY,SUCCESS,5318,11,11.9,9.38,325.74,1.1082,0.5512855652872979,False,False
EXEC-002792,2026-03-06 23:00:00,FRAUD_DETECTION,ACCURACY_CHECK,CHECK_581,HOURLY,SUCCESS,2272,5,3.49,12.56,822.98,0.6507,0.2697881209361447,False,False
EXEC-002793,2025-09-29 12:00:00,LOAN_REGISTRY,FRESHNESS_CHECK,CHECK_553,ON_DEMAND,FAILED,12684,2,8.59,29.56,193.96,4.6671,20.7113428787734,True,True
EXEC-002794,2025-12-10 20:00:00,INTERNET_BANK,COMPLETENESS_CHECK,CHECK_767,WEEKLY,SUCCESS,5622,1669,4.92,66.42,1170.26,4.5223,0.9241461034965315,False,False
EXEC-002795,2025-11-04 15:00:00,MOBILE_APP,COMPLETENESS_CHECK,CHECK_865,HOURLY,SUCCESS,43422,9,44.04,41.26,243.13,1.0932,0.1614730374312457,False,False
EXEC-002796,2026-01-06 04:00:00,SCORING_ENGINE,NULL_CHECK,CHECK_467,ON_DEMAND,FAILED,622,179,8.06,1.8,899.34,3.6394,9.62772085144526,True,True
EXEC-002797,2026-01-09 23:00:00,LOAN_REGISTRY,RANGE_CHECK,CHECK_624,WEEKLY,SUCCESS,2222,26,1.83,18.68,2886.03,2.6505,1.141660455277832,False,False
EXEC-002798,2025-10-02 17:00:00,SCORING_ENGINE,FORMAT_CHECK,CHECK_327,HOURLY,SUCCESS,18691,14197,0.83,51.85,235.2,3.7263,1.402591493706772,False,False
EXEC-002799,2025-12-08 13:00:00,CREDIT_BUREAU,FRESHNESS_CHECK,CHECK_849,ON_DEMAND,SUCCESS,11590,0,1.79,18.09,773.6,3.9522,1.9004735924886142,False,False
EXEC-002800,2025-09-22 01:00:00,LOAN_REGISTRY,FORMAT_CHECK,CHECK_339,DAILY,FAILED,732,1498,2.17,29.16,706.33,2.3147,3.8315232133926544,True,True
EXEC-002801,2025-11-20 07:00:00,CREDIT_BUREAU,COMPLETENESS_CHECK,CHECK_319,HOURLY,FAILED,315,575,0.26,66.82,562.85,4.5996,12.689158581852286,True,True
EXEC-002802,2026-03-08 18:00:00,CRM_CLIENTS,CONSISTENCY_CHECK,CHECK_514,WEEKLY,SUCCESS,52533,1,12.79,55.58,198.34,2.6651,0.9268719318798835,False,False
EXEC-002803,2025-12-08 18:00:00,MOBILE_APP,FORMAT_CHECK,CHECK_390,WEEKLY,SUCCESS,173,10,33.13,19.34,71.7,0.602,0.38202681231320834,False,False
EXEC-002804,2025-12-18 23:00:00,MOBILE_APP,NULL_CHECK,CHECK_879,ON_DEMAND,FAILED,5699,0,12.99,3.49,80.06,3.7979,11.357114579476727,True,True
EXEC-002805,2025-11-23 06:00:00,SCORING_ENGINE,COMPLETENESS_CHECK,CHECK_586,WEEKLY,SUCCESS,4308,4,0.59,38.64,136.85,4.0062,3.1855599525857876,False,False
EXEC-002806,2025-09-30 00:00:00,SCORING_ENGINE,COMPLETENESS_CHECK,CHECK_560,HOURLY,SUCCESS,14686,0,2.89,28.96,1012.59,4.4893,2.861089441109699,False,False
EXEC-002807,2026-02-22 04:00:00,LOAN_REGISTRY,ACCURACY_CHECK,CHECK_114,HOURLY,SUCCESS,9221,54,98.6,33.96,216.21,4.5724,3.878681379956227,False,False
EXEC-002808,2025-09-17 04:00:00,INTERNET_BANK,FRESHNESS_CHECK,CHECK_949,DAILY,SUCCESS,171,34,5.78,36.92,487.65,3.1507,1.8684939336372473,False,False
EXEC-002809,2026-02-12 17:00:00,CREDIT_BUREAU,COMPLETENESS_CHECK,CHECK_357,HOURLY,SUCCESS,37227,708082,2.2,37.0,127.43,0.6316,0.11879494577329636,False,False
EXEC-002810,2025-12-04 07:00:00,SCORING_ENGINE,NULL_CHECK,CHECK_196,ON_DEMAND,SUCCESS,3490,2956,11.98,10.26,564.28,2.5924,0.7136117531679194,False,False
EXEC-002811,2026-01-22 17:00:00,LOAN_REGISTRY,NULL_CHECK,CHECK_338,HOURLY,SUCCESS,8759,0,2.94,7.01,185.39,2.0832,1.6032630902873317,False,False
EXEC-002812,2026-03-07 20:00:00,FRAUD_DETECTION,FRESHNESS_CHECK,CHECK_834,WEEKLY,SUCCESS,8962,8,1.42,26.34,288.44,3.9883,1.6610197980788284,False,False
EXEC-002813,2025-10-18 04:00:00,SCORING_ENGINE,FRESHNESS_CHECK,CHECK_108,ON_DEMAND,SUCCESS,5697,2,83.16,30.49,213.96,1.1176,0.36726545860221627,False,False
EXEC-002814,2025-11-06 13:00:00,PAYMENT_SYSTEM,FORMAT_CHECK,CHECK_719,ON_DEMAND,SUCCESS,56624,328,24.91,43.45,284.0,0.7118,0.1775755875876816,False,False
EXEC-002815,2025-12-17 11:00:00,CREDIT_BUREAU,CONSISTENCY_CHECK,CHECK_112,WEEKLY,TIMEOUT,615793,0,5.46,8.7,163.32,1.8048,,False,False
EXEC-002816,2025-12-15 14:00:00,SCORING_ENGINE,CONSISTENCY_CHECK,CHECK_737,HOURLY,TIMEOUT,28798,0,2.92,27.03,129.84,0.4905,,False,False
EXEC-002817,2026-01-18 11:00:00,PAYMENT_SYSTEM,CONSISTENCY_CHECK,CHECK_215,WEEKLY,SUCCESS,2286,12,7.33,3.55,161.28,1.5346,0.7816240573049215,False,False
EXEC-002818,2025-12-17 23:00:00,INTERNET_BANK,RANGE_CHECK,CHECK_457,HOURLY,SUCCESS,85855,0,8.05,11.33,431.73,3.4871,2.8030823179213744,False,False
EXEC-002819,2025-10-04 08:00:00,PAYMENT_SYSTEM,ACCURACY_CHECK,CHECK_297,HOURLY,TIMEOUT,7809,0,40.41,2.7,123.6,2.9954,,False,False
EXEC-002820,2025-09-12 21:00:00,FRAUD_DETECTION,RANGE_CHECK,CHECK_624,HOURLY,SUCCESS,183019,1403,0.18,39.87,658.74,0.8287,0.6053371532755858,False,False
EXEC-002821,2025-09-02 05:00:00,PAYMENT_SYSTEM,RANGE_CHECK,CHECK_945,HOURLY,SUCCESS,6272,11,13.58,21.64,260.72,2.2642,0.23262050663826936,False,False
EXEC-002822,2025-11-07 18:00:00,LOAN_REGISTRY,SCHEMA_VALIDATION,CHECK_752,HOURLY,SKIPPED,1589,0,10.3,13.47,1008.38,1.2671,,False,False
EXEC-002823,2025-09-06 18:00:00,INTERNET_BANK,REFERENTIAL_INTEGRITY,CHECK_994,HOURLY,SUCCESS,9144,4,28.6,12.46,604.79,2.0821,1.063518657227994,False,False
EXEC-002824,2026-02-04 00:00:00,CREDIT_BUREAU,DUPLICATE_CHECK,CHECK_529,ON_DEMAND,FAILED,2183,820,14.24,18.81,270.09,1.432,4.116324349921351,True,True
EXEC-002825,2026-01-16 23:00:00,LOAN_REGISTRY,CONSISTENCY_CHECK,CHECK_123,WEEKLY,SUCCESS,10846,51,45.84,65.96,966.17,0.2686,0.15395267489149192,False,False
EXEC-002826,2025-11-02 06:00:00,MOBILE_APP,FRESHNESS_CHECK,CHECK_290,ON_DEMAND,SUCCESS,4863,0,6.8,32.12,353.69,3.5568,1.8584622459010283,False,False
EXEC-002827,2025-09-02 04:00:00,SCORING_ENGINE,FORMAT_CHECK,CHECK_658,DAILY,SUCCESS,4339,0,0.13,30.3,321.22,2.9927,2.39296308669873,False,False
EXEC-002828,2026-01-05 07:00:00,CRM_CLIENTS,RANGE_CHECK,CHECK_230,DAILY,SUCCESS,1403,2966,8.88,19.7,788.98,3.388,2.2473370041745357,False,False
EXEC-002829,2025-12-05 05:00:00,FRAUD_DETECTION,REFERENTIAL_INTEGRITY,CHECK_505,WEEKLY,SUCCESS,1121,3,15.16,12.06,368.67,3.5919,3.036373722294848,False,False
EXEC-002830,2025-12-22 10:00:00,MOBILE_APP,NULL_CHECK,CHECK_236,ON_DEMAND,SUCCESS,2099,186603,17.58,18.23,771.73,3.5265,2.2205462808522127,False,False
EXEC-002831,2026-01-08 10:00:00,FRAUD_DETECTION,COMPLETENESS_CHECK,CHECK_457,DAILY,SUCCESS,2352,270,75.77,10.31,376.8,4.6934,3.6417258946103757,False,False
EXEC-002832,2026-01-28 08:00:00,INTERNET_BANK,RANGE_CHECK,CHECK_370,ON_DEMAND,SUCCESS,140767,59027,19.17,29.6,342.08,4.1902,1.136428987972225,False,False
EXEC-002833,2025-09-26 10:00:00,CREDIT_BUREAU,SCHEMA_VALIDATION,CHECK_906,DAILY,FAILED,7016,85,0.82,24.41,1877.48,2.8255,12.401993982844141,True,True
EXEC-002834,2025-12-23 02:00:00,FRAUD_DETECTION,REFERENTIAL_INTEGRITY,CHECK_270,HOURLY,FAILED,275862,0,2.37,8.35,1490.41,0.6218,3.0044843068682474,True,False
EXEC-002835,2025-09-07 16:00:00,FRAUD_DETECTION,RANGE_CHECK,CHECK_140,WEEKLY,SUCCESS,116066,6,18.05,29.94,307.74,0.0196,0.0024473042507482863,False,False
EXEC-002836,2025-09-16 17:00:00,FRAUD_DETECTION,DUPLICATE_CHECK,CHECK_368,ON_DEMAND,SUCCESS,6013,62,1.46,22.22,329.86,0.4069,0.29827388478269784,False,False
EXEC-002837,2026-01-27 18:00:00,CRM_CLIENTS,ACCURACY_CHECK,CHECK_169,ON_DEMAND,SUCCESS,2060,356,30.99,68.33,1166.36,4.3223,1.8557709455748639,False,False
EXEC-002838,2026-01-26 17:00:00,CREDIT_BUREAU,NULL_CHECK,CHECK_770,ON_DEMAND,SUCCESS,4860,0,18.81,37.83,71.79,4.4684,1.5016924769611346,False,False
EXEC-002839,2026-01-12 02:00:00,SCORING_ENGINE,NULL_CHECK,CHECK_967,DAILY,FAILED,13444,2898,2.4,28.9,329.73,3.1257,11.054580154060805,True,True
EXEC-002840,2026-01-23 01:00:00,CREDIT_BUREAU,COMPLETENESS_CHECK,CHECK_274,WEEKLY,SUCCESS,131605,19,1.08,45.54,202.08,4.2266,0.527999331628108,False,False
EXEC-002841,2025-12-01 16:00:00,SCORING_ENGINE,NULL_CHECK,CHECK_983,HOURLY,SUCCESS,724,58,8.29,50.13,20.87,4.5791,3.0677280664420863,False,False
EXEC-002842,2025-10-02 09:00:00,FRAUD_DETECTION,CONSISTENCY_CHECK,CHECK_990,DAILY,FAILED,1974,68,14.03,18.56,1230.81,0.5207,1.8876121896760218,True,True
EXEC-002843,2025-09-26 04:00:00,CRM_CLIENTS,FORMAT_CHECK,CHECK_338,DAILY,SUCCESS,3217,3473,5.26,31.78,2320.46,0.8958,0.4689853056633831,False,False
EXEC-002844,2025-09-05 10:00:00,CRM_CLIENTS,CONSISTENCY_CHECK,CHECK_187,ON_DEMAND,SUCCESS,41557,283,26.92,17.06,538.76,2.5975,1.5963349807703182,False,False
EXEC-002845,2026-01-13 03:00:00,MOBILE_APP,COMPLETENESS_CHECK,CHECK_725,DAILY,SUCCESS,22545,1708,13.34,24.25,871.28,0.5705,0.10906942240910669,False,False
EXEC-002846,2026-01-05 14:00:00,CRM_CLIENTS,NULL_CHECK,CHECK_135,HOURLY,FAILED,6376,1,4.8,23.86,272.56,1.5458,3.796445894828099,True,True
EXEC-002847,2025-12-12 02:00:00,PAYMENT_SYSTEM,NULL_CHECK,CHECK_841,WEEKLY,SUCCESS,88962,0,1.16,46.2,234.15,1.2951,1.1323115898332532,False,False
EXEC-002848,2025-09-30 12:00:00,LOAN_REGISTRY,CONSISTENCY_CHECK,CHECK_768,DAILY,SUCCESS,215066,6,76.68,52.72,241.14,3.6604,2.335762201829673,False,False
EXEC-002849,2025-10-01 19:00:00,CRM_CLIENTS,COMPLETENESS_CHECK,CHECK_464,DAILY,FAILED,474,2,92.8,62.96,515.12,1.1741,5.317869207621342,True,True
EXEC-002850,2025-11-16 17:00:00,PAYMENT_SYSTEM,RANGE_CHECK,CHECK_561,ON_DEMAND,FAILED,1986,168,4.39,26.17,764.94,0.3328,0.786942065040732,True,True
EXEC-002851,2025-12-06 07:00:00,FRAUD_DETECTION,COMPLETENESS_CHECK,CHECK_572,DAILY,SUCCESS,12109,1,5.59,15.05,225.16,4.5028,2.065413669552377,False,False
EXEC-002852,2025-09-01 12:00:00,PAYMENT_SYSTEM,FORMAT_CHECK,CHECK_237,WEEKLY,SUCCESS,1321,33,174.77,26.64,293.43,0.6263,0.3400280645367404,False,False
EXEC-002853,2026-01-31 13:00:00,INTERNET_BANK,CONSISTENCY_CHECK,CHECK_107,HOURLY,SUCCESS,6384,869,3.82,27.0,43.88,3.0247,1.1792378351080528,False,False
EXEC-002854,2026-03-04 21:00:00,LOAN_REGISTRY,RANGE_CHECK,CHECK_374,DAILY,SUCCESS,2604,19,8.54,55.87,605.53,4.2498,0.73526199708892,False,False
EXEC-002855,2025-12-20 13:00:00,CRM_CLIENTS,COMPLETENESS_CHECK,CHECK_876,HOURLY,TIMEOUT,174,0,3.59,30.42,1630.01,3.7117,,False,False
EXEC-002856,2025-10-05 07:00:00,LOAN_REGISTRY,CONSISTENCY_CHECK,CHECK_386,DAILY,SUCCESS,1401,749,5.15,35.97,150.15,2.1047,0.8353586489058251,False,False
EXEC-002857,2026-01-15 03:00:00,SCORING_ENGINE,FORMAT_CHECK,CHECK_167,ON_DEMAND,SUCCESS,1193,752,2.01,25.75,345.64,3.3522,0.9944560302444545,False,False
EXEC-002858,2025-12-01 18:00:00,INTERNET_BANK,CONSISTENCY_CHECK,CHECK_120,DAILY,SUCCESS,8767,46,45.69,29.27,11590.95,3.5898,2.636578150708741,False,False
EXEC-002859,2026-02-08 05:00:00,LOAN_REGISTRY,REFERENTIAL_INTEGRITY,CHECK_157,ON_DEMAND,SUCCESS,14084,7,8.41,51.53,576.01,2.7268,1.8970324418998001,False,False
EXEC-002860,2025-09-15 07:00:00,INTERNET_BANK,ACCURACY_CHECK,CHECK_824,WEEKLY,SUCCESS,16270,22,5.07,11.65,944.16,4.7421,3.1816355702721206,False,False
EXEC-002861,2026-02-26 10:00:00,CRM_CLIENTS,SCHEMA_VALIDATION,CHECK_806,ON_DEMAND,SUCCESS,45627,326,1.46,45.41,234.43,4.683,0.5091892678875019,False,False
EXEC-002862,2025-09-06 03:00:00,CREDIT_BUREAU,DUPLICATE_CHECK,CHECK_606,WEEKLY,TIMEOUT,893,0,38.69,17.01,469.26,3.6354,,False,False
EXEC-002863,2026-01-04 08:00:00,FRAUD_DETECTION,COMPLETENESS_CHECK,CHECK_806,WEEKLY,FAILED,2397,0,7.93,31.93,1341.19,4.1739,8.357287912107601,True,True
EXEC-002864,2026-03-11 17:00:00,CREDIT_BUREAU,SCHEMA_VALIDATION,CHECK_705,HOURLY,SUCCESS,1282,0,3.64,37.76,728.43,4.1676,2.5393636643091733,False,False
EXEC-002865,2025-11-06 10:00:00,MOBILE_APP,DUPLICATE_CHECK,CHECK_958,DAILY,SKIPPED,3364,0,20.3,25.34,778.79,3.913,,False,False
EXEC-002866,2026-01-25 17:00:00,LOAN_REGISTRY,NULL_CHECK,CHECK_821,ON_DEMAND,SUCCESS,245,1,9.5,56.57,635.92,3.988,1.6290497172894511,False,False
EXEC-002867,2026-01-22 06:00:00,MOBILE_APP,REFERENTIAL_INTEGRITY,CHECK_378,WEEKLY,SUCCESS,203,1302,0.28,2.04,305.78,1.6722,1.4371953493459175,False,False
EXEC-002868,2026-03-07 03:00:00,SCORING_ENGINE,ACCURACY_CHECK,CHECK_202,DAILY,SUCCESS,5984,4026,48.37,31.68,667.75,2.0647,1.8021796550345859,False,False
EXEC-002869,2025-11-09 01:00:00,CREDIT_BUREAU,ACCURACY_CHECK,CHECK_678,WEEKLY,SUCCESS,96,194,10.87,15.69,117.56,2.2251,1.2638347756310473,False,False
EXEC-002870,2025-12-10 10:00:00,PAYMENT_SYSTEM,FRESHNESS_CHECK,CHECK_320,ON_DEMAND,SKIPPED,12999,0,10.89,39.6,355.53,2.8376,,False,False
EXEC-002871,2026-03-09 02:00:00,SCORING_ENGINE,SCHEMA_VALIDATION,CHECK_263,ON_DEMAND,SUCCESS,6255,2757,1.49,3.7,504.51,4.0275,2.7857598612350767,False,False
EXEC-002872,2025-10-19 01:00:00,PAYMENT_SYSTEM,SCHEMA_VALIDATION,CHECK_377,ON_DEMAND,FAILED,1146,13,10.77,78.17,2185.24,3.4967,14.258936450773573,True,True
EXEC-002873,2026-01-07 23:00:00,MOBILE_APP,COMPLETENESS_CHECK,CHECK_480,DAILY,SUCCESS,4344,1,2.48,29.55,495.75,0.6106,0.47941002110016373,False,False
EXEC-002874,2026-03-02 08:00:00,CREDIT_BUREAU,CONSISTENCY_CHECK,CHECK_899,DAILY,SUCCESS,7207,5,5.91,14.74,2620.45,0.9065,0.4471669947019544,False,False
EXEC-002875,2026-03-13 16:00:00,CREDIT_BUREAU,DUPLICATE_CHECK,CHECK_345,ON_DEMAND,SUCCESS,4063,397,10.15,46.23,496.09,0.5441,0.27707963454241263,False,False
EXEC-002876,2026-03-12 17:00:00,INTERNET_BANK,COMPLETENESS_CHECK,CHECK_960,ON_DEMAND,SUCCESS,19134,65,12.15,11.71,132.55,0.6384,0.450214323587805,False,False
EXEC-002877,2026-01-17 07:00:00,SCORING_ENGINE,RANGE_CHECK,CHECK_664,ON_DEMAND,SUCCESS,20550,85,1.46,20.32,142.48,4.7877,3.9463355670459563,False,False
EXEC-002878,2025-10-25 09:00:00,MOBILE_APP,FORMAT_CHECK,CHECK_758,HOURLY,SUCCESS,246,57,13.8,11.62,120.61,0.2574,0.21380618597143025,False,False
EXEC-002879,2026-01-11 13:00:00,CRM_CLIENTS,DUPLICATE_CHECK,CHECK_177,DAILY,SUCCESS,2838,161,0.32,26.61,694.69,2.5479,2.010886450304232,False,False
EXEC-002880,2026-02-04 17:00:00,PAYMENT_SYSTEM,ACCURACY_CHECK,CHECK_160,DAILY,SUCCESS,28870,136,3.09,6.78,159.24,0.1017,0.02343790526996579,False,False
EXEC-002881,2025-09-06 06:00:00,CRM_CLIENTS,RANGE_CHECK,CHECK_736,DAILY,FAILED,4455,3,2.85,64.75,804.84,2.0132,8.244762309795934,True,True
EXEC-002882,2026-02-28 05:00:00,MOBILE_APP,NULL_CHECK,CHECK_594,WEEKLY,FAILED,9317,3100,0.07,30.43,1236.95,3.2258,12.693652624105559,True,True
EXEC-002883,2025-11-19 21:00:00,LOAN_REGISTRY,SCHEMA_VALIDATION,CHECK_831,DAILY,FAILED,36251,13828,7.73,26.15,791.0,4.0611,16.559195094843783,True,True
EXEC-002884,2026-03-04 07:00:00,CREDIT_BUREAU,DUPLICATE_CHECK,CHECK_730,HOURLY,SUCCESS,10645,35,2.56,11.41,1682.64,3.28,2.091563606708249,False,False
EXEC-002885,2026-01-26 22:00:00,PAYMENT_SYSTEM,RANGE_CHECK,CHECK_416,HOURLY,SUCCESS,9593,570,30.43,18.57,797.69,4.4517,3.9538658311458184,False,False
EXEC-002886,2026-03-10 11:00:00,LOAN_REGISTRY,COMPLETENESS_CHECK,CHECK_201,WEEKLY,FAILED,2704,14,2.59,25.17,667.19,1.2803,5.56960451324487,True,True
EXEC-002887,2026-03-09 14:00:00,CREDIT_BUREAU,REFERENTIAL_INTEGRITY,CHECK_749,DAILY,SUCCESS,2159,23585,19.53,27.48,918.27,2.4959,1.4798257186803736,False,False
EXEC-002888,2026-02-25 12:00:00,FRAUD_DETECTION,FORMAT_CHECK,CHECK_247,HOURLY,SUCCESS,5022,36,6.21,64.72,99.05,2.2269,1.2247190923897937,False,False
EXEC-002889,2026-03-13 02:00:00,SCORING_ENGINE,DUPLICATE_CHECK,CHECK_247,WEEKLY,SUCCESS,14883,270,9.95,18.88,1369.44,1.7433,1.515388561777812,False,False
EXEC-002890,2025-10-11 09:00:00,SCORING_ENGINE,RANGE_CHECK,CHECK_868,WEEKLY,SUCCESS,5455,53,39.82,62.04,374.31,0.2239,0.19433250102932162,False,False
EXEC-002891,2026-02-09 06:00:00,CREDIT_BUREAU,DUPLICATE_CHECK,CHECK_383,HOURLY,FAILED,1228,0,0.83,35.42,2303.69,0.9148,4.245581181929228,True,True
EXEC-002892,2026-02-28 14:00:00,MOBILE_APP,COMPLETENESS_CHECK,CHECK_657,HOURLY,SUCCESS,3244,0,4.04,22.22,392.02,0.9062,0.14135916595993273,False,False
EXEC-002893,2026-02-13 15:00:00,SCORING_ENGINE,FRESHNESS_CHECK,CHECK_576,WEEKLY,SUCCESS,368,3,14.61,31.13,631.6,1.4248,0.9447755571803884,False,False
EXEC-002894,2025-09-25 19:00:00,MOBILE_APP,RANGE_CHECK,CHECK_128,WEEKLY,SUCCESS,1043,136,388.23,23.75,585.47,2.2889,1.3059084916177193,False,False
EXEC-002895,2026-01-03 06:00:00,INTERNET_BANK,ACCURACY_CHECK,CHECK_701,ON_DEMAND,SUCCESS,723,45,6.67,10.07,102.95,1.3358,1.1256318691427278,False,False
EXEC-002896,2025-09-11 10:00:00,FRAUD_DETECTION,CONSISTENCY_CHECK,CHECK_847,HOURLY,SUCCESS,36775,59,87.31,10.52,704.14,2.7865,2.0083574369928616,False,False
EXEC-002897,2026-01-05 15:00:00,MOBILE_APP,COMPLETENESS_CHECK,CHECK_853,WEEKLY,FAILED,417,65,17.7,34.05,1078.49,1.433,2.3191233394448605,True,True
EXEC-002898,2026-01-25 08:00:00,FRAUD_DETECTION,RANGE_CHECK,CHECK_671,WEEKLY,SUCCESS,8311,570,32.8,11.0,398.71,3.0393,1.7919287603309544,False,False
EXEC-002899,2025-11-01 15:00:00,CREDIT_BUREAU,CONSISTENCY_CHECK,CHECK_586,HOURLY,SUCCESS,627,2,1.54,28.11,203.42,1.1969,0.6379765706393099,False,False
EXEC-002900,2026-01-02 21:00:00,INTERNET_BANK,SCHEMA_VALIDATION,CHECK_254,HOURLY,SUCCESS,84,3,17.81,20.66,123.73,3.3454,2.4612394701827243,False,False
EXEC-002901,2026-02-02 19:00:00,CREDIT_BUREAU,CONSISTENCY_CHECK,CHECK_862,ON_DEMAND,SUCCESS,8168,16,1.95,5.41,386.3,3.9986,1.4576561689165761,False,False
EXEC-002902,2025-09-27 11:00:00,CRM_CLIENTS,REFERENTIAL_INTEGRITY,CHECK_499,HOURLY,SUCCESS,15480,106,15.37,11.59,186.4,2.5018,1.5583997613372491,False,False
EXEC-002903,2026-02-03 03:00:00,INTERNET_BANK,RANGE_CHECK,CHECK_361,ON_DEMAND,SUCCESS,233288,56,2.07,51.4,182.73,3.6104,2.899465429320848,False,False
EXEC-002904,2026-01-07 16:00:00,PAYMENT_SYSTEM,REFERENTIAL_INTEGRITY,CHECK_986,WEEKLY,SUCCESS,3510,589,14.95,56.17,705.62,3.5937,1.3325117543018032,False,False
EXEC-002905,2025-09-08 23:00:00,CREDIT_BUREAU,COMPLETENESS_CHECK,CHECK_688,DAILY,SUCCESS,105,11,1.25,31.71,166.78,2.3339,1.0631501040208737,False,False
EXEC-002906,2025-11-20 19:00:00,INTERNET_BANK,REFERENTIAL_INTEGRITY,CHECK_516,WEEKLY,SUCCESS,3123,105,5.76,26.33,376.13,1.9244,0.42135629982639294,False,False
EXEC-002907,2025-10-14 04:00:00,PAYMENT_SYSTEM,DUPLICATE_CHECK,CHECK_309,WEEKLY,SUCCESS,46186,107,1.77,38.2,112.25,1.4514,1.0103433341691563,False,False
EXEC-002908,2025-09-08 14:00:00,PAYMENT_SYSTEM,FORMAT_CHECK,CHECK_287,HOURLY,FAILED,39888,1,7.58,5.23,289.83,1.2846,4.863933766064856,True,False
EXEC-002909,2025-09-30 16:00:00,MOBILE_APP,FORMAT_CHECK,CHECK_281,WEEKLY,SUCCESS,96371,5249,0.12,26.96,496.52,0.7551,0.27357502536266437,False,False
EXEC-002910,2025-10-16 07:00:00,LOAN_REGISTRY,NULL_CHECK,CHECK_482,HOURLY,SUCCESS,16889,53,1.06,31.59,548.01,1.1004,0.4650651984837595,False,False
EXEC-002911,2026-01-26 07:00:00,INTERNET_BANK,REFERENTIAL_INTEGRITY,CHECK_180,DAILY,SUCCESS,7598,3139,21.76,21.56,1568.56,3.7365,2.741587916273947,False,False
EXEC-002912,2026-01-01 08:00:00,FRAUD_DETECTION,RANGE_CHECK,CHECK_607,ON_DEMAND,SUCCESS,534479,744,1.29,17.14,330.03,0.4127,0.1315723117782236,False,False
EXEC-002913,2026-02-03 03:00:00,FRAUD_DETECTION,NULL_CHECK,CHECK_962,HOURLY,SUCCESS,221,67,4.52,12.85,418.63,3.4384,2.832588858181191,False,False
EXEC-002914,2026-02-26 04:00:00,MOBILE_APP,SCHEMA_VALIDATION,CHECK_405,HOURLY,SUCCESS,27457,0,4.43,23.68,880.82,1.3685,1.0294740506273143,False,False
EXEC-002915,2026-03-10 19:00:00,FRAUD_DETECTION,RANGE_CHECK,CHECK_912,ON_DEMAND,SUCCESS,34081,51,49.12,19.39,782.83,4.2486,0.4671876041126691,False,False
EXEC-002916,2025-11-03 18:00:00,MOBILE_APP,RANGE_CHECK,CHECK_247,HOURLY,SUCCESS,6835,700,25.17,29.75,1479.67,3.6741,2.02117723951283,False,False
EXEC-002917,2026-01-08 18:00:00,MOBILE_APP,FORMAT_CHECK,CHECK_289,HOURLY,SUCCESS,1609,203,539.56,38.75,831.78,1.0035,0.7737310715876131,False,False
EXEC-002918,2025-09-06 00:00:00,INTERNET_BANK,FRESHNESS_CHECK,CHECK_396,HOURLY,SUCCESS,34577,0,1.51,16.4,213.24,3.6757,1.2099134607749606,False,False
EXEC-002919,2025-12-13 07:00:00,SCORING_ENGINE,FRESHNESS_CHECK,CHECK_114,ON_DEMAND,SUCCESS,12833,201,9.39,9.62,552.62,2.7703,1.127078258783308,False,False
EXEC-002920,2025-09-27 20:00:00,LOAN_REGISTRY,NULL_CHECK,CHECK_371,DAILY,SUCCESS,13120,3,4.34,21.22,1357.86,3.4736,2.0443112692381034,False,False
EXEC-002921,2026-03-08 20:00:00,FRAUD_DETECTION,FRESHNESS_CHECK,CHECK_952,ON_DEMAND,SUCCESS,203,0,1.63,10.62,1415.75,0.3921,0.17343360225517326,False,False
EXEC-002922,2025-09-02 23:00:00,FRAUD_DETECTION,NULL_CHECK,CHECK_810,ON_DEMAND,SUCCESS,1566,12,13.44,34.41,1951.56,2.6352,1.3140231990080156,False,False
EXEC-002923,2026-01-04 19:00:00,PAYMENT_SYSTEM,SCHEMA_VALIDATION,CHECK_761,ON_DEMAND,TIMEOUT,4834,0,5.68,14.6,86.25,1.2518,,False,False
EXEC-002924,2025-10-18 12:00:00,PAYMENT_SYSTEM,ACCURACY_CHECK,CHECK_789,WEEKLY,SUCCESS,4286,1,4.66,41.37,109.93,4.5662,3.078317454515263,False,False
EXEC-002925,2025-09-25 20:00:00,FRAUD_DETECTION,CONSISTENCY_CHECK,CHECK_319,WEEKLY,SUCCESS,180135,1668,6.06,13.37,677.42,2.3919,1.7063369530963628,False,False
EXEC-002926,2026-02-05 08:00:00,SCORING_ENGINE,FRESHNESS_CHECK,CHECK_276,HOURLY,SUCCESS,34082,20,4.91,24.87,1364.57,4.7612,2.231916036273049,False,False
EXEC-002927,2026-01-02 07:00:00,FRAUD_DETECTION,SCHEMA_VALIDATION,CHECK_529,HOURLY,SUCCESS,717,33,356.18,24.18,1746.28,3.5598,1.7284101573912567,False,False
EXEC-002928,2025-12-24 13:00:00,PAYMENT_SYSTEM,FORMAT_CHECK,CHECK_202,WEEKLY,SUCCESS,13621,10,26.53,19.18,83.53,0.0761,0.06169184309443604,False,False
EXEC-002929,2026-02-22 05:00:00,LOAN_REGISTRY,FRESHNESS_CHECK,CHECK_210,ON_DEMAND,SUCCESS,77601,753,5.74,34.25,215.04,0.4735,0.3660430343289404,False,False
EXEC-002930,2025-12-17 07:00:00,SCORING_ENGINE,ACCURACY_CHECK,CHECK_646,ON_DEMAND,SUCCESS,1019,0,16.86,9.05,184.51,4.7899,2.0500158254629643,False,False
EXEC-002931,2025-10-11 04:00:00,INTERNET_BANK,SCHEMA_VALIDATION,CHECK_948,DAILY,SUCCESS,13199,1852,0.49,30.44,1969.65,1.7,1.4868168075856698,False,False
EXEC-002932,2026-02-05 04:00:00,INTERNET_BANK,SCHEMA_VALIDATION,CHECK_736,HOURLY,SUCCESS,2667,187,5.92,26.25,885.08,1.9612,0.32487497505073304,False,False
EXEC-002933,2026-02-14 02:00:00,INTERNET_BANK,DUPLICATE_CHECK,CHECK_152,HOURLY,SUCCESS,16953,36211,11.2,27.95,2206.99,0.9177,0.09846808941244307,False,False
EXEC-002934,2026-02-03 23:00:00,CRM_CLIENTS,REFERENTIAL_INTEGRITY,CHECK_136,DAILY,FAILED,19851,0,1.19,13.48,130.53,0.0822,0.20808427879096886,True,True
EXEC-002935,2025-12-09 06:00:00,LOAN_REGISTRY,FORMAT_CHECK,CHECK_297,HOURLY,TIMEOUT,50950,0,10.48,10.13,469.05,0.4926,,False,False
EXEC-002936,2025-10-01 19:00:00,INTERNET_BANK,DUPLICATE_CHECK,CHECK_412,WEEKLY,SUCCESS,11525,12,2.06,58.81,73.37,0.0402,0.023036232015892867,False,False
EXEC-002937,2025-10-18 02:00:00,MOBILE_APP,ACCURACY_CHECK,CHECK_491,HOURLY,SUCCESS,8931,613,8.08,44.97,259.71,4.6796,3.72176088512642,False,False
EXEC-002938,2026-02-14 15:00:00,LOAN_REGISTRY,DUPLICATE_CHECK,CHECK_638,HOURLY,TIMEOUT,2026,0,13.52,17.9,346.02,3.5486,,False,False
EXEC-002939,2025-12-11 07:00:00,INTERNET_BANK,DUPLICATE_CHECK,CHECK_541,HOURLY,SUCCESS,5081,50,3.45,9.83,215.59,1.2964,0.6074385676086317,False,False
EXEC-002940,2026-01-10 10:00:00,MOBILE_APP,FORMAT_CHECK,CHECK_201,DAILY,SUCCESS,171527,13,0.97,22.7,132.05,1.243,1.1008105216201292,False,False
EXEC-002941,2025-11-03 02:00:00,SCORING_ENGINE,CONSISTENCY_CHECK,CHECK_804,WEEKLY,FAILED,34847,19,2.07,77.96,246.95,2.0431,7.223070018078968,True,True
EXEC-002942,2025-09-26 11:00:00,SCORING_ENGINE,CONSISTENCY_CHECK,CHECK_490,ON_DEMAND,SUCCESS,4339,14,6.73,10.62,146.67,1.5438,0.6448743877715754,False,False
EXEC-002943,2025-10-03 23:00:00,MOBILE_APP,FRESHNESS_CHECK,CHECK_320,DAILY,FAILED,5914,114,18.33,56.31,110.71,4.1357,18.62546166155193,True,True
EXEC-002944,2026-03-04 22:00:00,FRAUD_DETECTION,DUPLICATE_CHECK,CHECK_151,HOURLY,FAILED,642,352,11.4,27.11,95.62,0.3516,1.4338760518232758,True,True
EXEC-002945,2026-03-08 05:00:00,CRM_CLIENTS,NULL_CHECK,CHECK_586,ON_DEMAND,SUCCESS,8013,194,5.54,15.29,468.87,0.8462,0.51379106463121,False,False
EXEC-002946,2025-10-20 09:00:00,SCORING_ENGINE,DUPLICATE_CHECK,CHECK_112,DAILY,TIMEOUT,248494,0,36.17,26.07,716.15,2.9022,,False,False
EXEC-002947,2025-12-05 16:00:00,SCORING_ENGINE,SCHEMA_VALIDATION,CHECK_252,ON_DEMAND,SUCCESS,5306,35,9.07,38.57,945.57,1.6151,0.576112695585525,False,False
EXEC-002948,2025-10-02 08:00:00,LOAN_REGISTRY,ACCURACY_CHECK,CHECK_659,WEEKLY,FAILED,7300,413,5.34,41.22,374.74,0.7049,1.537893016774991,True,True
EXEC-002949,2026-01-16 11:00:00,INTERNET_BANK,DUPLICATE_CHECK,CHECK_508,HOURLY,SUCCESS,30994,23,20.43,34.19,1878.1,3.9377,2.9381599635464237,False,False
EXEC-002950,2025-10-18 00:00:00,FRAUD_DETECTION,FRESHNESS_CHECK,CHECK_559,ON_DEMAND,TIMEOUT,51430,0,4.48,19.84,204.7,1.1129,,False,False
EXEC-002951,2026-01-27 17:00:00,FRAUD_DETECTION,NULL_CHECK,CHECK_811,DAILY,SUCCESS,3742,3478,5.17,34.85,69.28,4.7631,2.9363015173360862,False,False
EXEC-002952,2025-11-30 21:00:00,INTERNET_BANK,ACCURACY_CHECK,CHECK_768,ON_DEMAND,FAILED,58163,1,23.94,26.85,552.44,1.4964,5.248238836897079,True,True
EXEC-002953,2025-10-31 10:00:00,MOBILE_APP,CONSISTENCY_CHECK,CHECK_273,WEEKLY,SUCCESS,37786,0,21.32,3.06,169.36,0.7587,0.26112631840754674,False,False
EXEC-002954,2025-10-26 12:00:00,INTERNET_BANK,ACCURACY_CHECK,CHECK_157,HOURLY,FAILED,6264,913,4.91,20.44,461.29,2.9074,6.100812282260464,True,True
EXEC-002955,2025-10-19 02:00:00,PAYMENT_SYSTEM,ACCURACY_CHECK,CHECK_255,ON_DEMAND,SUCCESS,527,1140,1.25,3.28,1652.79,4.2503,3.8131711295707533,False,False
EXEC-002956,2026-02-10 23:00:00,CRM_CLIENTS,CONSISTENCY_CHECK,CHECK_897,ON_DEMAND,FAILED,83951,0,3.03,6.57,1328.06,3.694,8.712529402897669,True,False
EXEC-002957,2025-12-24 02:00:00,INTERNET_BANK,CONSISTENCY_CHECK,CHECK_135,HOURLY,SUCCESS,4124,84,27.33,8.88,310.75,0.4476,0.2196604231884473,False,False
EXEC-002958,2026-02-22 20:00:00,MOBILE_APP,FORMAT_CHECK,CHECK_132,HOURLY,TIMEOUT,579,0,22.71,10.79,32.62,1.7867,,False,False
EXEC-002959,2025-09-26 09:00:00,PAYMENT_SYSTEM,COMPLETENESS_CHECK,CHECK_708,DAILY,SUCCESS,1582,29987,17.29,28.65,203.84,3.7535,3.2643288931733867,False,False
EXEC-002960,2026-02-01 08:00:00,FRAUD_DETECTION,NULL_CHECK,CHECK_443,HOURLY,FAILED,1288,61,3.88,44.62,1058.48,0.608,1.769692911618644,True,True
EXEC-002961,2025-09-19 05:00:00,LOAN_REGISTRY,CONSISTENCY_CHECK,CHECK_898,ON_DEMAND,SUCCESS,30111,222,28.59,28.09,1641.2,2.0894,0.9058363189428638,False,False
EXEC-002962,2025-11-30 05:00:00,LOAN_REGISTRY,COMPLETENESS_CHECK,CHECK_911,DAILY,SUCCESS,1880,0,37.39,18.07,635.84,2.7624,1.9429920497216655,False,False
EXEC-002963,2026-01-04 01:00:00,CRM_CLIENTS,ACCURACY_CHECK,CHECK_342,HOURLY,FAILED,10039,55,27.5,28.5,203.23,1.32,4.817403351304192,True,True
EXEC-002964,2025-11-30 22:00:00,MOBILE_APP,RANGE_CHECK,CHECK_500,HOURLY,SUCCESS,16593,0,11.22,42.08,538.22,4.8086,3.6492265187456625,False,False
EXEC-002965,2025-10-16 00:00:00,MOBILE_APP,RANGE_CHECK,CHECK_921,WEEKLY,SUCCESS,57040,1,43.03,13.24,2146.24,2.4703,1.196059347587837,False,False
EXEC-002966,2025-10-06 22:00:00,CREDIT_BUREAU,FORMAT_CHECK,CHECK_524,WEEKLY,SUCCESS,10763,13852,3.03,39.81,304.35,4.4664,3.9223750314939334,False,False
EXEC-002967,2026-03-08 22:00:00,MOBILE_APP,NULL_CHECK,CHECK_838,WEEKLY,SUCCESS,1187,782,41.41,3.75,153.76,2.7204,1.9625600355350146,False,False
EXEC-002968,2025-12-28 07:00:00,FRAUD_DETECTION,SCHEMA_VALIDATION,CHECK_238,WEEKLY,SKIPPED,6795,0,3.04,20.39,5673.9,4.2,,False,False
EXEC-002969,2025-12-10 05:00:00,MOBILE_APP,NULL_CHECK,CHECK_171,DAILY,SUCCESS,326,9723,12.63,18.9,1097.9,4.7641,2.4873326338445216,False,False
EXEC-002970,2026-01-06 06:00:00,LOAN_REGISTRY,DUPLICATE_CHECK,CHECK_684,WEEKLY,SUCCESS,467,245,1.7,4.54,2131.73,4.6697,3.352767246802635,False,False
EXEC-002971,2026-02-13 22:00:00,SCORING_ENGINE,NULL_CHECK,CHECK_469,ON_DEMAND,SUCCESS,1139,13,2.06,16.88,836.07,2.1822,1.6295400677796752,False,False
EXEC-002972,2025-09-16 11:00:00,CREDIT_BUREAU,NULL_CHECK,CHECK_301,WEEKLY,FAILED,7180,176,2.23,34.5,2668.12,4.8459,16.378855343392758,True,True
EXEC-002973,2025-12-18 20:00:00,CRM_CLIENTS,CONSISTENCY_CHECK,CHECK_519,WEEKLY,SUCCESS,32414,63,21.91,60.88,554.25,1.4888,0.8050795579565162,False,False
EXEC-002974,2026-01-27 12:00:00,INTERNET_BANK,REFERENTIAL_INTEGRITY,CHECK_656,WEEKLY,SUCCESS,39601,7,13.6,45.62,3008.27,3.1614,1.1856282230356616,False,False
EXEC-002975,2026-02-20 15:00:00,SCORING_ENGINE,REFERENTIAL_INTEGRITY,CHECK_697,WEEKLY,SUCCESS,6844,9685,3.66,18.01,176.72,4.0191,1.3660791618031136,False,False
EXEC-002976,2025-10-14 03:00:00,FRAUD_DETECTION,NULL_CHECK,CHECK_131,WEEKLY,FAILED,14143,0,51.67,35.11,1263.84,0.4033,1.0466459629846179,True,True
EXEC-002977,2025-09-01 23:00:00,FRAUD_DETECTION,FORMAT_CHECK,CHECK_110,HOURLY,FAILED,10935,16,3.53,32.14,524.11,3.8225,16.75888799594691,True,True
EXEC-002978,2025-10-19 07:00:00,INTERNET_BANK,FRESHNESS_CHECK,CHECK_447,ON_DEMAND,SUCCESS,9194,2553,11.05,34.58,197.72,4.9471,2.647208105681181,False,False
EXEC-002979,2025-10-14 02:00:00,MOBILE_APP,CONSISTENCY_CHECK,CHECK_576,HOURLY,SUCCESS,4187,5,13.64,6.03,1546.37,1.0668,0.18551126658455183,False,False
EXEC-002980,2026-01-04 07:00:00,INTERNET_BANK,CONSISTENCY_CHECK,CHECK_587,WEEKLY,SUCCESS,17567,11072,9.98,11.21,955.55,4.0974,1.3389894373651146,False,False
EXEC-002981,2026-02-17 14:00:00,SCORING_ENGINE,COMPLETENESS_CHECK,CHECK_719,HOURLY,SUCCESS,6801,0,1.25,54.83,885.41,2.8127,2.3031610529213236,False,False
EXEC-002982,2025-09-01 00:00:00,CREDIT_BUREAU,REFERENTIAL_INTEGRITY,CHECK_420,DAILY,SUCCESS,17054,6,8.92,9.66,265.05,4.5822,3.7236134073485605,False,False
EXEC-002983,2025-09-07 03:00:00,PAYMENT_SYSTEM,SCHEMA_VALIDATION,CHECK_130,HOURLY,SUCCESS,13471,519,0.97,23.06,810.84,2.2387,1.0435642847654447,False,False
EXEC-002984,2025-09-17 23:00:00,CRM_CLIENTS,DUPLICATE_CHECK,CHECK_161,ON_DEMAND,SUCCESS,10255,1,31.3,39.35,72.36,3.9653,2.4378586144945613,False,False
EXEC-002985,2025-09-22 15:00:00,MOBILE_APP,RANGE_CHECK,CHECK_198,ON_DEMAND,SUCCESS,2909,88,2.7,19.29,81.76,3.596,0.6468872185381495,False,False
EXEC-002986,2026-01-15 07:00:00,SCORING_ENGINE,FORMAT_CHECK,CHECK_606,ON_DEMAND,TIMEOUT,286,0,7.15,25.69,2547.67,2.5487,,False,False
EXEC-002987,2025-11-14 22:00:00,SCORING_ENGINE,DUPLICATE_CHECK,CHECK_349,HOURLY,FAILED,6787,8557,9.13,41.46,548.36,4.4229,18.048985696800376,True,True
EXEC-002988,2025-12-26 19:00:00,CREDIT_BUREAU,COMPLETENESS_CHECK,CHECK_239,DAILY,FAILED,232,19579,6.83,9.95,217.72,4.4457,12.5650515607269,True,True
EXEC-002989,2026-01-18 22:00:00,PAYMENT_SYSTEM,SCHEMA_VALIDATION,CHECK_441,DAILY,TIMEOUT,729,0,1.67,12.66,451.57,4.9211,,False,False
EXEC-002990,2025-12-03 21:00:00,MOBILE_APP,RANGE_CHECK,CHECK_917,HOURLY,SUCCESS,9469,645,23.19,13.57,1014.37,1.3401,0.5385027557485151,False,False
EXEC-002991,2025-09-19 00:00:00,LOAN_REGISTRY,REFERENTIAL_INTEGRITY,CHECK_676,HOURLY,SUCCESS,590,1933,8.19,56.3,1884.1,2.8646,1.950817522001079,False,False
EXEC-002992,2026-02-04 19:00:00,CRM_CLIENTS,ACCURACY_CHECK,CHECK_112,DAILY,SUCCESS,3546,123,5.55,36.45,808.01,1.3188,1.1341491631580591,False,False
EXEC-002993,2025-10-29 14:00:00,PAYMENT_SYSTEM,ACCURACY_CHECK,CHECK_126,HOURLY,SUCCESS,5752,37,9.31,8.34,475.68,4.3495,3.0405981460037843,False,False
EXEC-002994,2025-11-12 02:00:00,SCORING_ENGINE,CONSISTENCY_CHECK,CHECK_917,WEEKLY,SUCCESS,367,35,23.15,32.14,71.68,3.4651,0.46120176027636367,False,False
EXEC-002995,2025-10-17 10:00:00,LOAN_REGISTRY,ACCURACY_CHECK,CHECK_572,DAILY,SUCCESS,2541,3,47.96,9.42,135.13,3.9772,1.8038329651224547,False,False
EXEC-002996,2025-12-05 01:00:00,FRAUD_DETECTION,NULL_CHECK,CHECK_321,WEEKLY,SUCCESS,17204,0,5.0,12.28,235.73,4.4802,2.495993461848615,False,False
EXEC-002997,2026-02-08 10:00:00,LOAN_REGISTRY,REFERENTIAL_INTEGRITY,CHECK_730,WEEKLY,FAILED,1168,5,33.16,24.24,151.78,2.6464,8.724713016150618,True,True
EXEC-002998,2025-10-31 15:00:00,FRAUD_DETECTION,FRESHNESS_CHECK,CHECK_572,HOURLY,SUCCESS,2309,3500,7.67,21.08,338.54,4.8729,1.9829508692902524,False,False
EXEC-002999,2026-02-19 17:00:00,MOBILE_APP,FRESHNESS_CHECK,CHECK_191,WEEKLY,SUCCESS,73626,45,4.23,10.94,4052.35,3.0536,0.6666355432122166,False,False
EXEC-003000,2025-10-26 14:00:00,PAYMENT_SYSTEM,DUPLICATE_CHECK,CHECK_294,DAILY,FAILED,15200,2594,9.06,7.56,147.37,3.2446,6.685388010104577,True,True
EXEC-003001,2026-03-11 03:00:00,FRAUD_DETECTION,ACCURACY_CHECK,CHECK_870,DAILY,SUCCESS,16500,1421,1.0,40.24,403.36,0.2937,0.1193490034230017,False,False
EXEC-003002,2025-12-21 23:00:00,FRAUD_DETECTION,NULL_CHECK,CHECK_897,DAILY,FAILED,3492,11,98.33,20.7,54.39,0.7438,3.4544138796823916,True,False
EXEC-003003,2025-12-05 13:00:00,SCORING_ENGINE,ACCURACY_CHECK,CHECK_135,HOURLY,SUCCESS,7660,126,247.32,11.38,173.63,3.5704,1.8334864963639315,False,False
EXEC-003004,2025-09-02 17:00:00,FRAUD_DETECTION,NULL_CHECK,CHECK_770,DAILY,SUCCESS,17443,2,9.52,43.38,225.93,2.9945,0.3538381404549309,False,False
EXEC-003005,2025-09-20 22:00:00,FRAUD_DETECTION,FORMAT_CHECK,CHECK_562,HOURLY,SUCCESS,83824,1866,3.26,11.47,546.49,4.8519,1.531567434461432,False,False
EXEC-003006,2025-10-01 08:00:00,MOBILE_APP,SCHEMA_VALIDATION,CHECK_275,HOURLY,SUCCESS,181,183,17.88,6.03,392.82,1.8742,1.5885535050071273,False,False
EXEC-003007,2026-02-13 17:00:00,CRM_CLIENTS,NULL_CHECK,CHECK_264,ON_DEMAND,FAILED,2481,723,1.78,45.7,1978.78,4.1089,12.584456785079418,True,True
EXEC-003008,2026-02-25 13:00:00,SCORING_ENGINE,CONSISTENCY_CHECK,CHECK_195,HOURLY,SUCCESS,9371,6,4.63,15.14,389.79,3.6671,2.58906997855824,False,False
EXEC-003009,2026-02-24 08:00:00,PAYMENT_SYSTEM,CONSISTENCY_CHECK,CHECK_211,HOURLY,SUCCESS,81003,2,323.0,8.92,1691.39,0.9418,0.6202037622969269,False,False
EXEC-003010,2025-11-02 09:00:00,MOBILE_APP,DUPLICATE_CHECK,CHECK_309,HOURLY,SUCCESS,333,0,9.34,69.38,980.64,0.9432,0.6480247961578735,False,False
EXEC-003011,2025-10-25 22:00:00,MOBILE_APP,SCHEMA_VALIDATION,CHECK_653,DAILY,SUCCESS,11207,44,6.5,15.87,303.57,0.8884,0.5350788164702306,False,False
EXEC-003012,2025-11-29 08:00:00,PAYMENT_SYSTEM,FORMAT_CHECK,CHECK_932,DAILY,SUCCESS,20882,427,2.75,31.91,254.13,1.8813,0.6706587799464364,False,False
EXEC-003013,2026-02-02 11:00:00,PAYMENT_SYSTEM,FRESHNESS_CHECK,CHECK_489,WEEKLY,SUCCESS,24250,494,10.76,43.84,203.44,0.7048,0.24118554411440996,False,False
EXEC-003014,2025-11-22 01:00:00,CREDIT_BUREAU,COMPLETENESS_CHECK,CHECK_679,WEEKLY,SUCCESS,20837,61,0.72,65.63,274.72,4.34,3.0540265027551707,False,False
EXEC-003015,2025-10-01 18:00:00,MOBILE_APP,FRESHNESS_CHECK,CHECK_142,ON_DEMAND,SUCCESS,2670,34,69.77,21.33,724.58,3.3462,1.6100018202892927,False,False
EXEC-003016,2025-10-17 12:00:00,PAYMENT_SYSTEM,COMPLETENESS_CHECK,CHECK_861,WEEKLY,FAILED,1136,196,54.74,22.64,638.78,4.1093,17.319454290432738,True,True
EXEC-003017,2026-01-22 06:00:00,CREDIT_BUREAU,RANGE_CHECK,CHECK_621,DAILY,SUCCESS,31058,14395,112.45,39.09,252.19,0.2833,0.18725040616439617,False,False
EXEC-003018,2025-09-25 17:00:00,LOAN_REGISTRY,ACCURACY_CHECK,CHECK_583,DAILY,FAILED,65511,0,6.42,65.99,1084.92,3.6232,8.958974762639848,True,True
EXEC-003019,2026-01-11 22:00:00,CRM_CLIENTS,NULL_CHECK,CHECK_177,ON_DEMAND,FAILED,17270,1471,2.91,29.11,345.03,2.0601,8.527227121764023,True,True
EXEC-003020,2026-03-05 02:00:00,SCORING_ENGINE,CONSISTENCY_CHECK,CHECK_770,ON_DEMAND,SUCCESS,1477,1,0.7,43.79,850.6,3.8346,0.8154111371735254,False,False
EXEC-003021,2026-01-06 08:00:00,CREDIT_BUREAU,RANGE_CHECK,CHECK_499,WEEKLY,FAILED,5221,6,3.09,43.46,72.61,3.1688,6.010598042728949,True,True
EXEC-003022,2025-09-03 03:00:00,SCORING_ENGINE,NULL_CHECK,CHECK_607,WEEKLY,SUCCESS,1364,12,24.38,21.95,970.31,1.6043,0.8709957517673917,False,False
EXEC-003023,2026-02-12 08:00:00,LOAN_REGISTRY,ACCURACY_CHECK,CHECK_245,WEEKLY,SKIPPED,2060,0,7.7,21.2,242.58,4.7409,,False,False
EXEC-003024,2025-09-23 11:00:00,INTERNET_BANK,NULL_CHECK,CHECK_290,HOURLY,SUCCESS,4352,852,22.45,43.74,123.63,2.5203,1.9806182016843266,False,False
EXEC-003025,2025-09-21 02:00:00,SCORING_ENGINE,RANGE_CHECK,CHECK_222,WEEKLY,FAILED,1640,72,9.5,12.05,132.89,2.207,4.753117291444326,True,True
EXEC-003026,2025-12-29 22:00:00,CREDIT_BUREAU,FRESHNESS_CHECK,CHECK_125,ON_DEMAND,SUCCESS,59619,8297,10.73,43.16,3770.45,2.882,0.7637726506580432,False,False
EXEC-003027,2026-03-11 23:00:00,PAYMENT_SYSTEM,FORMAT_CHECK,CHECK_923,HOURLY,SUCCESS,3554,520,16.11,42.33,962.02,2.0148,0.22235178310218795,False,False
EXEC-003028,2025-09-21 03:00:00,LOAN_REGISTRY,FORMAT_CHECK,CHECK_943,HOURLY,FAILED,57282,8,3.1,4.1,649.97,0.2301,0.5870405079770976,True,True
EXEC-003029,2025-10-02 05:00:00,PAYMENT_SYSTEM,SCHEMA_VALIDATION,CHECK_359,HOURLY,SUCCESS,1625,12,0.34,3.34,257.95,3.5359,2.8474298456229072,False,False
EXEC-003030,2025-10-10 15:00:00,LOAN_REGISTRY,ACCURACY_CHECK,CHECK_423,ON_DEMAND,SUCCESS,31483,29,2.48,39.75,562.8,3.0043,1.1982217218793862,False,False
EXEC-003031,2026-01-05 21:00:00,INTERNET_BANK,SCHEMA_VALIDATION,CHECK_991,ON_DEMAND,SKIPPED,1331276,0,2.74,44.11,846.9,1.9263,,False,False
EXEC-003032,2025-09-01 08:00:00,INTERNET_BANK,DUPLICATE_CHECK,CHECK_826,DAILY,FAILED,521,5201,5.94,31.27,182.46,2.7772,12.57273574736999,True,True
EXEC-003033,2025-10-31 18:00:00,PAYMENT_SYSTEM,COMPLETENESS_CHECK,CHECK_892,DAILY,SUCCESS,157395,48,10.78,45.48,221.49,1.4456,0.9941189702828379,False,False
EXEC-003034,2026-02-06 07:00:00,FRAUD_DETECTION,CONSISTENCY_CHECK,CHECK_386,HOURLY,SUCCESS,4611,2839,8.62,20.58,7162.01,2.5429,1.092547195720449,False,False
EXEC-003035,2025-10-08 06:00:00,SCORING_ENGINE,COMPLETENESS_CHECK,CHECK_861,ON_DEMAND,SUCCESS,49885,8,145.48,38.07,1679.27,4.2085,1.6101035964484962,False,False
EXEC-003036,2025-09-30 09:00:00,INTERNET_BANK,COMPLETENESS_CHECK,CHECK_517,ON_DEMAND,SUCCESS,293892,14,1.04,40.23,2886.14,0.5138,0.43081739195608126,False,False
EXEC-003037,2025-12-17 12:00:00,CRM_CLIENTS,NULL_CHECK,CHECK_911,ON_DEMAND,SUCCESS,10812,130,3.9,9.37,310.26,2.7623,2.0006189998459734,False,False
EXEC-003038,2025-11-03 11:00:00,PAYMENT_SYSTEM,REFERENTIAL_INTEGRITY,CHECK_214,ON_DEMAND,SUCCESS,354,18,22.17,44.15,3360.7,4.1041,1.4699554442513951,False,False
EXEC-003039,2026-01-24 21:00:00,MOBILE_APP,COMPLETENESS_CHECK,CHECK_607,WEEKLY,SUCCESS,14675,1,1.95,10.28,773.21,4.2482,0.8283733394602922,False,False
EXEC-003040,2025-09-28 14:00:00,INTERNET_BANK,NULL_CHECK,CHECK_213,HOURLY,SUCCESS,10652,21,1.53,29.07,436.81,0.0129,0.0037049662458925807,False,False
EXEC-003041,2025-09-15 21:00:00,SCORING_ENGINE,REFERENTIAL_INTEGRITY,CHECK_683,WEEKLY,SUCCESS,16616,61,14.92,5.47,461.63,1.7007,0.4814135012873135,False,False
EXEC-003042,2026-01-02 19:00:00,MOBILE_APP,CONSISTENCY_CHECK,CHECK_271,DAILY,FAILED,1821,4843,150.2,13.31,179.91,3.1559,15.117220899814068,True,False
EXEC-003043,2025-11-17 14:00:00,SCORING_ENGINE,RANGE_CHECK,CHECK_660,WEEKLY,SUCCESS,47322,46,20.56,23.43,149.95,2.7842,1.468571891319053,False,False
EXEC-003044,2026-01-29 09:00:00,LOAN_REGISTRY,FRESHNESS_CHECK,CHECK_927,DAILY,SUCCESS,15748,51,3.69,23.14,431.07,2.6451,0.8506165459935444,False,False
EXEC-003045,2025-09-19 04:00:00,SCORING_ENGINE,REFERENTIAL_INTEGRITY,CHECK_170,WEEKLY,SUCCESS,5066,146,5.22,18.87,1659.31,0.199,0.14940189064748213,False,False
EXEC-003046,2025-10-17 11:00:00,CREDIT_BUREAU,DUPLICATE_CHECK,CHECK_585,HOURLY,FAILED,137,118,7.7,31.35,328.33,1.8347,6.348054174507871,True,False
EXEC-003047,2025-11-08 03:00:00,MOBILE_APP,FORMAT_CHECK,CHECK_954,WEEKLY,TIMEOUT,10951,0,7.47,20.85,117.53,3.0602,,False,False
EXEC-003048,2025-09-15 23:00:00,CREDIT_BUREAU,REFERENTIAL_INTEGRITY,CHECK_106,WEEKLY,SUCCESS,78415,70,5.4,26.23,538.46,1.4981,0.7745508811349023,False,False
EXEC-003049,2025-09-12 04:00:00,FRAUD_DETECTION,DUPLICATE_CHECK,CHECK_565,ON_DEMAND,SUCCESS,80581,21,1.14,36.74,472.39,1.0439,0.45225672383638504,False,False
EXEC-003050,2026-02-05 19:00:00,CREDIT_BUREAU,ACCURACY_CHECK,CHECK_362,DAILY,SUCCESS,2162,3,0.53,13.41,486.1,4.1102,1.660796322240769,False,False
EXEC-003051,2025-09-25 04:00:00,CREDIT_BUREAU,ACCURACY_CHECK,CHECK_413,WEEKLY,FAILED,12004,2269,4.57,13.99,151.7,3.2686,12.881030360919857,True,True
EXEC-003052,2026-01-25 20:00:00,LOAN_REGISTRY,REFERENTIAL_INTEGRITY,CHECK_350,WEEKLY,SUCCESS,2970,0,11.58,71.72,300.74,4.493,0.4925549561886003,False,False
EXEC-003053,2025-12-17 03:00:00,SCORING_ENGINE,DUPLICATE_CHECK,CHECK_516,ON_DEMAND,SUCCESS,7616,5,31.58,54.06,1603.91,3.8303,2.1726759206391506,False,False
EXEC-003054,2025-09-06 00:00:00,PAYMENT_SYSTEM,NULL_CHECK,CHECK_155,WEEKLY,SUCCESS,24524,60,1.05,15.05,366.86,0.3738,0.25121217013473973,False,False
EXEC-003055,2025-09-02 13:00:00,LOAN_REGISTRY,RANGE_CHECK,CHECK_248,WEEKLY,FAILED,860,145,1.84,29.73,281.67,2.7761,6.195473839622678,True,True
EXEC-003056,2026-02-13 03:00:00,CRM_CLIENTS,RANGE_CHECK,CHECK_944,WEEKLY,SUCCESS,3964,13,4.43,47.99,238.82,1.3184,1.0741902107650045,False,False
EXEC-003057,2025-11-27 12:00:00,CRM_CLIENTS,RANGE_CHECK,CHECK_330,DAILY,FAILED,5895,0,17.98,19.09,185.47,4.8659,19.902145923806998,True,False
EXEC-003058,2025-09-30 13:00:00,CREDIT_BUREAU,CONSISTENCY_CHECK,CHECK_877,ON_DEMAND,FAILED,2401,209,12.33,34.79,300.44,2.5037,10.667672638274496,True,False
EXEC-003059,2026-02-20 02:00:00,SCORING_ENGINE,REFERENTIAL_INTEGRITY,CHECK_408,WEEKLY,SUCCESS,4912,75,25.64,48.67,175.16,3.3278,0.9545041075538213,False,False
EXEC-003060,2025-12-16 14:00:00,CREDIT_BUREAU,FRESHNESS_CHECK,CHECK_400,DAILY,SUCCESS,19404,0,2422.27,14.8,1729.29,0.0622,0.04870868226781075,False,False
EXEC-003061,2026-03-11 18:00:00,FRAUD_DETECTION,REFERENTIAL_INTEGRITY,CHECK_977,ON_DEMAND,FAILED,4266,4,11.05,48.0,531.02,3.1605,12.798220223297923,True,True
EXEC-003062,2025-12-21 16:00:00,FRAUD_DETECTION,ACCURACY_CHECK,CHECK_905,ON_DEMAND,SUCCESS,11575,35,1.49,34.22,1361.46,0.2291,0.10995394847593165,False,False
EXEC-003063,2025-12-10 00:00:00,MOBILE_APP,CONSISTENCY_CHECK,CHECK_234,WEEKLY,FAILED,1239,1071,22.69,37.75,1187.5,1.6731,4.72399504841319,True,False
EXEC-003064,2025-11-17 11:00:00,INTERNET_BANK,REFERENTIAL_INTEGRITY,CHECK_288,DAILY,SUCCESS,35063,0,7.72,17.23,386.51,0.7459,0.5608548997679621,False,False
EXEC-003065,2025-10-19 01:00:00,MOBILE_APP,NULL_CHECK,CHECK_469,DAILY,SUCCESS,5082,14,8.97,37.9,134.68,2.3551,0.703355020619163,False,False
EXEC-003066,2026-03-13 16:00:00,INTERNET_BANK,CONSISTENCY_CHECK,CHECK_247,HOURLY,SUCCESS,1479,714,3.06,36.66,463.82,4.4385,1.6479525527452716,False,False
EXEC-003067,2026-02-26 03:00:00,FRAUD_DETECTION,REFERENTIAL_INTEGRITY,CHECK_195,WEEKLY,SUCCESS,117480,5,7.4,53.04,240.23,3.1182,0.3156328365760655,False,False
EXEC-003068,2026-02-07 20:00:00,CRM_CLIENTS,SCHEMA_VALIDATION,CHECK_763,WEEKLY,SUCCESS,47766,2,5.18,27.21,331.43,1.1954,0.3239915345141064,False,False
EXEC-003069,2026-01-20 00:00:00,SCORING_ENGINE,FORMAT_CHECK,CHECK_506,ON_DEMAND,SUCCESS,129239,11655,6.27,60.63,971.15,3.1395,1.7082353012794296,False,False
EXEC-003070,2026-03-09 13:00:00,CRM_CLIENTS,RANGE_CHECK,CHECK_115,HOURLY,SUCCESS,53197,0,42.06,10.21,738.32,2.9463,1.9988118448060277,False,False
EXEC-003071,2025-11-12 19:00:00,SCORING_ENGINE,SCHEMA_VALIDATION,CHECK_247,WEEKLY,SUCCESS,27116,30,0.65,32.31,388.21,2.6385,0.5142908995507989,False,False
EXEC-003072,2026-01-19 16:00:00,CREDIT_BUREAU,REFERENTIAL_INTEGRITY,CHECK_450,HOURLY,SUCCESS,747,96,8.66,6.4,650.41,1.3675,0.8666684794802424,False,False
EXEC-003073,2025-12-27 15:00:00,CRM_CLIENTS,ACCURACY_CHECK,CHECK_285,WEEKLY,SUCCESS,165252,846,22.33,28.89,531.17,2.1154,1.214787220743936,False,False
EXEC-003074,2025-10-15 21:00:00,PAYMENT_SYSTEM,ACCURACY_CHECK,CHECK_319,ON_DEMAND,SUCCESS,7793,493,0.55,48.7,367.65,2.0865,1.4082031331904457,False,False
EXEC-003075,2025-11-27 18:00:00,MOBILE_APP,CONSISTENCY_CHECK,CHECK_701,HOURLY,SUCCESS,13816,436,4.64,54.88,129.84,1.1579,0.6885042914640104,False,False
EXEC-003076,2025-12-05 05:00:00,CREDIT_BUREAU,CONSISTENCY_CHECK,CHECK_376,HOURLY,SUCCESS,3668,129,2.38,36.67,1075.73,3.4792,2.8724918001902626,False,False
EXEC-003077,2026-02-09 04:00:00,LOAN_REGISTRY,ACCURACY_CHECK,CHECK_873,HOURLY,SKIPPED,874,0,45.38,19.6,89.06,4.0371,,False,False
EXEC-003078,2025-10-10 10:00:00,LOAN_REGISTRY,COMPLETENESS_CHECK,CHECK_184,HOURLY,SUCCESS,5568,1126,371.61,1.93,306.7,1.3265,1.145234177348988,False,False
EXEC-003079,2026-01-20 02:00:00,INTERNET_BANK,FRESHNESS_CHECK,CHECK_245,ON_DEMAND,SUCCESS,33346,11715,12.98,3.22,514.87,4.5573,1.5661274941249046,False,False
EXEC-003080,2025-10-01 01:00:00,CRM_CLIENTS,CONSISTENCY_CHECK,CHECK_850,HOURLY,SUCCESS,13839,13,10.01,12.91,640.37,3.9999,2.7487648834359786,False,False
EXEC-003081,2026-02-23 16:00:00,MOBILE_APP,DUPLICATE_CHECK,CHECK_780,DAILY,SUCCESS,76609,0,2.34,36.37,2088.93,4.2312,2.64394789526876,False,False
EXEC-003082,2025-10-19 05:00:00,SCORING_ENGINE,COMPLETENESS_CHECK,CHECK_847,HOURLY,SUCCESS,1875,400,4.26,24.71,491.59,3.9111,2.197246262637576,False,False
EXEC-003083,2026-02-09 20:00:00,SCORING_ENGINE,SCHEMA_VALIDATION,CHECK_117,WEEKLY,SUCCESS,20802,23,0.67,15.05,303.19,4.8026,1.2718167428202931,False,False
EXEC-003084,2025-11-09 00:00:00,FRAUD_DETECTION,SCHEMA_VALIDATION,CHECK_697,WEEKLY,FAILED,293391,232,7.46,26.81,62.13,0.7364,1.931425090299876,True,True
EXEC-003085,2025-12-16 02:00:00,INTERNET_BANK,REFERENTIAL_INTEGRITY,CHECK_378,ON_DEMAND,SUCCESS,564913,19275,3.46,13.05,683.87,0.4481,0.10211057715770912,False,False
EXEC-003086,2026-03-03 18:00:00,INTERNET_BANK,CONSISTENCY_CHECK,CHECK_412,WEEKLY,SUCCESS,3732,0,2.58,10.87,282.07,4.425,2.2311915913682365,False,False
EXEC-003087,2025-09-29 05:00:00,FRAUD_DETECTION,FORMAT_CHECK,CHECK_859,DAILY,SUCCESS,3887,37,0.34,28.01,241.93,2.4292,0.7477739720868845,False,False
EXEC-003088,2025-11-12 18:00:00,CRM_CLIENTS,NULL_CHECK,CHECK_943,DAILY,SUCCESS,14165,259,85.97,14.51,2520.56,1.5141,0.8349738184271153,False,False
EXEC-003089,2025-09-25 03:00:00,SCORING_ENGINE,CONSISTENCY_CHECK,CHECK_556,WEEKLY,SUCCESS,27467,9,6.24,19.2,3487.8,4.584,1.8332125040229548,False,False
EXEC-003090,2025-09-13 02:00:00,MOBILE_APP,RANGE_CHECK,CHECK_916,ON_DEMAND,TIMEOUT,12971,0,2.31,24.5,611.39,1.9696,,False,False
EXEC-003091,2025-11-28 00:00:00,PAYMENT_SYSTEM,REFERENTIAL_INTEGRITY,CHECK_962,WEEKLY,TIMEOUT,49269,0,1.85,41.22,278.26,0.6824,,False,False
EXEC-003092,2025-12-23 10:00:00,MOBILE_APP,RANGE_CHECK,CHECK_585,WEEKLY,SUCCESS,1817,11855,62.78,22.92,116.26,0.4851,0.1276638304563971,False,False
EXEC-003093,2025-09-16 11:00:00,LOAN_REGISTRY,REFERENTIAL_INTEGRITY,CHECK_284,WEEKLY,SUCCESS,24772,3,2.98,29.47,86.37,2.6211,0.6116469846487106,False,False
EXEC-003094,2025-10-23 11:00:00,CREDIT_BUREAU,NULL_CHECK,CHECK_484,HOURLY,SUCCESS,85,166,10.07,31.58,232.78,0.0898,0.01947276337557217,False,False
EXEC-003095,2025-12-30 01:00:00,SCORING_ENGINE,RANGE_CHECK,CHECK_731,HOURLY,SUCCESS,578,22,3.29,40.86,190.85,4.7566,0.5895683829696848,False,False
EXEC-003096,2026-03-11 15:00:00,FRAUD_DETECTION,RANGE_CHECK,CHECK_123,ON_DEMAND,SUCCESS,5539,63,12.08,22.77,1535.96,0.557,0.4808681170336875,False,False
EXEC-003097,2026-01-16 15:00:00,CRM_CLIENTS,SCHEMA_VALIDATION,CHECK_313,HOURLY,SUCCESS,28548,38842,8.36,16.4,596.68,1.8531,1.578289160278965,False,False
EXEC-003098,2025-11-15 16:00:00,SCORING_ENGINE,CONSISTENCY_CHECK,CHECK_790,DAILY,FAILED,52459,7,15.86,43.11,522.56,1.5734,5.869238803800403,True,True
EXEC-003099,2025-11-02 12:00:00,SCORING_ENGINE,FORMAT_CHECK,CHECK_287,DAILY,FAILED,889,1653,5.21,34.3,830.71,1.9555,7.538029224742142,True,True
EXEC-003100,2025-09-24 10:00:00,CRM_CLIENTS,FORMAT_CHECK,CHECK_530,HOURLY,SUCCESS,2599,12,7.1,39.27,440.52,3.7281,0.42779817991706703,False,False
EXEC-003101,2026-02-07 20:00:00,PAYMENT_SYSTEM,REFERENTIAL_INTEGRITY,CHECK_756,ON_DEMAND,SUCCESS,12137,226,0.93,23.95,158.11,2.5722,1.3204565374237287,False,False
EXEC-003102,2025-12-11 07:00:00,LOAN_REGISTRY,FORMAT_CHECK,CHECK_740,DAILY,SUCCESS,9107,6,87.09,12.88,76.7,0.4425,0.1502711729325657,False,False
EXEC-003103,2025-11-12 19:00:00,PAYMENT_SYSTEM,FRESHNESS_CHECK,CHECK_461,DAILY,SUCCESS,38396,5,1.69,13.12,1284.26,0.4847,0.41301704998358574,False,False
EXEC-003104,2026-01-01 20:00:00,PAYMENT_SYSTEM,FORMAT_CHECK,CHECK_423,HOURLY,SUCCESS,3322,140,16.4,28.35,448.99,1.533,1.3166306257043683,False,False
EXEC-003105,2026-01-28 10:00:00,INTERNET_BANK,RANGE_CHECK,CHECK_196,ON_DEMAND,SUCCESS,3598,297,32.85,27.41,1743.62,1.0179,0.22686591687644977,False,False
EXEC-003106,2025-11-27 09:00:00,FRAUD_DETECTION,DUPLICATE_CHECK,CHECK_330,HOURLY,FAILED,32765,14,2.4,13.09,610.47,2.4329,8.475240176314186,True,True
EXEC-003107,2026-02-26 20:00:00,LOAN_REGISTRY,NULL_CHECK,CHECK_233,HOURLY,SUCCESS,21725,31,7.12,21.3,469.15,4.8206,3.759600388562026,False,False
EXEC-003108,2025-11-22 14:00:00,PAYMENT_SYSTEM,FORMAT_CHECK,CHECK_581,HOURLY,SUCCESS,92383,6,43.96,33.84,1960.02,3.4317,2.015075592144195,False,False
EXEC-003109,2025-12-25 03:00:00,SCORING_ENGINE,RANGE_CHECK,CHECK_518,HOURLY,TIMEOUT,609,0,0.85,15.54,1114.1,4.502,,False,False
EXEC-003110,2025-10-22 16:00:00,SCORING_ENGINE,ACCURACY_CHECK,CHECK_180,ON_DEMAND,SUCCESS,2794,4,3.45,64.94,317.55,2.6794,1.1211157504074,False,False
EXEC-003111,2026-01-22 14:00:00,FRAUD_DETECTION,ACCURACY_CHECK,CHECK_767,ON_DEMAND,SUCCESS,1939,95,4.61,22.01,295.32,3.2301,2.0443177035762856,False,False
EXEC-003112,2026-02-28 21:00:00,LOAN_REGISTRY,REFERENTIAL_INTEGRITY,CHECK_576,WEEKLY,SUCCESS,4350,19,42.49,15.2,82.57,1.358,1.2015368097145331,False,False
EXEC-003113,2025-09-21 15:00:00,MOBILE_APP,COMPLETENESS_CHECK,CHECK_717,HOURLY,SUCCESS,5018,20,12.17,50.34,562.5,0.7362,0.5214291187742873,False,False
EXEC-003114,2026-01-17 10:00:00,CREDIT_BUREAU,SCHEMA_VALIDATION,CHECK_937,HOURLY,SUCCESS,12467,478,10.99,16.04,1487.69,0.4516,0.16315356428609748,False,False
EXEC-003115,2025-12-03 04:00:00,CRM_CLIENTS,REFERENTIAL_INTEGRITY,CHECK_407,HOURLY,SUCCESS,901,759,1.09,12.23,367.7,1.9237,1.4829769340225587,False,False
EXEC-003116,2026-03-06 06:00:00,MOBILE_APP,DUPLICATE_CHECK,CHECK_837,HOURLY,SUCCESS,44546,3,10.07,25.44,2068.51,1.2517,1.003455849786073,False,False
EXEC-003117,2026-01-27 14:00:00,SCORING_ENGINE,NULL_CHECK,CHECK_670,HOURLY,SUCCESS,29897,319,1.24,28.33,2950.48,0.6897,0.29776999588538067,False,False
EXEC-003118,2025-09-14 06:00:00,MOBILE_APP,ACCURACY_CHECK,CHECK_124,HOURLY,SUCCESS,3604,153,3.05,34.23,352.8,4.5975,3.7342380953984162,False,False
EXEC-003119,2026-01-25 12:00:00,CRM_CLIENTS,FRESHNESS_CHECK,CHECK_793,HOURLY,SUCCESS,305,12,16.72,26.45,561.69,0.6793,0.12723455952030338,False,False
EXEC-003120,2026-01-31 20:00:00,CREDIT_BUREAU,FRESHNESS_CHECK,CHECK_237,ON_DEMAND,TIMEOUT,260508,0,0.73,22.76,627.0,0.2597,,False,False
EXEC-003121,2025-11-06 03:00:00,FRAUD_DETECTION,ACCURACY_CHECK,CHECK_376,ON_DEMAND,SUCCESS,6343,582,2.3,2.93,561.37,0.4222,0.10520259797351705,False,False
EXEC-003122,2026-03-07 00:00:00,SCORING_ENGINE,FRESHNESS_CHECK,CHECK_453,ON_DEMAND,SUCCESS,11283,2,2.28,13.47,328.0,0.0359,0.008880149460551025,False,False
EXEC-003123,2025-11-14 18:00:00,SCORING_ENGINE,CONSISTENCY_CHECK,CHECK_947,WEEKLY,SKIPPED,37053,0,51.13,64.63,1247.47,1.0981,,False,False
EXEC-003124,2025-11-25 19:00:00,CREDIT_BUREAU,REFERENTIAL_INTEGRITY,CHECK_808,HOURLY,SUCCESS,9468,988,1.12,43.62,57.07,1.2224,0.4669210227035763,False,False
EXEC-003125,2025-12-12 06:00:00,PAYMENT_SYSTEM,NULL_CHECK,CHECK_467,HOURLY,TIMEOUT,193,0,71.39,4.86,2154.66,3.3077,,False,False
EXEC-003126,2026-03-04 23:00:00,FRAUD_DETECTION,ACCURACY_CHECK,CHECK_698,HOURLY,SUCCESS,5565,33,2.75,58.48,932.32,0.6339,0.5672920578148459,False,False
EXEC-003127,2026-02-19 19:00:00,FRAUD_DETECTION,DUPLICATE_CHECK,CHECK_653,WEEKLY,SUCCESS,8271,39,59.05,10.13,746.78,1.0415,0.5568089268272981,False,False
EXEC-003128,2025-11-06 15:00:00,PAYMENT_SYSTEM,ACCURACY_CHECK,CHECK_459,ON_DEMAND,SUCCESS,12063,268,4.64,9.68,625.63,4.5256,2.893770556106492,False,False
EXEC-003129,2026-03-06 18:00:00,FRAUD_DETECTION,ACCURACY_CHECK,CHECK_214,DAILY,TIMEOUT,251,0,53.84,40.96,93.79,0.1809,,False,False
EXEC-003130,2025-12-13 15:00:00,PAYMENT_SYSTEM,COMPLETENESS_CHECK,CHECK_491,ON_DEMAND,SUCCESS,1302,342,5.77,6.43,617.99,0.2441,0.08431926728197543,False,False
EXEC-003131,2025-10-31 08:00:00,CREDIT_BUREAU,REFERENTIAL_INTEGRITY,CHECK_137,HOURLY,SUCCESS,1321,21,14.76,24.08,228.54,2.049,1.676514797249178,False,False
EXEC-003132,2025-12-18 12:00:00,PAYMENT_SYSTEM,FRESHNESS_CHECK,CHECK_234,WEEKLY,SUCCESS,3112,685,17.61,61.13,500.63,4.3271,3.742356324234331,False,False
EXEC-003133,2025-11-17 18:00:00,INTERNET_BANK,CONSISTENCY_CHECK,CHECK_208,ON_DEMAND,SUCCESS,3018,357,186.19,22.22,93.49,4.9188,3.391474269684447,False,False
EXEC-003134,2026-01-09 14:00:00,PAYMENT_SYSTEM,COMPLETENESS_CHECK,CHECK_208,WEEKLY,SUCCESS,120581,121,16.5,16.5,909.93,0.7601,0.6161915973324251,False,False
EXEC-003135,2025-12-11 16:00:00,MOBILE_APP,FRESHNESS_CHECK,CHECK_688,ON_DEMAND,SUCCESS,324595,516,3.07,77.69,321.73,3.0667,2.162619306904031,False,False
EXEC-003136,2026-01-17 13:00:00,LOAN_REGISTRY,COMPLETENESS_CHECK,CHECK_783,WEEKLY,FAILED,33953,3065,6.08,19.2,61.55,0.0338,0.056515930688481965,True,False
EXEC-003137,2025-10-18 01:00:00,SCORING_ENGINE,REFERENTIAL_INTEGRITY,CHECK_213,DAILY,SKIPPED,171,0,3.24,22.25,270.4,4.7603,,False,False
EXEC-003138,2026-03-04 09:00:00,SCORING_ENGINE,FRESHNESS_CHECK,CHECK_427,ON_DEMAND,SUCCESS,12933,2072,24.33,46.79,417.43,3.0026,2.5255773514407203,False,False
EXEC-003139,2025-09-17 04:00:00,MOBILE_APP,SCHEMA_VALIDATION,CHECK_649,WEEKLY,SUCCESS,11545,22,6.2,12.76,354.57,1.2143,0.23022879471722807,False,False
EXEC-003140,2025-12-22 22:00:00,SCORING_ENGINE,COMPLETENESS_CHECK,CHECK_695,ON_DEMAND,SUCCESS,168009,87,4.37,66.59,3167.76,2.463,2.1134653773619543,False,False
EXEC-003141,2025-12-24 00:00:00,LOAN_REGISTRY,SCHEMA_VALIDATION,CHECK_961,WEEKLY,SUCCESS,3509,1,2.99,6.36,427.02,3.1542,1.1514742557449305,False,False
EXEC-003142,2025-09-19 02:00:00,CREDIT_BUREAU,ACCURACY_CHECK,CHECK_193,ON_DEMAND,SUCCESS,2534,13228,0.65,6.77,1797.0,0.0625,0.015175623212522506,False,False
EXEC-003143,2026-01-31 01:00:00,SCORING_ENGINE,NULL_CHECK,CHECK_274,WEEKLY,SUCCESS,6343,27,43.0,52.98,641.11,0.3691,0.30982110174261834,False,False
EXEC-003144,2026-01-30 15:00:00,CREDIT_BUREAU,SCHEMA_VALIDATION,CHECK_924,HOURLY,FAILED,434,9,1.87,33.1,905.37,4.8503,16.78954963488714,True,True
EXEC-003145,2025-12-04 10:00:00,PAYMENT_SYSTEM,FORMAT_CHECK,CHECK_540,HOURLY,SUCCESS,12830,19,8.26,5.39,259.21,3.8978,1.4053767901858008,False,False
EXEC-003146,2025-09-18 02:00:00,CREDIT_BUREAU,FORMAT_CHECK,CHECK_653,WEEKLY,SUCCESS,1873,1385,226.78,24.12,520.8,2.65,0.5228728541010844,False,False
EXEC-003147,2026-01-13 07:00:00,INTERNET_BANK,FRESHNESS_CHECK,CHECK_514,HOURLY,SUCCESS,17805,59,2.94,19.84,371.54,1.1467,0.690664515633001,False,False
EXEC-003148,2026-01-01 21:00:00,CRM_CLIENTS,FRESHNESS_CHECK,CHECK_875,ON_DEMAND,SUCCESS,41667,335,5.42,42.68,1081.49,0.4182,0.27014549819852457,False,False
EXEC-003149,2026-02-01 06:00:00,CRM_CLIENTS,COMPLETENESS_CHECK,CHECK_819,ON_DEMAND,SUCCESS,5407,4,0.99,25.37,90.66,3.9416,1.9157440018034677,False,False
EXEC-003150,2025-12-24 12:00:00,MOBILE_APP,REFERENTIAL_INTEGRITY,CHECK_392,ON_DEMAND,SUCCESS,261,2,23.69,34.46,696.54,4.432,0.813635824562379,False,False
EXEC-003151,2025-12-30 07:00:00,SCORING_ENGINE,FRESHNESS_CHECK,CHECK_850,HOURLY,SUCCESS,1427,13,24.81,57.08,271.01,1.2795,0.9809946915985969,False,False
EXEC-003152,2025-09-28 07:00:00,CREDIT_BUREAU,SCHEMA_VALIDATION,CHECK_721,ON_DEMAND,SUCCESS,677,15,2.15,30.39,181.98,0.8153,0.4353990266134829,False,False
EXEC-003153,2026-01-03 07:00:00,FRAUD_DETECTION,ACCURACY_CHECK,CHECK_921,HOURLY,SUCCESS,23182,406,36.26,25.98,682.61,4.8172,2.9521173571783423,False,False
EXEC-003154,2026-01-14 12:00:00,INTERNET_BANK,REFERENTIAL_INTEGRITY,CHECK_648,DAILY,SUCCESS,193910,8,2.0,35.19,61.22,2.2252,0.22853981154658384,False,False
EXEC-003155,2025-10-25 10:00:00,SCORING_ENGINE,REFERENTIAL_INTEGRITY,CHECK_523,ON_DEMAND,SUCCESS,27550,106,2.79,9.97,3356.98,3.8334,2.4586556976691427,False,False
EXEC-003156,2025-11-10 07:00:00,MOBILE_APP,NULL_CHECK,CHECK_361,WEEKLY,SUCCESS,1666,17,14.98,28.01,861.95,2.1705,0.9475361356106049,False,False
EXEC-003157,2026-03-12 16:00:00,LOAN_REGISTRY,CONSISTENCY_CHECK,CHECK_590,DAILY,SUCCESS,408,55,17.87,28.95,993.53,1.3428,0.3231846861661565,False,False
EXEC-003158,2025-11-02 09:00:00,FRAUD_DETECTION,ACCURACY_CHECK,CHECK_669,ON_DEMAND,SUCCESS,4820,0,0.56,34.24,1222.64,2.4044,0.4360079483545009,False,False
EXEC-003159,2025-09-04 07:00:00,MOBILE_APP,CONSISTENCY_CHECK,CHECK_538,WEEKLY,SUCCESS,4713,170,8.42,11.55,1134.38,2.2522,0.8413580170466857,False,False
EXEC-003160,2025-09-12 14:00:00,CRM_CLIENTS,FORMAT_CHECK,CHECK_910,HOURLY,SUCCESS,6180,14,7.01,27.69,513.69,2.6155,1.5318667304114033,False,False
EXEC-003161,2026-03-04 14:00:00,MOBILE_APP,REFERENTIAL_INTEGRITY,CHECK_999,WEEKLY,SUCCESS,63008,107,1.95,46.31,572.27,4.4978,1.3807500209365373,False,False
EXEC-003162,2025-12-23 18:00:00,PAYMENT_SYSTEM,NULL_CHECK,CHECK_626,HOURLY,FAILED,573,241,7.92,57.71,1087.9,0.5429,1.4125710636982087,True,True
EXEC-003163,2025-12-20 18:00:00,SCORING_ENGINE,CONSISTENCY_CHECK,CHECK_790,WEEKLY,SUCCESS,16257,32,3.39,51.4,468.49,2.6018,0.28673845655932834,False,False
EXEC-003164,2025-10-07 13:00:00,CREDIT_BUREAU,RANGE_CHECK,CHECK_531,ON_DEMAND,SUCCESS,234023,24,15.67,35.64,959.94,0.3157,0.13986082439937442,False,False
EXEC-003165,2025-09-15 12:00:00,CREDIT_BUREAU,SCHEMA_VALIDATION,CHECK_229,WEEKLY,FAILED,1005,1,23.1,40.46,286.42,3.0406,7.18662950482668,True,True
EXEC-003166,2026-02-16 09:00:00,SCORING_ENGINE,CONSISTENCY_CHECK,CHECK_319,WEEKLY,SUCCESS,9536,2829,59.1,34.56,1324.98,2.9637,0.8034276196299056,False,False
EXEC-003167,2025-12-15 15:00:00,SCORING_ENGINE,RANGE_CHECK,CHECK_574,ON_DEMAND,TIMEOUT,14195,0,89.34,10.01,610.73,4.653,,False,False
EXEC-003168,2025-09-10 09:00:00,FRAUD_DETECTION,NULL_CHECK,CHECK_488,WEEKLY,SKIPPED,5870,0,20.82,29.46,141.71,4.2255,,False,False
EXEC-003169,2025-10-05 17:00:00,MOBILE_APP,NULL_CHECK,CHECK_160,HOURLY,FAILED,176714,379,12.65,15.21,1097.59,1.0793,5.33259799559646,True,True
EXEC-003170,2025-11-19 17:00:00,MOBILE_APP,NULL_CHECK,CHECK_109,ON_DEMAND,TIMEOUT,3415,0,19.39,20.68,69.85,2.0369,,False,False
EXEC-003171,2025-10-05 00:00:00,CREDIT_BUREAU,REFERENTIAL_INTEGRITY,CHECK_612,DAILY,FAILED,88991,21,2.77,17.31,575.61,0.7887,3.9169377042198406,True,True
EXEC-003172,2025-09-29 10:00:00,LOAN_REGISTRY,REFERENTIAL_INTEGRITY,CHECK_638,ON_DEMAND,TIMEOUT,70907,0,27.83,25.73,3871.65,3.4771,,False,False
EXEC-003173,2025-10-05 04:00:00,PAYMENT_SYSTEM,FRESHNESS_CHECK,CHECK_375,DAILY,SUCCESS,724,3,4.05,20.29,189.12,2.9348,1.0790669938811694,False,False
EXEC-003174,2026-02-05 22:00:00,PAYMENT_SYSTEM,COMPLETENESS_CHECK,CHECK_419,WEEKLY,TIMEOUT,18831,0,13.46,69.85,470.18,4.3371,,False,False
EXEC-003175,2026-02-21 05:00:00,SCORING_ENGINE,COMPLETENESS_CHECK,CHECK_567,HOURLY,SUCCESS,25454,84,7.41,66.64,89.91,3.4146,0.6246844631601951,False,False
EXEC-003176,2026-01-11 09:00:00,MOBILE_APP,NULL_CHECK,CHECK_365,DAILY,SUCCESS,87918,0,3.6,21.07,182.72,0.4697,0.07898463985949015,False,False
EXEC-003177,2025-10-03 08:00:00,INTERNET_BANK,FRESHNESS_CHECK,CHECK_124,WEEKLY,SUCCESS,1593,25,0.52,34.39,248.01,0.3837,0.07743372080789057,False,False
EXEC-003178,2025-09-07 12:00:00,PAYMENT_SYSTEM,NULL_CHECK,CHECK_623,ON_DEMAND,SUCCESS,9209,4,2.52,9.96,140.8,0.3125,0.17538293153707568,False,False
EXEC-003179,2025-10-19 13:00:00,MOBILE_APP,SCHEMA_VALIDATION,CHECK_867,DAILY,SUCCESS,22584,46,4.72,30.56,216.58,1.0821,0.2212107105145171,False,False
EXEC-003180,2025-12-22 03:00:00,MOBILE_APP,SCHEMA_VALIDATION,CHECK_336,ON_DEMAND,FAILED,2291,737,1.22,22.0,126.52,4.9293,7.611268977912331,True,True
EXEC-003181,2025-12-10 16:00:00,PAYMENT_SYSTEM,SCHEMA_VALIDATION,CHECK_548,HOURLY,SUCCESS,57945,1,23.04,9.51,129.75,1.1587,0.15434484375939997,False,False
EXEC-003182,2026-01-30 22:00:00,SCORING_ENGINE,SCHEMA_VALIDATION,CHECK_940,HOURLY,SUCCESS,131,204,15.74,58.87,1122.11,1.8004,1.1012766757779735,False,False
EXEC-003183,2026-01-11 19:00:00,INTERNET_BANK,CONSISTENCY_CHECK,CHECK_773,ON_DEMAND,SUCCESS,3984,150,4.46,4.36,1269.75,2.7849,0.6009065533946117,False,False
EXEC-003184,2025-09-19 10:00:00,SCORING_ENGINE,FORMAT_CHECK,CHECK_670,DAILY,SUCCESS,717,1483,6.3,50.17,64.8,1.7363,0.2506342291149445,False,False
EXEC-003185,2025-10-31 11:00:00,MOBILE_APP,COMPLETENESS_CHECK,CHECK_190,DAILY,SUCCESS,1233,5260,3.53,9.35,215.49,0.7576,0.5657862338196152,False,False
EXEC-003186,2025-10-28 09:00:00,CREDIT_BUREAU,FORMAT_CHECK,CHECK_678,ON_DEMAND,SUCCESS,21780,9768,3.14,36.56,2662.18,3.5085,1.4097569961211347,False,False
EXEC-003187,2025-09-09 02:00:00,LOAN_REGISTRY,SCHEMA_VALIDATION,CHECK_212,WEEKLY,SUCCESS,373141,142,4.84,23.46,336.69,4.1135,2.383081990023875,False,False
EXEC-003188,2026-01-17 14:00:00,CREDIT_BUREAU,SCHEMA_VALIDATION,CHECK_685,ON_DEMAND,SUCCESS,14962,254,12.6,33.47,1127.06,3.4623,0.708909814498817,False,False
EXEC-003189,2026-01-05 14:00:00,INTERNET_BANK,FRESHNESS_CHECK,CHECK_133,WEEKLY,SUCCESS,1048,123,7.18,28.95,317.96,3.0739,1.2648638771261103,False,False
EXEC-003190,2025-11-19 19:00:00,SCORING_ENGINE,SCHEMA_VALIDATION,CHECK_602,HOURLY,SUCCESS,545,24,2.89,18.26,1319.7,0.9255,0.4169337326109485,False,False
EXEC-003191,2025-12-17 13:00:00,SCORING_ENGINE,SCHEMA_VALIDATION,CHECK_398,DAILY,SUCCESS,6014,73,31.58,31.26,1485.27,3.3889,2.5931592988728767,False,False
EXEC-003192,2025-12-01 11:00:00,LOAN_REGISTRY,COMPLETENESS_CHECK,CHECK_734,ON_DEMAND,SUCCESS,11517,1369,4.38,15.15,659.84,1.4901,0.8482317095175093,False,False
EXEC-003193,2025-09-29 09:00:00,LOAN_REGISTRY,NULL_CHECK,CHECK_966,ON_DEMAND,SUCCESS,2218,309831,12.2,21.5,510.47,3.6651,3.296774051562415,False,False
EXEC-003194,2025-10-31 11:00:00,CREDIT_BUREAU,RANGE_CHECK,CHECK_680,HOURLY,SUCCESS,24229,10,14.54,48.23,231.92,4.9944,1.318645126634027,False,False
EXEC-003195,2025-09-01 05:00:00,PAYMENT_SYSTEM,DUPLICATE_CHECK,CHECK_233,HOURLY,SUCCESS,219346,84,5.25,21.1,42.77,1.82,0.23038699086646405,False,False
EXEC-003196,2025-09-29 05:00:00,INTERNET_BANK,RANGE_CHECK,CHECK_187,ON_DEMAND,SUCCESS,3059,13,1.64,14.37,325.83,3.939,2.32526653368299,False,False
EXEC-003197,2025-10-17 03:00:00,INTERNET_BANK,FORMAT_CHECK,CHECK_547,WEEKLY,SKIPPED,2046,0,3.83,48.68,268.52,2.5503,,False,False
EXEC-003198,2025-11-02 04:00:00,INTERNET_BANK,FRESHNESS_CHECK,CHECK_407,DAILY,TIMEOUT,5395,0,4.4,33.71,113.54,1.8181,,False,False
EXEC-003199,2026-01-28 09:00:00,INTERNET_BANK,FRESHNESS_CHECK,CHECK_144,WEEKLY,SUCCESS,698,91,1.83,6.87,282.71,2.3037,1.0611945290735671,False,False
EXEC-003200,2025-12-17 02:00:00,CREDIT_BUREAU,FRESHNESS_CHECK,CHECK_151,WEEKLY,SUCCESS,2170,194,21.23,17.23,366.62,4.8533,3.8894960233338858,False,False
EXEC-003201,2026-03-13 03:00:00,SCORING_ENGINE,CONSISTENCY_CHECK,CHECK_513,ON_DEMAND,SKIPPED,15558,0,19.67,16.24,814.61,3.305,,False,False
EXEC-003202,2025-12-31 23:00:00,FRAUD_DETECTION,FORMAT_CHECK,CHECK_684,WEEKLY,SUCCESS,946,23,28.61,24.94,739.18,2.0881,1.5472097826426292,False,False
EXEC-003203,2025-09-21 07:00:00,SCORING_ENGINE,FRESHNESS_CHECK,CHECK_854,WEEKLY,SKIPPED,41278,0,2.59,20.03,275.83,4.5901,,False,False
EXEC-003204,2025-09-04 14:00:00,PAYMENT_SYSTEM,SCHEMA_VALIDATION,CHECK_843,DAILY,SUCCESS,41058,26994,2.89,43.04,2549.64,2.1439,1.5897651518451077,False,False
EXEC-003205,2025-10-24 21:00:00,CREDIT_BUREAU,FRESHNESS_CHECK,CHECK_882,HOURLY,SUCCESS,1386,1,8.38,4.0,1221.49,1.539,0.9291454395471286,False,False
EXEC-003206,2026-01-21 13:00:00,CRM_CLIENTS,SCHEMA_VALIDATION,CHECK_641,DAILY,FAILED,51709,16,0.72,27.41,1060.21,4.0183,16.754775043865273,True,True
EXEC-003207,2025-09-18 07:00:00,LOAN_REGISTRY,DUPLICATE_CHECK,CHECK_943,DAILY,SUCCESS,3632,9,13.7,33.18,121.62,2.0786,1.1080533484914898,False,False
EXEC-003208,2025-09-27 22:00:00,MOBILE_APP,FRESHNESS_CHECK,CHECK_886,ON_DEMAND,SKIPPED,418163,0,2.6,49.86,599.63,2.8251,,False,False
EXEC-003209,2025-12-19 01:00:00,SCORING_ENGINE,RANGE_CHECK,CHECK_306,ON_DEMAND,SUCCESS,12604,1,18.62,12.81,1145.6,1.1305,0.34955010980577567,False,False
EXEC-003210,2025-10-08 21:00:00,FRAUD_DETECTION,DUPLICATE_CHECK,CHECK_502,HOURLY,SUCCESS,511,18,19.12,6.36,166.43,1.5404,0.3345913097920522,False,False
EXEC-003211,2025-12-25 02:00:00,FRAUD_DETECTION,SCHEMA_VALIDATION,CHECK_722,DAILY,SUCCESS,1249,191,23.32,7.73,1150.6,3.2153,1.29178815317513,False,False
EXEC-003212,2025-11-13 05:00:00,SCORING_ENGINE,DUPLICATE_CHECK,CHECK_847,DAILY,SUCCESS,2360,129,85.78,23.08,194.39,2.4915,0.9242657378753034,False,False
EXEC-003213,2025-11-02 11:00:00,CREDIT_BUREAU,FRESHNESS_CHECK,CHECK_740,ON_DEMAND,SKIPPED,3777,0,1.93,27.4,182.69,2.4056,,False,False
EXEC-003214,2025-12-28 10:00:00,CREDIT_BUREAU,ACCURACY_CHECK,CHECK_230,WEEKLY,FAILED,13731,1011,18.31,52.67,369.85,2.5269,9.911251917425597,True,False
EXEC-003215,2025-11-28 14:00:00,CRM_CLIENTS,DUPLICATE_CHECK,CHECK_953,HOURLY,SUCCESS,1997,827,1.6,34.27,815.05,0.4852,0.15711341631677148,False,False
EXEC-003216,2026-01-29 05:00:00,INTERNET_BANK,ACCURACY_CHECK,CHECK_302,ON_DEMAND,SUCCESS,34324,65,6.56,13.21,276.55,0.707,0.6259586096335845,False,False
EXEC-003217,2025-12-25 23:00:00,INTERNET_BANK,FORMAT_CHECK,CHECK_904,HOURLY,FAILED,9292,18,1.08,53.49,53.11,4.7918,12.263376241028944,True,False
EXEC-003218,2025-09-11 22:00:00,MOBILE_APP,CONSISTENCY_CHECK,CHECK_433,HOURLY,SUCCESS,87853,59,24.48,12.69,1834.68,4.2432,1.010314102643391,False,False
EXEC-003219,2026-01-28 12:00:00,CREDIT_BUREAU,FORMAT_CHECK,CHECK_335,HOURLY,SKIPPED,1771,0,2.23,61.5,183.8,4.6329,,False,False
EXEC-003220,2025-12-06 10:00:00,CREDIT_BUREAU,SCHEMA_VALIDATION,CHECK_385,WEEKLY,SUCCESS,62652,154,16.37,6.81,236.43,3.9912,0.4479745577291861,False,False
EXEC-003221,2025-09-15 23:00:00,LOAN_REGISTRY,RANGE_CHECK,CHECK_653,DAILY,FAILED,46165,433,23.78,33.65,343.97,2.6118,9.853129947615088,True,False
EXEC-003222,2026-02-16 01:00:00,SCORING_ENGINE,FORMAT_CHECK,CHECK_375,ON_DEMAND,SUCCESS,3343,0,6.23,10.37,140.71,2.8945,0.4368626908439528,False,False
EXEC-003223,2025-10-05 02:00:00,PAYMENT_SYSTEM,ACCURACY_CHECK,CHECK_622,HOURLY,FAILED,2349657,10,10.87,29.03,881.29,1.5329,4.709316090844999,True,True
EXEC-003224,2026-01-30 04:00:00,LOAN_REGISTRY,FRESHNESS_CHECK,CHECK_547,DAILY,SUCCESS,48161,0,73.32,17.27,855.26,4.1696,2.8574186528878145,False,False
EXEC-003225,2025-11-05 06:00:00,CREDIT_BUREAU,SCHEMA_VALIDATION,CHECK_376,ON_DEMAND,SUCCESS,2087,2,38.94,37.15,559.33,0.7273,0.2549408977330007,False,False
EXEC-003226,2025-10-15 01:00:00,FRAUD_DETECTION,NULL_CHECK,CHECK_559,DAILY,SUCCESS,2829,140,41.87,28.51,1023.23,2.3161,1.6510890820314494,False,False
EXEC-003227,2026-02-06 06:00:00,CRM_CLIENTS,CONSISTENCY_CHECK,CHECK_140,DAILY,SUCCESS,404,4,35.49,43.15,1094.14,2.1478,1.881232856159828,False,False
EXEC-003228,2026-03-07 23:00:00,PAYMENT_SYSTEM,RANGE_CHECK,CHECK_616,DAILY,SUCCESS,917,5,20.87,25.17,1260.65,2.2812,0.7475395551797426,False,False
EXEC-003229,2025-09-17 21:00:00,INTERNET_BANK,COMPLETENESS_CHECK,CHECK_261,WEEKLY,SUCCESS,16235,1074,15.21,43.81,807.7,2.2758,0.6454552904369985,False,False
EXEC-003230,2025-12-30 18:00:00,MOBILE_APP,CONSISTENCY_CHECK,CHECK_220,HOURLY,SUCCESS,3452,933,2.02,21.47,109.36,4.0702,1.7189609275694206,False,False
EXEC-003231,2026-01-03 23:00:00,SCORING_ENGINE,CONSISTENCY_CHECK,CHECK_329,HOURLY,SKIPPED,1169,0,3.02,29.94,381.59,1.1324,,False,False
EXEC-003232,2025-09-10 13:00:00,LOAN_REGISTRY,ACCURACY_CHECK,CHECK_687,DAILY,FAILED,61050,118,21.13,44.81,948.6,4.8639,11.175058005416414,True,True
EXEC-003233,2025-11-18 17:00:00,CREDIT_BUREAU,CONSISTENCY_CHECK,CHECK_640,WEEKLY,SUCCESS,196,0,17.73,38.61,116.99,2.5747,0.3912487414737766,False,False
EXEC-003234,2025-09-23 10:00:00,SCORING_ENGINE,RANGE_CHECK,CHECK_520,DAILY,SUCCESS,7738,17,75.81,64.28,239.0,3.56,2.4341096188426365,False,False
EXEC-003235,2025-09-17 10:00:00,FRAUD_DETECTION,ACCURACY_CHECK,CHECK_426,HOURLY,SUCCESS,5422,5,5.57,21.0,219.54,3.1877,0.8740695138909739,False,False
EXEC-003236,2025-09-04 07:00:00,CRM_CLIENTS,RANGE_CHECK,CHECK_380,HOURLY,SUCCESS,1586,18,2.74,27.0,451.98,4.1477,2.6127166047175394,False,False
EXEC-003237,2026-01-13 00:00:00,PAYMENT_SYSTEM,FORMAT_CHECK,CHECK_542,WEEKLY,SUCCESS,43521,176,1.16,27.96,1727.37,0.1873,0.08363781588424976,False,False
EXEC-003238,2025-12-08 06:00:00,FRAUD_DETECTION,FORMAT_CHECK,CHECK_291,HOURLY,SUCCESS,4611,68,14.99,38.71,435.16,0.2021,0.0974480489025941,False,False
EXEC-003239,2025-11-13 19:00:00,SCORING_ENGINE,NULL_CHECK,CHECK_251,HOURLY,SUCCESS,84585,46,21.9,29.88,221.93,3.6872,3.0000646913589337,False,False
EXEC-003240,2025-12-13 18:00:00,MOBILE_APP,COMPLETENESS_CHECK,CHECK_831,DAILY,SKIPPED,30471,0,7.26,5.31,152.14,2.4825,,False,False
EXEC-003241,2025-09-05 03:00:00,PAYMENT_SYSTEM,RANGE_CHECK,CHECK_976,ON_DEMAND,SUCCESS,752,10127,2.5,48.72,130.24,4.8491,1.776120791960585,False,False
EXEC-003242,2025-11-09 09:00:00,CREDIT_BUREAU,REFERENTIAL_INTEGRITY,CHECK_109,HOURLY,FAILED,51494,0,4.17,5.49,269.59,2.3596,7.396890334254371,True,True
EXEC-003243,2025-10-11 10:00:00,SCORING_ENGINE,DUPLICATE_CHECK,CHECK_272,HOURLY,FAILED,25066,6152,10.4,18.17,265.92,1.0149,2.440300712206992,True,True
EXEC-003244,2025-09-02 00:00:00,INTERNET_BANK,CONSISTENCY_CHECK,CHECK_167,HOURLY,SKIPPED,56846,0,20.41,47.74,44.96,4.3334,,False,False
EXEC-003245,2025-12-04 16:00:00,SCORING_ENGINE,SCHEMA_VALIDATION,CHECK_270,WEEKLY,TIMEOUT,6466,0,8.08,32.25,5706.72,2.375,,False,False
EXEC-003246,2025-12-28 20:00:00,CREDIT_BUREAU,NULL_CHECK,CHECK_304,ON_DEMAND,SUCCESS,1257,48,0.1,24.63,82.17,0.2607,0.03958012844313587,False,False
EXEC-003247,2025-10-14 00:00:00,CRM_CLIENTS,ACCURACY_CHECK,CHECK_861,DAILY,SKIPPED,6768,0,6.42,21.16,390.43,3.7753,,False,False
EXEC-003248,2025-09-11 17:00:00,CRM_CLIENTS,FRESHNESS_CHECK,CHECK_844,HOURLY,TIMEOUT,4514,0,3.01,22.68,1954.29,1.8947,,False,False
EXEC-003249,2025-11-13 05:00:00,CRM_CLIENTS,SCHEMA_VALIDATION,CHECK_603,HOURLY,SUCCESS,17023,11,28.29,55.26,851.12,4.2728,2.07580248718065,False,False
EXEC-003250,2026-01-25 05:00:00,CRM_CLIENTS,NULL_CHECK,CHECK_802,WEEKLY,SUCCESS,852386,6,40.34,25.42,331.83,0.5651,0.40945255740199205,False,False
EXEC-003251,2025-09-16 13:00:00,CRM_CLIENTS,CONSISTENCY_CHECK,CHECK_860,WEEKLY,SUCCESS,462,689,6.24,34.24,511.76,0.3083,0.18179630901011257,False,False
EXEC-003252,2026-02-20 21:00:00,INTERNET_BANK,NULL_CHECK,CHECK_251,ON_DEMAND,SUCCESS,6348,412397,3.51,10.67,278.96,3.5559,1.8591189709645777,False,False
EXEC-003253,2025-12-07 00:00:00,CREDIT_BUREAU,SCHEMA_VALIDATION,CHECK_987,WEEKLY,TIMEOUT,5248,0,14.42,17.01,771.24,1.7919,,False,False
EXEC-003254,2025-09-22 23:00:00,LOAN_REGISTRY,COMPLETENESS_CHECK,CHECK_114,WEEKLY,SUCCESS,1315,195,0.44,10.95,179.87,3.6454,3.07486088885237,False,False
EXEC-003255,2025-09-25 13:00:00,INTERNET_BANK,COMPLETENESS_CHECK,CHECK_467,WEEKLY,SKIPPED,211491,0,23.83,9.74,85.77,4.0227,,False,False
EXEC-003256,2026-03-05 06:00:00,MOBILE_APP,ACCURACY_CHECK,CHECK_436,ON_DEMAND,SKIPPED,2855,0,0.96,38.0,5878.92,2.0333,,False,False
EXEC-003257,2025-12-12 08:00:00,CREDIT_BUREAU,CONSISTENCY_CHECK,CHECK_101,WEEKLY,SKIPPED,4070,0,3.03,41.09,374.68,1.9795,,False,False
EXEC-003258,2025-10-03 00:00:00,CRM_CLIENTS,SCHEMA_VALIDATION,CHECK_999,HOURLY,SUCCESS,1576,106,15.29,13.12,736.28,3.6973,2.396056146535611,False,False
EXEC-003259,2025-11-15 13:00:00,CRM_CLIENTS,FRESHNESS_CHECK,CHECK_313,DAILY,SUCCESS,1164,36,2.25,62.41,611.4,3.2035,1.1857619446615744,False,False
EXEC-003260,2025-12-24 23:00:00,PAYMENT_SYSTEM,COMPLETENESS_CHECK,CHECK_879,DAILY,FAILED,204,15,5.04,23.03,993.97,1.77,3.5020977008242498,True,True
EXEC-003261,2025-10-30 11:00:00,PAYMENT_SYSTEM,SCHEMA_VALIDATION,CHECK_323,WEEKLY,FAILED,16777,8,8.73,23.56,1013.85,0.0416,0.20485574620064997,True,True
EXEC-003262,2026-03-06 04:00:00,CREDIT_BUREAU,SCHEMA_VALIDATION,CHECK_102,ON_DEMAND,SUCCESS,1554,26,33.35,32.93,128.69,1.0397,0.793181442610382,False,False
EXEC-003263,2026-01-01 14:00:00,CREDIT_BUREAU,CONSISTENCY_CHECK,CHECK_162,DAILY,SUCCESS,39115,116,7.28,38.88,450.43,2.9877,1.2399839772108532,False,False
EXEC-003264,2025-12-28 03:00:00,PAYMENT_SYSTEM,FORMAT_CHECK,CHECK_121,WEEKLY,SUCCESS,96,9,6.08,44.56,4496.31,1.7092,1.231618099761281,False,False
EXEC-003265,2025-11-23 03:00:00,LOAN_REGISTRY,CONSISTENCY_CHECK,CHECK_118,DAILY,TIMEOUT,13795,0,0.04,22.23,65.74,1.9084,,False,False
EXEC-003266,2026-01-06 14:00:00,CRM_CLIENTS,REFERENTIAL_INTEGRITY,CHECK_661,DAILY,SUCCESS,2628,17,14.58,26.1,144.44,4.0752,1.0176625548746396,False,False
EXEC-003267,2026-03-13 13:00:00,INTERNET_BANK,DUPLICATE_CHECK,CHECK_631,HOURLY,TIMEOUT,1417,0,70.16,5.33,1873.67,1.5853,,False,False
EXEC-003268,2025-12-26 05:00:00,CREDIT_BUREAU,COMPLETENESS_CHECK,CHECK_485,HOURLY,SUCCESS,372051,4653,27.1,23.17,408.55,4.3374,1.857721860768891,False,False
EXEC-003269,2025-10-21 00:00:00,LOAN_REGISTRY,FRESHNESS_CHECK,CHECK_354,ON_DEMAND,SUCCESS,238,8,11.38,21.62,50.65,4.4349,0.6261862697658069,False,False
EXEC-003270,2025-09-16 14:00:00,LOAN_REGISTRY,SCHEMA_VALIDATION,CHECK_912,HOURLY,SUCCESS,4626,0,8.45,10.51,674.73,0.6745,0.2060705784387106,False,False
EXEC-003271,2026-01-02 08:00:00,CREDIT_BUREAU,FRESHNESS_CHECK,CHECK_398,ON_DEMAND,FAILED,14942,1,7.41,3.65,57.88,3.4611,10.486429350545395,True,False
EXEC-003272,2026-01-11 09:00:00,SCORING_ENGINE,SCHEMA_VALIDATION,CHECK_861,WEEKLY,SUCCESS,6123,8,1.89,13.52,1520.0,3.7574,2.369194998463294,False,False
EXEC-003273,2025-09-25 02:00:00,INTERNET_BANK,DUPLICATE_CHECK,CHECK_831,ON_DEMAND,SUCCESS,8565,75,1.34,11.05,313.01,1.9323,0.8070611588815273,False,False
EXEC-003274,2025-09-12 08:00:00,INTERNET_BANK,FRESHNESS_CHECK,CHECK_512,HOURLY,SUCCESS,4799,36,5.66,20.71,2231.51,4.8458,1.636140205470806,False,False
EXEC-003275,2025-09-21 05:00:00,LOAN_REGISTRY,COMPLETENESS_CHECK,CHECK_564,DAILY,SKIPPED,1000,0,0.34,6.16,440.69,4.3304,,False,False
EXEC-003276,2026-01-18 02:00:00,SCORING_ENGINE,NULL_CHECK,CHECK_345,ON_DEMAND,SUCCESS,537,773,9.69,19.37,3291.12,1.9796,1.1848454629336418,False,False
EXEC-003277,2026-02-14 04:00:00,CREDIT_BUREAU,COMPLETENESS_CHECK,CHECK_707,HOURLY,SUCCESS,67,89,4.42,34.74,508.23,3.5903,0.5328001722696387,False,False
EXEC-003278,2025-09-05 10:00:00,FRAUD_DETECTION,COMPLETENESS_CHECK,CHECK_213,ON_DEMAND,SUCCESS,28464,19,0.32,25.38,231.68,4.9476,2.581139575344443,False,False
EXEC-003279,2025-09-07 13:00:00,PAYMENT_SYSTEM,FRESHNESS_CHECK,CHECK_726,ON_DEMAND,SUCCESS,3526,330,0.72,23.58,445.09,4.6695,3.089695744820311,False,False
EXEC-003280,2026-01-14 18:00:00,MOBILE_APP,NULL_CHECK,CHECK_104,ON_DEMAND,SUCCESS,2813,1,22.09,16.57,393.02,1.2065,0.5860650670845571,False,False
EXEC-003281,2026-01-25 06:00:00,MOBILE_APP,SCHEMA_VALIDATION,CHECK_103,HOURLY,SUCCESS,6717,0,30.91,47.9,149.11,4.8073,3.783405432243545,False,False
EXEC-003282,2026-03-06 21:00:00,SCORING_ENGINE,FORMAT_CHECK,CHECK_628,WEEKLY,SUCCESS,3955,7,44.21,60.89,641.5,3.0889,2.4587271710303313,False,False
EXEC-003283,2025-09-21 01:00:00,FRAUD_DETECTION,DUPLICATE_CHECK,CHECK_633,HOURLY,SUCCESS,7756,5,1.28,6.91,464.2,0.4866,0.4047906329414253,False,False
EXEC-003284,2025-09-26 03:00:00,CREDIT_BUREAU,RANGE_CHECK,CHECK_685,WEEKLY,SUCCESS,56383,6,5.96,5.31,877.65,3.5306,1.0498224421897437,False,False
EXEC-003285,2026-03-06 14:00:00,LOAN_REGISTRY,REFERENTIAL_INTEGRITY,CHECK_886,DAILY,TIMEOUT,119,0,11.88,69.06,1253.19,4.9463,,False,False
EXEC-003286,2026-01-11 01:00:00,CREDIT_BUREAU,CONSISTENCY_CHECK,CHECK_896,HOURLY,SUCCESS,297516,52,45.0,59.73,150.7,1.6716,0.23466700518319414,False,False
EXEC-003287,2026-01-28 22:00:00,SCORING_ENGINE,SCHEMA_VALIDATION,CHECK_681,DAILY,SUCCESS,5713,1157,22.2,49.81,554.27,0.296,0.22141931291855296,False,False
EXEC-003288,2026-02-10 23:00:00,LOAN_REGISTRY,FRESHNESS_CHECK,CHECK_192,HOURLY,SUCCESS,55479,15,1.12,48.17,917.41,1.6574,0.8945865088708979,False,False
EXEC-003289,2025-11-29 16:00:00,SCORING_ENGINE,RANGE_CHECK,CHECK_224,HOURLY,SUCCESS,41372,59,8.04,33.12,3007.99,1.4374,0.8191864382667081,False,False
EXEC-003290,2025-09-16 01:00:00,PAYMENT_SYSTEM,ACCURACY_CHECK,CHECK_358,HOURLY,SUCCESS,42111,0,5.62,45.3,29.05,0.7569,0.6468105558122794,False,False
EXEC-003291,2025-11-22 11:00:00,MOBILE_APP,ACCURACY_CHECK,CHECK_221,WEEKLY,SUCCESS,616362,4507,12.79,53.12,1076.75,3.1432,0.7336852078622559,False,False
EXEC-003292,2026-02-11 11:00:00,LOAN_REGISTRY,REFERENTIAL_INTEGRITY,CHECK_515,DAILY,SUCCESS,7693,45,11.39,8.47,404.21,0.2298,0.15646680411701097,False,False
EXEC-003293,2026-02-18 23:00:00,MOBILE_APP,SCHEMA_VALIDATION,CHECK_917,WEEKLY,SUCCESS,190591,10,34.66,10.25,296.59,1.0939,0.2669788976009745,False,False
EXEC-003294,2025-12-01 03:00:00,CRM_CLIENTS,FRESHNESS_CHECK,CHECK_102,WEEKLY,SUCCESS,3616,14,62.53,19.53,159.98,4.9737,3.809332842530053,False,False
EXEC-003295,2025-10-13 18:00:00,CRM_CLIENTS,FRESHNESS_CHECK,CHECK_123,HOURLY,SUCCESS,4560,0,0.49,23.86,252.77,3.1052,0.6319855651942199,False,False
EXEC-003296,2025-11-14 08:00:00,CREDIT_BUREAU,COMPLETENESS_CHECK,CHECK_693,DAILY,SKIPPED,2024,0,54.67,16.45,368.41,0.5845,,False,False
EXEC-003297,2025-11-06 03:00:00,SCORING_ENGINE,DUPLICATE_CHECK,CHECK_976,DAILY,TIMEOUT,40348,0,55.6,25.54,287.8,4.9345,,False,False
EXEC-003298,2025-12-08 15:00:00,PAYMENT_SYSTEM,COMPLETENESS_CHECK,CHECK_970,DAILY,SUCCESS,3128,13,1.22,14.86,463.93,1.5725,0.9428613315525722,False,False
EXEC-003299,2025-12-14 16:00:00,LOAN_REGISTRY,REFERENTIAL_INTEGRITY,CHECK_194,ON_DEMAND,SUCCESS,744,51,86.19,16.56,339.6,0.5201,0.38621077672201076,False,False
EXEC-003300,2026-01-06 23:00:00,LOAN_REGISTRY,NULL_CHECK,CHECK_493,WEEKLY,FAILED,232471,1,6.73,32.54,458.3,2.5632,4.886405842443766,True,False
EXEC-003301,2025-11-16 19:00:00,SCORING_ENGINE,FRESHNESS_CHECK,CHECK_681,ON_DEMAND,SUCCESS,11964,395,6.38,12.16,1763.78,4.9798,1.3969428449257673,False,False
EXEC-003302,2025-09-08 00:00:00,PAYMENT_SYSTEM,SCHEMA_VALIDATION,CHECK_871,ON_DEMAND,SUCCESS,13468,40,5.61,3.32,132.52,4.9714,3.480438932491557,False,False
EXEC-003303,2025-09-01 22:00:00,FRAUD_DETECTION,FORMAT_CHECK,CHECK_859,HOURLY,SUCCESS,2615,0,15.92,60.66,159.79,2.3619,1.9559566497604666,False,False
EXEC-003304,2026-01-13 00:00:00,LOAN_REGISTRY,COMPLETENESS_CHECK,CHECK_742,HOURLY,FAILED,7224,16,2.19,13.88,318.28,2.0456,7.937274549577146,True,True
EXEC-003305,2026-02-15 12:00:00,INTERNET_BANK,NULL_CHECK,CHECK_255,HOURLY,FAILED,4253,82,4.72,50.18,212.45,4.2619,9.148914079493649,True,True
EXEC-003306,2026-02-04 11:00:00,MOBILE_APP,SCHEMA_VALIDATION,CHECK_940,DAILY,SUCCESS,27258,3116,6.03,34.99,1495.48,2.8428,2.132454026299968,False,False
EXEC-003307,2026-01-07 16:00:00,FRAUD_DETECTION,DUPLICATE_CHECK,CHECK_340,HOURLY,SUCCESS,40447,68790,28.9,22.43,310.94,3.6785,1.5265905881434765,False,False
EXEC-003308,2025-10-24 15:00:00,LOAN_REGISTRY,NULL_CHECK,CHECK_242,ON_DEMAND,TIMEOUT,4535,0,1.72,18.27,235.72,2.2219,,False,False
EXEC-003309,2025-12-24 01:00:00,SCORING_ENGINE,REFERENTIAL_INTEGRITY,CHECK_801,HOURLY,SUCCESS,961,52,13.56,22.82,404.25,2.7656,2.0497559335654514,False,False
EXEC-003310,2025-12-21 23:00:00,PAYMENT_SYSTEM,COMPLETENESS_CHECK,CHECK_606,HOURLY,SUCCESS,1389407,16,3.58,47.06,6399.16,2.2022,1.3696670020686232,False,False
EXEC-003311,2025-09-03 17:00:00,CRM_CLIENTS,SCHEMA_VALIDATION,CHECK_306,HOURLY,SUCCESS,206714,207,2.33,9.98,778.22,0.435,0.05210739253503357,False,False
EXEC-003312,2025-11-14 09:00:00,SCORING_ENGINE,CONSISTENCY_CHECK,CHECK_567,DAILY,SUCCESS,68,41,29.43,12.93,1093.51,2.464,1.0166624673999012,False,False
EXEC-003313,2025-10-25 20:00:00,CRM_CLIENTS,RANGE_CHECK,CHECK_859,DAILY,SUCCESS,3673,1034,1.18,40.36,435.25,2.1394,0.4282620151760214,False,False
EXEC-003314,2025-12-28 18:00:00,FRAUD_DETECTION,COMPLETENESS_CHECK,CHECK_951,ON_DEMAND,SUCCESS,2327,767,83.89,27.82,160.93,2.6568,0.8240938394450483,False,False
EXEC-003315,2025-09-04 18:00:00,FRAUD_DETECTION,SCHEMA_VALIDATION,CHECK_695,DAILY,SUCCESS,13536,787,2.42,22.1,324.83,1.1908,0.795289858113945,False,False
EXEC-003316,2025-09-25 21:00:00,CREDIT_BUREAU,CONSISTENCY_CHECK,CHECK_789,HOURLY,SUCCESS,43457,0,5.6,7.24,86.12,4.1688,1.6278240574695817,False,False
EXEC-003317,2026-02-16 08:00:00,SCORING_ENGINE,SCHEMA_VALIDATION,CHECK_644,HOURLY,SUCCESS,180492,45,6.85,15.58,411.96,3.1752,1.1955132672266169,False,False
EXEC-003318,2025-11-12 12:00:00,FRAUD_DETECTION,CONSISTENCY_CHECK,CHECK_891,ON_DEMAND,SUCCESS,258,2,3.68,34.56,416.35,3.8321,2.3827810653762223,False,False
EXEC-003319,2026-01-08 12:00:00,LOAN_REGISTRY,REFERENTIAL_INTEGRITY,CHECK_691,WEEKLY,SUCCESS,70903,640,208.86,41.22,370.39,2.1216,1.1215046666562791,False,False
EXEC-003320,2025-12-16 20:00:00,PAYMENT_SYSTEM,COMPLETENESS_CHECK,CHECK_844,WEEKLY,FAILED,5595,288,13.9,35.5,77.79,3.3436,10.228170398178623,True,True
EXEC-003321,2025-11-27 01:00:00,SCORING_ENGINE,RANGE_CHECK,CHECK_570,DAILY,FAILED,140878,17,195.3,40.0,326.96,3.7663,15.630130762532094,True,True
EXEC-003322,2025-10-15 09:00:00,CREDIT_BUREAU,FORMAT_CHECK,CHECK_857,WEEKLY,SUCCESS,17446,134,5.78,26.22,379.27,2.6769,1.2421867968177007,False,False
EXEC-003323,2026-01-12 12:00:00,FRAUD_DETECTION,REFERENTIAL_INTEGRITY,CHECK_833,WEEKLY,FAILED,15113,0,3.7,10.22,220.18,4.5879,11.650592206642761,True,True
EXEC-003324,2025-11-02 16:00:00,CREDIT_BUREAU,ACCURACY_CHECK,CHECK_732,WEEKLY,SUCCESS,3119,1,2.67,48.64,457.29,0.2249,0.06997952780568562,False,False
EXEC-003325,2025-12-07 13:00:00,FRAUD_DETECTION,FRESHNESS_CHECK,CHECK_145,HOURLY,SUCCESS,330076,0,4.38,42.96,118.46,4.7722,1.420306369722921,False,False
EXEC-003326,2025-10-07 02:00:00,CREDIT_BUREAU,CONSISTENCY_CHECK,CHECK_497,DAILY,SUCCESS,1871,216,5.85,63.34,448.06,4.502,3.6355528719375756,False,False
EXEC-003327,2026-02-04 19:00:00,FRAUD_DETECTION,CONSISTENCY_CHECK,CHECK_109,ON_DEMAND,SUCCESS,7983,0,0.18,12.61,589.66,4.1268,0.8950855193885167,False,False
EXEC-003328,2026-03-03 09:00:00,CREDIT_BUREAU,REFERENTIAL_INTEGRITY,CHECK_654,HOURLY,SUCCESS,61427,21,11.8,51.33,127.86,3.0168,0.8150395498091674,False,False
EXEC-003329,2025-11-26 23:00:00,FRAUD_DETECTION,ACCURACY_CHECK,CHECK_914,DAILY,SUCCESS,5342,6,2.78,35.17,203.17,0.2876,0.1616827131830174,False,False
EXEC-003330,2025-11-02 17:00:00,CRM_CLIENTS,COMPLETENESS_CHECK,CHECK_850,DAILY,TIMEOUT,54321,0,5.45,17.8,1369.34,0.6776,,False,False
EXEC-003331,2025-09-21 20:00:00,MOBILE_APP,DUPLICATE_CHECK,CHECK_444,DAILY,FAILED,33,1,28.51,25.71,97.95,3.6482,16.18910882812771,True,True
EXEC-003332,2025-11-03 18:00:00,LOAN_REGISTRY,SCHEMA_VALIDATION,CHECK_407,ON_DEMAND,SUCCESS,2722,6,33.31,24.41,730.43,4.9885,4.397765533869588,False,False
EXEC-003333,2025-10-22 00:00:00,MOBILE_APP,ACCURACY_CHECK,CHECK_656,ON_DEMAND,SUCCESS,24299,2,210.94,47.41,391.66,3.5819,2.207130348531894,False,False
EXEC-003334,2025-11-14 16:00:00,MOBILE_APP,REFERENTIAL_INTEGRITY,CHECK_962,HOURLY,SUCCESS,1227,1,23.42,45.97,74.45,0.6532,0.3645958057016956,False,False
EXEC-003335,2025-11-15 13:00:00,MOBILE_APP,NULL_CHECK,CHECK_184,HOURLY,SUCCESS,125935,141,2.45,33.01,640.8,4.6182,3.5753180890124128,False,False
EXEC-003336,2025-12-15 00:00:00,CREDIT_BUREAU,COMPLETENESS_CHECK,CHECK_975,ON_DEMAND,SUCCESS,11341,0,0.29,27.81,357.88,0.2595,0.17775542473950445,False,False
EXEC-003337,2025-12-22 23:00:00,LOAN_REGISTRY,FRESHNESS_CHECK,CHECK_987,HOURLY,SUCCESS,5624,21,21.69,41.45,2836.33,3.7681,3.080225049326759,False,False
EXEC-003338,2025-10-03 12:00:00,FRAUD_DETECTION,NULL_CHECK,CHECK_660,WEEKLY,SUCCESS,14983,47,0.77,15.39,90.75,0.3906,0.3148976103480116,False,False
EXEC-003339,2025-09-24 19:00:00,CRM_CLIENTS,RANGE_CHECK,CHECK_535,HOURLY,SUCCESS,1175,41,0.93,15.71,596.64,0.1909,0.07938403736551342,False,False
EXEC-003340,2025-09-06 04:00:00,FRAUD_DETECTION,COMPLETENESS_CHECK,CHECK_591,WEEKLY,SUCCESS,52120,145,0.54,14.63,290.19,3.4462,2.058403085353046,False,False
EXEC-003341,2025-09-11 21:00:00,PAYMENT_SYSTEM,COMPLETENESS_CHECK,CHECK_364,WEEKLY,SUCCESS,1005,0,12.48,37.78,414.8,1.7473,0.30074252120933903,False,False
EXEC-003342,2025-09-14 14:00:00,CREDIT_BUREAU,CONSISTENCY_CHECK,CHECK_497,DAILY,SKIPPED,91931,0,19.52,26.04,116.55,2.1511,,False,False
EXEC-003343,2026-01-22 23:00:00,INTERNET_BANK,REFERENTIAL_INTEGRITY,CHECK_350,WEEKLY,FAILED,20973,0,0.35,29.82,250.98,2.5125,6.263803706748547,True,False
EXEC-003344,2025-09-16 20:00:00,LOAN_REGISTRY,COMPLETENESS_CHECK,CHECK_141,WEEKLY,TIMEOUT,22500,0,0.97,69.36,119.15,2.0568,,False,False
EXEC-003345,2025-12-31 13:00:00,INTERNET_BANK,ACCURACY_CHECK,CHECK_151,ON_DEMAND,FAILED,794,7,9.42,20.8,621.99,4.5593,10.091198519457857,True,True
EXEC-003346,2025-11-23 09:00:00,SCORING_ENGINE,CONSISTENCY_CHECK,CHECK_123,WEEKLY,SUCCESS,51,33,7.0,24.4,938.14,0.3958,0.19748392051310626,False,False
EXEC-003347,2025-09-02 22:00:00,CREDIT_BUREAU,CONSISTENCY_CHECK,CHECK_711,ON_DEMAND,SUCCESS,1607,2,55.79,10.61,241.61,1.7224,1.1342110314389218,False,False
EXEC-003348,2026-03-04 15:00:00,PAYMENT_SYSTEM,RANGE_CHECK,CHECK_935,ON_DEMAND,SUCCESS,626,278,11.59,23.28,217.72,1.2475,1.0197121135911555,False,False
EXEC-003349,2026-03-09 16:00:00,INTERNET_BANK,SCHEMA_VALIDATION,CHECK_961,WEEKLY,FAILED,677,222,33.78,35.23,990.75,1.1838,3.109107824288136,True,True
EXEC-003350,2026-01-20 07:00:00,CRM_CLIENTS,SCHEMA_VALIDATION,CHECK_703,DAILY,SUCCESS,6910,0,1.62,8.53,300.94,1.0753,0.4962282155942053,False,False
EXEC-003351,2026-02-22 05:00:00,SCORING_ENGINE,SCHEMA_VALIDATION,CHECK_627,WEEKLY,SUCCESS,205073,2948,9.71,10.88,131.64,3.6031,2.748085796658074,False,False
EXEC-003352,2025-11-26 10:00:00,INTERNET_BANK,RANGE_CHECK,CHECK_383,WEEKLY,SUCCESS,393403,47155,0.39,16.23,514.08,1.5882,1.1552554557149117,False,False
EXEC-003353,2025-11-22 22:00:00,INTERNET_BANK,DUPLICATE_CHECK,CHECK_800,HOURLY,SUCCESS,172,19,36.0,73.5,284.74,3.8588,1.3179647595788053,False,False
EXEC-003354,2025-09-05 18:00:00,PAYMENT_SYSTEM,FORMAT_CHECK,CHECK_324,DAILY,SUCCESS,10173,1,7.38,36.7,310.39,2.8495,1.8236977812827064,False,False
EXEC-003355,2025-10-22 16:00:00,FRAUD_DETECTION,SCHEMA_VALIDATION,CHECK_355,WEEKLY,SUCCESS,295228,45,2.55,22.53,233.39,1.8904,1.4653369214633372,False,False
EXEC-003356,2025-10-10 19:00:00,FRAUD_DETECTION,RANGE_CHECK,CHECK_544,ON_DEMAND,SUCCESS,3634,48,0.85,18.99,314.08,2.2163,0.7331869830201065,False,False
EXEC-003357,2025-10-01 04:00:00,LOAN_REGISTRY,DUPLICATE_CHECK,CHECK_221,HOURLY,SUCCESS,33660,384,4.98,38.75,562.8,1.5776,0.3380743609955632,False,False
EXEC-003358,2026-01-10 01:00:00,SCORING_ENGINE,COMPLETENESS_CHECK,CHECK_199,DAILY,SUCCESS,76588,0,0.98,25.27,1528.88,1.2137,0.22942925231564912,False,False
EXEC-003359,2026-01-13 00:00:00,SCORING_ENGINE,FRESHNESS_CHECK,CHECK_840,HOURLY,FAILED,382,613,45.01,9.82,86.65,2.6526,5.218314587816288,True,True
EXEC-003360,2026-01-30 13:00:00,CRM_CLIENTS,FORMAT_CHECK,CHECK_955,WEEKLY,SUCCESS,1170,27,0.16,39.29,451.78,2.3469,0.4237481575106904,False,False
EXEC-003361,2025-11-15 01:00:00,CREDIT_BUREAU,REFERENTIAL_INTEGRITY,CHECK_350,HOURLY,FAILED,3243,0,28.55,18.86,355.61,1.2222,5.319910688381699,True,True
EXEC-003362,2025-10-17 10:00:00,LOAN_REGISTRY,REFERENTIAL_INTEGRITY,CHECK_556,DAILY,SKIPPED,100427,0,0.2,41.58,490.78,4.8725,,False,False
EXEC-003363,2025-09-03 05:00:00,FRAUD_DETECTION,DUPLICATE_CHECK,CHECK_184,WEEKLY,SUCCESS,54858,3862,5.33,41.84,527.69,1.4393,0.5080248554211529,False,False
EXEC-003364,2025-12-06 02:00:00,MOBILE_APP,CONSISTENCY_CHECK,CHECK_198,DAILY,SUCCESS,1697,20,58.02,8.21,1856.73,0.6223,0.3035740655642954,False,False
EXEC-003365,2025-12-24 04:00:00,SCORING_ENGINE,SCHEMA_VALIDATION,CHECK_635,WEEKLY,FAILED,86025,25,3.89,44.4,1036.21,2.0207,8.162230111606245,True,True
EXEC-003366,2026-02-03 19:00:00,CREDIT_BUREAU,REFERENTIAL_INTEGRITY,CHECK_187,WEEKLY,SUCCESS,67248,25746,2.1,39.97,103.69,0.6853,0.39537687055571613,False,False
EXEC-003367,2025-12-24 00:00:00,SCORING_ENGINE,RANGE_CHECK,CHECK_425,WEEKLY,SUCCESS,13126,2860,16.22,23.34,592.04,4.6779,1.3412490167629894,False,False
EXEC-003368,2026-03-12 00:00:00,LOAN_REGISTRY,FRESHNESS_CHECK,CHECK_194,DAILY,SUCCESS,58977,21882,11.38,38.94,498.09,4.2128,1.8179466351917677,False,False
EXEC-003369,2026-03-09 22:00:00,SCORING_ENGINE,NULL_CHECK,CHECK_778,HOURLY,SUCCESS,67552,6,1.09,23.22,362.77,1.2293,0.9257051914063396,False,False
EXEC-003370,2026-03-05 08:00:00,MOBILE_APP,SCHEMA_VALIDATION,CHECK_718,ON_DEMAND,SUCCESS,3083,8,9.86,1.44,138.74,0.8501,0.5239548557336965,False,False
EXEC-003371,2026-02-01 23:00:00,SCORING_ENGINE,COMPLETENESS_CHECK,CHECK_668,ON_DEMAND,SUCCESS,1793,1,15.7,13.11,1183.37,2.1439,0.6298491015077532,False,False
EXEC-003372,2025-12-20 08:00:00,PAYMENT_SYSTEM,DUPLICATE_CHECK,CHECK_761,DAILY,SUCCESS,19191,3257,27.98,32.31,206.69,2.5525,2.205537180549975,False,False
EXEC-003373,2026-03-13 01:00:00,SCORING_ENGINE,FRESHNESS_CHECK,CHECK_478,HOURLY,SUCCESS,33450,431,6.77,22.57,658.9,2.3229,0.6866454007803025,False,False
EXEC-003374,2025-11-03 12:00:00,CRM_CLIENTS,DUPLICATE_CHECK,CHECK_810,WEEKLY,SUCCESS,81418,15,9.41,29.51,315.83,3.6,1.346542989541266,False,False
EXEC-003375,2025-09-30 22:00:00,LOAN_REGISTRY,RANGE_CHECK,CHECK_365,WEEKLY,SUCCESS,106337,67,13.14,11.08,793.07,4.2081,1.3628365086974263,False,False
EXEC-003376,2025-10-29 08:00:00,INTERNET_BANK,SCHEMA_VALIDATION,CHECK_437,WEEKLY,SUCCESS,64200,6,16.15,7.9,1680.02,0.8845,0.13209916410375572,False,False
EXEC-003377,2026-01-23 13:00:00,LOAN_REGISTRY,SCHEMA_VALIDATION,CHECK_613,ON_DEMAND,SUCCESS,28241,21,143.44,19.75,2200.48,2.8316,1.8288059682866022,False,False
EXEC-003378,2025-12-16 09:00:00,CRM_CLIENTS,REFERENTIAL_INTEGRITY,CHECK_244,HOURLY,SUCCESS,354,1,1.3,64.32,224.01,3.0929,0.47680128509917863,False,False
EXEC-003379,2025-10-28 04:00:00,PAYMENT_SYSTEM,SCHEMA_VALIDATION,CHECK_877,HOURLY,SUCCESS,1957,8,27.57,13.46,309.99,1.3983,1.1937190714368842,False,False
EXEC-003380,2026-01-13 21:00:00,INTERNET_BANK,FRESHNESS_CHECK,CHECK_687,DAILY,SUCCESS,5756,0,5.11,68.13,154.82,1.4775,0.3501269989927571,False,False
EXEC-003381,2025-09-16 20:00:00,MOBILE_APP,FRESHNESS_CHECK,CHECK_924,DAILY,SUCCESS,3096,3,6.4,22.56,982.81,3.3128,2.8263329764439846,False,False
EXEC-003382,2025-11-18 19:00:00,CREDIT_BUREAU,DUPLICATE_CHECK,CHECK_416,WEEKLY,SUCCESS,63927,58852,7.39,32.09,74.48,0.7806,0.19714111482057683,False,False
EXEC-003383,2025-11-22 00:00:00,CREDIT_BUREAU,CONSISTENCY_CHECK,CHECK_253,HOURLY,SUCCESS,360,1,10.25,49.05,332.54,1.7362,0.38109129895743177,False,False
EXEC-003384,2026-01-22 01:00:00,PAYMENT_SYSTEM,ACCURACY_CHECK,CHECK_118,HOURLY,SUCCESS,44803,364,4.34,64.54,31.82,1.1402,0.12005338538745411,False,False
EXEC-003385,2025-11-01 03:00:00,FRAUD_DETECTION,DUPLICATE_CHECK,CHECK_293,DAILY,SUCCESS,453,6,5.33,45.8,199.7,2.901,0.8950039929517184,False,False
EXEC-003386,2025-09-03 21:00:00,MOBILE_APP,RANGE_CHECK,CHECK_751,HOURLY,FAILED,1531,43,105.33,26.97,2833.06,4.3257,15.627880886188292,True,True
EXEC-003387,2025-10-19 06:00:00,SCORING_ENGINE,COMPLETENESS_CHECK,CHECK_366,ON_DEMAND,SUCCESS,2666,0,8.95,30.2,1288.73,1.4761,1.006782028659582,False,False
EXEC-003388,2026-02-04 04:00:00,CRM_CLIENTS,FRESHNESS_CHECK,CHECK_924,HOURLY,SKIPPED,753,0,14.71,46.58,1718.29,1.4204,,False,False
EXEC-003389,2026-01-05 07:00:00,LOAN_REGISTRY,FRESHNESS_CHECK,CHECK_968,WEEKLY,SUCCESS,2512,2,15.01,24.09,150.61,1.5763,1.083771833324984,False,False
EXEC-003390,2025-12-30 17:00:00,CREDIT_BUREAU,FRESHNESS_CHECK,CHECK_780,DAILY,SUCCESS,999,258,7.25,31.68,84.45,4.3743,0.43746819193023123,False,False
EXEC-003391,2026-02-25 17:00:00,INTERNET_BANK,DUPLICATE_CHECK,CHECK_112,DAILY,FAILED,837,798,8.45,6.1,508.56,0.9854,1.7718977230866104,True,True
EXEC-003392,2025-11-03 16:00:00,PAYMENT_SYSTEM,RANGE_CHECK,CHECK_170,WEEKLY,SUCCESS,90312,1,2.29,49.71,279.4,0.3639,0.07643460106049274,False,False
EXEC-003393,2025-09-27 12:00:00,CRM_CLIENTS,NULL_CHECK,CHECK_471,DAILY,FAILED,2525,538,21.25,13.75,172.26,0.1052,0.15934025700212026,True,True
EXEC-003394,2025-11-27 07:00:00,FRAUD_DETECTION,NULL_CHECK,CHECK_308,WEEKLY,SUCCESS,7989,23,3.9,33.69,366.24,3.6598,0.5585582424340652,False,False
EXEC-003395,2026-02-05 16:00:00,FRAUD_DETECTION,COMPLETENESS_CHECK,CHECK_431,WEEKLY,SUCCESS,4392,242,14.09,33.38,975.21,1.4914,0.4482521928660493,False,False
EXEC-003396,2026-02-06 03:00:00,SCORING_ENGINE,ACCURACY_CHECK,CHECK_880,DAILY,SUCCESS,2757,4,3.21,24.7,976.02,4.3527,1.352765885565335,False,False
EXEC-003397,2025-09-09 10:00:00,PAYMENT_SYSTEM,FRESHNESS_CHECK,CHECK_344,DAILY,SUCCESS,8325,17,79.84,19.95,1026.78,3.1732,1.0486307966196722,False,False
EXEC-003398,2025-10-14 00:00:00,FRAUD_DETECTION,FORMAT_CHECK,CHECK_384,WEEKLY,SUCCESS,6160,3,1.38,27.62,1004.52,0.2718,0.1895805561206342,False,False
EXEC-003399,2025-09-01 08:00:00,SCORING_ENGINE,NULL_CHECK,CHECK_522,ON_DEMAND,SUCCESS,101,43,0.33,12.56,794.28,3.3918,0.8582588066557877,False,False
EXEC-003400,2026-01-30 20:00:00,MOBILE_APP,FRESHNESS_CHECK,CHECK_520,ON_DEMAND,SUCCESS,278230,2,21.65,24.19,431.63,0.0195,0.006671388739422547,False,False
EXEC-003401,2025-10-10 02:00:00,PAYMENT_SYSTEM,FORMAT_CHECK,CHECK_130,DAILY,FAILED,2863,2,133.49,34.47,1145.91,2.4574,12.196267262614882,True,True
EXEC-003402,2025-10-02 00:00:00,INTERNET_BANK,REFERENTIAL_INTEGRITY,CHECK_557,WEEKLY,SUCCESS,105634,450,6.8,41.43,360.81,2.5914,0.9487458047909563,False,False
EXEC-003403,2025-12-27 12:00:00,FRAUD_DETECTION,FORMAT_CHECK,CHECK_429,HOURLY,SUCCESS,1700,0,2.13,40.66,345.4,0.8455,0.144894475436147,False,False
EXEC-003404,2025-10-26 07:00:00,LOAN_REGISTRY,CONSISTENCY_CHECK,CHECK_484,ON_DEMAND,TIMEOUT,750,0,5.01,43.89,336.57,1.4473,,False,False
EXEC-003405,2025-11-17 00:00:00,LOAN_REGISTRY,NULL_CHECK,CHECK_688,DAILY,SUCCESS,14893,2,1.11,50.55,264.13,1.9135,1.6667096944243107,False,False
EXEC-003406,2026-03-07 23:00:00,CRM_CLIENTS,REFERENTIAL_INTEGRITY,CHECK_721,WEEKLY,FAILED,10502,4,12.15,21.65,1034.27,0.3237,1.4939404200177269,True,True
EXEC-003407,2025-09-03 02:00:00,MOBILE_APP,NULL_CHECK,CHECK_711,WEEKLY,SUCCESS,25033,615,12.46,45.29,1628.6,1.4187,0.15040331230064252,False,False
EXEC-003408,2025-11-01 18:00:00,LOAN_REGISTRY,CONSISTENCY_CHECK,CHECK_356,HOURLY,SKIPPED,10600,0,12.8,19.02,261.36,1.7682,,False,False
EXEC-003409,2025-11-04 12:00:00,LOAN_REGISTRY,DUPLICATE_CHECK,CHECK_390,WEEKLY,SUCCESS,3589,7516,5.79,33.24,1704.92,4.4352,3.8515896019115408,False,False
EXEC-003410,2026-01-26 06:00:00,CREDIT_BUREAU,FRESHNESS_CHECK,CHECK_695,WEEKLY,SUCCESS,2660,15,6.8,47.03,540.11,3.4406,0.6605538798215456,False,False
EXEC-003411,2025-10-28 10:00:00,PAYMENT_SYSTEM,COMPLETENESS_CHECK,CHECK_820,DAILY,SUCCESS,6060,11475,24.01,16.03,1321.72,4.2549,1.5495355535386055,False,False
EXEC-003412,2025-10-04 18:00:00,SCORING_ENGINE,RANGE_CHECK,CHECK_379,HOURLY,SUCCESS,566497,3,9.31,17.89,235.17,1.6882,0.8967307306394322,False,False
EXEC-003413,2025-10-29 08:00:00,LOAN_REGISTRY,SCHEMA_VALIDATION,CHECK_983,WEEKLY,SUCCESS,494,187,9.95,50.43,334.76,4.826,4.3109821060519495,False,False
EXEC-003414,2025-09-24 01:00:00,PAYMENT_SYSTEM,COMPLETENESS_CHECK,CHECK_514,ON_DEMAND,SUCCESS,584,25,3.25,33.12,250.84,2.5504,1.672969782450306,False,False
EXEC-003415,2025-12-30 08:00:00,MOBILE_APP,CONSISTENCY_CHECK,CHECK_542,ON_DEMAND,SUCCESS,51918,63,41.35,40.76,91.95,0.8871,0.5069032392037129,False,False
EXEC-003416,2026-02-27 00:00:00,INTERNET_BANK,FRESHNESS_CHECK,CHECK_552,ON_DEMAND,SUCCESS,2472,88,13.51,7.02,122.43,2.5733,1.18585743727441,False,False
EXEC-003417,2025-10-13 11:00:00,CREDIT_BUREAU,CONSISTENCY_CHECK,CHECK_251,HOURLY,SUCCESS,2291,19,10.08,2.04,165.52,3.6293,2.9501450159669127,False,False
EXEC-003418,2026-02-26 06:00:00,INTERNET_BANK,ACCURACY_CHECK,CHECK_833,DAILY,FAILED,5253,74,5.61,25.17,732.73,4.4922,12.815348223752306,True,True
EXEC-003419,2026-02-14 20:00:00,MOBILE_APP,COMPLETENESS_CHECK,CHECK_154,HOURLY,SKIPPED,7783,0,9.05,65.31,168.56,0.9467,,False,False
EXEC-003420,2025-09-02 11:00:00,LOAN_REGISTRY,COMPLETENESS_CHECK,CHECK_197,ON_DEMAND,FAILED,735,2,19.18,10.49,2673.19,1.9535,9.044050766457978,True,True
EXEC-003421,2026-01-03 22:00:00,MOBILE_APP,NULL_CHECK,CHECK_159,WEEKLY,SUCCESS,8989,13,27.54,4.46,342.67,2.6689,1.4192903012182783,False,False
EXEC-003422,2026-03-13 00:00:00,MOBILE_APP,ACCURACY_CHECK,CHECK_663,ON_DEMAND,SUCCESS,7213,405,2.55,35.4,83.6,4.6796,1.1275973054476847,False,False
EXEC-003423,2025-10-03 05:00:00,FRAUD_DETECTION,CONSISTENCY_CHECK,CHECK_241,WEEKLY,SUCCESS,17532,0,3.96,38.64,545.2,1.0936,0.3363859993962616,False,False
EXEC-003424,2026-01-27 01:00:00,CREDIT_BUREAU,SCHEMA_VALIDATION,CHECK_373,HOURLY,SUCCESS,37709,1215,2.91,6.29,667.5,4.0968,2.5391314040544306,False,False
EXEC-003425,2025-10-07 07:00:00,PAYMENT_SYSTEM,ACCURACY_CHECK,CHECK_759,WEEKLY,SUCCESS,801,11,2.12,61.21,861.18,0.0925,0.04149304927908468,False,False
EXEC-003426,2025-10-09 06:00:00,SCORING_ENGINE,COMPLETENESS_CHECK,CHECK_838,HOURLY,SUCCESS,1586,51,4.27,21.76,558.29,3.3455,2.818352417015883,False,False
EXEC-003427,2026-02-19 17:00:00,CRM_CLIENTS,SCHEMA_VALIDATION,CHECK_116,ON_DEMAND,SUCCESS,219705,849,19.43,6.99,162.47,1.8033,0.7770371008893797,False,False
EXEC-003428,2026-01-28 00:00:00,SCORING_ENGINE,REFERENTIAL_INTEGRITY,CHECK_929,DAILY,SUCCESS,354,12,4.57,16.89,1224.61,3.7815,2.531359305273317,False,False
EXEC-003429,2025-11-12 04:00:00,CRM_CLIENTS,CONSISTENCY_CHECK,CHECK_242,DAILY,SUCCESS,20959,74,2.04,17.85,610.56,0.2416,0.1977618608458194,False,False
EXEC-003430,2026-03-02 19:00:00,LOAN_REGISTRY,NULL_CHECK,CHECK_823,HOURLY,SUCCESS,4236,1,7.38,19.59,3114.07,4.9376,1.1561337283559487,False,False
EXEC-003431,2026-01-05 18:00:00,PAYMENT_SYSTEM,SCHEMA_VALIDATION,CHECK_888,DAILY,SUCCESS,116,24096,16.64,5.06,110.02,2.9546,1.5507056957239223,False,False
EXEC-003432,2025-12-23 10:00:00,MOBILE_APP,DUPLICATE_CHECK,CHECK_652,ON_DEMAND,SUCCESS,4377,4054,2.84,12.23,203.05,0.1867,0.09933107666295689,False,False
EXEC-003433,2026-03-07 19:00:00,SCORING_ENGINE,FRESHNESS_CHECK,CHECK_193,ON_DEMAND,SUCCESS,3375,151,7.11,36.55,487.15,0.4117,0.0988941097775924,False,False
EXEC-003434,2026-03-07 22:00:00,FRAUD_DETECTION,SCHEMA_VALIDATION,CHECK_805,ON_DEMAND,FAILED,181,191,1.62,16.24,256.18,2.3322,5.008895110245391,True,False
EXEC-003435,2025-09-28 20:00:00,SCORING_ENGINE,FORMAT_CHECK,CHECK_619,WEEKLY,SUCCESS,853,42,0.69,16.25,164.07,3.5462,2.6055317094634773,False,False
EXEC-003436,2025-12-16 19:00:00,CRM_CLIENTS,RANGE_CHECK,CHECK_255,ON_DEMAND,SUCCESS,12967,43,3.47,33.63,374.25,3.0535,0.37343295223537554,False,False
EXEC-003437,2026-02-06 07:00:00,LOAN_REGISTRY,ACCURACY_CHECK,CHECK_241,WEEKLY,TIMEOUT,3476,0,0.76,37.95,148.2,0.7617,,False,False
EXEC-003438,2026-02-08 13:00:00,MOBILE_APP,COMPLETENESS_CHECK,CHECK_768,DAILY,SUCCESS,53629,266,340.25,29.25,404.8,3.4073,1.346356790571605,False,False
EXEC-003439,2025-10-28 03:00:00,PAYMENT_SYSTEM,COMPLETENESS_CHECK,CHECK_327,HOURLY,SUCCESS,2255484,2,46.9,29.2,660.07,3.9531,1.354287411549082,False,False
EXEC-003440,2025-10-03 03:00:00,LOAN_REGISTRY,REFERENTIAL_INTEGRITY,CHECK_625,DAILY,SUCCESS,4194,141,4.12,19.38,370.92,4.7002,1.5992300121389782,False,False
EXEC-003441,2026-01-09 07:00:00,FRAUD_DETECTION,FORMAT_CHECK,CHECK_557,ON_DEMAND,SUCCESS,1608,381,6.58,4.98,78.79,4.0659,0.42871870677943597,False,False
EXEC-003442,2026-03-09 18:00:00,CRM_CLIENTS,REFERENTIAL_INTEGRITY,CHECK_710,HOURLY,SUCCESS,15041,134,3.89,17.95,3885.21,0.6505,0.5146959517730185,False,False
EXEC-003443,2026-02-24 09:00:00,CRM_CLIENTS,REFERENTIAL_INTEGRITY,CHECK_885,DAILY,FAILED,5106,5,32.07,56.05,609.71,1.9365,8.688005541782092,True,True
EXEC-003444,2025-09-16 04:00:00,MOBILE_APP,FRESHNESS_CHECK,CHECK_395,DAILY,FAILED,5865,1034,17.87,12.24,203.91,3.3114,14.376253246790336,True,True
EXEC-003445,2025-09-18 04:00:00,CRM_CLIENTS,COMPLETENESS_CHECK,CHECK_101,HOURLY,SKIPPED,39018,0,3.18,24.4,204.18,4.7999,,False,False
EXEC-003446,2025-12-25 22:00:00,LOAN_REGISTRY,FORMAT_CHECK,CHECK_252,DAILY,SUCCESS,56284,165,7.05,7.45,1120.85,0.2414,0.07173223656032808,False,False
EXEC-003447,2025-11-20 16:00:00,FRAUD_DETECTION,NULL_CHECK,CHECK_500,WEEKLY,SUCCESS,58294,0,9.83,16.2,1226.75,4.6679,2.8130173495509556,False,False
EXEC-003448,2026-02-11 09:00:00,SCORING_ENGINE,COMPLETENESS_CHECK,CHECK_244,WEEKLY,SUCCESS,1983,4208,154.33,19.81,345.58,2.7149,1.608892371619491,False,False
EXEC-003449,2026-03-02 14:00:00,CRM_CLIENTS,DUPLICATE_CHECK,CHECK_134,WEEKLY,SUCCESS,21611,11,17.16,23.47,476.48,3.3421,0.7900936217933545,False,False
EXEC-003450,2025-11-13 17:00:00,INTERNET_BANK,FRESHNESS_CHECK,CHECK_643,ON_DEMAND,SUCCESS,93,12,8.86,26.03,442.92,0.7979,0.36846110631872314,False,False
EXEC-003451,2025-09-23 22:00:00,MOBILE_APP,SCHEMA_VALIDATION,CHECK_454,ON_DEMAND,SUCCESS,67143,14,13.4,15.88,1817.03,2.679,0.8690917939429285,False,False
EXEC-003452,2026-03-06 21:00:00,CRM_CLIENTS,FRESHNESS_CHECK,CHECK_612,DAILY,SUCCESS,661,176,45.28,2.93,824.19,2.5988,1.5349444567235009,False,False
EXEC-003453,2026-01-07 03:00:00,CREDIT_BUREAU,SCHEMA_VALIDATION,CHECK_171,DAILY,FAILED,22918,20,0.68,37.18,288.37,1.7177,8.257379284314188,True,True
EXEC-003454,2025-10-23 18:00:00,CREDIT_BUREAU,FORMAT_CHECK,CHECK_608,ON_DEMAND,SUCCESS,36469,0,30.73,47.69,1241.21,1.4321,0.7267317949262034,False,False
EXEC-003455,2026-02-21 13:00:00,INTERNET_BANK,FRESHNESS_CHECK,CHECK_368,DAILY,FAILED,6054,2,1.23,11.23,1736.15,3.6423,17.166913039450584,True,False
EXEC-003456,2026-02-11 16:00:00,CRM_CLIENTS,CONSISTENCY_CHECK,CHECK_805,DAILY,SUCCESS,25659,962,1.23,11.16,1948.37,4.1924,0.46703319938276266,False,False
EXEC-003457,2025-10-29 20:00:00,CRM_CLIENTS,RANGE_CHECK,CHECK_432,DAILY,SUCCESS,13102,152,0.82,47.86,839.44,2.2175,0.7148269285058555,False,False
EXEC-003458,2026-02-21 18:00:00,FRAUD_DETECTION,RANGE_CHECK,CHECK_239,HOURLY,SUCCESS,5363,2,3.99,24.74,690.26,3.118,1.3281709955367882,False,False
EXEC-003459,2025-12-04 05:00:00,CREDIT_BUREAU,REFERENTIAL_INTEGRITY,CHECK_578,WEEKLY,FAILED,7645,342,2.71,36.84,470.5,4.665,22.2703795905372,True,True
EXEC-003460,2025-12-23 05:00:00,PAYMENT_SYSTEM,FRESHNESS_CHECK,CHECK_332,HOURLY,FAILED,13878,438967,17.59,26.74,760.93,4.717,12.353924239302216,True,False
EXEC-003461,2025-12-16 03:00:00,CRM_CLIENTS,REFERENTIAL_INTEGRITY,CHECK_908,ON_DEMAND,SUCCESS,2406,71,11.21,32.31,364.66,4.5409,3.5958561524313084,False,False
EXEC-003462,2025-09-19 05:00:00,CREDIT_BUREAU,NULL_CHECK,CHECK_467,ON_DEMAND,SUCCESS,1379,6,57.1,51.72,122.92,4.7298,3.5483613221976285,False,False
EXEC-003463,2025-10-03 18:00:00,PAYMENT_SYSTEM,FRESHNESS_CHECK,CHECK_752,WEEKLY,SUCCESS,877,15,0.36,41.04,648.84,2.0928,1.7243717449599638,False,False
EXEC-003464,2026-02-23 09:00:00,LOAN_REGISTRY,FORMAT_CHECK,CHECK_297,HOURLY,SUCCESS,5635,0,3.53,30.66,620.75,3.7233,2.1418410901588416,False,False
EXEC-003465,2025-10-18 03:00:00,LOAN_REGISTRY,RANGE_CHECK,CHECK_521,HOURLY,SUCCESS,185181,734,10.27,9.78,55.98,2.6319,0.9253270933389316,False,False
EXEC-003466,2025-10-28 09:00:00,CREDIT_BUREAU,DUPLICATE_CHECK,CHECK_419,WEEKLY,SUCCESS,1431,0,4.92,57.76,545.19,3.8114,1.5529403237410324,False,False
EXEC-003467,2026-02-10 17:00:00,SCORING_ENGINE,FRESHNESS_CHECK,CHECK_263,ON_DEMAND,SUCCESS,161494,103,0.81,10.11,217.03,4.1313,1.3102775581937682,False,False
EXEC-003468,2025-10-26 11:00:00,CRM_CLIENTS,RANGE_CHECK,CHECK_327,ON_DEMAND,SUCCESS,9996,0,7.23,31.37,1088.14,3.145,0.9653401822784913,False,False
EXEC-003469,2025-09-01 09:00:00,LOAN_REGISTRY,DUPLICATE_CHECK,CHECK_452,DAILY,SUCCESS,743,137,0.87,54.04,2813.3,0.1791,0.12013326012036597,False,False
EXEC-003470,2025-09-19 10:00:00,FRAUD_DETECTION,SCHEMA_VALIDATION,CHECK_565,ON_DEMAND,FAILED,540,182,1.7,29.04,697.61,3.8873,12.446392779778394,True,True
EXEC-003471,2025-10-31 15:00:00,FRAUD_DETECTION,COMPLETENESS_CHECK,CHECK_117,WEEKLY,SUCCESS,192233,112,12.36,29.83,501.09,4.9752,3.408857584779977,False,False
EXEC-003472,2026-03-08 03:00:00,INTERNET_BANK,FRESHNESS_CHECK,CHECK_108,ON_DEMAND,SUCCESS,30686,149,1.21,19.63,450.38,3.683,1.5060344541629351,False,False
EXEC-003473,2025-11-12 23:00:00,INTERNET_BANK,DUPLICATE_CHECK,CHECK_401,WEEKLY,FAILED,1278,8334,1.6,45.72,370.69,0.1278,0.3354838309705663,True,True
EXEC-003474,2025-12-10 12:00:00,INTERNET_BANK,NULL_CHECK,CHECK_189,DAILY,SUCCESS,730,0,24.44,25.47,448.85,3.83,1.6326916057564231,False,False
EXEC-003475,2026-03-03 04:00:00,PAYMENT_SYSTEM,DUPLICATE_CHECK,CHECK_263,HOURLY,SKIPPED,19610,0,2.0,42.47,303.69,2.87,,False,False
EXEC-003476,2025-10-14 12:00:00,FRAUD_DETECTION,ACCURACY_CHECK,CHECK_734,DAILY,SUCCESS,2564,7470,6.57,2.36,169.95,4.288,2.468262176751308,False,False
EXEC-003477,2025-11-18 01:00:00,CRM_CLIENTS,FRESHNESS_CHECK,CHECK_196,WEEKLY,SUCCESS,862,3297,5.34,62.74,1713.81,0.826,0.4413396068202909,False,False
EXEC-003478,2025-10-17 04:00:00,INTERNET_BANK,SCHEMA_VALIDATION,CHECK_890,HOURLY,SUCCESS,26281,3609,22.33,34.02,294.76,4.1996,1.919609689889453,False,False
EXEC-003479,2025-10-24 01:00:00,INTERNET_BANK,DUPLICATE_CHECK,CHECK_673,DAILY,SUCCESS,7363,1786,7.84,12.5,707.78,4.7167,1.0503647886224454,False,False
EXEC-003480,2025-09-21 04:00:00,LOAN_REGISTRY,SCHEMA_VALIDATION,CHECK_242,DAILY,SUCCESS,711,1560,7.77,36.76,110.23,2.3581,0.37202847145176854,False,False
EXEC-003481,2025-11-26 00:00:00,LOAN_REGISTRY,ACCURACY_CHECK,CHECK_664,HOURLY,SUCCESS,4007,0,21.16,36.58,815.32,2.3174,1.080688833560713,False,False
EXEC-003482,2025-10-01 06:00:00,LOAN_REGISTRY,REFERENTIAL_INTEGRITY,CHECK_818,WEEKLY,FAILED,60656,292,4.55,22.23,308.64,3.6499,11.746033016438016,True,True
EXEC-003483,2025-12-04 16:00:00,MOBILE_APP,REFERENTIAL_INTEGRITY,CHECK_439,WEEKLY,SUCCESS,638,0,2.13,10.88,515.19,1.5813,0.5953382468763618,False,False
EXEC-003484,2025-12-05 03:00:00,CREDIT_BUREAU,REFERENTIAL_INTEGRITY,CHECK_209,HOURLY,FAILED,26668,10769,10.41,47.51,889.77,4.1829,19.66840251215863,True,True
EXEC-003485,2026-02-14 07:00:00,CRM_CLIENTS,COMPLETENESS_CHECK,CHECK_662,HOURLY,FAILED,3203,454,3.59,37.26,488.19,4.2589,17.708849913173037,True,True
EXEC-003486,2025-12-05 03:00:00,SCORING_ENGINE,COMPLETENESS_CHECK,CHECK_218,WEEKLY,SUCCESS,7931,178,77.88,13.76,190.81,3.1701,0.6505576635242172,False,False
EXEC-003487,2025-11-12 03:00:00,PAYMENT_SYSTEM,NULL_CHECK,CHECK_803,WEEKLY,SUCCESS,4551,19,4.46,16.27,366.0,2.6213,2.228386367192601,False,False
EXEC-003488,2025-10-15 22:00:00,FRAUD_DETECTION,CONSISTENCY_CHECK,CHECK_528,HOURLY,SUCCESS,14947,220,289.66,27.93,414.93,4.1926,1.692405659287816,False,False
EXEC-003489,2026-02-27 03:00:00,INTERNET_BANK,COMPLETENESS_CHECK,CHECK_171,DAILY,SUCCESS,1245,1377,20.22,12.01,554.3,0.9048,0.604473263460407,False,False
EXEC-003490,2025-10-08 10:00:00,PAYMENT_SYSTEM,FRESHNESS_CHECK,CHECK_743,ON_DEMAND,SUCCESS,42997,43,2.8,59.91,1617.19,0.6152,0.20712108507162416,False,False
EXEC-003491,2025-09-23 12:00:00,PAYMENT_SYSTEM,ACCURACY_CHECK,CHECK_280,HOURLY,SUCCESS,2967,6871,10.44,0.82,244.2,0.1958,0.028571486026984044,False,False
EXEC-003492,2026-01-22 20:00:00,LOAN_REGISTRY,RANGE_CHECK,CHECK_905,ON_DEMAND,FAILED,49293,533,147.35,4.63,436.38,0.0212,0.046429594311050225,True,True
EXEC-003493,2026-01-01 20:00:00,INTERNET_BANK,CONSISTENCY_CHECK,CHECK_746,DAILY,SUCCESS,13100,25,7.05,60.68,284.25,3.3179,2.696681541472856,False,False
EXEC-003494,2025-11-06 23:00:00,CREDIT_BUREAU,FRESHNESS_CHECK,CHECK_435,DAILY,SUCCESS,20263,85,18.47,5.88,1604.61,1.0886,0.8524273125700458,False,False
EXEC-003495,2025-09-04 11:00:00,FRAUD_DETECTION,REFERENTIAL_INTEGRITY,CHECK_454,WEEKLY,SUCCESS,1940,55,75.03,34.95,1767.61,4.2738,0.553779408701533,False,False
EXEC-003496,2025-10-14 04:00:00,PAYMENT_SYSTEM,FRESHNESS_CHECK,CHECK_678,WEEKLY,FAILED,1303,0,11.64,17.49,58.22,2.0458,8.397724849533285,True,True
EXEC-003497,2025-09-05 10:00:00,LOAN_REGISTRY,SCHEMA_VALIDATION,CHECK_118,DAILY,SUCCESS,1563,156,14.94,41.67,1160.28,3.1287,2.32524372007049,False,False
EXEC-003498,2025-10-14 13:00:00,MOBILE_APP,FORMAT_CHECK,CHECK_393,ON_DEMAND,SKIPPED,2394,0,36.52,38.84,516.74,3.4079,,False,False
EXEC-003499,2025-09-13 07:00:00,CRM_CLIENTS,RANGE_CHECK,CHECK_781,HOURLY,SUCCESS,25244,709,23.09,44.03,503.19,2.8581,2.5115586582598084,False,False
EXEC-003500,2025-11-10 22:00:00,LOAN_REGISTRY,COMPLETENESS_CHECK,CHECK_987,HOURLY,SUCCESS,7824,38730,20.95,75.1,573.36,0.6334,0.08946723388416654,False,False
EXEC-003501,2025-09-18 07:00:00,LOAN_REGISTRY,SCHEMA_VALIDATION,CHECK_507,HOURLY,TIMEOUT,107458,0,14.45,9.75,250.35,1.9229,,False,False
EXEC-003502,2025-12-04 13:00:00,CRM_CLIENTS,DUPLICATE_CHECK,CHECK_217,ON_DEMAND,SUCCESS,332,92,23.41,18.61,496.02,0.3107,0.23485217931229144,False,False
EXEC-003503,2025-10-21 22:00:00,INTERNET_BANK,CONSISTENCY_CHECK,CHECK_132,WEEKLY,SUCCESS,11541,18,0.62,36.95,499.92,0.9404,0.654235945995614,False,False
EXEC-003504,2025-11-14 18:00:00,FRAUD_DETECTION,ACCURACY_CHECK,CHECK_162,DAILY,SUCCESS,931,1,20.07,17.68,129.3,1.8955,0.593015444976787,False,False
EXEC-003505,2025-10-15 18:00:00,INTERNET_BANK,COMPLETENESS_CHECK,CHECK_575,DAILY,SUCCESS,4395,2259,1.88,38.63,166.69,3.6744,2.4484503730620677,False,False
EXEC-003506,2025-10-15 13:00:00,FRAUD_DETECTION,SCHEMA_VALIDATION,CHECK_716,ON_DEMAND,SUCCESS,3798,74,2.98,29.55,102.5,2.5701,0.9624862519394928,False,False
EXEC-003507,2026-01-28 19:00:00,MOBILE_APP,FRESHNESS_CHECK,CHECK_277,HOURLY,SUCCESS,31388,46013,30.57,40.3,101.58,3.5382,1.147533259188572,False,False
EXEC-003508,2026-02-17 23:00:00,FRAUD_DETECTION,FRESHNESS_CHECK,CHECK_324,ON_DEMAND,FAILED,446,34,2.77,17.94,193.83,2.7109,9.690108760763273,True,True
EXEC-003509,2026-01-01 14:00:00,SCORING_ENGINE,COMPLETENESS_CHECK,CHECK_156,ON_DEMAND,SUCCESS,11200,0,1.54,32.65,403.9,0.1466,0.030153965048498245,False,False
EXEC-003510,2025-10-14 09:00:00,MOBILE_APP,DUPLICATE_CHECK,CHECK_370,HOURLY,SUCCESS,6691,150,32.07,22.67,23.81,2.4909,2.079588845243959,False,False
EXEC-003511,2025-10-06 05:00:00,PAYMENT_SYSTEM,COMPLETENESS_CHECK,CHECK_536,DAILY,SUCCESS,7975,1,1.54,16.4,1329.05,0.6739,0.3101828817112151,False,False
EXEC-003512,2025-11-23 04:00:00,INTERNET_BANK,REFERENTIAL_INTEGRITY,CHECK_518,HOURLY,SUCCESS,2366,298,2.84,62.68,457.22,4.2446,1.2900622955699412,False,False
EXEC-003513,2026-01-06 07:00:00,LOAN_REGISTRY,COMPLETENESS_CHECK,CHECK_124,WEEKLY,SUCCESS,874,17,70.87,11.7,125.12,3.0656,0.8713058867036156,False,False
EXEC-003514,2025-11-06 04:00:00,SCORING_ENGINE,COMPLETENESS_CHECK,CHECK_155,DAILY,TIMEOUT,458,0,2.34,32.81,90.2,3.164,,False,False
EXEC-003515,2025-09-15 03:00:00,PAYMENT_SYSTEM,COMPLETENESS_CHECK,CHECK_187,WEEKLY,SUCCESS,5137,32,34.46,34.95,1133.36,3.0753,1.017831894758782,False,False
EXEC-003516,2025-10-15 14:00:00,LOAN_REGISTRY,DUPLICATE_CHECK,CHECK_230,ON_DEMAND,SUCCESS,1503,67,3.69,18.85,211.78,2.2446,1.2713005754799267,False,False
EXEC-003517,2026-02-19 19:00:00,CREDIT_BUREAU,ACCURACY_CHECK,CHECK_675,WEEKLY,SUCCESS,48285,55,1.02,81.46,409.0,1.3578,0.8514830336020179,False,False
EXEC-003518,2025-10-02 22:00:00,FRAUD_DETECTION,REFERENTIAL_INTEGRITY,CHECK_348,WEEKLY,SUCCESS,78143,24,2.48,18.35,1962.94,0.9364,0.6534741573734631,False,False
EXEC-003519,2026-01-21 15:00:00,CRM_CLIENTS,NULL_CHECK,CHECK_634,DAILY,SUCCESS,6511,2,1.75,19.99,418.23,2.4248,0.5626113271048598,False,False
EXEC-003520,2025-12-24 12:00:00,SCORING_ENGINE,FRESHNESS_CHECK,CHECK_246,ON_DEMAND,SUCCESS,49569,393,4.83,17.63,2057.91,2.739,1.1760072557455643,False,False
EXEC-003521,2025-09-17 01:00:00,CRM_CLIENTS,FORMAT_CHECK,CHECK_569,ON_DEMAND,FAILED,303,0,21.87,12.65,189.05,2.2605,5.525916685290433,True,True
EXEC-003522,2026-01-17 23:00:00,FRAUD_DETECTION,FRESHNESS_CHECK,CHECK_188,HOURLY,FAILED,189,19300,13.9,8.22,371.75,3.2391,14.268668521605974,True,True
EXEC-003523,2025-11-26 12:00:00,MOBILE_APP,SCHEMA_VALIDATION,CHECK_130,WEEKLY,SUCCESS,3028,58,15.3,20.75,126.34,2.9604,0.3179097629201653,False,False
EXEC-003524,2026-01-14 02:00:00,PAYMENT_SYSTEM,NULL_CHECK,CHECK_191,WEEKLY,FAILED,322074,1692,190.32,33.88,207.46,1.6569,7.713983859053186,True,True
EXEC-003525,2025-11-07 06:00:00,CRM_CLIENTS,REFERENTIAL_INTEGRITY,CHECK_840,ON_DEMAND,SUCCESS,893,145,9.71,35.73,622.48,0.7137,0.11948929274334731,False,False
EXEC-003526,2025-09-01 23:00:00,CRM_CLIENTS,SCHEMA_VALIDATION,CHECK_863,WEEKLY,SUCCESS,16014,0,80.14,11.08,197.0,1.1517,0.3545514744053519,False,False
EXEC-003527,2025-09-20 14:00:00,CREDIT_BUREAU,SCHEMA_VALIDATION,CHECK_279,ON_DEMAND,SUCCESS,37227,10,21.48,8.68,129.22,1.3551,0.14326835605812732,False,False
EXEC-003528,2025-12-27 13:00:00,PAYMENT_SYSTEM,FRESHNESS_CHECK,CHECK_305,WEEKLY,FAILED,885,0,9.4,15.06,60.38,3.6022,10.696257516242902,True,True
EXEC-003529,2025-11-18 18:00:00,SCORING_ENGINE,CONSISTENCY_CHECK,CHECK_230,ON_DEMAND,SUCCESS,115701,12977,3.67,44.74,338.92,4.5801,0.9651941437545875,False,False
EXEC-003530,2026-01-29 04:00:00,MOBILE_APP,SCHEMA_VALIDATION,CHECK_681,HOURLY,SUCCESS,2411,110,524.55,15.77,183.89,0.7255,0.32429483100594775,False,False
EXEC-003531,2026-02-03 23:00:00,SCORING_ENGINE,ACCURACY_CHECK,CHECK_852,DAILY,FAILED,64313,275,27.5,13.73,580.6,1.7989,2.763542535692256,True,True
EXEC-003532,2026-02-04 21:00:00,LOAN_REGISTRY,SCHEMA_VALIDATION,CHECK_742,HOURLY,FAILED,5444,7,1.2,13.04,1061.68,0.1891,0.3130301404595992,True,True
EXEC-003533,2025-12-31 11:00:00,CREDIT_BUREAU,RANGE_CHECK,CHECK_537,WEEKLY,SUCCESS,75471,37,2.13,29.84,645.32,0.8714,0.3537966418762497,False,False
EXEC-003534,2026-01-14 19:00:00,LOAN_REGISTRY,CONSISTENCY_CHECK,CHECK_170,ON_DEMAND,SUCCESS,15108,17728,3.53,60.77,93.43,1.6886,1.0325895623838663,False,False
EXEC-003535,2025-10-03 18:00:00,FRAUD_DETECTION,COMPLETENESS_CHECK,CHECK_459,HOURLY,SUCCESS,4043,0,15.44,6.41,320.45,1.2718,0.32158954906442694,False,False
EXEC-003536,2026-03-03 09:00:00,PAYMENT_SYSTEM,CONSISTENCY_CHECK,CHECK_191,WEEKLY,SUCCESS,38176,135262,155.95,6.49,544.02,3.5501,1.0066375005043184,False,False
EXEC-003537,2025-11-16 13:00:00,PAYMENT_SYSTEM,NULL_CHECK,CHECK_228,WEEKLY,SUCCESS,166152,29,9.4,24.13,1018.94,0.3819,0.16220605938280602,False,False
EXEC-003538,2025-10-16 01:00:00,INTERNET_BANK,FORMAT_CHECK,CHECK_130,DAILY,SUCCESS,1915,0,0.34,55.87,2596.58,3.633,2.241002955412734,False,False
EXEC-003539,2025-09-25 05:00:00,MOBILE_APP,SCHEMA_VALIDATION,CHECK_770,ON_DEMAND,SUCCESS,9551,4,11.17,21.77,277.76,2.9242,2.5007796550435986,False,False
EXEC-003540,2025-09-08 19:00:00,LOAN_REGISTRY,FORMAT_CHECK,CHECK_370,DAILY,SUCCESS,2963,8,0.98,23.92,388.4,2.5505,1.559211533706913,False,False
EXEC-003541,2025-10-26 06:00:00,INTERNET_BANK,DUPLICATE_CHECK,CHECK_645,ON_DEMAND,FAILED,128042,9,4.69,40.52,2001.12,2.4761,10.667990307373993,True,True
EXEC-003542,2025-10-01 14:00:00,CREDIT_BUREAU,FRESHNESS_CHECK,CHECK_832,WEEKLY,FAILED,4702,42,144.66,54.02,106.17,2.7889,4.491679698787557,True,True
EXEC-003543,2026-01-20 21:00:00,SCORING_ENGINE,REFERENTIAL_INTEGRITY,CHECK_483,DAILY,SUCCESS,54783,21,15.4,44.87,110.36,4.2898,0.4355442967144611,False,False
EXEC-003544,2025-09-26 06:00:00,CREDIT_BUREAU,NULL_CHECK,CHECK_111,WEEKLY,SUCCESS,27913,2,2.61,34.39,677.66,2.4455,1.8902658821521752,False,False
EXEC-003545,2026-02-08 07:00:00,SCORING_ENGINE,FORMAT_CHECK,CHECK_609,ON_DEMAND,SUCCESS,1729,208,6.88,38.81,295.51,3.3656,1.1945950145075699,False,False
EXEC-003546,2025-12-11 21:00:00,LOAN_REGISTRY,FORMAT_CHECK,CHECK_853,HOURLY,SUCCESS,819,15204,20.48,35.25,178.78,0.3968,0.11995512474780054,False,False
EXEC-003547,2026-01-08 01:00:00,MOBILE_APP,SCHEMA_VALIDATION,CHECK_539,ON_DEMAND,SUCCESS,1871,12,13.98,15.93,326.47,2.7304,1.8044442583484426,False,False
EXEC-003548,2025-09-14 22:00:00,INTERNET_BANK,REFERENTIAL_INTEGRITY,CHECK_545,WEEKLY,SUCCESS,48568,28,7.17,22.46,680.37,2.6367,1.8192741080344954,False,False
EXEC-003549,2025-10-25 07:00:00,PAYMENT_SYSTEM,FRESHNESS_CHECK,CHECK_869,ON_DEMAND,SUCCESS,40022,693,79.46,2.31,4359.2,4.9105,2.2895908448563125,False,False
EXEC-003550,2026-03-01 05:00:00,CRM_CLIENTS,ACCURACY_CHECK,CHECK_432,ON_DEMAND,SUCCESS,41352,33,1.77,39.2,587.62,1.3493,0.721351997291891,False,False
EXEC-003551,2025-11-14 11:00:00,MOBILE_APP,RANGE_CHECK,CHECK_329,HOURLY,SUCCESS,3911,99,12.7,66.94,527.32,0.1161,0.07534166569810442,False,False
EXEC-003552,2025-10-11 17:00:00,CRM_CLIENTS,CONSISTENCY_CHECK,CHECK_934,WEEKLY,SUCCESS,168496,31,4.61,18.38,602.53,4.5786,3.9961151995831337,False,False
EXEC-003553,2025-09-10 22:00:00,FRAUD_DETECTION,REFERENTIAL_INTEGRITY,CHECK_890,ON_DEMAND,FAILED,7447,151,2.6,19.97,1056.96,2.5953,6.513860605440577,True,True
EXEC-003554,2025-11-29 23:00:00,SCORING_ENGINE,DUPLICATE_CHECK,CHECK_848,DAILY,SUCCESS,492,4922,3.62,33.21,263.44,0.7282,0.4600130498517306,False,False
EXEC-003555,2025-11-24 15:00:00,PAYMENT_SYSTEM,CONSISTENCY_CHECK,CHECK_872,HOURLY,SUCCESS,29223,24809,0.68,31.24,546.39,0.5698,0.16359133188442027,False,False
EXEC-003556,2026-03-04 17:00:00,INTERNET_BANK,COMPLETENESS_CHECK,CHECK_364,HOURLY,SUCCESS,3447,9,11.94,10.8,2463.3,4.8783,3.283641970561089,False,False
EXEC-003557,2025-12-04 04:00:00,SCORING_ENGINE,REFERENTIAL_INTEGRITY,CHECK_419,DAILY,SUCCESS,49827,569,18.44,44.5,886.83,1.8725,1.3203460654104313,False,False
EXEC-003558,2025-09-23 19:00:00,CRM_CLIENTS,FRESHNESS_CHECK,CHECK_490,WEEKLY,FAILED,47140,460,15.13,18.96,289.61,2.7542,10.695966552515271,True,True
EXEC-003559,2026-01-11 03:00:00,PAYMENT_SYSTEM,FORMAT_CHECK,CHECK_842,ON_DEMAND,SUCCESS,4689,3,3.98,23.64,1057.32,1.5505,0.23273016357781937,False,False
EXEC-003560,2026-01-12 18:00:00,LOAN_REGISTRY,FORMAT_CHECK,CHECK_147,DAILY,SUCCESS,195,3921,7.57,37.98,493.76,0.1005,0.012703385420026927,False,False
EXEC-003561,2025-10-26 08:00:00,CRM_CLIENTS,COMPLETENESS_CHECK,CHECK_996,WEEKLY,FAILED,1474,52,4.33,33.78,207.41,3.8582,11.336291135525954,True,True
EXEC-003562,2025-10-22 11:00:00,INTERNET_BANK,FORMAT_CHECK,CHECK_412,HOURLY,SUCCESS,493094,14,6.52,29.82,284.11,2.9424,2.3000307674952536,False,False
EXEC-003563,2026-03-13 16:00:00,CRM_CLIENTS,REFERENTIAL_INTEGRITY,CHECK_770,DAILY,SUCCESS,18405,34,4.79,26.29,583.93,3.1057,0.4528331938228072,False,False
EXEC-003564,2025-09-28 16:00:00,MOBILE_APP,COMPLETENESS_CHECK,CHECK_281,ON_DEMAND,SUCCESS,115637,1,15.86,61.36,140.35,3.4219,0.8022739716890411,False,False
EXEC-003565,2025-11-09 07:00:00,PAYMENT_SYSTEM,RANGE_CHECK,CHECK_247,WEEKLY,SUCCESS,2377,541,5.52,15.57,4970.49,0.7655,0.6349951926901395,False,False
EXEC-003566,2025-10-11 10:00:00,CREDIT_BUREAU,CONSISTENCY_CHECK,CHECK_550,HOURLY,TIMEOUT,10617,0,7.11,13.81,143.33,1.9268,,False,False
EXEC-003567,2026-01-22 06:00:00,CREDIT_BUREAU,REFERENTIAL_INTEGRITY,CHECK_529,ON_DEMAND,SUCCESS,4141,90,7.36,32.47,1418.97,2.3447,0.41447269980236223,False,False
EXEC-003568,2026-02-14 04:00:00,INTERNET_BANK,CONSISTENCY_CHECK,CHECK_324,HOURLY,SUCCESS,13695,300,17.63,35.71,390.33,3.8121,1.0069240646937625,False,False
EXEC-003569,2025-09-05 18:00:00,MOBILE_APP,ACCURACY_CHECK,CHECK_972,DAILY,FAILED,4706,1196,8.99,8.17,191.96,3.1783,9.568761321028793,True,True
EXEC-003570,2026-02-19 00:00:00,SCORING_ENGINE,ACCURACY_CHECK,CHECK_749,HOURLY,SUCCESS,5291,428,5.9,12.59,614.79,2.185,0.41895090910432004,False,False
EXEC-003571,2025-09-20 01:00:00,CRM_CLIENTS,DUPLICATE_CHECK,CHECK_407,WEEKLY,SUCCESS,13664,509,1.28,22.07,122.56,2.0016,1.174028699503088,False,False
EXEC-003572,2026-01-04 05:00:00,CREDIT_BUREAU,FORMAT_CHECK,CHECK_492,ON_DEMAND,SUCCESS,75873,27,26.04,23.29,1056.7,3.8586,2.6777127121241975,False,False
EXEC-003573,2026-01-17 12:00:00,FRAUD_DETECTION,FORMAT_CHECK,CHECK_945,WEEKLY,SUCCESS,4545,3,16.33,52.55,382.11,2.7125,2.113494851003905,False,False
EXEC-003574,2026-03-10 04:00:00,INTERNET_BANK,REFERENTIAL_INTEGRITY,CHECK_125,ON_DEMAND,SUCCESS,24837,239,0.59,37.25,382.55,4.9309,1.4189611101528006,False,False
EXEC-003575,2026-01-04 19:00:00,CREDIT_BUREAU,NULL_CHECK,CHECK_209,DAILY,FAILED,44758,7,5.6,38.81,117.47,0.1421,0.5463707055537697,True,True
EXEC-003576,2026-01-21 13:00:00,CRM_CLIENTS,CONSISTENCY_CHECK,CHECK_736,ON_DEMAND,SUCCESS,2330,10236,15.85,28.26,816.4,3.8226,0.6709999908703782,False,False
EXEC-003577,2026-01-13 05:00:00,INTERNET_BANK,CONSISTENCY_CHECK,CHECK_190,DAILY,SUCCESS,6063,6,1.88,46.66,284.1,0.7539,0.6141646387887609,False,False
EXEC-003578,2026-02-05 04:00:00,SCORING_ENGINE,SCHEMA_VALIDATION,CHECK_440,ON_DEMAND,SUCCESS,6828,32,6.7,31.98,241.52,4.3271,1.4716271438852702,False,False
EXEC-003579,2025-09-14 20:00:00,LOAN_REGISTRY,DUPLICATE_CHECK,CHECK_342,ON_DEMAND,SUCCESS,514433,1,26.6,11.06,906.62,1.3819,1.0245717132466436,False,False
EXEC-003580,2026-01-09 18:00:00,CRM_CLIENTS,REFERENTIAL_INTEGRITY,CHECK_107,HOURLY,SUCCESS,769,2714,1.47,40.06,233.58,1.2216,1.0474400538402295,False,False
EXEC-003581,2025-11-19 19:00:00,PAYMENT_SYSTEM,COMPLETENESS_CHECK,CHECK_474,HOURLY,SUCCESS,1795,929,3.7,27.3,990.27,2.618,0.2987087762862093,False,False
EXEC-003582,2026-01-13 11:00:00,SCORING_ENGINE,ACCURACY_CHECK,CHECK_611,ON_DEMAND,SUCCESS,19300,88,2.12,12.79,374.34,2.2675,1.3355750831087119,False,False
EXEC-003583,2025-10-23 05:00:00,CRM_CLIENTS,FORMAT_CHECK,CHECK_836,ON_DEMAND,SUCCESS,125,1,3.06,16.97,1102.54,1.5731,1.1051587049485807,False,False
EXEC-003584,2025-09-29 17:00:00,LOAN_REGISTRY,DUPLICATE_CHECK,CHECK_861,ON_DEMAND,TIMEOUT,11652,0,9.48,20.56,117.52,1.6243,,False,False
EXEC-003585,2026-02-22 19:00:00,INTERNET_BANK,DUPLICATE_CHECK,CHECK_917,WEEKLY,SUCCESS,1339,84,1.17,32.22,230.75,1.3644,0.798361922862742,False,False
EXEC-003586,2026-01-13 09:00:00,MOBILE_APP,DUPLICATE_CHECK,CHECK_740,WEEKLY,SUCCESS,6452,56,1.39,32.48,601.38,2.0791,1.5058453390552353,False,False
EXEC-003587,2026-01-02 13:00:00,INTERNET_BANK,SCHEMA_VALIDATION,CHECK_309,HOURLY,SUCCESS,38155,1,4.82,17.38,402.31,3.2574,2.6639894350106,False,False
EXEC-003588,2026-01-02 10:00:00,PAYMENT_SYSTEM,ACCURACY_CHECK,CHECK_849,DAILY,FAILED,113245,0,2.16,23.29,623.46,2.2663,4.479567662378124,True,True
EXEC-003589,2025-09-21 15:00:00,INTERNET_BANK,REFERENTIAL_INTEGRITY,CHECK_416,ON_DEMAND,SUCCESS,571,54,37.28,42.19,526.01,2.2342,0.4835644988311472,False,False
EXEC-003590,2025-12-13 11:00:00,FRAUD_DETECTION,CONSISTENCY_CHECK,CHECK_603,HOURLY,FAILED,10459,52,18.01,45.27,1647.93,4.6359,18.606070790458674,True,False
EXEC-003591,2025-12-07 22:00:00,MOBILE_APP,SCHEMA_VALIDATION,CHECK_965,DAILY,SUCCESS,3171,48,32.47,39.33,377.35,4.6102,1.5168712327313316,False,False
EXEC-003592,2025-11-26 22:00:00,MOBILE_APP,RANGE_CHECK,CHECK_252,HOURLY,SUCCESS,2900,170,0.71,11.88,255.96,2.307,0.5454457699703441,False,False
EXEC-003593,2025-12-12 13:00:00,CRM_CLIENTS,FORMAT_CHECK,CHECK_365,WEEKLY,FAILED,2522,177,10.33,45.04,727.42,1.1754,2.6337364801877685,True,True
EXEC-003594,2025-09-13 08:00:00,CREDIT_BUREAU,SCHEMA_VALIDATION,CHECK_340,WEEKLY,SUCCESS,89815,464,2.88,62.3,355.6,0.798,0.17824054851685336,False,False
EXEC-003595,2026-01-29 12:00:00,CREDIT_BUREAU,RANGE_CHECK,CHECK_458,ON_DEMAND,SUCCESS,416,2,419.58,32.64,168.47,4.4792,2.2903276559348105,False,False
EXEC-003596,2026-01-26 06:00:00,MOBILE_APP,FRESHNESS_CHECK,CHECK_671,HOURLY,FAILED,624,1,9.17,33.06,68.03,2.3712,6.5512683622531895,True,True
EXEC-003597,2026-01-12 15:00:00,CRM_CLIENTS,FRESHNESS_CHECK,CHECK_531,ON_DEMAND,SKIPPED,9021,0,33.11,47.63,1056.86,3.8083,,False,False
EXEC-003598,2025-11-07 00:00:00,CREDIT_BUREAU,DUPLICATE_CHECK,CHECK_185,DAILY,FAILED,8225,704,19.13,6.42,581.2,2.9346,11.184721763462916,True,True
EXEC-003599,2025-12-14 12:00:00,SCORING_ENGINE,NULL_CHECK,CHECK_602,DAILY,TIMEOUT,407621,0,20.02,53.98,507.01,1.1032,,False,False
EXEC-003600,2025-11-04 08:00:00,LOAN_REGISTRY,REFERENTIAL_INTEGRITY,CHECK_519,ON_DEMAND,FAILED,11600,158,67.3,19.4,597.33,1.4089,3.776931981175066,True,True
EXEC-003601,2025-11-16 16:00:00,SCORING_ENGINE,NULL_CHECK,CHECK_647,WEEKLY,FAILED,21886,1244,45.72,14.9,204.56,4.5554,9.69725089900504,True,True
EXEC-003602,2026-03-13 17:00:00,FRAUD_DETECTION,ACCURACY_CHECK,CHECK_273,WEEKLY,SUCCESS,21419,14044,2.17,17.38,223.97,2.2598,1.3246181646295017,False,False
EXEC-003603,2026-01-21 06:00:00,FRAUD_DETECTION,FORMAT_CHECK,CHECK_267,ON_DEMAND,TIMEOUT,137,0,154.48,19.91,269.96,2.7212,,False,False
EXEC-003604,2025-12-27 08:00:00,CRM_CLIENTS,COMPLETENESS_CHECK,CHECK_425,WEEKLY,SUCCESS,991,38,171.97,38.79,1702.61,1.5124,0.6816227743855886,False,False
EXEC-003605,2025-09-03 21:00:00,INTERNET_BANK,NULL_CHECK,CHECK_875,WEEKLY,SUCCESS,18804,0,31.83,26.8,223.21,2.3732,1.8288857243466639,False,False
EXEC-003606,2025-12-13 04:00:00,MOBILE_APP,REFERENTIAL_INTEGRITY,CHECK_203,HOURLY,SUCCESS,2695,3,14.54,34.6,130.07,4.056,2.106770945795487,False,False
EXEC-003607,2026-01-07 15:00:00,FRAUD_DETECTION,NULL_CHECK,CHECK_867,HOURLY,SUCCESS,891,18,31.92,43.93,466.85,4.1443,1.7867146486873873,False,False
EXEC-003608,2025-10-28 02:00:00,INTERNET_BANK,CONSISTENCY_CHECK,CHECK_795,WEEKLY,SUCCESS,18835,1511,0.38,9.55,259.26,3.005,1.8346848362134116,False,False
EXEC-003609,2026-02-02 20:00:00,PAYMENT_SYSTEM,FORMAT_CHECK,CHECK_229,DAILY,SUCCESS,2201966,134,6.33,22.87,187.96,1.8654,1.3880902055578046,False,False
EXEC-003610,2025-11-04 18:00:00,CRM_CLIENTS,DUPLICATE_CHECK,CHECK_945,DAILY,SUCCESS,6204,434,46.33,41.29,114.82,0.1468,0.1095609153060403,False,False
EXEC-003611,2025-10-15 04:00:00,PAYMENT_SYSTEM,COMPLETENESS_CHECK,CHECK_569,HOURLY,SUCCESS,10378,141,5.37,15.22,1124.14,2.0407,0.49634131703518347,False,False
EXEC-003612,2025-10-28 15:00:00,FRAUD_DETECTION,FORMAT_CHECK,CHECK_784,ON_DEMAND,SUCCESS,683,3338,9.82,39.33,505.76,0.2795,0.04383331386955447,False,False
EXEC-003613,2026-01-10 12:00:00,SCORING_ENGINE,FORMAT_CHECK,CHECK_287,ON_DEMAND,SUCCESS,6300,214,0.9,19.93,167.7,1.3962,0.8733244077792383,False,False
EXEC-003614,2025-10-16 23:00:00,INTERNET_BANK,RANGE_CHECK,CHECK_503,ON_DEMAND,FAILED,3036,554,30.6,0.77,130.72,1.9039,4.625835000825159,True,True
EXEC-003615,2026-01-27 02:00:00,CRM_CLIENTS,SCHEMA_VALIDATION,CHECK_563,WEEKLY,SUCCESS,2962,14923,1.53,52.94,434.19,2.3926,0.9404991949165673,False,False
EXEC-003616,2025-10-11 02:00:00,SCORING_ENGINE,RANGE_CHECK,CHECK_103,WEEKLY,SUCCESS,1649,36,10.38,20.55,475.97,4.2722,2.864930717806762,False,False
EXEC-003617,2025-10-01 04:00:00,CRM_CLIENTS,REFERENTIAL_INTEGRITY,CHECK_621,ON_DEMAND,FAILED,2032,284,25.22,14.28,808.34,0.2915,0.5771234394117071,True,True
EXEC-003618,2025-12-10 20:00:00,SCORING_ENGINE,RANGE_CHECK,CHECK_501,ON_DEMAND,SUCCESS,91091,39,25.8,9.53,409.61,0.2729,0.13105193948778726,False,False
EXEC-003619,2025-10-21 03:00:00,LOAN_REGISTRY,NULL_CHECK,CHECK_967,WEEKLY,FAILED,4314,1,3.37,14.15,96.43,4.319,15.792605597871466,True,False
EXEC-003620,2025-11-27 06:00:00,CRM_CLIENTS,NULL_CHECK,CHECK_528,DAILY,SUCCESS,24571,51,1.04,35.46,228.21,3.7824,2.426507285614094,False,False
EXEC-003621,2025-11-13 21:00:00,CRM_CLIENTS,COMPLETENESS_CHECK,CHECK_820,DAILY,SUCCESS,60153,2760,152.21,4.73,305.38,0.1484,0.04312523680606157,False,False
EXEC-003622,2026-01-19 06:00:00,INTERNET_BANK,CONSISTENCY_CHECK,CHECK_928,WEEKLY,SUCCESS,3640,0,9.32,37.22,1251.9,4.1795,2.0752108279557007,False,False
EXEC-003623,2025-10-17 21:00:00,PAYMENT_SYSTEM,REFERENTIAL_INTEGRITY,CHECK_496,WEEKLY,SUCCESS,2857,264,4.04,4.71,1555.65,2.7892,1.344410266719285,False,False
EXEC-003624,2025-12-27 06:00:00,MOBILE_APP,NULL_CHECK,CHECK_459,DAILY,FAILED,8895,39,6.08,45.39,524.56,0.8349,2.6143853233006276,True,True
EXEC-003625,2026-03-09 08:00:00,LOAN_REGISTRY,ACCURACY_CHECK,CHECK_815,ON_DEMAND,TIMEOUT,33468,0,11.15,9.14,704.64,3.4904,,False,False
EXEC-003626,2025-12-19 10:00:00,MOBILE_APP,REFERENTIAL_INTEGRITY,CHECK_901,WEEKLY,SUCCESS,180674,233,0.54,25.78,142.76,3.4868,0.6004070414664526,False,False
EXEC-003627,2025-11-30 23:00:00,SCORING_ENGINE,FORMAT_CHECK,CHECK_509,HOURLY,SUCCESS,7312,49,10.27,20.61,739.24,3.8976,2.6579748251123454,False,False
EXEC-003628,2025-10-22 15:00:00,LOAN_REGISTRY,COMPLETENESS_CHECK,CHECK_256,HOURLY,FAILED,346,28,6.92,16.51,97.12,2.2818,5.918359021136956,True,True
EXEC-003629,2025-10-05 14:00:00,SCORING_ENGINE,REFERENTIAL_INTEGRITY,CHECK_976,WEEKLY,SKIPPED,8380,0,38.82,44.32,1471.14,1.5444,,False,False
EXEC-003630,2026-02-23 16:00:00,CRM_CLIENTS,DUPLICATE_CHECK,CHECK_233,DAILY,SUCCESS,5461,121,3.92,43.88,312.72,3.8162,3.0166696457997575,False,False
EXEC-003631,2026-02-23 04:00:00,MOBILE_APP,COMPLETENESS_CHECK,CHECK_382,HOURLY,SKIPPED,26111,0,6.98,13.62,389.29,2.3456,,False,False
EXEC-003632,2025-09-14 09:00:00,PAYMENT_SYSTEM,SCHEMA_VALIDATION,CHECK_178,DAILY,SUCCESS,603,661,4.29,60.97,182.7,2.9351,0.31248103130864363,False,False
EXEC-003633,2026-03-02 04:00:00,MOBILE_APP,REFERENTIAL_INTEGRITY,CHECK_736,DAILY,FAILED,955,7,25.77,57.9,4961.44,3.5509,5.40882047193138,True,True
EXEC-003634,2026-02-16 06:00:00,SCORING_ENGINE,SCHEMA_VALIDATION,CHECK_552,ON_DEMAND,SUCCESS,2210,282292,6.02,38.24,475.05,1.7487,0.9874183285788403,False,False
EXEC-003635,2025-10-04 11:00:00,INTERNET_BANK,FRESHNESS_CHECK,CHECK_518,WEEKLY,SUCCESS,18491,11,4.41,53.79,170.45,0.598,0.3699429604174617,False,False
EXEC-003636,2026-01-18 02:00:00,CRM_CLIENTS,NULL_CHECK,CHECK_972,DAILY,SUCCESS,53142,0,0.55,23.15,1199.48,2.1697,1.6247718579544879,False,False
EXEC-003637,2025-10-21 08:00:00,FRAUD_DETECTION,FRESHNESS_CHECK,CHECK_658,DAILY,SUCCESS,5110,0,50.12,29.1,810.56,3.5042,1.5570563845555372,False,False
EXEC-003638,2025-11-21 22:00:00,FRAUD_DETECTION,REFERENTIAL_INTEGRITY,CHECK_552,HOURLY,SUCCESS,43517,10373,26.07,19.36,643.93,2.1959,1.109299597651521,False,False
EXEC-003639,2025-12-16 04:00:00,FRAUD_DETECTION,RANGE_CHECK,CHECK_622,ON_DEMAND,SUCCESS,218229,5,123.68,41.2,1263.02,2.0473,0.8687639037843858,False,False
EXEC-003640,2025-09-29 21:00:00,CRM_CLIENTS,ACCURACY_CHECK,CHECK_976,DAILY,FAILED,22299,487,17.89,32.24,187.98,3.2039,7.825746499791573,True,True
EXEC-003641,2026-01-08 19:00:00,CRM_CLIENTS,REFERENTIAL_INTEGRITY,CHECK_964,WEEKLY,SUCCESS,2672,1473,21.65,30.71,322.93,0.0807,0.058160039169566906,False,False
EXEC-003642,2025-11-29 23:00:00,INTERNET_BANK,REFERENTIAL_INTEGRITY,CHECK_376,DAILY,SUCCESS,5881,392,0.39,13.71,164.98,3.3555,1.1826034171597992,False,False
EXEC-003643,2025-11-15 07:00:00,INTERNET_BANK,NULL_CHECK,CHECK_909,WEEKLY,SUCCESS,758,211,6.01,28.42,959.72,0.2867,0.07544945993865633,False,False
EXEC-003644,2025-11-08 14:00:00,MOBILE_APP,COMPLETENESS_CHECK,CHECK_738,HOURLY,FAILED,1542,1697,9.16,48.95,1879.14,4.977,15.737486699829942,True,True
EXEC-003645,2026-03-11 01:00:00,SCORING_ENGINE,CONSISTENCY_CHECK,CHECK_400,DAILY,SUCCESS,7406,716,38.0,30.42,372.77,0.0385,0.014020091197064944,False,False
EXEC-003646,2025-12-25 15:00:00,MOBILE_APP,ACCURACY_CHECK,CHECK_584,DAILY,FAILED,868,788,1.13,40.35,975.54,2.7858,11.52520935320832,True,True
EXEC-003647,2025-11-21 17:00:00,PAYMENT_SYSTEM,NULL_CHECK,CHECK_578,DAILY,FAILED,1746,61,28.19,20.47,442.3,4.3806,8.956332435182494,True,True
EXEC-003648,2025-10-16 17:00:00,SCORING_ENGINE,SCHEMA_VALIDATION,CHECK_949,HOURLY,SUCCESS,802,29,26.17,14.76,230.29,3.9441,2.529409452129848,False,False
EXEC-003649,2025-12-06 03:00:00,INTERNET_BANK,REFERENTIAL_INTEGRITY,CHECK_182,DAILY,SUCCESS,2999,25,5.09,22.62,489.15,3.33,1.6160186717530187,False,False
EXEC-003650,2026-02-05 07:00:00,LOAN_REGISTRY,REFERENTIAL_INTEGRITY,CHECK_778,HOURLY,SUCCESS,3767,0,15.43,32.03,341.73,0.3376,0.24129476990358056,False,False
EXEC-003651,2025-11-03 17:00:00,CRM_CLIENTS,COMPLETENESS_CHECK,CHECK_263,DAILY,SUCCESS,182591,363,5.42,28.05,172.04,2.3949,1.499807249273997,False,False
EXEC-003652,2026-01-03 19:00:00,CRM_CLIENTS,CONSISTENCY_CHECK,CHECK_692,HOURLY,SUCCESS,278,105,12.57,36.48,605.27,3.701,1.1849436377090397,False,False
EXEC-003653,2025-09-20 15:00:00,CREDIT_BUREAU,DUPLICATE_CHECK,CHECK_161,WEEKLY,SUCCESS,16711,3,7.8,18.24,437.15,3.4536,1.3376789334042924,False,False
EXEC-003654,2026-01-03 11:00:00,CREDIT_BUREAU,CONSISTENCY_CHECK,CHECK_754,HOURLY,SUCCESS,13114,9688,20.17,18.19,201.86,3.297,1.541570615054404,False,False
EXEC-003655,2026-03-01 11:00:00,PAYMENT_SYSTEM,FORMAT_CHECK,CHECK_312,ON_DEMAND,SUCCESS,149236,0,1.76,37.1,1536.5,3.3239,1.289971636255576,False,False
EXEC-003656,2025-11-20 12:00:00,MOBILE_APP,SCHEMA_VALIDATION,CHECK_470,HOURLY,SUCCESS,509,3,8.55,46.36,478.51,4.0932,2.1374483279431766,False,False
EXEC-003657,2025-11-16 18:00:00,SCORING_ENGINE,REFERENTIAL_INTEGRITY,CHECK_115,WEEKLY,SUCCESS,367107,4987,10.58,13.63,87.01,3.5643,2.8308688032634404,False,False
EXEC-003658,2025-11-23 19:00:00,SCORING_ENGINE,CONSISTENCY_CHECK,CHECK_137,WEEKLY,SUCCESS,5077,1310,5.47,43.18,162.06,0.9797,0.17025234941994088,False,False
EXEC-003659,2025-11-28 23:00:00,CREDIT_BUREAU,FORMAT_CHECK,CHECK_522,ON_DEMAND,SUCCESS,4815,57,2.79,13.32,205.0,1.2109,0.14338941856736245,False,False
EXEC-003660,2025-11-09 01:00:00,CRM_CLIENTS,NULL_CHECK,CHECK_211,WEEKLY,FAILED,10132,405,13.23,9.44,221.91,0.8506,2.7842185433240636,True,True
EXEC-003661,2025-09-12 20:00:00,FRAUD_DETECTION,FRESHNESS_CHECK,CHECK_925,HOURLY,SUCCESS,1834,1993,4.28,29.91,3912.95,1.6461,0.9450811209880484,False,False
EXEC-003662,2025-11-22 05:00:00,SCORING_ENGINE,NULL_CHECK,CHECK_622,ON_DEMAND,FAILED,1165,1704,11.11,34.73,43.29,3.0793,7.410099280436761,True,True
EXEC-003663,2025-09-27 11:00:00,LOAN_REGISTRY,REFERENTIAL_INTEGRITY,CHECK_410,HOURLY,FAILED,404,236,11.72,45.23,1320.64,3.4933,9.596904357848416,True,True
EXEC-003664,2025-09-27 20:00:00,FRAUD_DETECTION,FRESHNESS_CHECK,CHECK_612,WEEKLY,SUCCESS,30246,4,7.89,7.3,1941.44,1.2007,1.056431972876537,False,False
EXEC-003665,2026-01-03 20:00:00,FRAUD_DETECTION,RANGE_CHECK,CHECK_679,DAILY,SUCCESS,1128983,8,1.9,10.04,39.37,2.2493,1.999560914246045,False,False
EXEC-003666,2026-02-28 13:00:00,INTERNET_BANK,FORMAT_CHECK,CHECK_594,ON_DEMAND,SUCCESS,2670,1,8.12,6.46,586.86,1.4843,0.8678390152726538,False,False
EXEC-003667,2026-02-18 11:00:00,CREDIT_BUREAU,COMPLETENESS_CHECK,CHECK_408,HOURLY,SUCCESS,9862,4,0.45,13.77,4278.24,1.7335,1.4094064544329914,False,False
EXEC-003668,2026-01-17 11:00:00,INTERNET_BANK,SCHEMA_VALIDATION,CHECK_249,HOURLY,SUCCESS,15104,240,5.51,38.12,291.26,2.2442,1.2883414763245398,False,False
EXEC-003669,2025-09-10 13:00:00,SCORING_ENGINE,COMPLETENESS_CHECK,CHECK_228,HOURLY,TIMEOUT,1259,0,93.38,31.28,468.76,4.4951,,False,False
EXEC-003670,2026-01-06 14:00:00,FRAUD_DETECTION,REFERENTIAL_INTEGRITY,CHECK_340,ON_DEMAND,SUCCESS,108280,2,8.81,15.11,37.27,1.3539,0.968016557065201,False,False
EXEC-003671,2025-12-01 03:00:00,INTERNET_BANK,FORMAT_CHECK,CHECK_420,ON_DEMAND,SUCCESS,943,2,1.39,9.37,40.77,4.8942,2.6717263915617706,False,False
EXEC-003672,2026-01-05 05:00:00,LOAN_REGISTRY,FRESHNESS_CHECK,CHECK_984,ON_DEMAND,SUCCESS,5449,2,7.3,16.09,454.56,1.7641,1.1940936826686352,False,False
EXEC-003673,2026-02-07 08:00:00,SCORING_ENGINE,FORMAT_CHECK,CHECK_378,DAILY,SUCCESS,2473,17,2.29,22.79,174.05,0.5452,0.378782987599098,False,False
EXEC-003674,2026-01-12 06:00:00,PAYMENT_SYSTEM,CONSISTENCY_CHECK,CHECK_931,ON_DEMAND,FAILED,5193,1,24.68,44.88,554.25,2.3284,11.343424586355482,True,True
EXEC-003675,2026-03-12 09:00:00,SCORING_ENGINE,ACCURACY_CHECK,CHECK_314,ON_DEMAND,SUCCESS,129585,167,15.39,20.67,642.73,3.1259,0.8764822148723628,False,False
EXEC-003676,2025-12-01 16:00:00,CRM_CLIENTS,REFERENTIAL_INTEGRITY,CHECK_414,ON_DEMAND,FAILED,1785,6,9.48,27.69,572.06,0.5263,1.8727310549321738,True,True
EXEC-003677,2026-02-18 10:00:00,PAYMENT_SYSTEM,SCHEMA_VALIDATION,CHECK_154,DAILY,SUCCESS,27483,16,2.34,40.96,270.77,1.2436,0.40987943098378005,False,False
EXEC-003678,2025-12-22 22:00:00,SCORING_ENGINE,DUPLICATE_CHECK,CHECK_414,HOURLY,SUCCESS,272891,144,39.96,35.65,413.77,1.2186,0.9486574314707563,False,False
EXEC-003679,2026-02-02 19:00:00,CREDIT_BUREAU,FRESHNESS_CHECK,CHECK_843,ON_DEMAND,FAILED,111225,48,83.8,51.6,224.81,1.3984,2.519931506186281,True,True
EXEC-003680,2026-01-16 00:00:00,MOBILE_APP,FRESHNESS_CHECK,CHECK_529,DAILY,SUCCESS,6857,1,0.48,33.3,2459.29,0.3566,0.2937311656207937,False,False
EXEC-003681,2025-12-01 13:00:00,FRAUD_DETECTION,FRESHNESS_CHECK,CHECK_999,DAILY,SUCCESS,120244,10,1.7,75.96,1608.23,1.4671,0.8150521237387643,False,False
EXEC-003682,2025-12-24 12:00:00,CRM_CLIENTS,REFERENTIAL_INTEGRITY,CHECK_856,HOURLY,SUCCESS,488,0,0.43,64.92,477.62,1.3297,0.48866500171458943,False,False
EXEC-003683,2025-11-08 01:00:00,CRM_CLIENTS,COMPLETENESS_CHECK,CHECK_871,DAILY,SUCCESS,54118,56,1.71,38.99,32.24,1.9344,1.5487666388988817,False,False
EXEC-003684,2026-01-02 01:00:00,PAYMENT_SYSTEM,RANGE_CHECK,CHECK_487,WEEKLY,SUCCESS,15833,63,2.11,6.57,978.4,4.9426,3.6639015672110413,False,False
EXEC-003685,2025-11-21 21:00:00,LOAN_REGISTRY,REFERENTIAL_INTEGRITY,CHECK_660,HOURLY,FAILED,317,22,1.45,44.38,525.1,1.2249,3.9086219457281977,True,True
EXEC-003686,2026-01-28 00:00:00,CREDIT_BUREAU,SCHEMA_VALIDATION,CHECK_256,HOURLY,SUCCESS,12828,20,1.33,11.72,334.08,2.8797,1.045983116915329,False,False
EXEC-003687,2026-01-05 12:00:00,MOBILE_APP,DUPLICATE_CHECK,CHECK_213,DAILY,SUCCESS,7845,7,5.53,23.35,318.68,1.9671,0.23904443628613434,False,False
EXEC-003688,2026-03-12 14:00:00,MOBILE_APP,SCHEMA_VALIDATION,CHECK_254,DAILY,FAILED,757,1419,8.6,20.5,340.13,3.0297,13.29795445527419,True,True
EXEC-003689,2026-02-09 04:00:00,CRM_CLIENTS,ACCURACY_CHECK,CHECK_188,ON_DEMAND,FAILED,9125,0,1.62,37.08,332.48,3.5062,12.97698718213098,True,True
EXEC-003690,2025-12-02 10:00:00,CREDIT_BUREAU,SCHEMA_VALIDATION,CHECK_444,ON_DEMAND,SUCCESS,14595,10137,5.25,27.71,181.89,3.8847,1.7941553571677014,False,False
EXEC-003691,2026-01-13 03:00:00,MOBILE_APP,REFERENTIAL_INTEGRITY,CHECK_909,HOURLY,SUCCESS,69851,2,74.21,13.95,1938.06,4.8246,1.6977712537958944,False,False
EXEC-003692,2026-01-10 23:00:00,SCORING_ENGINE,REFERENTIAL_INTEGRITY,CHECK_752,ON_DEMAND,SUCCESS,66529,25,56.64,5.06,154.09,1.9177,1.4499912116158515,False,False
EXEC-003693,2026-02-19 14:00:00,MOBILE_APP,NULL_CHECK,CHECK_543,WEEKLY,SUCCESS,196096,39,7.33,50.02,1949.1,0.0743,0.05315959151857364,False,False
EXEC-003694,2026-01-09 11:00:00,FRAUD_DETECTION,RANGE_CHECK,CHECK_963,WEEKLY,SUCCESS,36890,2650,4.92,7.06,860.58,2.9656,1.9622717340273192,False,False
EXEC-003695,2025-09-22 16:00:00,INTERNET_BANK,CONSISTENCY_CHECK,CHECK_358,DAILY,SKIPPED,4814,0,17.11,48.25,1184.09,0.3122,,False,False
EXEC-003696,2026-01-26 01:00:00,PAYMENT_SYSTEM,SCHEMA_VALIDATION,CHECK_719,WEEKLY,SUCCESS,278,2,7.99,36.06,304.02,0.9404,0.374698794829632,False,False
EXEC-003697,2025-11-11 05:00:00,INTERNET_BANK,CONSISTENCY_CHECK,CHECK_855,WEEKLY,SUCCESS,1376,4,1.24,14.85,242.9,3.8343,0.8114141855099881,False,False
EXEC-003698,2025-12-05 16:00:00,LOAN_REGISTRY,COMPLETENESS_CHECK,CHECK_869,WEEKLY,SUCCESS,10095,1887,0.43,20.76,3123.04,1.372,0.49685146503403493,False,False
EXEC-003699,2025-10-14 04:00:00,FRAUD_DETECTION,DUPLICATE_CHECK,CHECK_464,HOURLY,FAILED,12066,1235,17.96,55.66,136.47,2.1627,3.773882368604272,True,False
EXEC-003700,2025-09-27 23:00:00,INTERNET_BANK,RANGE_CHECK,CHECK_267,WEEKLY,SUCCESS,19926,55,8.48,7.58,67.66,0.563,0.4612995572472507,False,False
EXEC-003701,2025-10-31 10:00:00,INTERNET_BANK,DUPLICATE_CHECK,CHECK_465,WEEKLY,FAILED,99077,372,38.71,17.55,2303.13,1.2098,4.811203361248798,True,True
EXEC-003702,2025-12-27 03:00:00,CREDIT_BUREAU,NULL_CHECK,CHECK_362,DAILY,SUCCESS,6071,31,12.61,59.12,352.55,4.1555,3.237155804162484,False,False
EXEC-003703,2025-12-07 11:00:00,CREDIT_BUREAU,DUPLICATE_CHECK,CHECK_688,ON_DEMAND,SUCCESS,27040,38,2.42,22.39,128.17,0.6909,0.16441787212684555,False,False
EXEC-003704,2026-01-05 06:00:00,LOAN_REGISTRY,COMPLETENESS_CHECK,CHECK_904,ON_DEMAND,SUCCESS,225279,0,342.36,42.04,381.72,3.1659,2.8275784059623037,False,False
EXEC-003705,2025-09-08 13:00:00,PAYMENT_SYSTEM,SCHEMA_VALIDATION,CHECK_276,WEEKLY,SUCCESS,8558,5,40.44,16.13,502.68,3.3721,2.0407896733718682,False,False
EXEC-003706,2026-03-02 18:00:00,CREDIT_BUREAU,COMPLETENESS_CHECK,CHECK_117,ON_DEMAND,SUCCESS,4557,1347,15.74,17.99,371.78,0.2746,0.06805081714182239,False,False
EXEC-003707,2025-09-03 16:00:00,INTERNET_BANK,COMPLETENESS_CHECK,CHECK_509,HOURLY,SUCCESS,4476,2472,9.64,15.33,995.46,1.8596,1.23377208974852,False,False
EXEC-003708,2025-12-23 08:00:00,PAYMENT_SYSTEM,DUPLICATE_CHECK,CHECK_775,WEEKLY,TIMEOUT,6545,0,5.15,45.98,876.86,2.0883,,False,False
EXEC-003709,2025-12-14 13:00:00,LOAN_REGISTRY,NULL_CHECK,CHECK_807,HOURLY,SUCCESS,49690,0,3.41,21.77,367.25,0.6478,0.1551119533722891,False,False
EXEC-003710,2026-02-21 09:00:00,CRM_CLIENTS,DUPLICATE_CHECK,CHECK_383,ON_DEMAND,FAILED,1939,40,3.15,47.37,630.27,1.0796,2.17325786420586,True,True
EXEC-003711,2025-09-30 21:00:00,INTERNET_BANK,COMPLETENESS_CHECK,CHECK_920,DAILY,SUCCESS,7289,0,0.54,16.33,485.91,0.9004,0.6201609279226685,False,False
EXEC-003712,2025-12-26 15:00:00,PAYMENT_SYSTEM,REFERENTIAL_INTEGRITY,CHECK_389,DAILY,SUCCESS,14405,31,4.73,14.99,395.67,4.3833,2.8373375421364453,False,False
EXEC-003713,2025-11-03 06:00:00,LOAN_REGISTRY,REFERENTIAL_INTEGRITY,CHECK_758,WEEKLY,SKIPPED,5453,0,5.77,13.12,411.43,4.8464,,False,False
EXEC-003714,2026-01-15 05:00:00,CRM_CLIENTS,FRESHNESS_CHECK,CHECK_938,HOURLY,SUCCESS,3124,12,15.54,27.01,696.64,1.9572,1.5934850088078276,False,False
EXEC-003715,2025-10-19 16:00:00,MOBILE_APP,NULL_CHECK,CHECK_190,WEEKLY,SUCCESS,2960,0,4.85,39.39,1135.19,2.0577,1.8159780342060752,False,False
EXEC-003716,2025-12-20 06:00:00,INTERNET_BANK,NULL_CHECK,CHECK_884,ON_DEMAND,SUCCESS,2068,3956,3.64,18.54,831.24,0.6054,0.14001680673331474,False,False
EXEC-003717,2026-01-05 16:00:00,CRM_CLIENTS,COMPLETENESS_CHECK,CHECK_226,ON_DEMAND,SUCCESS,3874,1292,3.65,24.28,213.56,4.8838,3.1156466338537765,False,False
EXEC-003718,2026-01-09 03:00:00,PAYMENT_SYSTEM,SCHEMA_VALIDATION,CHECK_203,HOURLY,SUCCESS,10380,4,1.16,30.07,294.41,0.5064,0.17011838549870928,False,False
EXEC-003719,2026-01-14 12:00:00,INTERNET_BANK,CONSISTENCY_CHECK,CHECK_786,WEEKLY,FAILED,1039,13,11.33,10.98,361.2,0.7263,3.5799814020358487,True,True
EXEC-003720,2025-12-13 02:00:00,SCORING_ENGINE,FORMAT_CHECK,CHECK_827,DAILY,SUCCESS,69,406,17.39,58.46,292.11,3.1859,0.5185635949008126,False,False
EXEC-003721,2026-01-31 11:00:00,LOAN_REGISTRY,FORMAT_CHECK,CHECK_727,DAILY,SKIPPED,8533,0,10.76,25.26,214.23,0.7209,,False,False
EXEC-003722,2025-11-02 00:00:00,FRAUD_DETECTION,RANGE_CHECK,CHECK_604,HOURLY,FAILED,104434,1215,21.48,12.1,1314.5,3.1721,11.764181049290254,True,True
EXEC-003723,2025-10-09 12:00:00,SCORING_ENGINE,FORMAT_CHECK,CHECK_892,ON_DEMAND,SUCCESS,15702,3,19.08,18.07,95.6,1.2122,0.40236060107307037,False,False
EXEC-003724,2025-11-21 18:00:00,CRM_CLIENTS,CONSISTENCY_CHECK,CHECK_300,ON_DEMAND,SUCCESS,873,677,16.45,21.55,1042.69,3.3667,0.5630538034276391,False,False
EXEC-003725,2025-09-05 14:00:00,INTERNET_BANK,RANGE_CHECK,CHECK_659,ON_DEMAND,SUCCESS,9340,3,13.75,44.99,501.07,1.225,0.703374209387144,False,False
EXEC-003726,2026-02-02 16:00:00,INTERNET_BANK,CONSISTENCY_CHECK,CHECK_663,HOURLY,FAILED,288,1598,1.76,16.95,1827.42,3.96,11.441286547901413,True,True
EXEC-003727,2025-12-04 06:00:00,MOBILE_APP,DUPLICATE_CHECK,CHECK_182,WEEKLY,SUCCESS,1320,219,39.33,32.76,65.32,1.8325,0.19172649972363748,False,False
EXEC-003728,2025-10-17 15:00:00,MOBILE_APP,FORMAT_CHECK,CHECK_643,WEEKLY,SUCCESS,1543,25810,8.57,26.35,569.96,2.8574,1.6989207995932025,False,False
EXEC-003729,2025-11-21 18:00:00,INTERNET_BANK,COMPLETENESS_CHECK,CHECK_250,WEEKLY,SUCCESS,8738,3,74.86,37.62,505.7,4.7696,3.189129883966253,False,False
EXEC-003730,2026-01-04 14:00:00,FRAUD_DETECTION,RANGE_CHECK,CHECK_574,ON_DEMAND,SUCCESS,153138,805,41.23,25.19,727.97,4.4444,3.5503526804588272,False,False
EXEC-003731,2025-10-11 12:00:00,SCORING_ENGINE,REFERENTIAL_INTEGRITY,CHECK_355,HOURLY,SUCCESS,3984,0,0.64,27.52,1943.47,3.9912,0.8765857661977796,False,False
EXEC-003732,2025-11-30 16:00:00,CRM_CLIENTS,ACCURACY_CHECK,CHECK_102,HOURLY,SKIPPED,149158,0,16.19,32.17,1621.66,2.0002,,False,False
EXEC-003733,2025-11-01 23:00:00,INTERNET_BANK,COMPLETENESS_CHECK,CHECK_977,DAILY,SUCCESS,15073,707,12.48,21.36,403.81,0.952,0.7042530467772242,False,False
EXEC-003734,2026-01-10 08:00:00,FRAUD_DETECTION,RANGE_CHECK,CHECK_784,ON_DEMAND,SUCCESS,186,373,7.88,37.35,227.79,4.4,3.474596592422766,False,False
EXEC-003735,2025-10-12 19:00:00,MOBILE_APP,RANGE_CHECK,CHECK_539,DAILY,SUCCESS,8326,1145,30.6,23.86,356.0,3.7679,2.955518702593119,False,False
EXEC-003736,2025-12-07 14:00:00,FRAUD_DETECTION,RANGE_CHECK,CHECK_339,ON_DEMAND,SUCCESS,21285,79,12.33,66.37,134.07,2.948,2.361002519378131,False,False
EXEC-003737,2025-09-18 23:00:00,CREDIT_BUREAU,SCHEMA_VALIDATION,CHECK_414,WEEKLY,SUCCESS,21431,5,0.12,26.75,139.39,2.4473,2.1104996759127825,False,False
EXEC-003738,2025-11-30 09:00:00,CRM_CLIENTS,ACCURACY_CHECK,CHECK_330,WEEKLY,SUCCESS,7521,8,19.2,41.75,139.48,2.6212,1.2669850855973885,False,False
EXEC-003739,2026-03-05 20:00:00,PAYMENT_SYSTEM,FORMAT_CHECK,CHECK_445,WEEKLY,SUCCESS,918,128,6.8,55.8,242.08,2.9312,0.9315443567250106,False,False
EXEC-003740,2025-11-06 16:00:00,CRM_CLIENTS,ACCURACY_CHECK,CHECK_793,ON_DEMAND,SUCCESS,245,0,43.32,33.46,410.19,3.4602,2.3219022691672477,False,False
EXEC-003741,2025-11-24 14:00:00,LOAN_REGISTRY,COMPLETENESS_CHECK,CHECK_700,ON_DEMAND,SUCCESS,40977,3,3.4,1.33,334.82,3.1475,0.9309594244118754,False,False
EXEC-003742,2025-10-24 17:00:00,CRM_CLIENTS,RANGE_CHECK,CHECK_907,DAILY,FAILED,107167,2620,9.45,4.19,344.81,4.7466,21.066552255313585,True,False
EXEC-003743,2026-01-20 19:00:00,LOAN_REGISTRY,COMPLETENESS_CHECK,CHECK_394,WEEKLY,SUCCESS,154906,54,67.0,18.69,1685.86,2.5541,1.2950859231356648,False,False
EXEC-003744,2025-10-10 17:00:00,FRAUD_DETECTION,FORMAT_CHECK,CHECK_612,DAILY,SUCCESS,12177,0,21.17,44.74,183.95,3.5293,1.998505052534921,False,False
EXEC-003745,2025-12-12 17:00:00,CRM_CLIENTS,RANGE_CHECK,CHECK_995,WEEKLY,SUCCESS,25223,81,57.87,42.65,662.21,0.5172,0.34628808277848777,False,False
EXEC-003746,2025-12-18 02:00:00,SCORING_ENGINE,COMPLETENESS_CHECK,CHECK_984,HOURLY,SUCCESS,55380,6,3.57,51.36,1028.43,3.536,2.493161517935959,False,False
EXEC-003747,2025-12-15 10:00:00,CRM_CLIENTS,SCHEMA_VALIDATION,CHECK_614,DAILY,SUCCESS,4545,4371,3.75,28.15,95.07,0.6679,0.6001377818381257,False,False
EXEC-003748,2025-11-12 20:00:00,INTERNET_BANK,FRESHNESS_CHECK,CHECK_925,WEEKLY,SUCCESS,323,5,30.78,14.02,225.99,0.1964,0.16357753992027518,False,False
EXEC-003749,2025-09-20 01:00:00,PAYMENT_SYSTEM,RANGE_CHECK,CHECK_283,DAILY,SUCCESS,2370,497,1.1,28.59,249.69,3.5248,1.114273001568507,False,False
EXEC-003750,2026-02-02 13:00:00,MOBILE_APP,NULL_CHECK,CHECK_841,WEEKLY,TIMEOUT,93417,0,14.05,25.89,511.32,3.3794,,False,False
EXEC-003751,2026-03-13 09:00:00,CRM_CLIENTS,SCHEMA_VALIDATION,CHECK_166,WEEKLY,SUCCESS,219192,26,4.71,35.53,388.73,2.2254,1.8404858529194505,False,False
EXEC-003752,2026-01-19 20:00:00,MOBILE_APP,CONSISTENCY_CHECK,CHECK_640,DAILY,SUCCESS,1475,11,8.73,15.35,139.63,3.8224,3.1858035740504778,False,False
EXEC-003753,2025-11-15 02:00:00,CRM_CLIENTS,NULL_CHECK,CHECK_629,ON_DEMAND,SUCCESS,12731,1,12.77,41.19,81.16,1.5827,1.3592904219448416,False,False
EXEC-003754,2026-02-04 07:00:00,FRAUD_DETECTION,COMPLETENESS_CHECK,CHECK_383,ON_DEMAND,SUCCESS,6806,92,8.66,34.05,390.72,1.9442,1.285999302247543,False,False
EXEC-003755,2025-11-17 03:00:00,CREDIT_BUREAU,RANGE_CHECK,CHECK_700,WEEKLY,SUCCESS,34607,10,39.74,26.92,155.93,1.4311,0.8254154097669029,False,False
EXEC-003756,2025-10-06 14:00:00,PAYMENT_SYSTEM,SCHEMA_VALIDATION,CHECK_920,WEEKLY,SUCCESS,157,14,3.36,3.33,318.1,0.1661,0.06687792169147276,False,False
EXEC-003757,2025-09-07 04:00:00,CRM_CLIENTS,FRESHNESS_CHECK,CHECK_529,HOURLY,SKIPPED,6927,0,14.01,45.52,1984.44,1.7467,,False,False
EXEC-003758,2025-09-11 05:00:00,SCORING_ENGINE,FRESHNESS_CHECK,CHECK_649,HOURLY,SUCCESS,4962,1269,0.9,25.22,461.52,4.8333,1.9870212699284402,False,False
EXEC-003759,2026-03-02 07:00:00,FRAUD_DETECTION,SCHEMA_VALIDATION,CHECK_123,DAILY,SUCCESS,2650,393,10.72,51.74,531.03,0.9822,0.584523478706253,False,False
EXEC-003760,2025-10-12 15:00:00,LOAN_REGISTRY,RANGE_CHECK,CHECK_514,WEEKLY,SUCCESS,36395,6851,5.27,41.53,37.91,2.4909,1.8268861914568149,False,False
EXEC-003761,2026-02-17 04:00:00,INTERNET_BANK,NULL_CHECK,CHECK_514,WEEKLY,SUCCESS,8091,353,8.81,17.39,273.25,3.4496,1.1558387633289267,False,False
EXEC-003762,2026-03-01 04:00:00,PAYMENT_SYSTEM,REFERENTIAL_INTEGRITY,CHECK_365,HOURLY,FAILED,11721,88,5.78,15.56,287.27,0.0758,0.19979279746663095,True,True
EXEC-003763,2025-12-31 14:00:00,PAYMENT_SYSTEM,ACCURACY_CHECK,CHECK_986,WEEKLY,SUCCESS,2349,1,16.93,45.43,465.29,0.9282,0.5175079617445265,False,False
EXEC-003764,2025-10-28 00:00:00,CREDIT_BUREAU,SCHEMA_VALIDATION,CHECK_892,WEEKLY,SUCCESS,1388,4,12.21,37.7,460.7,2.171,1.0211373060971802,False,False
EXEC-003765,2025-10-19 11:00:00,CREDIT_BUREAU,FRESHNESS_CHECK,CHECK_118,DAILY,SUCCESS,1449,0,27.36,6.37,707.75,1.5665,0.8673838303326397,False,False
EXEC-003766,2025-10-12 01:00:00,MOBILE_APP,REFERENTIAL_INTEGRITY,CHECK_455,HOURLY,SUCCESS,3177,0,7.0,56.24,524.47,1.7734,0.9965986231155363,False,False
EXEC-003767,2025-09-28 02:00:00,FRAUD_DETECTION,CONSISTENCY_CHECK,CHECK_967,HOURLY,SUCCESS,434,3670,0.07,45.93,456.34,0.9383,0.7666711528672036,False,False
EXEC-003768,2026-01-04 17:00:00,LOAN_REGISTRY,NULL_CHECK,CHECK_200,DAILY,TIMEOUT,11329,0,6.29,17.47,143.93,4.2629,,False,False
EXEC-003769,2026-03-07 09:00:00,FRAUD_DETECTION,ACCURACY_CHECK,CHECK_936,WEEKLY,TIMEOUT,20004,0,3.07,46.1,325.61,2.1149,,False,False
EXEC-003770,2026-01-31 10:00:00,PAYMENT_SYSTEM,SCHEMA_VALIDATION,CHECK_203,DAILY,SKIPPED,13942,0,1.49,33.48,666.13,2.6243,,False,False
EXEC-003771,2025-10-02 12:00:00,INTERNET_BANK,CONSISTENCY_CHECK,CHECK_144,ON_DEMAND,SUCCESS,6183,4,10.16,11.95,331.85,3.3961,0.5127627755144548,False,False
EXEC-003772,2026-03-10 02:00:00,FRAUD_DETECTION,DUPLICATE_CHECK,CHECK_286,DAILY,SUCCESS,3871,2,0.87,10.86,167.62,4.7239,2.6659951066235514,False,False
EXEC-003773,2025-12-05 20:00:00,CREDIT_BUREAU,CONSISTENCY_CHECK,CHECK_193,HOURLY,FAILED,23124,223,6.61,16.21,255.5,3.4772,8.693212475834416,True,True
EXEC-003774,2025-12-18 15:00:00,FRAUD_DETECTION,FORMAT_CHECK,CHECK_264,WEEKLY,SUCCESS,4228,3470,41.31,31.47,109.44,4.5833,3.4647626813021204,False,False
EXEC-003775,2025-10-24 09:00:00,FRAUD_DETECTION,REFERENTIAL_INTEGRITY,CHECK_934,ON_DEMAND,SUCCESS,6481,3500561,0.62,17.17,516.57,4.016,2.289992825097807,False,False
EXEC-003776,2025-11-11 09:00:00,MOBILE_APP,FORMAT_CHECK,CHECK_999,ON_DEMAND,SUCCESS,32729,12,12.71,3.83,184.1,3.5048,1.5336908476383324,False,False
EXEC-003777,2026-01-02 19:00:00,PAYMENT_SYSTEM,CONSISTENCY_CHECK,CHECK_479,HOURLY,SUCCESS,15926,1452,27.6,31.26,1389.82,3.1736,1.062739469464533,False,False
EXEC-003778,2025-12-05 08:00:00,CRM_CLIENTS,NULL_CHECK,CHECK_418,DAILY,FAILED,7749,28,74.75,22.72,2892.55,3.2718,7.339348592539666,True,False
EXEC-003779,2025-10-31 03:00:00,LOAN_REGISTRY,DUPLICATE_CHECK,CHECK_300,DAILY,SUCCESS,413,129,287.26,27.16,1259.98,4.3843,3.8672021104958905,False,False
EXEC-003780,2026-01-26 18:00:00,CREDIT_BUREAU,SCHEMA_VALIDATION,CHECK_772,ON_DEMAND,SUCCESS,62,116,5.75,29.53,451.08,3.0355,0.6487819391577435,False,False
EXEC-003781,2026-02-20 12:00:00,PAYMENT_SYSTEM,NULL_CHECK,CHECK_867,DAILY,FAILED,18926,6,48.63,20.5,84.21,4.256,17.50729892720045,True,True
EXEC-003782,2026-02-05 05:00:00,CRM_CLIENTS,FORMAT_CHECK,CHECK_385,DAILY,SUCCESS,19629,69,11.95,51.79,850.17,4.6443,1.6631118258006101,False,False
EXEC-003783,2025-11-28 15:00:00,LOAN_REGISTRY,NULL_CHECK,CHECK_184,WEEKLY,SUCCESS,19216,1218,3.71,15.54,1722.17,2.8499,1.1652939823740904,False,False
EXEC-003784,2025-12-01 03:00:00,CREDIT_BUREAU,SCHEMA_VALIDATION,CHECK_921,ON_DEMAND,SUCCESS,1845,139,7.81,32.45,145.58,1.1161,0.5279591635643642,False,False
EXEC-003785,2026-02-18 00:00:00,FRAUD_DETECTION,NULL_CHECK,CHECK_843,HOURLY,SUCCESS,105579,2,1.14,43.05,310.21,3.1332,1.6728587129507588,False,False
EXEC-003786,2025-09-17 14:00:00,CRM_CLIENTS,RANGE_CHECK,CHECK_290,HOURLY,SUCCESS,31182,21,83.23,59.37,1057.95,4.8094,3.5379054688359868,False,False
EXEC-003787,2025-10-09 09:00:00,SCORING_ENGINE,ACCURACY_CHECK,CHECK_353,DAILY,SUCCESS,14905,35604,15.98,34.14,883.92,0.5619,0.40525016434705946,False,False
EXEC-003788,2026-02-17 17:00:00,MOBILE_APP,COMPLETENESS_CHECK,CHECK_983,ON_DEMAND,FAILED,8584,1,3.78,17.6,566.58,4.4111,21.869326895862958,True,True
EXEC-003789,2025-11-06 05:00:00,LOAN_REGISTRY,SCHEMA_VALIDATION,CHECK_130,ON_DEMAND,FAILED,695,11,11.6,58.86,890.6,4.3574,16.864386153193173,True,False
EXEC-003790,2025-10-26 20:00:00,CRM_CLIENTS,FRESHNESS_CHECK,CHECK_221,WEEKLY,TIMEOUT,194412,0,2.82,2.06,141.26,0.4778,,False,False
EXEC-003791,2025-09-09 15:00:00,LOAN_REGISTRY,NULL_CHECK,CHECK_825,HOURLY,SUCCESS,5265,124,38.55,22.26,755.27,1.5136,0.2992013109733548,False,False
EXEC-003792,2026-02-28 13:00:00,MOBILE_APP,DUPLICATE_CHECK,CHECK_511,DAILY,FAILED,137,900,9.8,24.3,985.93,4.3013,9.833161694233254,True,True
EXEC-003793,2026-01-19 06:00:00,FRAUD_DETECTION,REFERENTIAL_INTEGRITY,CHECK_152,ON_DEMAND,SUCCESS,680,1,1.67,34.06,675.52,3.0602,1.928778740581057,False,False
EXEC-003794,2025-12-26 13:00:00,SCORING_ENGINE,RANGE_CHECK,CHECK_418,HOURLY,SUCCESS,5597,14,4.55,22.78,478.92,1.7129,1.3881492144575829,False,False
EXEC-003795,2025-10-21 09:00:00,CREDIT_BUREAU,NULL_CHECK,CHECK_725,WEEKLY,SUCCESS,751,91,13.07,30.94,786.23,4.0118,0.5397654026867759,False,False
EXEC-003796,2025-11-15 23:00:00,CRM_CLIENTS,CONSISTENCY_CHECK,CHECK_861,WEEKLY,SUCCESS,3358,0,1.43,51.82,221.07,0.0281,0.018233830753693277,False,False
EXEC-003797,2026-01-30 19:00:00,PAYMENT_SYSTEM,NULL_CHECK,CHECK_640,ON_DEMAND,SUCCESS,1727,1,0.42,53.43,1439.86,0.9456,0.43834158849142596,False,False
EXEC-003798,2026-02-05 23:00:00,MOBILE_APP,SCHEMA_VALIDATION,CHECK_534,DAILY,FAILED,38045,2092,1.05,28.52,971.63,2.5728,11.081349252379118,True,True
EXEC-003799,2026-02-02 14:00:00,MOBILE_APP,FORMAT_CHECK,CHECK_104,DAILY,SUCCESS,44608,2,4.04,44.75,777.91,2.4787,1.193246150059836,False,False
EXEC-003800,2025-10-16 01:00:00,MOBILE_APP,SCHEMA_VALIDATION,CHECK_943,ON_DEMAND,SUCCESS,33738,10655,13.08,4.7,190.7,4.9079,4.380147581419226,False,False
