incident_id,incident_date,data_source,check_type,check_name,severity,status,affected_records,total_records,detection_time,resolution_time_hours,root_cause,is_recurrent,sla_breach,error_rate_percent
INC-000001,2026-02-11,MOBILE_APP,FRESHNESS_CHECK,CHECK_677,LOW,CLOSED,180,35473,03:28,4.5,MANUAL_DATA_ENTRY,False,False,0.51
INC-000002,2025-09-29,LOAN_REGISTRY,REFERENTIAL_INTEGRITY,CHECK_304,LOW,RESOLVED,508,742911,23:21,10.35,DATA_DRIFT,False,False,0.07
INC-000003,2025-09-07,FRAUD_DETECTION,NULL_CHECK,CHECK_706,LOW,CLOSED,135,6386,08:23,15.73,CONFIGURATION_ERROR,True,False,2.11
INC-000004,2026-03-09,MOBILE_APP,REFERENTIAL_INTEGRITY,CHECK_658,HIGH,REOPENED,3,6918,11:35,6.1,NETWORK_TIMEOUT,False,False,0.04
INC-000005,2025-11-10,PAYMENT_SYSTEM,SCHEMA_VALIDATION,CHECK_284,MEDIUM,RESOLVED,61,122607,17:59,0.82,SOURCE_SYSTEM_ERROR,False,False,0.05
INC-000006,2025-11-02,INTERNET_BANK,DUPLICATE_CHECK,CHECK_798,MEDIUM,CLOSED,148,9471,08:22,3.12,CONFIGURATION_ERROR,False,False,1.56
INC-000007,2025-10-28,FRAUD_DETECTION,REFERENTIAL_INTEGRITY,CHECK_886,LOW,CLOSED,2015,544521,00:26,25.75,DATA_DRIFT,False,False,0.37
INC-000008,2025-10-06,FRAUD_DETECTION,REFERENTIAL_INTEGRITY,CHECK_663,HIGH,CLOSED,30,162916,03:22,20.88,BUSINESS_LOGIC_ERROR,True,False,0.02
INC-000009,2026-03-08,MOBILE_APP,DUPLICATE_CHECK,CHECK_127,HIGH,RESOLVED,5,10480,21:38,1.09,ETL_PIPELINE_FAILURE,False,False,0.05
INC-000010,2025-09-27,SCORING_ENGINE,REFERENTIAL_INTEGRITY,CHECK_844,MEDIUM,RESOLVED,168,588,06:36,3.04,UNKNOWN,False,False,28.57
INC-000011,2026-02-21,PAYMENT_SYSTEM,RANGE_CHECK,CHECK_572,HIGH,RESOLVED,839,1206,18:41,17.59,BUSINESS_LOGIC_ERROR,False,False,69.57
INC-000012,2026-03-09,MOBILE_APP,NULL_CHECK,CHECK_825,HIGH,CLOSED,67,8404,20:34,7.98,UNKNOWN,False,False,0.8
INC-000013,2026-01-18,PAYMENT_SYSTEM,FORMAT_CHECK,CHECK_314,LOW,IN_PROGRESS,17432,49484,05:49,,SOURCE_SYSTEM_ERROR,False,False,35.23
INC-000014,2025-09-23,PAYMENT_SYSTEM,NULL_CHECK,CHECK_548,MEDIUM,IN_PROGRESS,10883,199696,09:22,,SCHEMA_CHANGE,False,False,5.45
INC-000015,2026-01-30,INTERNET_BANK,REFERENTIAL_INTEGRITY,CHECK_916,LOW,RESOLVED,128,14263,10:43,36.61,CONFIGURATION_ERROR,False,True,0.9
INC-000016,2025-12-18,FRAUD_DETECTION,RANGE_CHECK,CHECK_398,LOW,IN_PROGRESS,215,3722,16:31,,API_INTEGRATION_ISSUE,False,False,5.78
INC-000017,2025-09-09,LOAN_REGISTRY,FRESHNESS_CHECK,CHECK_951,MEDIUM,CLOSED,2292,16622,23:28,2.64,NETWORK_TIMEOUT,True,False,13.79
INC-000018,2025-09-08,INTERNET_BANK,REFERENTIAL_INTEGRITY,CHECK_809,HIGH,IN_PROGRESS,124,22942,02:24,,DATA_DRIFT,False,False,0.54
INC-000019,2025-09-24,INTERNET_BANK,SCHEMA_VALIDATION,CHECK_170,MEDIUM,RESOLVED,29,299506,19:18,1.44,BUSINESS_LOGIC_ERROR,False,False,0.01
INC-000020,2025-10-26,PAYMENT_SYSTEM,RANGE_CHECK,CHECK_938,MEDIUM,CLOSED,878,268028,14:40,5.38,SCHEMA_CHANGE,False,False,0.33
INC-000021,2025-10-30,CREDIT_BUREAU,DUPLICATE_CHECK,CHECK_968,LOW,RESOLVED,375,2969,04:55,12.93,MANUAL_DATA_ENTRY,True,False,12.63
INC-000022,2026-01-08,FRAUD_DETECTION,RANGE_CHECK,CHECK_914,MEDIUM,CLOSED,29,54621,05:40,4.81,DATABASE_CORRUPTION,False,False,0.05
INC-000023,2026-02-02,SCORING_ENGINE,DUPLICATE_CHECK,CHECK_914,CRITICAL,IN_PROGRESS,259,3993,10:26,,DATA_DRIFT,False,False,6.49
INC-000024,2025-09-07,INTERNET_BANK,COMPLETENESS_CHECK,CHECK_518,MEDIUM,IN_PROGRESS,107,4225,20:39,,DATABASE_CORRUPTION,False,False,2.53
INC-000025,2026-01-22,LOAN_REGISTRY,FORMAT_CHECK,CHECK_789,LOW,CLOSED,68,175843,18:25,15.33,UNKNOWN,False,False,0.04
INC-000026,2025-10-21,CREDIT_BUREAU,ACCURACY_CHECK,CHECK_611,LOW,CLOSED,30,14785,02:05,5.35,SOURCE_SYSTEM_ERROR,False,False,0.2
INC-000027,2026-03-03,CREDIT_BUREAU,RANGE_CHECK,CHECK_242,LOW,RESOLVED,189,79199,05:21,18.76,DATABASE_CORRUPTION,False,False,0.24
INC-000028,2026-02-14,SCORING_ENGINE,CONSISTENCY_CHECK,CHECK_748,LOW,REOPENED,87,64181,07:20,1.76,UNKNOWN,False,False,0.14
INC-000029,2026-02-27,INTERNET_BANK,SCHEMA_VALIDATION,CHECK_410,MEDIUM,CLOSED,262,18789,10:41,5.39,UNKNOWN,False,False,1.39
INC-000030,2026-01-18,LOAN_REGISTRY,REFERENTIAL_INTEGRITY,CHECK_347,LOW,REOPENED,764,42872,09:45,7.48,CONFIGURATION_ERROR,True,False,1.78
INC-000031,2025-12-17,FRAUD_DETECTION,SCHEMA_VALIDATION,CHECK_358,HIGH,RESOLVED,235,33113,08:38,6.62,DATABASE_CORRUPTION,False,False,0.71
INC-000032,2025-10-27,CRM_CLIENTS,NULL_CHECK,CHECK_774,LOW,IN_PROGRESS,244,2206,20:25,,API_INTEGRATION_ISSUE,False,False,11.06
INC-000033,2025-12-24,LOAN_REGISTRY,ACCURACY_CHECK,CHECK_257,LOW,CLOSED,50,58375,08:56,7.06,MANUAL_DATA_ENTRY,False,False,0.09
INC-000034,2026-01-29,SCORING_ENGINE,NULL_CHECK,CHECK_832,CRITICAL,CLOSED,1554,5366,14:49,53.91,BUSINESS_LOGIC_ERROR,False,False,28.96
INC-000035,2025-11-11,CREDIT_BUREAU,COMPLETENESS_CHECK,CHECK_533,LOW,IN_PROGRESS,27,2596,11:47,,API_INTEGRATION_ISSUE,False,False,1.04
INC-000036,2025-09-02,FRAUD_DETECTION,ACCURACY_CHECK,CHECK_908,LOW,CLOSED,5,121696,18:33,17.57,SOURCE_SYSTEM_ERROR,False,False,0.0
INC-000037,2026-03-14,LOAN_REGISTRY,ACCURACY_CHECK,CHECK_486,MEDIUM,OPEN,17,6750,14:26,,API_INTEGRATION_ISSUE,False,True,0.25
INC-000038,2025-10-11,CRM_CLIENTS,NULL_CHECK,CHECK_175,LOW,RESOLVED,1174,203084,05:11,6.41,SOURCE_SYSTEM_ERROR,False,False,0.58
INC-000039,2026-02-26,CRM_CLIENTS,DUPLICATE_CHECK,CHECK_559,HIGH,RESOLVED,371,198138,00:08,12.05,API_INTEGRATION_ISSUE,False,False,0.19
INC-000040,2025-12-18,PAYMENT_SYSTEM,NULL_CHECK,CHECK_712,MEDIUM,CLOSED,2046,8488,23:15,23.05,DATA_DRIFT,False,False,24.1
INC-000041,2025-11-27,PAYMENT_SYSTEM,SCHEMA_VALIDATION,CHECK_590,MEDIUM,RESOLVED,10,186592,21:16,7.54,API_INTEGRATION_ISSUE,False,False,0.01
INC-000042,2025-11-11,MOBILE_APP,DUPLICATE_CHECK,CHECK_696,MEDIUM,CLOSED,15374,10110,23:44,24.01,API_INTEGRATION_ISSUE,False,False,152.07
INC-000043,2025-10-10,SCORING_ENGINE,SCHEMA_VALIDATION,CHECK_510,LOW,CLOSED,84,19210,23:05,1.18,SOURCE_SYSTEM_ERROR,False,True,0.44
INC-000044,2025-10-26,INTERNET_BANK,COMPLETENESS_CHECK,CHECK_647,LOW,CLOSED,4,59134,06:10,12.7,BUSINESS_LOGIC_ERROR,False,False,0.01
INC-000045,2025-11-26,LOAN_REGISTRY,REFERENTIAL_INTEGRITY,CHECK_618,LOW,REOPENED,11986,1301193,12:06,4.86,DATABASE_CORRUPTION,False,False,0.92
INC-000046,2025-09-27,LOAN_REGISTRY,FRESHNESS_CHECK,CHECK_990,MEDIUM,CLOSED,10,144609,03:04,5.87,ETL_PIPELINE_FAILURE,False,False,0.01
INC-000047,2025-09-24,INTERNET_BANK,DUPLICATE_CHECK,CHECK_808,LOW,REOPENED,66,19622,15:35,10.16,ETL_PIPELINE_FAILURE,False,False,0.34
INC-000048,2025-12-07,MOBILE_APP,COMPLETENESS_CHECK,CHECK_528,HIGH,OPEN,98,27081,01:01,,MANUAL_DATA_ENTRY,False,False,0.36
INC-000049,2025-09-25,CREDIT_BUREAU,CONSISTENCY_CHECK,CHECK_656,LOW,RESOLVED,360,928,12:33,5.77,CONFIGURATION_ERROR,False,True,38.79
INC-000050,2025-12-01,CREDIT_BUREAU,COMPLETENESS_CHECK,CHECK_137,MEDIUM,IN_PROGRESS,30,164325,02:06,,ETL_PIPELINE_FAILURE,False,True,0.02
INC-000051,2025-11-28,MOBILE_APP,NULL_CHECK,CHECK_909,HIGH,RESOLVED,1186,132544,08:39,11.56,UNKNOWN,False,False,0.89
INC-000052,2026-02-02,CREDIT_BUREAU,NULL_CHECK,CHECK_468,LOW,CLOSED,669,38831,04:05,8.45,SOURCE_SYSTEM_ERROR,False,False,1.72
INC-000053,2025-11-07,PAYMENT_SYSTEM,FRESHNESS_CHECK,CHECK_818,MEDIUM,OPEN,154,92550,20:59,,ETL_PIPELINE_FAILURE,False,False,0.17
INC-000054,2025-09-12,LOAN_REGISTRY,COMPLETENESS_CHECK,CHECK_931,MEDIUM,RESOLVED,2097,383,12:19,2.75,MANUAL_DATA_ENTRY,False,False,547.52
INC-000055,2026-03-06,MOBILE_APP,FORMAT_CHECK,CHECK_649,MEDIUM,CLOSED,129,2531,07:15,17.87,UNKNOWN,False,False,5.1
INC-000056,2025-12-27,LOAN_REGISTRY,REFERENTIAL_INTEGRITY,CHECK_708,HIGH,CLOSED,85,808509,23:18,19.3,CONFIGURATION_ERROR,False,False,0.01
INC-000057,2026-01-16,INTERNET_BANK,NULL_CHECK,CHECK_753,HIGH,RESOLVED,8072,13154,14:40,2.89,NETWORK_TIMEOUT,False,False,61.37
INC-000058,2025-10-02,CRM_CLIENTS,FRESHNESS_CHECK,CHECK_187,CRITICAL,CLOSED,268,100194,04:08,3.64,MANUAL_DATA_ENTRY,False,False,0.27
INC-000059,2025-12-06,PAYMENT_SYSTEM,REFERENTIAL_INTEGRITY,CHECK_211,MEDIUM,IN_PROGRESS,20,4947,16:53,,SOURCE_SYSTEM_ERROR,False,False,0.4
INC-000060,2025-09-21,FRAUD_DETECTION,COMPLETENESS_CHECK,CHECK_887,HIGH,RESOLVED,27,9096,05:01,25.91,NETWORK_TIMEOUT,True,False,0.3
INC-000061,2026-01-20,PAYMENT_SYSTEM,COMPLETENESS_CHECK,CHECK_354,LOW,CLOSED,154,899294,01:42,17.85,API_INTEGRATION_ISSUE,True,False,0.02
INC-000062,2025-11-15,MOBILE_APP,ACCURACY_CHECK,CHECK_773,MEDIUM,CLOSED,1,16076,11:55,0.93,NETWORK_TIMEOUT,False,True,0.01
INC-000063,2026-02-08,FRAUD_DETECTION,FRESHNESS_CHECK,CHECK_780,LOW,RESOLVED,41,62762,10:55,21.45,ETL_PIPELINE_FAILURE,False,False,0.07
INC-000064,2026-02-06,CRM_CLIENTS,NULL_CHECK,CHECK_463,LOW,CLOSED,121,28592,15:29,0.45,MANUAL_DATA_ENTRY,False,False,0.42
INC-000065,2025-12-02,MOBILE_APP,FORMAT_CHECK,CHECK_270,MEDIUM,RESOLVED,106,36056,17:59,3.5,DATABASE_CORRUPTION,False,False,0.29
INC-000066,2026-01-26,SCORING_ENGINE,COMPLETENESS_CHECK,CHECK_762,LOW,RESOLVED,12,33673,08:35,30.16,NETWORK_TIMEOUT,True,False,0.04
INC-000067,2025-10-20,LOAN_REGISTRY,FORMAT_CHECK,CHECK_727,LOW,OPEN,60,421,14:08,,API_INTEGRATION_ISSUE,False,False,14.25
INC-000068,2026-02-28,CRM_CLIENTS,COMPLETENESS_CHECK,CHECK_145,LOW,CLOSED,1571,57189,22:34,18.25,API_INTEGRATION_ISSUE,False,False,2.75
INC-000069,2025-09-18,LOAN_REGISTRY,NULL_CHECK,CHECK_676,MEDIUM,CLOSED,1039,7515,05:37,7.34,SOURCE_SYSTEM_ERROR,False,False,13.83
INC-000070,2025-09-12,CREDIT_BUREAU,REFERENTIAL_INTEGRITY,CHECK_760,HIGH,IN_PROGRESS,179,773850,19:29,,SOURCE_SYSTEM_ERROR,False,True,0.02
INC-000071,2026-02-17,SCORING_ENGINE,RANGE_CHECK,CHECK_793,LOW,RESOLVED,129,4697,20:47,25.6,NETWORK_TIMEOUT,False,False,2.75
INC-000072,2025-10-29,SCORING_ENGINE,REFERENTIAL_INTEGRITY,CHECK_762,LOW,CLOSED,107,8576,20:56,12.84,DATA_DRIFT,False,False,1.25
INC-000073,2025-11-14,CRM_CLIENTS,COMPLETENESS_CHECK,CHECK_509,LOW,RESOLVED,238,2935029,18:27,4.2,API_INTEGRATION_ISSUE,False,False,0.01
INC-000074,2025-09-21,SCORING_ENGINE,SCHEMA_VALIDATION,CHECK_870,MEDIUM,IN_PROGRESS,182,93602,16:40,,MANUAL_DATA_ENTRY,True,False,0.19
INC-000075,2025-10-30,FRAUD_DETECTION,RANGE_CHECK,CHECK_439,LOW,CLOSED,283,3081,20:34,25.59,DATA_DRIFT,False,False,9.19
INC-000076,2025-09-26,SCORING_ENGINE,RANGE_CHECK,CHECK_915,LOW,IN_PROGRESS,404,31345,09:58,,API_INTEGRATION_ISSUE,False,True,1.29
INC-000077,2025-12-07,LOAN_REGISTRY,FORMAT_CHECK,CHECK_540,MEDIUM,CLOSED,13,1918,11:30,12.92,DATA_DRIFT,False,False,0.68
INC-000078,2025-11-11,LOAN_REGISTRY,FRESHNESS_CHECK,CHECK_208,HIGH,IN_PROGRESS,79,36870,17:14,,DATABASE_CORRUPTION,False,False,0.21
INC-000079,2025-12-26,MOBILE_APP,FORMAT_CHECK,CHECK_110,HIGH,CLOSED,220,4408,02:28,0.48,NETWORK_TIMEOUT,False,False,4.99
INC-000080,2026-02-10,LOAN_REGISTRY,FORMAT_CHECK,CHECK_200,LOW,RESOLVED,21,917765,09:23,11.13,BUSINESS_LOGIC_ERROR,False,False,0.0
INC-000081,2025-12-03,MOBILE_APP,SCHEMA_VALIDATION,CHECK_364,LOW,CLOSED,38,51111,13:16,14.02,MANUAL_DATA_ENTRY,False,False,0.07
INC-000082,2025-10-12,LOAN_REGISTRY,REFERENTIAL_INTEGRITY,CHECK_327,LOW,IN_PROGRESS,95,63266,04:19,,SOURCE_SYSTEM_ERROR,False,False,0.15
INC-000083,2025-12-04,FRAUD_DETECTION,REFERENTIAL_INTEGRITY,CHECK_622,MEDIUM,CLOSED,105,147193,00:00,22.28,UNKNOWN,False,False,0.07
INC-000084,2025-11-30,INTERNET_BANK,CONSISTENCY_CHECK,CHECK_864,MEDIUM,CLOSED,228,184102,16:52,31.62,CONFIGURATION_ERROR,False,False,0.12
INC-000085,2025-10-24,MOBILE_APP,COMPLETENESS_CHECK,CHECK_631,MEDIUM,RESOLVED,27,5551,04:22,3.26,UNKNOWN,False,False,0.49
INC-000086,2026-02-19,PAYMENT_SYSTEM,SCHEMA_VALIDATION,CHECK_671,MEDIUM,RESOLVED,1028,26633,09:30,22.43,DATABASE_CORRUPTION,False,False,3.86
INC-000087,2025-11-08,CREDIT_BUREAU,CONSISTENCY_CHECK,CHECK_694,LOW,CLOSED,104,9036,17:00,13.14,ETL_PIPELINE_FAILURE,False,False,1.15
INC-000088,2026-02-27,CRM_CLIENTS,NULL_CHECK,CHECK_804,LOW,CLOSED,198,1451555,22:59,10.43,API_INTEGRATION_ISSUE,False,False,0.01
INC-000089,2026-02-22,LOAN_REGISTRY,COMPLETENESS_CHECK,CHECK_689,LOW,OPEN,70,228,15:48,,SOURCE_SYSTEM_ERROR,False,False,30.7
INC-000090,2026-02-13,SCORING_ENGINE,COMPLETENESS_CHECK,CHECK_326,LOW,OPEN,237,6972,15:19,,API_INTEGRATION_ISSUE,False,False,3.4
INC-000091,2025-09-19,INTERNET_BANK,ACCURACY_CHECK,CHECK_556,MEDIUM,CLOSED,4198,18771,00:49,18.78,SCHEMA_CHANGE,False,False,22.36
INC-000092,2026-02-03,LOAN_REGISTRY,ACCURACY_CHECK,CHECK_483,MEDIUM,IN_PROGRESS,69,28965,13:51,,MANUAL_DATA_ENTRY,False,False,0.24
INC-000093,2026-02-10,SCORING_ENGINE,DUPLICATE_CHECK,CHECK_500,LOW,REOPENED,49,27806,09:38,18.58,CONFIGURATION_ERROR,True,False,0.18
INC-000094,2025-10-14,CREDIT_BUREAU,DUPLICATE_CHECK,CHECK_574,LOW,CLOSED,28,20084,07:50,7.2,NETWORK_TIMEOUT,False,False,0.14
INC-000095,2026-01-15,CREDIT_BUREAU,FORMAT_CHECK,CHECK_890,HIGH,CLOSED,131,15917,00:35,1.49,API_INTEGRATION_ISSUE,False,False,0.82
INC-000096,2026-03-06,CREDIT_BUREAU,NULL_CHECK,CHECK_795,MEDIUM,IN_PROGRESS,128,35688,11:12,,SOURCE_SYSTEM_ERROR,False,False,0.36
INC-000097,2025-11-02,SCORING_ENGINE,RANGE_CHECK,CHECK_702,HIGH,IN_PROGRESS,164,55437,13:56,,BUSINESS_LOGIC_ERROR,False,False,0.3
INC-000098,2025-10-12,LOAN_REGISTRY,RANGE_CHECK,CHECK_807,LOW,CLOSED,378,791288,17:27,1.27,API_INTEGRATION_ISSUE,False,True,0.05
INC-000099,2025-12-28,CREDIT_BUREAU,ACCURACY_CHECK,CHECK_612,MEDIUM,CLOSED,294,777408,12:15,1.4,API_INTEGRATION_ISSUE,False,False,0.04
INC-000100,2025-12-07,FRAUD_DETECTION,ACCURACY_CHECK,CHECK_254,MEDIUM,REOPENED,141,40214,05:45,18.17,BUSINESS_LOGIC_ERROR,False,False,0.35
INC-000101,2025-11-09,MOBILE_APP,ACCURACY_CHECK,CHECK_453,HIGH,IN_PROGRESS,7387,8178,23:41,,CONFIGURATION_ERROR,False,False,90.33
INC-000102,2026-02-11,SCORING_ENGINE,SCHEMA_VALIDATION,CHECK_125,MEDIUM,IN_PROGRESS,590,9407,12:53,,MANUAL_DATA_ENTRY,False,False,6.27
INC-000103,2026-02-24,SCORING_ENGINE,FRESHNESS_CHECK,CHECK_594,LOW,OPEN,16,1590,12:14,,UNKNOWN,False,True,1.01
INC-000104,2026-01-21,LOAN_REGISTRY,DUPLICATE_CHECK,CHECK_207,MEDIUM,CLOSED,6,148222,08:05,21.28,API_INTEGRATION_ISSUE,False,True,0.0
INC-000105,2025-10-27,SCORING_ENGINE,SCHEMA_VALIDATION,CHECK_402,LOW,RESOLVED,36,20141,13:40,0.86,API_INTEGRATION_ISSUE,False,False,0.18
INC-000106,2026-02-23,SCORING_ENGINE,REFERENTIAL_INTEGRITY,CHECK_525,LOW,OPEN,201,52813,07:33,,NETWORK_TIMEOUT,False,False,0.38
INC-000107,2025-11-23,CREDIT_BUREAU,RANGE_CHECK,CHECK_187,LOW,IN_PROGRESS,31,42937,19:51,,BUSINESS_LOGIC_ERROR,False,False,0.07
INC-000108,2025-09-15,LOAN_REGISTRY,COMPLETENESS_CHECK,CHECK_218,HIGH,RESOLVED,42,5457,22:43,1.69,MANUAL_DATA_ENTRY,False,False,0.77
INC-000109,2025-10-29,CREDIT_BUREAU,DUPLICATE_CHECK,CHECK_951,LOW,REOPENED,156,4263,08:18,13.02,MANUAL_DATA_ENTRY,False,False,3.66
INC-000110,2025-09-09,MOBILE_APP,CONSISTENCY_CHECK,CHECK_847,MEDIUM,RESOLVED,74,8903,20:47,7.23,SCHEMA_CHANGE,False,False,0.83
INC-000111,2025-11-20,INTERNET_BANK,REFERENTIAL_INTEGRITY,CHECK_245,LOW,IN_PROGRESS,2,58189,17:51,,CONFIGURATION_ERROR,False,False,0.0
INC-000112,2025-12-12,MOBILE_APP,DUPLICATE_CHECK,CHECK_456,LOW,RESOLVED,1279,18741,08:26,14.27,SCHEMA_CHANGE,False,True,6.82
INC-000113,2025-11-08,INTERNET_BANK,SCHEMA_VALIDATION,CHECK_419,MEDIUM,RESOLVED,804,645,06:54,36.19,DATABASE_CORRUPTION,True,False,124.65
INC-000114,2025-09-17,CREDIT_BUREAU,NULL_CHECK,CHECK_451,HIGH,OPEN,11,2840,02:11,,ETL_PIPELINE_FAILURE,True,False,0.39
INC-000115,2025-10-25,MOBILE_APP,COMPLETENESS_CHECK,CHECK_566,MEDIUM,IN_PROGRESS,166,12903,04:18,,CONFIGURATION_ERROR,False,False,1.29
INC-000116,2026-01-24,LOAN_REGISTRY,DUPLICATE_CHECK,CHECK_903,MEDIUM,CLOSED,15,20726,03:40,43.6,DATABASE_CORRUPTION,False,False,0.07
INC-000117,2026-03-03,CRM_CLIENTS,FRESHNESS_CHECK,CHECK_311,HIGH,IN_PROGRESS,43,61756,14:39,,ETL_PIPELINE_FAILURE,True,False,0.07
INC-000118,2025-11-20,CREDIT_BUREAU,ACCURACY_CHECK,CHECK_633,HIGH,IN_PROGRESS,392,23825,14:17,,SOURCE_SYSTEM_ERROR,False,True,1.65
INC-000119,2025-10-25,INTERNET_BANK,ACCURACY_CHECK,CHECK_594,MEDIUM,RESOLVED,750,10663,22:39,12.6,CONFIGURATION_ERROR,False,False,7.03
INC-000120,2026-02-15,FRAUD_DETECTION,COMPLETENESS_CHECK,CHECK_456,CRITICAL,CLOSED,715,9954,15:12,25.45,BUSINESS_LOGIC_ERROR,False,False,7.18
INC-000121,2026-01-06,INTERNET_BANK,SCHEMA_VALIDATION,CHECK_587,HIGH,CLOSED,242,32955,10:01,3.53,UNKNOWN,False,False,0.73
INC-000122,2025-12-11,FRAUD_DETECTION,ACCURACY_CHECK,CHECK_199,MEDIUM,CLOSED,1901,50822,04:03,0.35,DATABASE_CORRUPTION,False,False,3.74
INC-000123,2026-02-12,SCORING_ENGINE,DUPLICATE_CHECK,CHECK_548,HIGH,CLOSED,43,11388,17:01,8.84,API_INTEGRATION_ISSUE,False,True,0.38
INC-000124,2025-12-27,MOBILE_APP,CONSISTENCY_CHECK,CHECK_839,MEDIUM,CLOSED,68,2551,05:06,7.64,SCHEMA_CHANGE,False,False,2.67
INC-000125,2025-10-07,FRAUD_DETECTION,RANGE_CHECK,CHECK_813,MEDIUM,OPEN,0,18084,09:17,,ETL_PIPELINE_FAILURE,False,False,0.0
INC-000126,2025-11-07,INTERNET_BANK,RANGE_CHECK,CHECK_563,MEDIUM,CLOSED,123,6004,04:45,24.85,DATABASE_CORRUPTION,False,False,2.05
INC-000127,2025-10-06,SCORING_ENGINE,REFERENTIAL_INTEGRITY,CHECK_426,LOW,IN_PROGRESS,473,39150,14:46,,DATA_DRIFT,False,False,1.21
INC-000128,2025-11-03,CRM_CLIENTS,FORMAT_CHECK,CHECK_168,MEDIUM,RESOLVED,262,425702,00:14,23.43,CONFIGURATION_ERROR,False,True,0.06
INC-000129,2026-03-10,LOAN_REGISTRY,NULL_CHECK,CHECK_407,MEDIUM,CLOSED,42,1475,02:09,2.12,SCHEMA_CHANGE,False,False,2.85
INC-000130,2026-01-22,LOAN_REGISTRY,COMPLETENESS_CHECK,CHECK_145,MEDIUM,RESOLVED,803,220002,00:31,14.15,MANUAL_DATA_ENTRY,False,False,0.36
INC-000131,2026-01-16,LOAN_REGISTRY,REFERENTIAL_INTEGRITY,CHECK_929,LOW,CLOSED,128,56279,06:21,44.32,SCHEMA_CHANGE,False,False,0.23
INC-000132,2025-11-07,FRAUD_DETECTION,FORMAT_CHECK,CHECK_827,LOW,RESOLVED,687,199921,13:19,11.36,UNKNOWN,False,False,0.34
INC-000133,2026-03-11,CRM_CLIENTS,SCHEMA_VALIDATION,CHECK_217,LOW,CLOSED,392,9214,15:23,2.26,DATABASE_CORRUPTION,False,False,4.25
INC-000134,2026-01-28,FRAUD_DETECTION,FRESHNESS_CHECK,CHECK_123,LOW,CLOSED,2563,1221,14:44,65.62,BUSINESS_LOGIC_ERROR,False,False,209.91
INC-000135,2025-12-19,MOBILE_APP,FRESHNESS_CHECK,CHECK_969,HIGH,REOPENED,292,31551,01:21,9.02,SOURCE_SYSTEM_ERROR,False,False,0.93
INC-000136,2026-01-28,FRAUD_DETECTION,NULL_CHECK,CHECK_451,MEDIUM,CLOSED,502,361989,02:53,22.0,ETL_PIPELINE_FAILURE,False,False,0.14
INC-000137,2025-12-12,CRM_CLIENTS,ACCURACY_CHECK,CHECK_763,CRITICAL,CLOSED,127,2641,04:03,1.94,SCHEMA_CHANGE,False,False,4.81
INC-000138,2025-12-02,CRM_CLIENTS,DUPLICATE_CHECK,CHECK_211,LOW,CLOSED,54,3566,08:49,13.16,SOURCE_SYSTEM_ERROR,False,False,1.51
INC-000139,2025-10-27,MOBILE_APP,REFERENTIAL_INTEGRITY,CHECK_793,LOW,RESOLVED,396,71281,12:04,29.25,UNKNOWN,False,False,0.56
INC-000140,2025-10-06,CRM_CLIENTS,REFERENTIAL_INTEGRITY,CHECK_919,LOW,IN_PROGRESS,2997,7907,17:30,,API_INTEGRATION_ISSUE,True,False,37.9
INC-000141,2026-01-09,INTERNET_BANK,COMPLETENESS_CHECK,CHECK_268,MEDIUM,CLOSED,43,616719,05:12,4.09,MANUAL_DATA_ENTRY,False,False,0.01
INC-000142,2026-01-05,CRM_CLIENTS,COMPLETENESS_CHECK,CHECK_858,LOW,REOPENED,90,81157,08:52,1.64,NETWORK_TIMEOUT,False,False,0.11
INC-000143,2025-09-24,LOAN_REGISTRY,FRESHNESS_CHECK,CHECK_349,MEDIUM,CLOSED,156,5226,12:53,4.21,API_INTEGRATION_ISSUE,False,False,2.99
INC-000144,2026-03-13,INTERNET_BANK,FRESHNESS_CHECK,CHECK_628,CRITICAL,CLOSED,583,7120,00:07,5.26,DATA_DRIFT,False,True,8.19
INC-000145,2025-09-13,INTERNET_BANK,CONSISTENCY_CHECK,CHECK_278,MEDIUM,CLOSED,296,7706,22:15,14.85,MANUAL_DATA_ENTRY,False,False,3.84
INC-000146,2025-09-29,MOBILE_APP,CONSISTENCY_CHECK,CHECK_665,MEDIUM,IN_PROGRESS,921,20214,12:49,,DATA_DRIFT,False,False,4.56
INC-000147,2025-10-10,PAYMENT_SYSTEM,ACCURACY_CHECK,CHECK_263,MEDIUM,IN_PROGRESS,7691,40493,14:15,,BUSINESS_LOGIC_ERROR,False,False,18.99
INC-000148,2026-02-08,PAYMENT_SYSTEM,CONSISTENCY_CHECK,CHECK_438,LOW,RESOLVED,41,34991,23:02,5.87,ETL_PIPELINE_FAILURE,False,False,0.12
INC-000149,2025-10-11,CRM_CLIENTS,DUPLICATE_CHECK,CHECK_673,HIGH,IN_PROGRESS,502,2322,06:29,,API_INTEGRATION_ISSUE,False,False,21.62
INC-000150,2026-02-22,INTERNET_BANK,DUPLICATE_CHECK,CHECK_536,MEDIUM,CLOSED,281,133753,23:49,11.88,BUSINESS_LOGIC_ERROR,True,False,0.21
INC-000151,2025-12-18,PAYMENT_SYSTEM,REFERENTIAL_INTEGRITY,CHECK_573,MEDIUM,REOPENED,154,12330,03:33,14.75,CONFIGURATION_ERROR,False,False,1.25
INC-000152,2026-01-31,PAYMENT_SYSTEM,RANGE_CHECK,CHECK_337,MEDIUM,CLOSED,498,3445,21:13,26.41,NETWORK_TIMEOUT,True,True,14.46
INC-000153,2025-09-17,CRM_CLIENTS,DUPLICATE_CHECK,CHECK_916,LOW,RESOLVED,87,8724,15:24,4.09,MANUAL_DATA_ENTRY,True,False,1.0
INC-000154,2025-12-08,PAYMENT_SYSTEM,FORMAT_CHECK,CHECK_514,LOW,OPEN,283,167479,21:19,,ETL_PIPELINE_FAILURE,False,False,0.17
INC-000155,2025-12-07,FRAUD_DETECTION,FRESHNESS_CHECK,CHECK_744,LOW,RESOLVED,10,32229,10:10,5.47,ETL_PIPELINE_FAILURE,False,False,0.03
INC-000156,2026-01-31,SCORING_ENGINE,COMPLETENESS_CHECK,CHECK_288,LOW,RESOLVED,50,38373,20:46,0.02,SCHEMA_CHANGE,False,False,0.13
INC-000157,2025-12-29,MOBILE_APP,CONSISTENCY_CHECK,CHECK_290,LOW,RESOLVED,1205,2121,01:47,10.39,CONFIGURATION_ERROR,False,False,56.81
INC-000158,2026-01-14,SCORING_ENGINE,REFERENTIAL_INTEGRITY,CHECK_755,MEDIUM,IN_PROGRESS,1116,28694,17:33,,ETL_PIPELINE_FAILURE,False,False,3.89
INC-000159,2025-11-04,CRM_CLIENTS,NULL_CHECK,CHECK_773,LOW,RESOLVED,249,161953,03:16,0.45,DATABASE_CORRUPTION,False,False,0.15
INC-000160,2026-01-20,LOAN_REGISTRY,COMPLETENESS_CHECK,CHECK_542,MEDIUM,RESOLVED,59,598,15:40,0.04,CONFIGURATION_ERROR,False,False,9.87
INC-000161,2025-09-03,MOBILE_APP,FORMAT_CHECK,CHECK_505,MEDIUM,CLOSED,773,10118,09:12,15.62,NETWORK_TIMEOUT,False,False,7.64
INC-000162,2026-02-22,CRM_CLIENTS,CONSISTENCY_CHECK,CHECK_129,HIGH,IN_PROGRESS,1759,76600,11:56,,NETWORK_TIMEOUT,False,False,2.3
INC-000163,2026-03-04,INTERNET_BANK,FORMAT_CHECK,CHECK_855,LOW,OPEN,65,30226,01:55,,DATA_DRIFT,False,False,0.22
INC-000164,2025-09-30,LOAN_REGISTRY,FRESHNESS_CHECK,CHECK_728,LOW,OPEN,8,2870,21:13,,NETWORK_TIMEOUT,True,False,0.28
INC-000165,2026-02-22,SCORING_ENGINE,FRESHNESS_CHECK,CHECK_302,MEDIUM,RESOLVED,364,48850,03:15,36.79,DATABASE_CORRUPTION,False,False,0.75
INC-000166,2026-01-16,CRM_CLIENTS,ACCURACY_CHECK,CHECK_560,LOW,CLOSED,922,2132,20:27,3.42,MANUAL_DATA_ENTRY,False,True,43.25
INC-000167,2026-03-12,INTERNET_BANK,REFERENTIAL_INTEGRITY,CHECK_706,LOW,CLOSED,480,3885,10:00,3.39,SOURCE_SYSTEM_ERROR,False,False,12.36
INC-000168,2025-11-08,MOBILE_APP,COMPLETENESS_CHECK,CHECK_539,HIGH,RESOLVED,3395,4792,05:50,2.47,SOURCE_SYSTEM_ERROR,False,False,70.85
INC-000169,2026-02-12,MOBILE_APP,SCHEMA_VALIDATION,CHECK_498,MEDIUM,CLOSED,3424,482519,08:37,15.45,UNKNOWN,False,False,0.71
INC-000170,2025-11-27,CREDIT_BUREAU,SCHEMA_VALIDATION,CHECK_104,LOW,RESOLVED,80,781,03:25,5.23,SCHEMA_CHANGE,False,False,10.24
INC-000171,2025-09-29,INTERNET_BANK,COMPLETENESS_CHECK,CHECK_821,MEDIUM,CLOSED,220,905,07:00,53.79,ETL_PIPELINE_FAILURE,True,False,24.31
INC-000172,2025-11-15,FRAUD_DETECTION,NULL_CHECK,CHECK_319,LOW,OPEN,54,38818,01:37,,NETWORK_TIMEOUT,False,False,0.14
INC-000173,2025-12-21,PAYMENT_SYSTEM,REFERENTIAL_INTEGRITY,CHECK_310,HIGH,RESOLVED,19,27162,22:30,5.49,DATA_DRIFT,False,False,0.07
INC-000174,2025-10-11,LOAN_REGISTRY,FORMAT_CHECK,CHECK_385,MEDIUM,CLOSED,21,8605,22:38,1.94,SCHEMA_CHANGE,True,False,0.24
INC-000175,2025-12-26,INTERNET_BANK,NULL_CHECK,CHECK_870,LOW,CLOSED,622,22644,04:23,10.76,BUSINESS_LOGIC_ERROR,False,False,2.75
INC-000176,2025-09-01,CREDIT_BUREAU,RANGE_CHECK,CHECK_820,LOW,CLOSED,271,2619,02:15,4.19,ETL_PIPELINE_FAILURE,False,False,10.35
INC-000177,2026-03-04,PAYMENT_SYSTEM,COMPLETENESS_CHECK,CHECK_928,LOW,IN_PROGRESS,879,26482,05:31,,DATABASE_CORRUPTION,False,True,3.32
INC-000178,2026-03-04,PAYMENT_SYSTEM,FORMAT_CHECK,CHECK_915,LOW,IN_PROGRESS,23464,33495,02:43,,SOURCE_SYSTEM_ERROR,False,False,70.05
INC-000179,2025-11-07,CRM_CLIENTS,SCHEMA_VALIDATION,CHECK_164,LOW,REOPENED,403,250046,19:21,4.15,DATA_DRIFT,False,True,0.16
INC-000180,2026-01-07,PAYMENT_SYSTEM,DUPLICATE_CHECK,CHECK_691,LOW,IN_PROGRESS,30,999050,20:03,,SCHEMA_CHANGE,False,False,0.0
INC-000181,2025-10-16,FRAUD_DETECTION,ACCURACY_CHECK,CHECK_204,CRITICAL,IN_PROGRESS,1176,12897,01:22,,API_INTEGRATION_ISSUE,False,False,9.12
INC-000182,2026-01-08,MOBILE_APP,SCHEMA_VALIDATION,CHECK_918,MEDIUM,IN_PROGRESS,29,1725,20:09,,SOURCE_SYSTEM_ERROR,True,False,1.68
INC-000183,2025-09-28,CREDIT_BUREAU,REFERENTIAL_INTEGRITY,CHECK_992,CRITICAL,RESOLVED,4898,47569,22:34,0.69,DATABASE_CORRUPTION,False,False,10.3
INC-000184,2026-02-08,PAYMENT_SYSTEM,FRESHNESS_CHECK,CHECK_649,LOW,IN_PROGRESS,2,16854,03:08,,ETL_PIPELINE_FAILURE,False,False,0.01
INC-000185,2025-11-16,CRM_CLIENTS,DUPLICATE_CHECK,CHECK_291,MEDIUM,RESOLVED,49,15426,15:14,9.06,MANUAL_DATA_ENTRY,False,False,0.32
INC-000186,2026-02-11,FRAUD_DETECTION,ACCURACY_CHECK,CHECK_474,MEDIUM,RESOLVED,515,878,10:35,8.83,API_INTEGRATION_ISSUE,False,True,58.66
INC-000187,2026-01-08,SCORING_ENGINE,ACCURACY_CHECK,CHECK_433,MEDIUM,CLOSED,1564,26828,20:48,13.83,DATABASE_CORRUPTION,False,False,5.83
INC-000188,2026-02-03,MOBILE_APP,RANGE_CHECK,CHECK_301,LOW,OPEN,38,51313,11:51,,DATA_DRIFT,False,False,0.07
INC-000189,2025-10-21,MOBILE_APP,RANGE_CHECK,CHECK_568,LOW,RESOLVED,26,160622,14:46,7.39,BUSINESS_LOGIC_ERROR,False,False,0.02
INC-000190,2025-10-10,CREDIT_BUREAU,CONSISTENCY_CHECK,CHECK_216,MEDIUM,CLOSED,199,8014,06:01,7.04,MANUAL_DATA_ENTRY,False,False,2.48
INC-000191,2025-12-05,MOBILE_APP,SCHEMA_VALIDATION,CHECK_368,LOW,CLOSED,6754,4226,22:24,7.39,DATABASE_CORRUPTION,False,False,159.82
INC-000192,2025-10-12,PAYMENT_SYSTEM,SCHEMA_VALIDATION,CHECK_786,MEDIUM,RESOLVED,6,7887,11:46,46.88,SCHEMA_CHANGE,False,False,0.08
INC-000193,2026-01-17,CRM_CLIENTS,SCHEMA_VALIDATION,CHECK_983,MEDIUM,CLOSED,79,142537,04:16,1.8,BUSINESS_LOGIC_ERROR,True,False,0.06
INC-000194,2026-01-14,MOBILE_APP,CONSISTENCY_CHECK,CHECK_601,LOW,OPEN,249,352292,01:31,,DATABASE_CORRUPTION,False,False,0.07
INC-000195,2025-09-01,MOBILE_APP,NULL_CHECK,CHECK_640,MEDIUM,CLOSED,30,207312,22:28,6.17,MANUAL_DATA_ENTRY,True,False,0.01
INC-000196,2026-02-01,SCORING_ENGINE,ACCURACY_CHECK,CHECK_754,LOW,RESOLVED,30,80448,17:18,8.6,DATA_DRIFT,False,False,0.04
INC-000197,2025-11-22,SCORING_ENGINE,DUPLICATE_CHECK,CHECK_420,HIGH,IN_PROGRESS,93,20653,17:44,,SOURCE_SYSTEM_ERROR,False,True,0.45
INC-000198,2026-01-04,LOAN_REGISTRY,REFERENTIAL_INTEGRITY,CHECK_711,CRITICAL,CLOSED,266,28211,15:12,2.05,MANUAL_DATA_ENTRY,False,False,0.94
INC-000199,2025-09-05,FRAUD_DETECTION,ACCURACY_CHECK,CHECK_497,LOW,CLOSED,100,37762,18:11,17.31,MANUAL_DATA_ENTRY,False,False,0.26
INC-000200,2025-09-29,PAYMENT_SYSTEM,RANGE_CHECK,CHECK_725,HIGH,IN_PROGRESS,2782,13303,17:22,,SCHEMA_CHANGE,False,False,20.91
INC-000201,2025-12-02,MOBILE_APP,FORMAT_CHECK,CHECK_501,LOW,OPEN,485,130399,10:46,,CONFIGURATION_ERROR,False,False,0.37
INC-000202,2025-11-18,INTERNET_BANK,FRESHNESS_CHECK,CHECK_701,LOW,IN_PROGRESS,319,807,14:17,,CONFIGURATION_ERROR,False,False,39.53
INC-000203,2025-11-01,MOBILE_APP,CONSISTENCY_CHECK,CHECK_216,HIGH,CLOSED,1158,1169,19:58,2.57,DATABASE_CORRUPTION,False,False,99.06
INC-000204,2025-09-15,CRM_CLIENTS,COMPLETENESS_CHECK,CHECK_456,MEDIUM,IN_PROGRESS,330,805,17:10,,DATA_DRIFT,False,True,40.99
INC-000205,2025-11-01,LOAN_REGISTRY,FORMAT_CHECK,CHECK_460,HIGH,IN_PROGRESS,61,4427,02:33,,CONFIGURATION_ERROR,False,False,1.38
INC-000206,2026-01-24,FRAUD_DETECTION,REFERENTIAL_INTEGRITY,CHECK_965,MEDIUM,OPEN,87,325260,04:28,,BUSINESS_LOGIC_ERROR,False,False,0.03
INC-000207,2025-09-21,INTERNET_BANK,SCHEMA_VALIDATION,CHECK_568,HIGH,CLOSED,15,2042,09:52,7.59,DATA_DRIFT,False,False,0.73
INC-000208,2025-09-22,LOAN_REGISTRY,RANGE_CHECK,CHECK_732,MEDIUM,CLOSED,8182,2198,08:34,13.85,SCHEMA_CHANGE,False,False,372.25
INC-000209,2026-03-07,CREDIT_BUREAU,RANGE_CHECK,CHECK_276,MEDIUM,CLOSED,954,4227,11:29,29.93,API_INTEGRATION_ISSUE,True,False,22.57
INC-000210,2026-01-03,FRAUD_DETECTION,RANGE_CHECK,CHECK_933,MEDIUM,IN_PROGRESS,0,201798,00:49,,BUSINESS_LOGIC_ERROR,True,False,0.0
INC-000211,2025-09-18,MOBILE_APP,SCHEMA_VALIDATION,CHECK_789,LOW,CLOSED,2135,388704,20:32,3.18,CONFIGURATION_ERROR,False,False,0.55
INC-000212,2026-03-14,MOBILE_APP,COMPLETENESS_CHECK,CHECK_822,LOW,CLOSED,7,167730,12:46,24.22,ETL_PIPELINE_FAILURE,False,False,0.0
INC-000213,2026-01-15,FRAUD_DETECTION,CONSISTENCY_CHECK,CHECK_919,LOW,CLOSED,420,189868,05:56,2.12,ETL_PIPELINE_FAILURE,False,False,0.22
INC-000214,2025-10-03,MOBILE_APP,FORMAT_CHECK,CHECK_404,MEDIUM,RESOLVED,1,599471,00:39,11.98,ETL_PIPELINE_FAILURE,False,False,0.0
INC-000215,2025-10-03,PAYMENT_SYSTEM,SCHEMA_VALIDATION,CHECK_729,LOW,RESOLVED,63,606,11:49,30.81,MANUAL_DATA_ENTRY,False,False,10.4
INC-000216,2026-02-16,FRAUD_DETECTION,REFERENTIAL_INTEGRITY,CHECK_704,MEDIUM,CLOSED,2168,1901,19:15,13.46,API_INTEGRATION_ISSUE,True,False,114.05
INC-000217,2025-12-31,LOAN_REGISTRY,CONSISTENCY_CHECK,CHECK_186,LOW,OPEN,2424,5423,10:46,,DATA_DRIFT,False,False,44.7
INC-000218,2026-01-19,FRAUD_DETECTION,REFERENTIAL_INTEGRITY,CHECK_788,LOW,RESOLVED,274,27104,02:42,1.98,DATA_DRIFT,False,False,1.01
INC-000219,2025-10-13,INTERNET_BANK,CONSISTENCY_CHECK,CHECK_237,MEDIUM,CLOSED,716,26929,17:52,3.49,ETL_PIPELINE_FAILURE,True,False,2.66
INC-000220,2025-11-07,MOBILE_APP,COMPLETENESS_CHECK,CHECK_420,LOW,CLOSED,8,27782,12:12,5.96,UNKNOWN,False,False,0.03
INC-000221,2026-01-14,PAYMENT_SYSTEM,FRESHNESS_CHECK,CHECK_220,LOW,REOPENED,435,116825,16:43,2.08,API_INTEGRATION_ISSUE,False,False,0.37
INC-000222,2026-02-03,PAYMENT_SYSTEM,REFERENTIAL_INTEGRITY,CHECK_344,LOW,CLOSED,813,475,15:49,19.18,SOURCE_SYSTEM_ERROR,False,False,171.16
INC-000223,2025-12-18,CREDIT_BUREAU,SCHEMA_VALIDATION,CHECK_412,LOW,IN_PROGRESS,25323,16636,17:09,,BUSINESS_LOGIC_ERROR,True,True,152.22
INC-000224,2025-10-25,LOAN_REGISTRY,CONSISTENCY_CHECK,CHECK_219,MEDIUM,OPEN,42,37467,19:18,,UNKNOWN,False,False,0.11
INC-000225,2026-01-17,SCORING_ENGINE,RANGE_CHECK,CHECK_287,MEDIUM,RESOLVED,153,11487,10:26,22.18,CONFIGURATION_ERROR,False,False,1.33
INC-000226,2026-03-13,SCORING_ENGINE,ACCURACY_CHECK,CHECK_482,CRITICAL,RESOLVED,173,32153,20:20,28.74,SCHEMA_CHANGE,False,False,0.54
INC-000227,2026-03-06,FRAUD_DETECTION,RANGE_CHECK,CHECK_810,LOW,IN_PROGRESS,600,170147,03:06,,ETL_PIPELINE_FAILURE,False,True,0.35
INC-000228,2026-02-24,CREDIT_BUREAU,NULL_CHECK,CHECK_244,CRITICAL,IN_PROGRESS,863,24945,16:42,,API_INTEGRATION_ISSUE,False,False,3.46
INC-000229,2025-10-22,CRM_CLIENTS,FRESHNESS_CHECK,CHECK_623,LOW,CLOSED,1238,1584167,02:02,4.65,MANUAL_DATA_ENTRY,False,False,0.08
INC-000230,2026-03-02,FRAUD_DETECTION,FRESHNESS_CHECK,CHECK_497,HIGH,CLOSED,1070,147528,04:11,3.56,DATA_DRIFT,True,False,0.73
INC-000231,2025-11-19,CREDIT_BUREAU,RANGE_CHECK,CHECK_528,HIGH,REOPENED,7,37505,01:12,11.21,DATA_DRIFT,False,False,0.02
INC-000232,2025-12-12,LOAN_REGISTRY,FORMAT_CHECK,CHECK_710,MEDIUM,CLOSED,0,60322,03:31,20.44,MANUAL_DATA_ENTRY,False,False,0.0
INC-000233,2026-02-19,LOAN_REGISTRY,COMPLETENESS_CHECK,CHECK_241,LOW,CLOSED,53,97405,06:06,1.18,SCHEMA_CHANGE,False,False,0.05
INC-000234,2026-02-14,LOAN_REGISTRY,REFERENTIAL_INTEGRITY,CHECK_688,HIGH,CLOSED,138,641037,01:36,3.87,MANUAL_DATA_ENTRY,False,False,0.02
INC-000235,2025-12-05,LOAN_REGISTRY,SCHEMA_VALIDATION,CHECK_492,MEDIUM,REOPENED,43,230631,20:53,2.75,ETL_PIPELINE_FAILURE,False,False,0.02
INC-000236,2025-12-22,LOAN_REGISTRY,FRESHNESS_CHECK,CHECK_533,MEDIUM,CLOSED,59,61599,12:42,19.21,UNKNOWN,True,False,0.1
INC-000237,2026-01-11,CREDIT_BUREAU,RANGE_CHECK,CHECK_290,MEDIUM,CLOSED,75,5129,15:33,32.5,SOURCE_SYSTEM_ERROR,False,False,1.46
INC-000238,2025-12-25,CREDIT_BUREAU,RANGE_CHECK,CHECK_598,HIGH,CLOSED,471,50506,19:44,1.0,MANUAL_DATA_ENTRY,False,False,0.93
INC-000239,2025-10-01,PAYMENT_SYSTEM,COMPLETENESS_CHECK,CHECK_750,LOW,CLOSED,18,70113,18:16,5.72,UNKNOWN,False,False,0.03
INC-000240,2025-11-03,INTERNET_BANK,COMPLETENESS_CHECK,CHECK_650,MEDIUM,RESOLVED,127,104370,01:23,29.51,SOURCE_SYSTEM_ERROR,False,False,0.12
INC-000241,2025-10-28,SCORING_ENGINE,DUPLICATE_CHECK,CHECK_810,CRITICAL,OPEN,128,5075,07:38,,DATA_DRIFT,False,False,2.52
INC-000242,2025-09-17,MOBILE_APP,DUPLICATE_CHECK,CHECK_760,LOW,IN_PROGRESS,450,96388,22:04,,DATABASE_CORRUPTION,False,False,0.47
INC-000243,2025-11-26,LOAN_REGISTRY,FORMAT_CHECK,CHECK_277,LOW,OPEN,1515,109209,00:59,,UNKNOWN,False,False,1.39
INC-000244,2025-09-06,CRM_CLIENTS,FORMAT_CHECK,CHECK_668,LOW,IN_PROGRESS,4307,1959,06:41,,DATABASE_CORRUPTION,True,False,219.86
INC-000245,2026-01-29,MOBILE_APP,NULL_CHECK,CHECK_270,MEDIUM,IN_PROGRESS,33,1992,15:59,,BUSINESS_LOGIC_ERROR,False,False,1.66
INC-000246,2026-01-20,CREDIT_BUREAU,FORMAT_CHECK,CHECK_601,LOW,RESOLVED,2,206082,02:29,17.01,SOURCE_SYSTEM_ERROR,False,True,0.0
INC-000247,2025-10-29,CRM_CLIENTS,CONSISTENCY_CHECK,CHECK_395,LOW,RESOLVED,91,3982,20:03,4.09,SCHEMA_CHANGE,False,False,2.29
INC-000248,2026-01-29,CRM_CLIENTS,COMPLETENESS_CHECK,CHECK_243,LOW,CLOSED,6,477094,11:35,3.68,API_INTEGRATION_ISSUE,False,False,0.0
INC-000249,2025-10-27,CRM_CLIENTS,SCHEMA_VALIDATION,CHECK_291,MEDIUM,IN_PROGRESS,35212,12608,23:56,,NETWORK_TIMEOUT,False,True,279.28
INC-000250,2025-09-02,PAYMENT_SYSTEM,CONSISTENCY_CHECK,CHECK_422,MEDIUM,CLOSED,25,47559,13:52,9.73,MANUAL_DATA_ENTRY,False,False,0.05
INC-000251,2025-09-19,CREDIT_BUREAU,REFERENTIAL_INTEGRITY,CHECK_962,LOW,CLOSED,458,43156,11:50,25.05,NETWORK_TIMEOUT,False,False,1.06
INC-000252,2026-03-01,CRM_CLIENTS,RANGE_CHECK,CHECK_561,HIGH,CLOSED,961,5276,22:03,21.33,UNKNOWN,False,False,18.21
INC-000253,2026-02-09,LOAN_REGISTRY,FORMAT_CHECK,CHECK_734,MEDIUM,CLOSED,293,355369,19:17,0.72,CONFIGURATION_ERROR,False,False,0.08
INC-000254,2025-09-16,FRAUD_DETECTION,RANGE_CHECK,CHECK_154,LOW,IN_PROGRESS,9446,12632,16:02,,DATABASE_CORRUPTION,False,False,74.78
INC-000255,2025-10-29,CRM_CLIENTS,FRESHNESS_CHECK,CHECK_986,LOW,IN_PROGRESS,98,24774,23:04,,CONFIGURATION_ERROR,False,False,0.4
INC-000256,2025-09-18,PAYMENT_SYSTEM,NULL_CHECK,CHECK_467,MEDIUM,RESOLVED,27,418,09:04,6.44,API_INTEGRATION_ISSUE,False,False,6.46
INC-000257,2025-09-09,MOBILE_APP,FRESHNESS_CHECK,CHECK_109,LOW,IN_PROGRESS,25,1521,06:33,,UNKNOWN,False,False,1.64
INC-000258,2025-11-24,CREDIT_BUREAU,NULL_CHECK,CHECK_596,HIGH,CLOSED,665,209872,03:06,1.02,SCHEMA_CHANGE,False,False,0.32
INC-000259,2025-09-19,INTERNET_BANK,DUPLICATE_CHECK,CHECK_239,MEDIUM,RESOLVED,101,21784,23:14,0.49,SOURCE_SYSTEM_ERROR,False,False,0.46
INC-000260,2026-01-10,PAYMENT_SYSTEM,RANGE_CHECK,CHECK_299,LOW,RESOLVED,25,6828,17:24,4.81,UNKNOWN,False,True,0.37
INC-000261,2025-10-31,CRM_CLIENTS,NULL_CHECK,CHECK_934,MEDIUM,IN_PROGRESS,358,7051,06:12,,MANUAL_DATA_ENTRY,False,False,5.08
INC-000262,2025-11-11,CREDIT_BUREAU,ACCURACY_CHECK,CHECK_493,HIGH,RESOLVED,613,65984,16:42,8.85,CONFIGURATION_ERROR,False,False,0.93
INC-000263,2026-02-19,FRAUD_DETECTION,CONSISTENCY_CHECK,CHECK_675,LOW,CLOSED,255,273961,07:36,6.47,CONFIGURATION_ERROR,False,True,0.09
INC-000264,2026-01-03,CRM_CLIENTS,NULL_CHECK,CHECK_617,MEDIUM,CLOSED,897,7161,20:11,20.12,CONFIGURATION_ERROR,False,False,12.53
INC-000265,2025-10-25,PAYMENT_SYSTEM,NULL_CHECK,CHECK_768,MEDIUM,IN_PROGRESS,177,197150,17:47,,SCHEMA_CHANGE,False,False,0.09
INC-000266,2026-01-17,SCORING_ENGINE,CONSISTENCY_CHECK,CHECK_606,LOW,IN_PROGRESS,45,15992,17:26,,MANUAL_DATA_ENTRY,False,True,0.28
INC-000267,2025-10-04,LOAN_REGISTRY,RANGE_CHECK,CHECK_518,LOW,OPEN,752,59951,23:06,,SCHEMA_CHANGE,False,False,1.25
INC-000268,2026-03-05,INTERNET_BANK,RANGE_CHECK,CHECK_801,LOW,OPEN,25,632,20:36,,BUSINESS_LOGIC_ERROR,False,False,3.96
INC-000269,2026-01-25,MOBILE_APP,CONSISTENCY_CHECK,CHECK_603,LOW,CLOSED,15,891,11:43,2.27,DATA_DRIFT,False,False,1.68
INC-000270,2026-01-26,PAYMENT_SYSTEM,FRESHNESS_CHECK,CHECK_525,HIGH,OPEN,1498,113569,14:44,,DATA_DRIFT,False,False,1.32
INC-000271,2025-12-31,CREDIT_BUREAU,ACCURACY_CHECK,CHECK_827,LOW,CLOSED,74,38173,21:27,16.79,CONFIGURATION_ERROR,False,False,0.19
INC-000272,2025-11-02,INTERNET_BANK,SCHEMA_VALIDATION,CHECK_960,MEDIUM,CLOSED,4152,49382,03:10,43.04,NETWORK_TIMEOUT,False,False,8.41
INC-000273,2025-12-31,INTERNET_BANK,REFERENTIAL_INTEGRITY,CHECK_554,LOW,OPEN,823,2546,05:35,,ETL_PIPELINE_FAILURE,True,True,32.33
INC-000274,2025-12-14,INTERNET_BANK,ACCURACY_CHECK,CHECK_600,MEDIUM,RESOLVED,63,9466,12:32,1.57,BUSINESS_LOGIC_ERROR,False,False,0.67
INC-000275,2025-10-19,CRM_CLIENTS,RANGE_CHECK,CHECK_271,LOW,REOPENED,392,777,10:42,1.79,DATABASE_CORRUPTION,True,False,50.45
INC-000276,2025-09-25,LOAN_REGISTRY,SCHEMA_VALIDATION,CHECK_184,MEDIUM,CLOSED,23312,4044,05:34,2.45,API_INTEGRATION_ISSUE,False,False,576.46
INC-000277,2025-09-25,CRM_CLIENTS,DUPLICATE_CHECK,CHECK_678,MEDIUM,RESOLVED,670,21042,19:28,9.02,BUSINESS_LOGIC_ERROR,True,True,3.18
INC-000278,2026-02-16,CREDIT_BUREAU,FORMAT_CHECK,CHECK_131,LOW,CLOSED,475,42431,11:57,44.37,UNKNOWN,False,False,1.12
INC-000279,2025-12-20,CRM_CLIENTS,NULL_CHECK,CHECK_914,LOW,CLOSED,45,5292,10:35,10.68,DATA_DRIFT,False,True,0.85
INC-000280,2025-11-30,SCORING_ENGINE,CONSISTENCY_CHECK,CHECK_879,LOW,RESOLVED,5937,66456,10:54,8.88,SCHEMA_CHANGE,False,False,8.93
INC-000281,2025-12-18,LOAN_REGISTRY,CONSISTENCY_CHECK,CHECK_325,MEDIUM,CLOSED,2071,20403,11:26,13.43,NETWORK_TIMEOUT,True,False,10.15
INC-000282,2025-12-15,LOAN_REGISTRY,NULL_CHECK,CHECK_399,MEDIUM,RESOLVED,46,14018,20:27,0.92,SOURCE_SYSTEM_ERROR,False,True,0.33
INC-000283,2025-12-29,CREDIT_BUREAU,FORMAT_CHECK,CHECK_133,LOW,RESOLVED,6379,26036,23:20,20.27,SOURCE_SYSTEM_ERROR,False,False,24.5
INC-000284,2026-03-06,MOBILE_APP,REFERENTIAL_INTEGRITY,CHECK_381,LOW,REOPENED,206,1467746,19:15,12.49,SOURCE_SYSTEM_ERROR,False,False,0.01
INC-000285,2025-09-14,SCORING_ENGINE,FORMAT_CHECK,CHECK_330,LOW,CLOSED,27,15962,18:34,2.25,DATABASE_CORRUPTION,False,False,0.17
INC-000286,2026-02-20,PAYMENT_SYSTEM,SCHEMA_VALIDATION,CHECK_650,LOW,RESOLVED,44,147928,06:24,11.95,API_INTEGRATION_ISSUE,False,False,0.03
INC-000287,2026-02-15,CRM_CLIENTS,FORMAT_CHECK,CHECK_395,LOW,OPEN,858,65681,17:59,,DATA_DRIFT,False,False,1.31
INC-000288,2026-02-13,FRAUD_DETECTION,SCHEMA_VALIDATION,CHECK_272,MEDIUM,CLOSED,28,13408,23:16,0.8,CONFIGURATION_ERROR,False,False,0.21
INC-000289,2025-09-26,CRM_CLIENTS,FORMAT_CHECK,CHECK_899,LOW,CLOSED,16,991,11:28,3.73,NETWORK_TIMEOUT,False,False,1.61
INC-000290,2025-09-16,INTERNET_BANK,REFERENTIAL_INTEGRITY,CHECK_568,LOW,CLOSED,61,6282,14:25,5.95,API_INTEGRATION_ISSUE,False,True,0.97
INC-000291,2025-12-13,CRM_CLIENTS,REFERENTIAL_INTEGRITY,CHECK_679,LOW,REOPENED,83,25662,00:46,3.37,MANUAL_DATA_ENTRY,False,False,0.32
INC-000292,2026-03-06,PAYMENT_SYSTEM,RANGE_CHECK,CHECK_860,LOW,CLOSED,38,17862,01:18,3.34,DATA_DRIFT,False,False,0.21
INC-000293,2025-11-26,CRM_CLIENTS,NULL_CHECK,CHECK_891,LOW,RESOLVED,59,294568,19:01,10.21,SCHEMA_CHANGE,False,False,0.02
INC-000294,2025-09-28,SCORING_ENGINE,REFERENTIAL_INTEGRITY,CHECK_884,MEDIUM,OPEN,928,5079,16:08,,UNKNOWN,False,False,18.27
INC-000295,2025-11-03,SCORING_ENGINE,SCHEMA_VALIDATION,CHECK_607,MEDIUM,RESOLVED,247,16422,09:00,13.21,UNKNOWN,False,True,1.5
INC-000296,2025-10-20,LOAN_REGISTRY,REFERENTIAL_INTEGRITY,CHECK_662,MEDIUM,CLOSED,52,64390,09:14,37.59,SOURCE_SYSTEM_ERROR,False,False,0.08
INC-000297,2025-10-19,CREDIT_BUREAU,RANGE_CHECK,CHECK_623,LOW,CLOSED,63,12628,06:54,12.97,BUSINESS_LOGIC_ERROR,False,False,0.5
INC-000298,2026-01-16,MOBILE_APP,CONSISTENCY_CHECK,CHECK_215,LOW,RESOLVED,114,154406,10:01,10.47,MANUAL_DATA_ENTRY,True,False,0.07
INC-000299,2025-12-24,FRAUD_DETECTION,SCHEMA_VALIDATION,CHECK_686,MEDIUM,RESOLVED,127,2502,22:52,22.57,ETL_PIPELINE_FAILURE,False,False,5.08
INC-000300,2025-10-06,INTERNET_BANK,RANGE_CHECK,CHECK_216,LOW,RESOLVED,128,1054,08:58,12.0,UNKNOWN,False,False,12.14
INC-000301,2025-12-18,CRM_CLIENTS,FRESHNESS_CHECK,CHECK_374,MEDIUM,RESOLVED,863,12421,17:32,2.17,BUSINESS_LOGIC_ERROR,False,True,6.95
INC-000302,2025-10-17,CRM_CLIENTS,FRESHNESS_CHECK,CHECK_893,MEDIUM,RESOLVED,220,19109,17:36,4.54,NETWORK_TIMEOUT,False,False,1.15
INC-000303,2025-11-11,PAYMENT_SYSTEM,DUPLICATE_CHECK,CHECK_656,LOW,IN_PROGRESS,233,34070,18:09,,DATABASE_CORRUPTION,True,False,0.68
INC-000304,2025-12-28,CREDIT_BUREAU,FORMAT_CHECK,CHECK_943,LOW,RESOLVED,2574,29053,03:02,16.09,DATA_DRIFT,False,True,8.86
INC-000305,2025-11-03,SCORING_ENGINE,NULL_CHECK,CHECK_475,HIGH,RESOLVED,6331,9732,14:22,52.12,NETWORK_TIMEOUT,False,False,65.05
INC-000306,2025-09-20,FRAUD_DETECTION,COMPLETENESS_CHECK,CHECK_655,MEDIUM,CLOSED,12,1079,04:08,11.83,UNKNOWN,False,True,1.11
INC-000307,2025-12-23,LOAN_REGISTRY,ACCURACY_CHECK,CHECK_942,MEDIUM,OPEN,6,17371,08:23,,SOURCE_SYSTEM_ERROR,False,False,0.03
INC-000308,2026-01-19,SCORING_ENGINE,RANGE_CHECK,CHECK_874,MEDIUM,CLOSED,73,2755,18:15,0.67,API_INTEGRATION_ISSUE,False,False,2.65
INC-000309,2025-09-26,INTERNET_BANK,CONSISTENCY_CHECK,CHECK_142,MEDIUM,CLOSED,710,25364,07:16,10.02,CONFIGURATION_ERROR,False,False,2.8
INC-000310,2025-09-13,CREDIT_BUREAU,ACCURACY_CHECK,CHECK_878,MEDIUM,CLOSED,314,2401,09:05,30.29,API_INTEGRATION_ISSUE,True,False,13.08
INC-000311,2026-02-14,INTERNET_BANK,CONSISTENCY_CHECK,CHECK_836,HIGH,CLOSED,1221,47024,18:25,4.06,UNKNOWN,False,False,2.6
INC-000312,2026-01-17,MOBILE_APP,ACCURACY_CHECK,CHECK_551,MEDIUM,RESOLVED,67,618977,18:58,2.02,CONFIGURATION_ERROR,False,False,0.01
INC-000313,2025-09-04,LOAN_REGISTRY,RANGE_CHECK,CHECK_659,HIGH,RESOLVED,2,5156,06:46,5.18,API_INTEGRATION_ISSUE,False,False,0.04
INC-000314,2025-09-24,MOBILE_APP,COMPLETENESS_CHECK,CHECK_323,MEDIUM,REOPENED,9,1754,02:46,18.86,DATA_DRIFT,False,False,0.51
INC-000315,2026-03-12,PAYMENT_SYSTEM,ACCURACY_CHECK,CHECK_535,LOW,CLOSED,459,217296,10:50,1.06,API_INTEGRATION_ISSUE,True,False,0.21
INC-000316,2025-10-31,INTERNET_BANK,RANGE_CHECK,CHECK_204,LOW,REOPENED,1240,754644,15:11,11.01,DATA_DRIFT,False,True,0.16
INC-000317,2025-10-13,PAYMENT_SYSTEM,REFERENTIAL_INTEGRITY,CHECK_853,MEDIUM,CLOSED,3,1824,15:52,1.75,CONFIGURATION_ERROR,False,False,0.16
INC-000318,2025-12-14,CRM_CLIENTS,COMPLETENESS_CHECK,CHECK_949,HIGH,IN_PROGRESS,2493,18341,22:44,,BUSINESS_LOGIC_ERROR,False,True,13.59
INC-000319,2026-01-03,MOBILE_APP,SCHEMA_VALIDATION,CHECK_769,MEDIUM,OPEN,375,58309,18:52,,NETWORK_TIMEOUT,True,False,0.64
INC-000320,2026-01-02,CREDIT_BUREAU,CONSISTENCY_CHECK,CHECK_869,MEDIUM,CLOSED,128,13088,03:38,2.61,SCHEMA_CHANGE,False,False,0.98
INC-000321,2025-10-25,INTERNET_BANK,FRESHNESS_CHECK,CHECK_353,MEDIUM,RESOLVED,42,663,20:19,0.42,DATA_DRIFT,False,False,6.33
INC-000322,2025-12-12,FRAUD_DETECTION,FORMAT_CHECK,CHECK_404,MEDIUM,RESOLVED,3577,1413,01:46,6.69,API_INTEGRATION_ISSUE,False,False,253.15
INC-000323,2025-09-16,LOAN_REGISTRY,FRESHNESS_CHECK,CHECK_995,MEDIUM,CLOSED,892,1744,18:24,10.34,BUSINESS_LOGIC_ERROR,False,False,51.15
INC-000324,2025-10-13,SCORING_ENGINE,COMPLETENESS_CHECK,CHECK_133,LOW,RESOLVED,396,2751,02:49,4.24,DATA_DRIFT,False,True,14.39
INC-000325,2025-12-07,CREDIT_BUREAU,SCHEMA_VALIDATION,CHECK_560,MEDIUM,RESOLVED,34,26204,01:58,9.36,DATABASE_CORRUPTION,False,False,0.13
INC-000326,2025-09-01,CREDIT_BUREAU,CONSISTENCY_CHECK,CHECK_369,MEDIUM,CLOSED,3745,197888,10:22,36.79,API_INTEGRATION_ISSUE,False,False,1.89
INC-000327,2025-12-09,PAYMENT_SYSTEM,SCHEMA_VALIDATION,CHECK_456,LOW,CLOSED,157,1458,13:26,4.48,SCHEMA_CHANGE,False,False,10.77
INC-000328,2025-11-07,MOBILE_APP,ACCURACY_CHECK,CHECK_982,MEDIUM,RESOLVED,269,4574,03:55,4.44,MANUAL_DATA_ENTRY,True,False,5.88
INC-000329,2025-12-26,INTERNET_BANK,CONSISTENCY_CHECK,CHECK_936,HIGH,CLOSED,171,2392,07:47,7.91,DATA_DRIFT,False,False,7.15
INC-000330,2025-11-13,INTERNET_BANK,ACCURACY_CHECK,CHECK_189,MEDIUM,CLOSED,32,39215,20:54,8.69,ETL_PIPELINE_FAILURE,True,False,0.08
INC-000331,2025-12-18,CRM_CLIENTS,RANGE_CHECK,CHECK_549,MEDIUM,RESOLVED,281,4256,19:59,0.02,BUSINESS_LOGIC_ERROR,False,False,6.6
INC-000332,2026-02-26,CRM_CLIENTS,COMPLETENESS_CHECK,CHECK_986,LOW,OPEN,598,2917,00:40,,DATA_DRIFT,False,False,20.5
INC-000333,2026-03-07,LOAN_REGISTRY,RANGE_CHECK,CHECK_220,MEDIUM,OPEN,61,903,20:24,,API_INTEGRATION_ISSUE,False,False,6.76
INC-000334,2026-01-21,PAYMENT_SYSTEM,DUPLICATE_CHECK,CHECK_894,MEDIUM,RESOLVED,237,334178,01:19,4.14,MANUAL_DATA_ENTRY,True,False,0.07
INC-000335,2026-02-17,CREDIT_BUREAU,SCHEMA_VALIDATION,CHECK_931,MEDIUM,RESOLVED,166,1757010,16:02,11.96,CONFIGURATION_ERROR,False,False,0.01
INC-000336,2026-03-03,INTERNET_BANK,ACCURACY_CHECK,CHECK_342,HIGH,REOPENED,925,26064,10:34,0.06,UNKNOWN,False,False,3.55
INC-000337,2026-01-03,FRAUD_DETECTION,REFERENTIAL_INTEGRITY,CHECK_314,LOW,CLOSED,81,429849,18:09,11.13,DATABASE_CORRUPTION,False,False,0.02
INC-000338,2025-10-10,PAYMENT_SYSTEM,RANGE_CHECK,CHECK_930,LOW,CLOSED,233,7088,10:32,7.11,MANUAL_DATA_ENTRY,False,False,3.29
INC-000339,2025-10-19,LOAN_REGISTRY,DUPLICATE_CHECK,CHECK_855,MEDIUM,REOPENED,355,21986,22:14,9.07,UNKNOWN,False,True,1.61
INC-000340,2025-11-15,LOAN_REGISTRY,NULL_CHECK,CHECK_702,MEDIUM,CLOSED,78,81027,04:03,9.42,DATABASE_CORRUPTION,False,False,0.1
INC-000341,2025-10-26,PAYMENT_SYSTEM,FRESHNESS_CHECK,CHECK_805,MEDIUM,RESOLVED,28,4897,21:46,2.34,UNKNOWN,False,True,0.57
INC-000342,2025-09-15,LOAN_REGISTRY,CONSISTENCY_CHECK,CHECK_459,LOW,IN_PROGRESS,39,16012,12:28,,MANUAL_DATA_ENTRY,False,False,0.24
INC-000343,2026-01-27,PAYMENT_SYSTEM,DUPLICATE_CHECK,CHECK_981,HIGH,CLOSED,336,12509,19:36,9.73,UNKNOWN,False,False,2.69
INC-000344,2026-03-08,SCORING_ENGINE,COMPLETENESS_CHECK,CHECK_827,CRITICAL,RESOLVED,92,52863,16:05,3.78,CONFIGURATION_ERROR,False,True,0.17
INC-000345,2026-01-17,PAYMENT_SYSTEM,RANGE_CHECK,CHECK_724,MEDIUM,RESOLVED,90,24937,07:27,33.25,API_INTEGRATION_ISSUE,False,True,0.36
INC-000346,2025-09-16,MOBILE_APP,COMPLETENESS_CHECK,CHECK_747,MEDIUM,CLOSED,496,5141,09:50,0.15,MANUAL_DATA_ENTRY,True,False,9.65
INC-000347,2026-03-11,PAYMENT_SYSTEM,FRESHNESS_CHECK,CHECK_538,MEDIUM,CLOSED,1140,12066,12:09,15.53,ETL_PIPELINE_FAILURE,False,False,9.45
INC-000348,2025-11-20,LOAN_REGISTRY,REFERENTIAL_INTEGRITY,CHECK_269,HIGH,RESOLVED,1609,204738,04:21,5.76,CONFIGURATION_ERROR,False,False,0.79
INC-000349,2025-09-15,INTERNET_BANK,SCHEMA_VALIDATION,CHECK_730,MEDIUM,CLOSED,43,66019,02:30,8.87,CONFIGURATION_ERROR,False,False,0.07
INC-000350,2025-09-13,MOBILE_APP,SCHEMA_VALIDATION,CHECK_242,MEDIUM,RESOLVED,939,55475,18:47,4.14,API_INTEGRATION_ISSUE,False,False,1.69
INC-000351,2026-01-28,LOAN_REGISTRY,COMPLETENESS_CHECK,CHECK_903,MEDIUM,CLOSED,9604,2006700,01:35,4.65,NETWORK_TIMEOUT,False,False,0.48
INC-000352,2026-01-01,CRM_CLIENTS,ACCURACY_CHECK,CHECK_311,LOW,OPEN,190,2294,12:16,,DATA_DRIFT,False,False,8.28
INC-000353,2026-01-07,CRM_CLIENTS,REFERENTIAL_INTEGRITY,CHECK_933,HIGH,CLOSED,128,91082,02:25,15.71,DATA_DRIFT,False,False,0.14
INC-000354,2026-01-14,INTERNET_BANK,SCHEMA_VALIDATION,CHECK_311,MEDIUM,OPEN,84,24578,16:27,,NETWORK_TIMEOUT,False,False,0.34
INC-000355,2025-10-11,INTERNET_BANK,REFERENTIAL_INTEGRITY,CHECK_924,LOW,CLOSED,17,43810,22:08,12.75,UNKNOWN,False,False,0.04
INC-000356,2025-09-15,MOBILE_APP,DUPLICATE_CHECK,CHECK_160,MEDIUM,OPEN,799,31715,04:30,,CONFIGURATION_ERROR,False,False,2.52
INC-000357,2026-01-09,SCORING_ENGINE,REFERENTIAL_INTEGRITY,CHECK_683,LOW,RESOLVED,129,5415,17:12,27.78,SCHEMA_CHANGE,False,False,2.38
INC-000358,2025-09-21,INTERNET_BANK,FORMAT_CHECK,CHECK_459,LOW,RESOLVED,110,2779,15:25,9.76,ETL_PIPELINE_FAILURE,False,False,3.96
INC-000359,2025-10-18,CRM_CLIENTS,FRESHNESS_CHECK,CHECK_645,HIGH,RESOLVED,586,22019,20:36,13.86,BUSINESS_LOGIC_ERROR,False,False,2.66
INC-000360,2025-09-18,PAYMENT_SYSTEM,SCHEMA_VALIDATION,CHECK_387,LOW,IN_PROGRESS,705,4608,06:35,,BUSINESS_LOGIC_ERROR,False,False,15.3
INC-000361,2026-01-31,LOAN_REGISTRY,REFERENTIAL_INTEGRITY,CHECK_711,MEDIUM,RESOLVED,44,10517,19:47,22.48,API_INTEGRATION_ISSUE,False,True,0.42
INC-000362,2025-09-18,CRM_CLIENTS,COMPLETENESS_CHECK,CHECK_651,MEDIUM,CLOSED,46,108697,16:15,20.34,ETL_PIPELINE_FAILURE,False,False,0.04
INC-000363,2026-02-20,CRM_CLIENTS,NULL_CHECK,CHECK_272,MEDIUM,CLOSED,42,1893,07:04,0.25,DATA_DRIFT,True,False,2.22
INC-000364,2025-10-31,SCORING_ENGINE,FORMAT_CHECK,CHECK_431,MEDIUM,OPEN,10168,15011,08:49,,MANUAL_DATA_ENTRY,False,False,67.74
INC-000365,2025-12-13,MOBILE_APP,FORMAT_CHECK,CHECK_820,LOW,CLOSED,2847,181503,13:20,28.46,UNKNOWN,False,False,1.57
INC-000366,2025-10-01,MOBILE_APP,ACCURACY_CHECK,CHECK_399,LOW,OPEN,610,7987,21:59,,UNKNOWN,False,False,7.64
INC-000367,2026-01-24,CREDIT_BUREAU,REFERENTIAL_INTEGRITY,CHECK_396,LOW,RESOLVED,70,416195,18:05,5.22,MANUAL_DATA_ENTRY,True,False,0.02
INC-000368,2025-11-03,SCORING_ENGINE,ACCURACY_CHECK,CHECK_686,LOW,RESOLVED,88,990,03:42,4.82,BUSINESS_LOGIC_ERROR,False,False,8.89
INC-000369,2026-01-27,PAYMENT_SYSTEM,ACCURACY_CHECK,CHECK_373,LOW,CLOSED,307,837996,13:27,5.28,CONFIGURATION_ERROR,False,False,0.04
INC-000370,2026-01-31,MOBILE_APP,NULL_CHECK,CHECK_978,LOW,RESOLVED,12311,22833,11:22,0.51,DATA_DRIFT,True,False,53.92
INC-000371,2025-09-11,LOAN_REGISTRY,DUPLICATE_CHECK,CHECK_626,MEDIUM,REOPENED,264,1544,06:20,3.93,ETL_PIPELINE_FAILURE,False,False,17.1
INC-000372,2026-02-06,INTERNET_BANK,REFERENTIAL_INTEGRITY,CHECK_795,MEDIUM,RESOLVED,410,116582,11:38,4.19,CONFIGURATION_ERROR,False,False,0.35
INC-000373,2025-09-21,SCORING_ENGINE,RANGE_CHECK,CHECK_934,CRITICAL,IN_PROGRESS,0,52139,20:01,,DATABASE_CORRUPTION,False,False,0.0
INC-000374,2025-12-17,INTERNET_BANK,SCHEMA_VALIDATION,CHECK_197,LOW,RESOLVED,248,349512,09:10,5.21,NETWORK_TIMEOUT,False,False,0.07
INC-000375,2026-02-16,CRM_CLIENTS,ACCURACY_CHECK,CHECK_238,MEDIUM,CLOSED,9,1020,11:39,7.11,BUSINESS_LOGIC_ERROR,False,False,0.88
INC-000376,2026-01-28,LOAN_REGISTRY,FRESHNESS_CHECK,CHECK_868,CRITICAL,CLOSED,56,2459,14:39,5.75,DATA_DRIFT,False,False,2.28
INC-000377,2026-01-23,LOAN_REGISTRY,CONSISTENCY_CHECK,CHECK_904,HIGH,CLOSED,163,102755,04:28,1.54,API_INTEGRATION_ISSUE,False,False,0.16
INC-000378,2026-01-12,CRM_CLIENTS,FRESHNESS_CHECK,CHECK_521,MEDIUM,CLOSED,81,3609471,01:59,55.7,MANUAL_DATA_ENTRY,False,True,0.0
INC-000379,2025-11-20,SCORING_ENGINE,NULL_CHECK,CHECK_160,MEDIUM,CLOSED,41,69598,07:12,20.97,MANUAL_DATA_ENTRY,False,False,0.06
INC-000380,2025-11-06,CRM_CLIENTS,NULL_CHECK,CHECK_383,MEDIUM,CLOSED,42,94861,21:23,9.34,CONFIGURATION_ERROR,False,False,0.04
INC-000381,2025-10-23,INTERNET_BANK,COMPLETENESS_CHECK,CHECK_987,LOW,IN_PROGRESS,97,4805,04:48,,DATABASE_CORRUPTION,False,False,2.02
INC-000382,2026-02-19,CREDIT_BUREAU,DUPLICATE_CHECK,CHECK_771,MEDIUM,CLOSED,89,15310,23:54,12.57,SOURCE_SYSTEM_ERROR,True,False,0.58
INC-000383,2026-03-03,LOAN_REGISTRY,SCHEMA_VALIDATION,CHECK_229,LOW,IN_PROGRESS,154,6376,02:07,,SOURCE_SYSTEM_ERROR,False,False,2.42
INC-000384,2025-11-20,FRAUD_DETECTION,ACCURACY_CHECK,CHECK_818,MEDIUM,CLOSED,133,60155,23:03,0.62,DATA_DRIFT,False,False,0.22
INC-000385,2025-11-01,FRAUD_DETECTION,FRESHNESS_CHECK,CHECK_986,HIGH,CLOSED,1915,141358,07:39,6.22,UNKNOWN,False,True,1.35
INC-000386,2025-11-07,INTERNET_BANK,CONSISTENCY_CHECK,CHECK_235,MEDIUM,CLOSED,2,31934,04:55,49.61,ETL_PIPELINE_FAILURE,False,False,0.01
INC-000387,2025-12-11,PAYMENT_SYSTEM,NULL_CHECK,CHECK_355,MEDIUM,RESOLVED,242,108107,09:00,2.42,ETL_PIPELINE_FAILURE,False,False,0.22
INC-000388,2025-10-04,MOBILE_APP,NULL_CHECK,CHECK_249,CRITICAL,CLOSED,171,20795,10:44,9.0,ETL_PIPELINE_FAILURE,False,False,0.82
INC-000389,2026-02-19,CRM_CLIENTS,DUPLICATE_CHECK,CHECK_828,MEDIUM,REOPENED,113,311548,03:19,0.1,SCHEMA_CHANGE,True,False,0.04
INC-000390,2026-02-13,CRM_CLIENTS,CONSISTENCY_CHECK,CHECK_429,HIGH,IN_PROGRESS,36,3931,14:30,,SOURCE_SYSTEM_ERROR,True,False,0.92
INC-000391,2025-11-16,PAYMENT_SYSTEM,CONSISTENCY_CHECK,CHECK_948,MEDIUM,RESOLVED,110,373948,00:21,10.62,CONFIGURATION_ERROR,True,False,0.03
INC-000392,2025-12-27,PAYMENT_SYSTEM,DUPLICATE_CHECK,CHECK_353,MEDIUM,CLOSED,5,5259,06:47,4.24,BUSINESS_LOGIC_ERROR,True,False,0.1
INC-000393,2025-11-20,INTERNET_BANK,NULL_CHECK,CHECK_879,LOW,REOPENED,224,22760,17:13,28.33,MANUAL_DATA_ENTRY,False,False,0.98
INC-000394,2026-03-12,INTERNET_BANK,SCHEMA_VALIDATION,CHECK_963,LOW,OPEN,322,2021,06:34,,MANUAL_DATA_ENTRY,False,False,15.93
INC-000395,2025-09-19,PAYMENT_SYSTEM,REFERENTIAL_INTEGRITY,CHECK_792,MEDIUM,OPEN,36,60593,16:48,,BUSINESS_LOGIC_ERROR,False,False,0.06
INC-000396,2025-09-03,LOAN_REGISTRY,REFERENTIAL_INTEGRITY,CHECK_502,LOW,OPEN,7196,28651,08:35,,MANUAL_DATA_ENTRY,False,False,25.12
INC-000397,2025-12-27,INTERNET_BANK,DUPLICATE_CHECK,CHECK_601,MEDIUM,OPEN,116,96499,15:39,,UNKNOWN,False,False,0.12
INC-000398,2026-02-07,CREDIT_BUREAU,CONSISTENCY_CHECK,CHECK_245,LOW,CLOSED,162,687,23:09,0.24,DATABASE_CORRUPTION,False,False,23.58
INC-000399,2026-01-23,INTERNET_BANK,ACCURACY_CHECK,CHECK_691,LOW,CLOSED,2146,28787,22:44,8.45,UNKNOWN,False,False,7.45
INC-000400,2025-09-26,CRM_CLIENTS,DUPLICATE_CHECK,CHECK_747,LOW,CLOSED,10767,49363,21:01,17.82,SOURCE_SYSTEM_ERROR,False,True,21.81
INC-000401,2025-09-19,INTERNET_BANK,SCHEMA_VALIDATION,CHECK_375,MEDIUM,RESOLVED,15,3049,12:37,1.31,SOURCE_SYSTEM_ERROR,True,False,0.49
INC-000402,2026-01-16,LOAN_REGISTRY,DUPLICATE_CHECK,CHECK_742,MEDIUM,CLOSED,46,63961,21:33,27.97,SCHEMA_CHANGE,False,False,0.07
INC-000403,2025-10-25,PAYMENT_SYSTEM,FORMAT_CHECK,CHECK_524,HIGH,IN_PROGRESS,120,222,01:16,,DATABASE_CORRUPTION,False,True,54.05
INC-000404,2026-01-08,CRM_CLIENTS,FRESHNESS_CHECK,CHECK_484,CRITICAL,RESOLVED,33,17060,05:03,2.24,DATA_DRIFT,False,True,0.19
INC-000405,2025-11-07,INTERNET_BANK,CONSISTENCY_CHECK,CHECK_562,MEDIUM,RESOLVED,806,371384,09:12,10.68,SOURCE_SYSTEM_ERROR,False,True,0.22
INC-000406,2025-10-04,LOAN_REGISTRY,COMPLETENESS_CHECK,CHECK_177,MEDIUM,IN_PROGRESS,26,16768,22:39,,UNKNOWN,False,False,0.16
INC-000407,2025-11-29,CREDIT_BUREAU,COMPLETENESS_CHECK,CHECK_748,MEDIUM,RESOLVED,1869,5228,08:03,13.66,BUSINESS_LOGIC_ERROR,True,False,35.75
INC-000408,2025-09-18,INTERNET_BANK,CONSISTENCY_CHECK,CHECK_913,HIGH,RESOLVED,516,19355,14:41,8.08,BUSINESS_LOGIC_ERROR,False,False,2.67
INC-000409,2025-11-02,LOAN_REGISTRY,SCHEMA_VALIDATION,CHECK_887,LOW,OPEN,1522,26852,00:04,,BUSINESS_LOGIC_ERROR,False,False,5.67
INC-000410,2025-12-04,CREDIT_BUREAU,FORMAT_CHECK,CHECK_195,LOW,IN_PROGRESS,27,132284,12:42,,BUSINESS_LOGIC_ERROR,False,False,0.02
INC-000411,2025-11-12,PAYMENT_SYSTEM,FORMAT_CHECK,CHECK_512,LOW,CLOSED,68,28560,08:42,13.42,ETL_PIPELINE_FAILURE,False,False,0.24
INC-000412,2025-10-11,INTERNET_BANK,NULL_CHECK,CHECK_627,MEDIUM,OPEN,894,101119,21:23,,UNKNOWN,True,False,0.88
INC-000413,2025-12-22,CREDIT_BUREAU,FRESHNESS_CHECK,CHECK_867,LOW,CLOSED,622,26478,03:01,5.63,UNKNOWN,False,False,2.35
INC-000414,2026-01-18,CRM_CLIENTS,REFERENTIAL_INTEGRITY,CHECK_384,LOW,OPEN,83,4921,09:55,,UNKNOWN,False,False,1.69
INC-000415,2026-02-28,PAYMENT_SYSTEM,RANGE_CHECK,CHECK_811,MEDIUM,CLOSED,111,1334,20:24,14.75,SCHEMA_CHANGE,False,False,8.32
INC-000416,2025-11-17,CRM_CLIENTS,SCHEMA_VALIDATION,CHECK_998,MEDIUM,CLOSED,62,46321,07:24,20.16,ETL_PIPELINE_FAILURE,True,False,0.13
INC-000417,2026-02-04,FRAUD_DETECTION,RANGE_CHECK,CHECK_477,LOW,CLOSED,105,157,16:45,1.61,NETWORK_TIMEOUT,False,False,66.88
INC-000418,2026-02-15,SCORING_ENGINE,RANGE_CHECK,CHECK_565,MEDIUM,CLOSED,21,645,03:57,8.19,UNKNOWN,True,False,3.26
INC-000419,2026-01-14,INTERNET_BANK,CONSISTENCY_CHECK,CHECK_599,MEDIUM,RESOLVED,15,1344,10:31,7.96,DATA_DRIFT,False,False,1.12
INC-000420,2025-09-03,CREDIT_BUREAU,COMPLETENESS_CHECK,CHECK_435,HIGH,RESOLVED,1108,91972,19:34,5.17,BUSINESS_LOGIC_ERROR,False,False,1.2
INC-000421,2026-02-18,SCORING_ENGINE,COMPLETENESS_CHECK,CHECK_695,HIGH,RESOLVED,98,1119,02:11,18.69,NETWORK_TIMEOUT,False,False,8.76
INC-000422,2026-01-20,SCORING_ENGINE,REFERENTIAL_INTEGRITY,CHECK_102,LOW,IN_PROGRESS,1484,56402,06:32,,DATABASE_CORRUPTION,False,False,2.63
INC-000423,2025-11-16,CREDIT_BUREAU,CONSISTENCY_CHECK,CHECK_989,LOW,OPEN,488,2796,14:35,,BUSINESS_LOGIC_ERROR,False,False,17.45
INC-000424,2026-02-17,PAYMENT_SYSTEM,RANGE_CHECK,CHECK_892,MEDIUM,CLOSED,277,16432,22:01,0.02,DATABASE_CORRUPTION,False,False,1.69
INC-000425,2025-09-27,INTERNET_BANK,ACCURACY_CHECK,CHECK_967,HIGH,CLOSED,35,19434,01:15,5.6,NETWORK_TIMEOUT,True,True,0.18
INC-000426,2025-10-05,FRAUD_DETECTION,COMPLETENESS_CHECK,CHECK_850,MEDIUM,CLOSED,13,15948,16:19,4.13,BUSINESS_LOGIC_ERROR,False,True,0.08
INC-000427,2025-11-07,CRM_CLIENTS,SCHEMA_VALIDATION,CHECK_195,MEDIUM,CLOSED,59,6043,10:31,24.21,UNKNOWN,False,False,0.98
INC-000428,2025-09-30,LOAN_REGISTRY,SCHEMA_VALIDATION,CHECK_848,MEDIUM,CLOSED,3177,960,12:47,16.44,SOURCE_SYSTEM_ERROR,False,True,330.94
INC-000429,2025-09-28,CRM_CLIENTS,NULL_CHECK,CHECK_569,LOW,CLOSED,878,23240,05:01,1.06,UNKNOWN,False,False,3.78
INC-000430,2026-03-10,LOAN_REGISTRY,DUPLICATE_CHECK,CHECK_750,HIGH,CLOSED,49,67191,11:43,16.21,SCHEMA_CHANGE,False,False,0.07
INC-000431,2026-01-20,CRM_CLIENTS,ACCURACY_CHECK,CHECK_780,MEDIUM,IN_PROGRESS,60,85683,11:22,,SCHEMA_CHANGE,False,False,0.07
INC-000432,2025-10-10,CREDIT_BUREAU,COMPLETENESS_CHECK,CHECK_814,LOW,RESOLVED,23,25940,20:19,3.97,MANUAL_DATA_ENTRY,False,False,0.09
INC-000433,2025-11-09,FRAUD_DETECTION,FORMAT_CHECK,CHECK_466,MEDIUM,REOPENED,6,36871,07:32,0.19,DATABASE_CORRUPTION,False,False,0.02
INC-000434,2025-11-12,INTERNET_BANK,COMPLETENESS_CHECK,CHECK_970,LOW,CLOSED,181,4711,08:51,1.47,CONFIGURATION_ERROR,False,False,3.84
INC-000435,2026-02-02,LOAN_REGISTRY,NULL_CHECK,CHECK_164,LOW,CLOSED,4675,54118,01:40,3.45,SOURCE_SYSTEM_ERROR,False,False,8.64
INC-000436,2025-10-24,INTERNET_BANK,SCHEMA_VALIDATION,CHECK_914,LOW,RESOLVED,4794,50278,08:56,20.35,API_INTEGRATION_ISSUE,False,False,9.53
INC-000437,2026-03-03,INTERNET_BANK,RANGE_CHECK,CHECK_647,HIGH,CLOSED,500,12141,12:56,7.51,BUSINESS_LOGIC_ERROR,False,False,4.12
INC-000438,2025-11-27,INTERNET_BANK,FORMAT_CHECK,CHECK_507,HIGH,OPEN,44,24249,00:35,,CONFIGURATION_ERROR,False,False,0.18
INC-000439,2025-10-23,MOBILE_APP,CONSISTENCY_CHECK,CHECK_323,MEDIUM,IN_PROGRESS,8,20877,08:14,,DATABASE_CORRUPTION,False,True,0.04
INC-000440,2026-02-23,PAYMENT_SYSTEM,FRESHNESS_CHECK,CHECK_539,MEDIUM,RESOLVED,1204,54889,04:21,4.06,ETL_PIPELINE_FAILURE,True,False,2.19
INC-000441,2026-02-10,CRM_CLIENTS,RANGE_CHECK,CHECK_944,LOW,RESOLVED,363,1004,12:42,22.4,NETWORK_TIMEOUT,False,False,36.16
INC-000442,2025-11-07,INTERNET_BANK,FRESHNESS_CHECK,CHECK_316,LOW,RESOLVED,78,965,04:05,1.49,MANUAL_DATA_ENTRY,False,False,8.08
INC-000443,2026-01-08,CRM_CLIENTS,ACCURACY_CHECK,CHECK_606,LOW,RESOLVED,56,1071,23:24,0.44,ETL_PIPELINE_FAILURE,False,False,5.23
INC-000444,2026-01-04,INTERNET_BANK,DUPLICATE_CHECK,CHECK_374,LOW,IN_PROGRESS,493,9049,16:43,,UNKNOWN,False,False,5.45
INC-000445,2025-11-04,LOAN_REGISTRY,FORMAT_CHECK,CHECK_430,LOW,RESOLVED,28,54754,19:55,5.02,SOURCE_SYSTEM_ERROR,False,False,0.05
INC-000446,2025-09-14,PAYMENT_SYSTEM,REFERENTIAL_INTEGRITY,CHECK_948,MEDIUM,CLOSED,239,246,20:43,4.8,ETL_PIPELINE_FAILURE,False,True,97.15
INC-000447,2025-09-24,PAYMENT_SYSTEM,FORMAT_CHECK,CHECK_390,MEDIUM,CLOSED,12,26582,07:26,13.95,UNKNOWN,False,False,0.05
INC-000448,2026-02-10,CREDIT_BUREAU,COMPLETENESS_CHECK,CHECK_445,LOW,IN_PROGRESS,12797,239785,07:36,,CONFIGURATION_ERROR,False,False,5.34
INC-000449,2025-12-18,MOBILE_APP,SCHEMA_VALIDATION,CHECK_660,HIGH,RESOLVED,37,38036,04:27,4.67,API_INTEGRATION_ISSUE,False,False,0.1
INC-000450,2025-11-10,CREDIT_BUREAU,COMPLETENESS_CHECK,CHECK_691,HIGH,CLOSED,542,388,09:58,4.72,UNKNOWN,False,False,139.69
INC-000451,2025-09-12,CREDIT_BUREAU,COMPLETENESS_CHECK,CHECK_233,MEDIUM,RESOLVED,13,62450,19:21,9.16,DATABASE_CORRUPTION,True,True,0.02
INC-000452,2025-09-01,CREDIT_BUREAU,ACCURACY_CHECK,CHECK_679,LOW,RESOLVED,107,35759,14:34,12.71,DATA_DRIFT,False,True,0.3
INC-000453,2025-11-25,CREDIT_BUREAU,RANGE_CHECK,CHECK_972,HIGH,CLOSED,870,11100,04:13,2.72,MANUAL_DATA_ENTRY,False,False,7.84
INC-000454,2025-10-04,CREDIT_BUREAU,REFERENTIAL_INTEGRITY,CHECK_596,LOW,REOPENED,1341,31683,20:08,29.26,UNKNOWN,False,False,4.23
INC-000455,2026-02-11,FRAUD_DETECTION,REFERENTIAL_INTEGRITY,CHECK_907,LOW,OPEN,683,1350,18:34,,ETL_PIPELINE_FAILURE,False,True,50.59
INC-000456,2025-11-07,PAYMENT_SYSTEM,COMPLETENESS_CHECK,CHECK_451,MEDIUM,RESOLVED,112,24391,21:51,11.78,DATABASE_CORRUPTION,False,False,0.46
INC-000457,2025-10-12,CREDIT_BUREAU,FRESHNESS_CHECK,CHECK_798,HIGH,RESOLVED,39,57364,06:55,28.15,SCHEMA_CHANGE,False,False,0.07
INC-000458,2026-03-09,INTERNET_BANK,ACCURACY_CHECK,CHECK_880,HIGH,CLOSED,17,5509,04:19,28.54,UNKNOWN,False,True,0.31
INC-000459,2025-12-23,PAYMENT_SYSTEM,COMPLETENESS_CHECK,CHECK_149,LOW,IN_PROGRESS,3003,8589,22:45,,CONFIGURATION_ERROR,False,False,34.96
INC-000460,2026-01-20,PAYMENT_SYSTEM,DUPLICATE_CHECK,CHECK_147,LOW,IN_PROGRESS,182,7078,16:58,,API_INTEGRATION_ISSUE,False,False,2.57
INC-000461,2026-02-28,SCORING_ENGINE,SCHEMA_VALIDATION,CHECK_201,LOW,RESOLVED,264,8513,04:27,17.22,DATA_DRIFT,False,False,3.1
INC-000462,2025-12-19,FRAUD_DETECTION,RANGE_CHECK,CHECK_741,MEDIUM,REOPENED,1526,4186,04:41,37.73,UNKNOWN,False,False,36.45
INC-000463,2026-01-22,CREDIT_BUREAU,CONSISTENCY_CHECK,CHECK_902,HIGH,CLOSED,479,4716,18:58,13.18,DATABASE_CORRUPTION,False,False,10.16
INC-000464,2025-09-03,CRM_CLIENTS,DUPLICATE_CHECK,CHECK_956,HIGH,CLOSED,115,61832,05:20,6.36,DATABASE_CORRUPTION,False,False,0.19
INC-000465,2025-09-29,LOAN_REGISTRY,FRESHNESS_CHECK,CHECK_570,LOW,CLOSED,657,674,02:35,13.8,DATA_DRIFT,False,True,97.48
INC-000466,2025-09-20,MOBILE_APP,FORMAT_CHECK,CHECK_116,HIGH,IN_PROGRESS,42,31760,17:46,,BUSINESS_LOGIC_ERROR,False,False,0.13
INC-000467,2026-02-24,INTERNET_BANK,FORMAT_CHECK,CHECK_227,MEDIUM,CLOSED,6,61592,03:11,74.37,CONFIGURATION_ERROR,False,False,0.01
INC-000468,2025-10-09,CRM_CLIENTS,DUPLICATE_CHECK,CHECK_978,MEDIUM,CLOSED,2499,1472,10:53,6.77,MANUAL_DATA_ENTRY,True,False,169.77
INC-000469,2026-01-18,FRAUD_DETECTION,COMPLETENESS_CHECK,CHECK_261,CRITICAL,RESOLVED,50,18899,04:46,32.2,CONFIGURATION_ERROR,False,False,0.26
INC-000470,2025-09-10,LOAN_REGISTRY,CONSISTENCY_CHECK,CHECK_551,MEDIUM,CLOSED,80,3522,00:48,6.76,BUSINESS_LOGIC_ERROR,False,False,2.27
INC-000471,2025-12-04,FRAUD_DETECTION,NULL_CHECK,CHECK_567,MEDIUM,CLOSED,96,213769,10:56,31.6,NETWORK_TIMEOUT,False,False,0.04
INC-000472,2026-01-28,INTERNET_BANK,NULL_CHECK,CHECK_100,MEDIUM,CLOSED,44,14599,13:26,4.91,CONFIGURATION_ERROR,False,False,0.3
INC-000473,2026-01-20,PAYMENT_SYSTEM,FRESHNESS_CHECK,CHECK_538,HIGH,IN_PROGRESS,1343,419255,09:28,,DATA_DRIFT,False,False,0.32
INC-000474,2025-10-08,LOAN_REGISTRY,COMPLETENESS_CHECK,CHECK_307,LOW,REOPENED,313,310070,23:59,36.19,API_INTEGRATION_ISSUE,False,False,0.1
INC-000475,2025-12-20,PAYMENT_SYSTEM,REFERENTIAL_INTEGRITY,CHECK_805,LOW,REOPENED,80,40727,20:59,12.46,CONFIGURATION_ERROR,False,False,0.2
INC-000476,2025-10-03,INTERNET_BANK,REFERENTIAL_INTEGRITY,CHECK_235,MEDIUM,RESOLVED,11,1599841,23:17,13.58,ETL_PIPELINE_FAILURE,False,False,0.0
INC-000477,2025-09-11,CRM_CLIENTS,RANGE_CHECK,CHECK_765,LOW,OPEN,272,944,04:49,,API_INTEGRATION_ISSUE,False,False,28.81
INC-000478,2025-11-18,INTERNET_BANK,CONSISTENCY_CHECK,CHECK_409,MEDIUM,IN_PROGRESS,1,396659,06:06,,MANUAL_DATA_ENTRY,False,False,0.0
INC-000479,2025-12-03,CRM_CLIENTS,CONSISTENCY_CHECK,CHECK_262,MEDIUM,REOPENED,236,12885,04:11,26.14,DATA_DRIFT,False,False,1.83
INC-000480,2025-09-11,LOAN_REGISTRY,FORMAT_CHECK,CHECK_995,LOW,CLOSED,2178,17096,00:48,3.31,NETWORK_TIMEOUT,False,False,12.74
INC-000481,2025-12-01,LOAN_REGISTRY,ACCURACY_CHECK,CHECK_997,LOW,RESOLVED,168,8756,19:39,18.63,UNKNOWN,False,True,1.92
INC-000482,2025-10-24,CREDIT_BUREAU,FRESHNESS_CHECK,CHECK_380,LOW,RESOLVED,1656,1211,08:38,13.51,SCHEMA_CHANGE,False,False,136.75
INC-000483,2026-02-22,FRAUD_DETECTION,NULL_CHECK,CHECK_195,HIGH,RESOLVED,12,68816,18:39,3.03,UNKNOWN,False,False,0.02
INC-000484,2025-11-03,CREDIT_BUREAU,FRESHNESS_CHECK,CHECK_770,HIGH,CLOSED,8752,1841,07:38,3.99,API_INTEGRATION_ISSUE,False,False,475.39
INC-000485,2026-02-18,FRAUD_DETECTION,REFERENTIAL_INTEGRITY,CHECK_469,LOW,RESOLVED,1332,6754,07:14,6.69,BUSINESS_LOGIC_ERROR,False,False,19.72
INC-000486,2025-09-27,CREDIT_BUREAU,REFERENTIAL_INTEGRITY,CHECK_356,MEDIUM,REOPENED,384,7380,21:01,1.6,API_INTEGRATION_ISSUE,True,False,5.2
INC-000487,2025-11-30,PAYMENT_SYSTEM,DUPLICATE_CHECK,CHECK_184,MEDIUM,CLOSED,44,161321,11:05,29.35,SCHEMA_CHANGE,False,True,0.03
INC-000488,2026-01-22,LOAN_REGISTRY,RANGE_CHECK,CHECK_480,LOW,CLOSED,32,19008,22:49,16.14,CONFIGURATION_ERROR,False,False,0.17
INC-000489,2025-12-14,CRM_CLIENTS,CONSISTENCY_CHECK,CHECK_780,LOW,RESOLVED,128,166,15:08,5.45,ETL_PIPELINE_FAILURE,False,False,77.11
INC-000490,2026-02-06,FRAUD_DETECTION,SCHEMA_VALIDATION,CHECK_764,LOW,OPEN,1645,3647,16:54,,BUSINESS_LOGIC_ERROR,False,False,45.11
INC-000491,2026-03-11,INTERNET_BANK,FRESHNESS_CHECK,CHECK_269,MEDIUM,RESOLVED,10,968,19:30,14.04,SCHEMA_CHANGE,False,False,1.03
INC-000492,2025-10-10,FRAUD_DETECTION,REFERENTIAL_INTEGRITY,CHECK_153,LOW,RESOLVED,151,60172,22:41,6.62,SCHEMA_CHANGE,False,False,0.25
INC-000493,2025-10-31,CRM_CLIENTS,ACCURACY_CHECK,CHECK_505,CRITICAL,IN_PROGRESS,644,2067,11:11,,ETL_PIPELINE_FAILURE,False,False,31.16
INC-000494,2025-10-12,CREDIT_BUREAU,FORMAT_CHECK,CHECK_740,CRITICAL,REOPENED,952,6557,12:31,6.75,MANUAL_DATA_ENTRY,False,False,14.52
INC-000495,2025-10-16,FRAUD_DETECTION,NULL_CHECK,CHECK_412,LOW,RESOLVED,640,729907,15:08,24.6,API_INTEGRATION_ISSUE,False,False,0.09
INC-000496,2025-12-15,MOBILE_APP,RANGE_CHECK,CHECK_843,HIGH,IN_PROGRESS,8,78712,05:12,,CONFIGURATION_ERROR,False,False,0.01
INC-000497,2025-09-07,PAYMENT_SYSTEM,ACCURACY_CHECK,CHECK_816,MEDIUM,IN_PROGRESS,1427,2144,07:02,,API_INTEGRATION_ISSUE,False,True,66.56
INC-000498,2025-10-16,LOAN_REGISTRY,RANGE_CHECK,CHECK_873,LOW,RESOLVED,169,114702,13:48,39.35,DATA_DRIFT,False,False,0.15
INC-000499,2026-03-08,CRM_CLIENTS,DUPLICATE_CHECK,CHECK_339,MEDIUM,REOPENED,16,5241,00:59,0.18,BUSINESS_LOGIC_ERROR,False,False,0.31
INC-000500,2025-11-25,LOAN_REGISTRY,SCHEMA_VALIDATION,CHECK_539,HIGH,RESOLVED,141,114130,08:26,26.56,NETWORK_TIMEOUT,True,False,0.12
INC-000501,2025-12-15,MOBILE_APP,REFERENTIAL_INTEGRITY,CHECK_771,MEDIUM,RESOLVED,2,9656,07:47,5.64,DATA_DRIFT,True,False,0.02
INC-000502,2026-02-19,FRAUD_DETECTION,FORMAT_CHECK,CHECK_193,MEDIUM,CLOSED,471,3229,21:12,2.52,SCHEMA_CHANGE,False,False,14.59
INC-000503,2026-03-08,FRAUD_DETECTION,ACCURACY_CHECK,CHECK_820,MEDIUM,RESOLVED,114,2678,06:04,0.18,NETWORK_TIMEOUT,False,False,4.26
INC-000504,2025-11-03,INTERNET_BANK,RANGE_CHECK,CHECK_197,LOW,IN_PROGRESS,11,39153,05:59,,UNKNOWN,False,False,0.03
INC-000505,2025-11-08,MOBILE_APP,CONSISTENCY_CHECK,CHECK_101,LOW,IN_PROGRESS,83,136768,14:55,,DATABASE_CORRUPTION,False,True,0.06
INC-000506,2025-10-11,CRM_CLIENTS,DUPLICATE_CHECK,CHECK_318,MEDIUM,RESOLVED,36,46388,19:31,0.31,API_INTEGRATION_ISSUE,False,False,0.08
INC-000507,2026-02-27,INTERNET_BANK,CONSISTENCY_CHECK,CHECK_588,LOW,IN_PROGRESS,40,9271,22:20,,SCHEMA_CHANGE,False,False,0.43
INC-000508,2025-09-28,PAYMENT_SYSTEM,FORMAT_CHECK,CHECK_179,HIGH,OPEN,1,605,14:56,,ETL_PIPELINE_FAILURE,False,False,0.17
INC-000509,2025-12-07,INTERNET_BANK,ACCURACY_CHECK,CHECK_235,MEDIUM,CLOSED,5,6132,07:27,14.14,CONFIGURATION_ERROR,False,False,0.08
INC-000510,2025-09-10,SCORING_ENGINE,DUPLICATE_CHECK,CHECK_707,LOW,IN_PROGRESS,93,1800,12:49,,DATABASE_CORRUPTION,False,False,5.17
INC-000511,2025-12-30,CRM_CLIENTS,ACCURACY_CHECK,CHECK_331,MEDIUM,CLOSED,66,340148,01:38,26.21,SOURCE_SYSTEM_ERROR,False,False,0.02
INC-000512,2025-10-27,SCORING_ENGINE,REFERENTIAL_INTEGRITY,CHECK_631,LOW,CLOSED,1041,9927,23:52,9.56,BUSINESS_LOGIC_ERROR,False,False,10.49
INC-000513,2025-10-22,MOBILE_APP,COMPLETENESS_CHECK,CHECK_796,MEDIUM,RESOLVED,41,40165,12:46,35.14,DATABASE_CORRUPTION,False,False,0.1
INC-000514,2025-12-27,CREDIT_BUREAU,DUPLICATE_CHECK,CHECK_555,LOW,RESOLVED,51,11077,10:25,0.07,DATA_DRIFT,True,False,0.46
INC-000515,2025-11-29,SCORING_ENGINE,CONSISTENCY_CHECK,CHECK_109,MEDIUM,IN_PROGRESS,56,52019,19:47,,CONFIGURATION_ERROR,False,False,0.11
INC-000516,2025-11-18,PAYMENT_SYSTEM,FORMAT_CHECK,CHECK_108,MEDIUM,CLOSED,100,92628,18:38,4.16,SCHEMA_CHANGE,False,True,0.11
INC-000517,2025-10-29,INTERNET_BANK,SCHEMA_VALIDATION,CHECK_812,MEDIUM,CLOSED,178,2319609,17:33,18.67,CONFIGURATION_ERROR,False,False,0.01
INC-000518,2025-10-28,CREDIT_BUREAU,REFERENTIAL_INTEGRITY,CHECK_451,LOW,CLOSED,65,8849,20:56,25.99,SCHEMA_CHANGE,False,False,0.73
INC-000519,2025-09-07,INTERNET_BANK,COMPLETENESS_CHECK,CHECK_936,MEDIUM,OPEN,465,177408,22:50,,ETL_PIPELINE_FAILURE,False,True,0.26
INC-000520,2026-02-16,SCORING_ENGINE,SCHEMA_VALIDATION,CHECK_223,LOW,CLOSED,14771,38400,01:33,5.8,UNKNOWN,False,False,38.47
INC-000521,2025-10-20,INTERNET_BANK,NULL_CHECK,CHECK_980,MEDIUM,OPEN,28,6930,03:28,,CONFIGURATION_ERROR,False,True,0.4
INC-000522,2025-12-12,MOBILE_APP,REFERENTIAL_INTEGRITY,CHECK_532,HIGH,RESOLVED,324,7994,14:52,2.39,MANUAL_DATA_ENTRY,False,False,4.05
INC-000523,2025-11-24,CREDIT_BUREAU,FORMAT_CHECK,CHECK_810,MEDIUM,RESOLVED,157,56489,01:56,7.35,DATA_DRIFT,False,False,0.28
INC-000524,2025-11-11,MOBILE_APP,RANGE_CHECK,CHECK_235,LOW,OPEN,1204,12170,07:33,,UNKNOWN,False,False,9.89
INC-000525,2025-09-18,SCORING_ENGINE,DUPLICATE_CHECK,CHECK_589,LOW,RESOLVED,222,27170,17:25,1.33,SOURCE_SYSTEM_ERROR,False,False,0.82
INC-000526,2025-11-11,MOBILE_APP,ACCURACY_CHECK,CHECK_172,MEDIUM,CLOSED,34,83224,23:02,0.41,ETL_PIPELINE_FAILURE,False,False,0.04
INC-000527,2025-11-29,PAYMENT_SYSTEM,FORMAT_CHECK,CHECK_334,LOW,CLOSED,14,3238447,17:24,16.64,UNKNOWN,False,False,0.0
INC-000528,2026-02-12,SCORING_ENGINE,DUPLICATE_CHECK,CHECK_492,MEDIUM,CLOSED,503,23505,16:48,9.18,NETWORK_TIMEOUT,False,False,2.14
INC-000529,2026-01-09,SCORING_ENGINE,SCHEMA_VALIDATION,CHECK_191,LOW,RESOLVED,16,2306,20:03,4.85,SOURCE_SYSTEM_ERROR,False,False,0.69
INC-000530,2025-12-12,SCORING_ENGINE,ACCURACY_CHECK,CHECK_848,LOW,CLOSED,1583,48824,06:18,6.9,ETL_PIPELINE_FAILURE,False,False,3.24
INC-000531,2026-02-21,CRM_CLIENTS,FRESHNESS_CHECK,CHECK_925,MEDIUM,OPEN,448,8366,14:25,,CONFIGURATION_ERROR,True,False,5.36
INC-000532,2026-01-16,INTERNET_BANK,CONSISTENCY_CHECK,CHECK_204,MEDIUM,RESOLVED,176,972102,09:49,5.83,NETWORK_TIMEOUT,True,False,0.02
INC-000533,2025-11-24,CRM_CLIENTS,NULL_CHECK,CHECK_205,LOW,IN_PROGRESS,10,8150,09:29,,SOURCE_SYSTEM_ERROR,False,False,0.12
INC-000534,2025-09-08,CRM_CLIENTS,REFERENTIAL_INTEGRITY,CHECK_420,LOW,RESOLVED,572,22852,05:27,7.47,NETWORK_TIMEOUT,False,False,2.5
INC-000535,2025-09-30,PAYMENT_SYSTEM,FORMAT_CHECK,CHECK_476,MEDIUM,RESOLVED,3765,76559,09:39,12.53,DATABASE_CORRUPTION,False,False,4.92
INC-000536,2025-11-06,CREDIT_BUREAU,NULL_CHECK,CHECK_406,MEDIUM,RESOLVED,63,58841,01:44,0.15,UNKNOWN,False,False,0.11
INC-000537,2025-10-16,INTERNET_BANK,RANGE_CHECK,CHECK_240,MEDIUM,CLOSED,33,355181,16:57,4.85,ETL_PIPELINE_FAILURE,False,False,0.01
INC-000538,2026-01-27,MOBILE_APP,DUPLICATE_CHECK,CHECK_491,MEDIUM,CLOSED,123,83697,04:29,6.0,SCHEMA_CHANGE,False,False,0.15
INC-000539,2025-11-07,FRAUD_DETECTION,DUPLICATE_CHECK,CHECK_892,LOW,RESOLVED,377,2387825,20:28,7.48,NETWORK_TIMEOUT,False,False,0.02
INC-000540,2025-09-10,SCORING_ENGINE,FORMAT_CHECK,CHECK_932,LOW,REOPENED,51,54121,02:46,4.31,SOURCE_SYSTEM_ERROR,False,False,0.09
INC-000541,2025-09-28,MOBILE_APP,COMPLETENESS_CHECK,CHECK_871,MEDIUM,CLOSED,896,296027,16:07,13.19,API_INTEGRATION_ISSUE,False,False,0.3
INC-000542,2026-01-31,SCORING_ENGINE,COMPLETENESS_CHECK,CHECK_995,MEDIUM,RESOLVED,6777,8617,05:49,34.74,MANUAL_DATA_ENTRY,False,False,78.65
INC-000543,2025-12-21,PAYMENT_SYSTEM,FRESHNESS_CHECK,CHECK_236,MEDIUM,CLOSED,287,1143549,18:57,29.44,UNKNOWN,False,False,0.03
INC-000544,2025-11-28,SCORING_ENGINE,CONSISTENCY_CHECK,CHECK_756,HIGH,IN_PROGRESS,77,10988,22:34,,API_INTEGRATION_ISSUE,False,False,0.7
INC-000545,2026-03-06,CRM_CLIENTS,ACCURACY_CHECK,CHECK_793,HIGH,CLOSED,357,430226,04:25,8.48,DATABASE_CORRUPTION,False,False,0.08
INC-000546,2025-11-20,INTERNET_BANK,RANGE_CHECK,CHECK_246,MEDIUM,CLOSED,1563,131115,13:20,20.97,UNKNOWN,False,False,1.19
INC-000547,2025-12-21,FRAUD_DETECTION,NULL_CHECK,CHECK_170,HIGH,REOPENED,204,25168,14:01,21.69,UNKNOWN,False,False,0.81
INC-000548,2026-02-03,LOAN_REGISTRY,COMPLETENESS_CHECK,CHECK_643,HIGH,CLOSED,391,438599,05:29,21.23,SOURCE_SYSTEM_ERROR,False,False,0.09
INC-000549,2026-01-09,SCORING_ENGINE,FRESHNESS_CHECK,CHECK_676,MEDIUM,CLOSED,607,21504,18:57,2.06,DATA_DRIFT,True,False,2.82
INC-000550,2025-09-30,MOBILE_APP,FRESHNESS_CHECK,CHECK_108,HIGH,CLOSED,25,340024,22:57,0.31,UNKNOWN,False,True,0.01
INC-000551,2025-12-08,CRM_CLIENTS,FORMAT_CHECK,CHECK_724,HIGH,RESOLVED,371,46915,06:56,49.03,BUSINESS_LOGIC_ERROR,False,False,0.79
INC-000552,2026-01-26,LOAN_REGISTRY,RANGE_CHECK,CHECK_765,MEDIUM,RESOLVED,10,10358,14:05,38.52,DATABASE_CORRUPTION,False,False,0.1
INC-000553,2025-10-19,FRAUD_DETECTION,SCHEMA_VALIDATION,CHECK_268,MEDIUM,RESOLVED,39,41795,08:20,9.97,SCHEMA_CHANGE,True,True,0.09
INC-000554,2025-11-05,LOAN_REGISTRY,ACCURACY_CHECK,CHECK_550,MEDIUM,RESOLVED,1467,23581,22:41,59.65,UNKNOWN,False,True,6.22
INC-000555,2025-09-12,CRM_CLIENTS,CONSISTENCY_CHECK,CHECK_459,HIGH,IN_PROGRESS,847,9090,22:50,,CONFIGURATION_ERROR,False,False,9.32
INC-000556,2026-03-01,INTERNET_BANK,REFERENTIAL_INTEGRITY,CHECK_839,LOW,CLOSED,86,35100,05:45,8.74,BUSINESS_LOGIC_ERROR,False,False,0.25
INC-000557,2025-12-21,INTERNET_BANK,FORMAT_CHECK,CHECK_318,LOW,RESOLVED,4498,49383,23:07,5.92,NETWORK_TIMEOUT,False,False,9.11
INC-000558,2025-09-01,CREDIT_BUREAU,ACCURACY_CHECK,CHECK_743,LOW,REOPENED,10,162,02:07,10.78,ETL_PIPELINE_FAILURE,False,False,6.17
INC-000559,2026-01-12,INTERNET_BANK,REFERENTIAL_INTEGRITY,CHECK_866,MEDIUM,CLOSED,98,60037,22:28,8.7,SOURCE_SYSTEM_ERROR,False,False,0.16
INC-000560,2026-01-16,CREDIT_BUREAU,REFERENTIAL_INTEGRITY,CHECK_255,LOW,CLOSED,257,96975,20:23,61.0,SOURCE_SYSTEM_ERROR,False,False,0.27
INC-000561,2026-02-23,LOAN_REGISTRY,RANGE_CHECK,CHECK_521,LOW,CLOSED,0,401631,02:33,8.09,DATA_DRIFT,False,False,0.0
INC-000562,2026-03-04,PAYMENT_SYSTEM,RANGE_CHECK,CHECK_730,CRITICAL,RESOLVED,108,1859,22:24,21.69,CONFIGURATION_ERROR,False,False,5.81
INC-000563,2026-03-09,MOBILE_APP,NULL_CHECK,CHECK_803,MEDIUM,CLOSED,15,2878,23:50,20.16,ETL_PIPELINE_FAILURE,False,True,0.52
INC-000564,2026-03-08,MOBILE_APP,FRESHNESS_CHECK,CHECK_553,LOW,RESOLVED,16,33474,16:39,0.89,SCHEMA_CHANGE,False,False,0.05
INC-000565,2026-02-19,LOAN_REGISTRY,ACCURACY_CHECK,CHECK_980,MEDIUM,RESOLVED,86,5293,05:24,1.09,DATABASE_CORRUPTION,False,False,1.62
INC-000566,2025-10-21,SCORING_ENGINE,FORMAT_CHECK,CHECK_322,CRITICAL,RESOLVED,3,2039,17:24,12.94,MANUAL_DATA_ENTRY,False,False,0.15
INC-000567,2025-12-03,SCORING_ENGINE,DUPLICATE_CHECK,CHECK_188,LOW,RESOLVED,29,9635,01:49,3.6,MANUAL_DATA_ENTRY,False,False,0.3
INC-000568,2025-12-20,INTERNET_BANK,FORMAT_CHECK,CHECK_202,LOW,CLOSED,4,10725,05:58,12.86,API_INTEGRATION_ISSUE,False,False,0.04
INC-000569,2025-09-18,MOBILE_APP,NULL_CHECK,CHECK_243,HIGH,RESOLVED,190,2889,10:36,1.87,MANUAL_DATA_ENTRY,False,True,6.58
INC-000570,2026-02-18,MOBILE_APP,CONSISTENCY_CHECK,CHECK_870,MEDIUM,RESOLVED,182,2850,21:55,6.07,MANUAL_DATA_ENTRY,False,False,6.39
INC-000571,2025-11-24,CREDIT_BUREAU,FRESHNESS_CHECK,CHECK_226,HIGH,CLOSED,73,17280,04:10,1.3,NETWORK_TIMEOUT,False,False,0.42
INC-000572,2026-02-07,PAYMENT_SYSTEM,DUPLICATE_CHECK,CHECK_703,LOW,CLOSED,1088,1215,04:11,3.98,API_INTEGRATION_ISSUE,False,False,89.55
INC-000573,2025-11-20,CRM_CLIENTS,COMPLETENESS_CHECK,CHECK_847,MEDIUM,RESOLVED,82,1176,22:03,1.11,CONFIGURATION_ERROR,True,False,6.97
INC-000574,2026-02-17,SCORING_ENGINE,CONSISTENCY_CHECK,CHECK_493,MEDIUM,CLOSED,141,25413,13:19,42.31,UNKNOWN,False,False,0.55
INC-000575,2025-10-02,MOBILE_APP,RANGE_CHECK,CHECK_459,LOW,CLOSED,24,447434,09:46,6.03,ETL_PIPELINE_FAILURE,False,False,0.01
INC-000576,2026-03-04,CREDIT_BUREAU,REFERENTIAL_INTEGRITY,CHECK_539,MEDIUM,REOPENED,1,95423,14:18,27.77,SOURCE_SYSTEM_ERROR,False,True,0.0
INC-000577,2025-11-16,FRAUD_DETECTION,COMPLETENESS_CHECK,CHECK_422,LOW,RESOLVED,110,254037,20:11,42.56,SOURCE_SYSTEM_ERROR,False,True,0.04
INC-000578,2026-01-08,CREDIT_BUREAU,FORMAT_CHECK,CHECK_910,MEDIUM,IN_PROGRESS,85,595,03:57,,SCHEMA_CHANGE,False,False,14.29
INC-000579,2025-11-19,SCORING_ENGINE,FORMAT_CHECK,CHECK_243,MEDIUM,RESOLVED,4536,1316,04:12,7.28,ETL_PIPELINE_FAILURE,False,False,344.68
INC-000580,2026-02-18,SCORING_ENGINE,RANGE_CHECK,CHECK_353,LOW,RESOLVED,563,22500,00:39,18.11,API_INTEGRATION_ISSUE,True,True,2.5
INC-000581,2025-12-14,CREDIT_BUREAU,NULL_CHECK,CHECK_383,HIGH,CLOSED,64,117294,08:00,2.0,BUSINESS_LOGIC_ERROR,False,False,0.05
INC-000582,2025-11-23,CRM_CLIENTS,ACCURACY_CHECK,CHECK_760,MEDIUM,RESOLVED,197,78911,14:31,1.2,CONFIGURATION_ERROR,False,False,0.25
INC-000583,2025-12-13,LOAN_REGISTRY,COMPLETENESS_CHECK,CHECK_186,MEDIUM,REOPENED,910,1497,15:34,25.14,UNKNOWN,False,False,60.79
INC-000584,2026-02-26,SCORING_ENGINE,COMPLETENESS_CHECK,CHECK_354,LOW,RESOLVED,417,213504,00:38,0.38,CONFIGURATION_ERROR,False,False,0.2
INC-000585,2025-11-15,CREDIT_BUREAU,SCHEMA_VALIDATION,CHECK_666,LOW,REOPENED,4178,18719,15:15,43.05,DATABASE_CORRUPTION,False,False,22.32
INC-000586,2026-01-20,MOBILE_APP,CONSISTENCY_CHECK,CHECK_715,LOW,OPEN,30,104344,06:37,,SCHEMA_CHANGE,False,False,0.03
INC-000587,2025-10-03,CREDIT_BUREAU,FRESHNESS_CHECK,CHECK_714,MEDIUM,CLOSED,1043,6567,21:30,6.53,ETL_PIPELINE_FAILURE,False,False,15.88
INC-000588,2025-10-20,PAYMENT_SYSTEM,CONSISTENCY_CHECK,CHECK_838,MEDIUM,CLOSED,63,1004,14:26,1.83,SOURCE_SYSTEM_ERROR,False,False,6.27
INC-000589,2025-12-17,LOAN_REGISTRY,ACCURACY_CHECK,CHECK_722,MEDIUM,REOPENED,218,119573,14:05,15.41,NETWORK_TIMEOUT,False,False,0.18
INC-000590,2026-02-18,FRAUD_DETECTION,FORMAT_CHECK,CHECK_391,LOW,OPEN,48,56347,19:38,,CONFIGURATION_ERROR,False,False,0.09
INC-000591,2025-12-07,CRM_CLIENTS,FORMAT_CHECK,CHECK_897,MEDIUM,IN_PROGRESS,111,1823,00:15,,DATA_DRIFT,True,False,6.09
INC-000592,2026-02-21,INTERNET_BANK,FORMAT_CHECK,CHECK_807,LOW,CLOSED,226,5788,17:17,6.49,API_INTEGRATION_ISSUE,False,False,3.9
INC-000593,2026-03-11,FRAUD_DETECTION,SCHEMA_VALIDATION,CHECK_127,MEDIUM,OPEN,486,86870,19:40,,MANUAL_DATA_ENTRY,False,False,0.56
INC-000594,2025-10-15,LOAN_REGISTRY,FORMAT_CHECK,CHECK_968,LOW,OPEN,167,33258,17:52,,MANUAL_DATA_ENTRY,True,False,0.5
INC-000595,2026-02-05,LOAN_REGISTRY,ACCURACY_CHECK,CHECK_967,LOW,IN_PROGRESS,1,60077,06:03,,ETL_PIPELINE_FAILURE,False,False,0.0
INC-000596,2026-01-24,LOAN_REGISTRY,RANGE_CHECK,CHECK_774,LOW,RESOLVED,127,7717,05:09,0.1,BUSINESS_LOGIC_ERROR,False,False,1.65
INC-000597,2025-11-17,FRAUD_DETECTION,FRESHNESS_CHECK,CHECK_996,MEDIUM,RESOLVED,2809,379364,01:41,0.12,UNKNOWN,False,False,0.74
INC-000598,2025-12-13,MOBILE_APP,ACCURACY_CHECK,CHECK_408,CRITICAL,OPEN,125,17636,11:02,,SCHEMA_CHANGE,False,False,0.71
INC-000599,2026-01-19,LOAN_REGISTRY,FRESHNESS_CHECK,CHECK_310,MEDIUM,IN_PROGRESS,2971,193,04:54,,CONFIGURATION_ERROR,False,False,1539.38
INC-000600,2025-09-01,CREDIT_BUREAU,ACCURACY_CHECK,CHECK_630,MEDIUM,RESOLVED,116,27279,01:42,11.74,SOURCE_SYSTEM_ERROR,False,True,0.43
INC-000601,2025-11-17,FRAUD_DETECTION,FORMAT_CHECK,CHECK_721,CRITICAL,CLOSED,6,73856,18:53,3.28,ETL_PIPELINE_FAILURE,False,False,0.01
INC-000602,2025-11-13,INTERNET_BANK,RANGE_CHECK,CHECK_621,MEDIUM,IN_PROGRESS,62,39900,19:19,,BUSINESS_LOGIC_ERROR,False,True,0.16
INC-000603,2025-10-24,LOAN_REGISTRY,COMPLETENESS_CHECK,CHECK_293,MEDIUM,RESOLVED,48,9383,10:58,12.51,NETWORK_TIMEOUT,True,True,0.51
INC-000604,2025-12-20,CREDIT_BUREAU,CONSISTENCY_CHECK,CHECK_865,LOW,CLOSED,93,442,02:03,8.87,CONFIGURATION_ERROR,False,False,21.04
INC-000605,2026-01-27,MOBILE_APP,REFERENTIAL_INTEGRITY,CHECK_501,LOW,REOPENED,13,6003,03:26,8.84,ETL_PIPELINE_FAILURE,False,False,0.22
INC-000606,2026-02-03,PAYMENT_SYSTEM,RANGE_CHECK,CHECK_402,HIGH,REOPENED,145,7251,05:10,5.54,NETWORK_TIMEOUT,True,False,2.0
INC-000607,2026-02-15,MOBILE_APP,COMPLETENESS_CHECK,CHECK_761,LOW,CLOSED,76,5893,21:18,1.58,SCHEMA_CHANGE,False,False,1.29
INC-000608,2025-11-22,INTERNET_BANK,NULL_CHECK,CHECK_155,HIGH,RESOLVED,1950,74901,19:42,5.84,CONFIGURATION_ERROR,False,False,2.6
INC-000609,2025-12-29,LOAN_REGISTRY,ACCURACY_CHECK,CHECK_902,MEDIUM,CLOSED,13,11306,22:44,5.08,ETL_PIPELINE_FAILURE,False,False,0.11
INC-000610,2025-12-23,INTERNET_BANK,NULL_CHECK,CHECK_912,MEDIUM,RESOLVED,242,349182,19:36,10.76,SCHEMA_CHANGE,False,False,0.07
INC-000611,2025-12-23,FRAUD_DETECTION,COMPLETENESS_CHECK,CHECK_345,LOW,CLOSED,337,14028,17:11,23.28,MANUAL_DATA_ENTRY,False,False,2.4
INC-000612,2026-02-20,SCORING_ENGINE,RANGE_CHECK,CHECK_606,HIGH,RESOLVED,699,250638,14:47,5.65,SCHEMA_CHANGE,False,False,0.28
INC-000613,2025-10-25,LOAN_REGISTRY,ACCURACY_CHECK,CHECK_495,MEDIUM,CLOSED,71,33824,18:23,14.84,DATA_DRIFT,True,False,0.21
INC-000614,2026-01-09,SCORING_ENGINE,REFERENTIAL_INTEGRITY,CHECK_215,LOW,RESOLVED,230,37332,01:05,20.04,API_INTEGRATION_ISSUE,False,True,0.62
INC-000615,2025-12-31,CREDIT_BUREAU,FORMAT_CHECK,CHECK_346,MEDIUM,OPEN,300,5621,09:20,,SOURCE_SYSTEM_ERROR,False,False,5.34
INC-000616,2026-03-08,PAYMENT_SYSTEM,ACCURACY_CHECK,CHECK_611,LOW,CLOSED,5,1478,11:57,27.83,DATABASE_CORRUPTION,False,False,0.34
INC-000617,2025-10-14,CRM_CLIENTS,ACCURACY_CHECK,CHECK_753,LOW,OPEN,77,19021,12:52,,MANUAL_DATA_ENTRY,False,False,0.4
INC-000618,2026-02-16,INTERNET_BANK,RANGE_CHECK,CHECK_708,LOW,RESOLVED,139,642867,02:48,27.84,DATABASE_CORRUPTION,False,False,0.02
INC-000619,2025-09-22,MOBILE_APP,RANGE_CHECK,CHECK_172,CRITICAL,OPEN,175,8800,13:53,,CONFIGURATION_ERROR,True,False,1.99
INC-000620,2025-11-12,PAYMENT_SYSTEM,COMPLETENESS_CHECK,CHECK_640,MEDIUM,RESOLVED,171,6407,17:04,4.93,SCHEMA_CHANGE,False,False,2.67
INC-000621,2026-01-10,LOAN_REGISTRY,DUPLICATE_CHECK,CHECK_112,MEDIUM,OPEN,356,15617,09:30,,SCHEMA_CHANGE,True,False,2.28
INC-000622,2026-02-17,SCORING_ENGINE,ACCURACY_CHECK,CHECK_469,MEDIUM,CLOSED,7152,756438,04:07,28.33,MANUAL_DATA_ENTRY,False,False,0.95
INC-000623,2026-02-10,MOBILE_APP,CONSISTENCY_CHECK,CHECK_424,MEDIUM,RESOLVED,45,106284,22:55,3.54,MANUAL_DATA_ENTRY,True,False,0.04
INC-000624,2026-02-06,SCORING_ENGINE,ACCURACY_CHECK,CHECK_235,MEDIUM,RESOLVED,318,249827,08:21,17.31,UNKNOWN,False,False,0.13
INC-000625,2025-11-25,FRAUD_DETECTION,COMPLETENESS_CHECK,CHECK_496,LOW,RESOLVED,2003,419,16:26,14.87,API_INTEGRATION_ISSUE,True,False,478.04
INC-000626,2025-09-24,SCORING_ENGINE,FRESHNESS_CHECK,CHECK_981,LOW,CLOSED,4,4233,16:13,2.09,MANUAL_DATA_ENTRY,False,False,0.09
INC-000627,2026-03-12,FRAUD_DETECTION,NULL_CHECK,CHECK_959,CRITICAL,CLOSED,253,4537,22:13,7.83,MANUAL_DATA_ENTRY,False,False,5.58
INC-000628,2025-10-31,CREDIT_BUREAU,FORMAT_CHECK,CHECK_682,MEDIUM,CLOSED,5,213667,19:03,7.88,DATABASE_CORRUPTION,False,False,0.0
INC-000629,2026-02-20,MOBILE_APP,DUPLICATE_CHECK,CHECK_530,MEDIUM,CLOSED,11744,82434,03:36,4.36,API_INTEGRATION_ISSUE,True,False,14.25
INC-000630,2025-11-19,MOBILE_APP,REFERENTIAL_INTEGRITY,CHECK_474,MEDIUM,CLOSED,421,182003,23:40,18.17,ETL_PIPELINE_FAILURE,False,False,0.23
INC-000631,2025-10-28,CRM_CLIENTS,REFERENTIAL_INTEGRITY,CHECK_659,LOW,CLOSED,321,517,16:05,31.23,SCHEMA_CHANGE,False,False,62.09
INC-000632,2025-10-21,LOAN_REGISTRY,REFERENTIAL_INTEGRITY,CHECK_799,LOW,CLOSED,3,202942,15:46,15.13,SCHEMA_CHANGE,False,False,0.0
INC-000633,2025-10-08,FRAUD_DETECTION,RANGE_CHECK,CHECK_276,LOW,IN_PROGRESS,54,82343,22:38,,MANUAL_DATA_ENTRY,False,False,0.07
INC-000634,2025-09-07,CRM_CLIENTS,REFERENTIAL_INTEGRITY,CHECK_881,LOW,CLOSED,54,3469,22:18,0.62,API_INTEGRATION_ISSUE,False,True,1.56
INC-000635,2025-09-12,SCORING_ENGINE,FORMAT_CHECK,CHECK_582,MEDIUM,RESOLVED,5079,14855,13:38,0.46,UNKNOWN,True,False,34.19
INC-000636,2025-11-02,SCORING_ENGINE,NULL_CHECK,CHECK_888,LOW,CLOSED,638,3687,10:16,26.92,MANUAL_DATA_ENTRY,True,False,17.3
INC-000637,2025-12-31,CRM_CLIENTS,REFERENTIAL_INTEGRITY,CHECK_174,MEDIUM,CLOSED,5,18156,16:36,27.37,UNKNOWN,False,False,0.03
INC-000638,2026-02-04,MOBILE_APP,ACCURACY_CHECK,CHECK_117,MEDIUM,CLOSED,379,54106,19:22,1.36,API_INTEGRATION_ISSUE,False,False,0.7
INC-000639,2025-09-19,SCORING_ENGINE,ACCURACY_CHECK,CHECK_701,MEDIUM,CLOSED,7,365287,04:39,5.31,DATABASE_CORRUPTION,False,False,0.0
INC-000640,2025-12-26,INTERNET_BANK,RANGE_CHECK,CHECK_169,HIGH,OPEN,5,3364,18:31,,SCHEMA_CHANGE,False,False,0.15
INC-000641,2025-12-16,CREDIT_BUREAU,FORMAT_CHECK,CHECK_114,MEDIUM,OPEN,367,8617,16:46,,UNKNOWN,False,False,4.26
INC-000642,2026-02-09,CREDIT_BUREAU,NULL_CHECK,CHECK_368,MEDIUM,RESOLVED,658,2426,20:31,3.73,DATA_DRIFT,False,False,27.12
INC-000643,2026-01-26,INTERNET_BANK,DUPLICATE_CHECK,CHECK_320,LOW,CLOSED,371,102040,15:51,13.71,BUSINESS_LOGIC_ERROR,True,False,0.36
INC-000644,2025-10-20,CRM_CLIENTS,COMPLETENESS_CHECK,CHECK_140,MEDIUM,CLOSED,6368,942,05:56,48.14,DATA_DRIFT,False,True,676.01
INC-000645,2026-03-03,INTERNET_BANK,NULL_CHECK,CHECK_161,MEDIUM,CLOSED,310,31383,19:14,19.14,UNKNOWN,False,True,0.99
INC-000646,2026-02-26,FRAUD_DETECTION,COMPLETENESS_CHECK,CHECK_908,MEDIUM,CLOSED,208,1897,22:18,18.02,DATABASE_CORRUPTION,False,False,10.96
INC-000647,2025-12-08,FRAUD_DETECTION,FRESHNESS_CHECK,CHECK_507,LOW,CLOSED,13,24139,06:00,5.03,CONFIGURATION_ERROR,False,False,0.05
INC-000648,2026-01-05,CRM_CLIENTS,COMPLETENESS_CHECK,CHECK_618,HIGH,CLOSED,824,222308,03:01,12.99,MANUAL_DATA_ENTRY,False,False,0.37
INC-000649,2025-12-12,INTERNET_BANK,CONSISTENCY_CHECK,CHECK_393,LOW,CLOSED,5,7922,14:40,1.44,BUSINESS_LOGIC_ERROR,True,False,0.06
INC-000650,2025-11-02,FRAUD_DETECTION,ACCURACY_CHECK,CHECK_743,LOW,CLOSED,8440,34260,03:47,58.35,DATA_DRIFT,False,False,24.64
INC-000651,2025-10-08,MOBILE_APP,FORMAT_CHECK,CHECK_829,MEDIUM,CLOSED,846,3691,06:51,7.86,CONFIGURATION_ERROR,False,False,22.92
INC-000652,2026-02-15,INTERNET_BANK,SCHEMA_VALIDATION,CHECK_613,LOW,IN_PROGRESS,39324,17590,19:26,,CONFIGURATION_ERROR,False,False,223.56
INC-000653,2026-02-24,MOBILE_APP,RANGE_CHECK,CHECK_885,CRITICAL,CLOSED,323,976,13:02,25.07,DATABASE_CORRUPTION,False,False,33.09
INC-000654,2025-09-02,FRAUD_DETECTION,CONSISTENCY_CHECK,CHECK_525,MEDIUM,RESOLVED,934,90710,10:22,0.01,NETWORK_TIMEOUT,True,False,1.03
INC-000655,2026-03-12,CREDIT_BUREAU,COMPLETENESS_CHECK,CHECK_533,LOW,IN_PROGRESS,85,9595,17:51,,NETWORK_TIMEOUT,False,False,0.89
INC-000656,2025-09-28,FRAUD_DETECTION,REFERENTIAL_INTEGRITY,CHECK_818,HIGH,CLOSED,136,14506,20:13,5.34,UNKNOWN,False,False,0.94
INC-000657,2025-12-18,MOBILE_APP,FORMAT_CHECK,CHECK_511,MEDIUM,RESOLVED,18,25296,00:40,4.98,CONFIGURATION_ERROR,True,False,0.07
INC-000658,2025-10-27,PAYMENT_SYSTEM,CONSISTENCY_CHECK,CHECK_184,MEDIUM,REOPENED,8,431,06:44,1.88,BUSINESS_LOGIC_ERROR,False,True,1.86
INC-000659,2025-10-16,LOAN_REGISTRY,RANGE_CHECK,CHECK_755,MEDIUM,RESOLVED,216,5516,09:16,23.44,DATABASE_CORRUPTION,False,False,3.92
INC-000660,2026-02-26,SCORING_ENGINE,ACCURACY_CHECK,CHECK_649,LOW,RESOLVED,134,28867,02:19,24.56,DATA_DRIFT,False,False,0.46
INC-000661,2026-01-11,INTERNET_BANK,FORMAT_CHECK,CHECK_650,HIGH,RESOLVED,17,15997,09:32,0.24,API_INTEGRATION_ISSUE,False,False,0.11
INC-000662,2025-12-28,PAYMENT_SYSTEM,RANGE_CHECK,CHECK_730,LOW,IN_PROGRESS,24,1714601,17:20,,UNKNOWN,False,False,0.0
INC-000663,2025-09-13,FRAUD_DETECTION,FRESHNESS_CHECK,CHECK_256,MEDIUM,RESOLVED,158,273056,00:07,30.06,API_INTEGRATION_ISSUE,False,False,0.06
INC-000664,2026-01-21,CREDIT_BUREAU,FRESHNESS_CHECK,CHECK_384,LOW,RESOLVED,16,29120,21:21,1.57,MANUAL_DATA_ENTRY,False,False,0.05
INC-000665,2025-11-03,CRM_CLIENTS,RANGE_CHECK,CHECK_185,MEDIUM,IN_PROGRESS,302,2849,10:25,,DATA_DRIFT,False,False,10.6
INC-000666,2025-10-02,FRAUD_DETECTION,CONSISTENCY_CHECK,CHECK_417,MEDIUM,RESOLVED,17,8185,23:36,11.6,BUSINESS_LOGIC_ERROR,False,False,0.21
INC-000667,2025-12-26,CREDIT_BUREAU,FORMAT_CHECK,CHECK_180,LOW,IN_PROGRESS,247,82147,19:01,,NETWORK_TIMEOUT,False,False,0.3
INC-000668,2025-10-05,LOAN_REGISTRY,CONSISTENCY_CHECK,CHECK_623,MEDIUM,CLOSED,14,25674,05:12,10.2,SCHEMA_CHANGE,False,False,0.05
INC-000669,2025-12-28,FRAUD_DETECTION,DUPLICATE_CHECK,CHECK_308,MEDIUM,OPEN,14,282718,10:53,,API_INTEGRATION_ISSUE,False,False,0.0
INC-000670,2026-02-18,MOBILE_APP,COMPLETENESS_CHECK,CHECK_927,MEDIUM,CLOSED,1,25270,10:59,43.97,MANUAL_DATA_ENTRY,False,False,0.0
INC-000671,2026-01-14,CRM_CLIENTS,DUPLICATE_CHECK,CHECK_259,LOW,CLOSED,107,27768,21:30,3.12,SOURCE_SYSTEM_ERROR,True,False,0.39
INC-000672,2026-01-22,CREDIT_BUREAU,FRESHNESS_CHECK,CHECK_649,MEDIUM,RESOLVED,2719,567175,15:51,3.66,ETL_PIPELINE_FAILURE,False,False,0.48
INC-000673,2026-01-31,CREDIT_BUREAU,ACCURACY_CHECK,CHECK_434,LOW,CLOSED,2427,2457,01:41,1.06,SOURCE_SYSTEM_ERROR,False,False,98.78
INC-000674,2025-11-21,CREDIT_BUREAU,NULL_CHECK,CHECK_500,MEDIUM,CLOSED,283,706243,04:30,44.42,BUSINESS_LOGIC_ERROR,False,False,0.04
INC-000675,2026-03-13,LOAN_REGISTRY,COMPLETENESS_CHECK,CHECK_700,MEDIUM,CLOSED,2,102669,04:40,14.7,BUSINESS_LOGIC_ERROR,False,False,0.0
INC-000676,2025-12-23,FRAUD_DETECTION,FRESHNESS_CHECK,CHECK_749,LOW,IN_PROGRESS,802,14231101,14:57,,MANUAL_DATA_ENTRY,True,False,0.01
INC-000677,2026-02-04,LOAN_REGISTRY,CONSISTENCY_CHECK,CHECK_881,LOW,CLOSED,233,5416,17:57,14.62,DATABASE_CORRUPTION,False,False,4.3
INC-000678,2026-03-04,INTERNET_BANK,CONSISTENCY_CHECK,CHECK_954,LOW,CLOSED,65,573095,10:29,6.21,CONFIGURATION_ERROR,False,False,0.01
INC-000679,2026-01-08,SCORING_ENGINE,CONSISTENCY_CHECK,CHECK_765,LOW,RESOLVED,1660,28788,13:59,41.14,SCHEMA_CHANGE,False,False,5.77
INC-000680,2025-12-19,SCORING_ENGINE,ACCURACY_CHECK,CHECK_797,MEDIUM,IN_PROGRESS,508,15196,23:03,,SOURCE_SYSTEM_ERROR,False,False,3.34
INC-000681,2026-01-19,INTERNET_BANK,DUPLICATE_CHECK,CHECK_758,HIGH,RESOLVED,7503,40530,16:19,14.87,SCHEMA_CHANGE,False,False,18.51
INC-000682,2025-12-24,FRAUD_DETECTION,NULL_CHECK,CHECK_167,CRITICAL,CLOSED,8,28294,18:46,11.85,NETWORK_TIMEOUT,False,False,0.03
INC-000683,2025-10-11,MOBILE_APP,CONSISTENCY_CHECK,CHECK_417,LOW,RESOLVED,10,4638,21:20,0.15,UNKNOWN,False,True,0.22
INC-000684,2026-03-10,LOAN_REGISTRY,SCHEMA_VALIDATION,CHECK_815,LOW,CLOSED,14,16927,17:34,25.98,ETL_PIPELINE_FAILURE,False,False,0.08
INC-000685,2025-12-31,CRM_CLIENTS,COMPLETENESS_CHECK,CHECK_547,MEDIUM,IN_PROGRESS,83,40709,00:13,,ETL_PIPELINE_FAILURE,False,False,0.2
INC-000686,2025-12-25,CREDIT_BUREAU,FORMAT_CHECK,CHECK_847,HIGH,CLOSED,3555,9411,18:43,13.07,API_INTEGRATION_ISSUE,False,False,37.77
INC-000687,2025-11-06,CREDIT_BUREAU,SCHEMA_VALIDATION,CHECK_966,HIGH,RESOLVED,42,64918,10:51,17.93,BUSINESS_LOGIC_ERROR,False,False,0.06
INC-000688,2026-03-12,FRAUD_DETECTION,NULL_CHECK,CHECK_344,LOW,IN_PROGRESS,44,12189,11:04,,DATA_DRIFT,False,False,0.36
INC-000689,2025-11-03,MOBILE_APP,ACCURACY_CHECK,CHECK_159,MEDIUM,CLOSED,341,55088,04:17,1.23,NETWORK_TIMEOUT,True,True,0.62
INC-000690,2026-02-11,SCORING_ENGINE,NULL_CHECK,CHECK_350,MEDIUM,OPEN,801,43279,00:21,,CONFIGURATION_ERROR,False,False,1.85
INC-000691,2025-11-10,SCORING_ENGINE,FORMAT_CHECK,CHECK_188,MEDIUM,OPEN,1,54320,12:40,,BUSINESS_LOGIC_ERROR,True,True,0.0
INC-000692,2026-01-12,CREDIT_BUREAU,COMPLETENESS_CHECK,CHECK_544,LOW,RESOLVED,1187,1484,17:53,11.86,UNKNOWN,False,False,79.99
INC-000693,2026-01-03,FRAUD_DETECTION,FORMAT_CHECK,CHECK_218,LOW,RESOLVED,40,197632,05:36,19.15,BUSINESS_LOGIC_ERROR,True,True,0.02
INC-000694,2026-02-08,LOAN_REGISTRY,RANGE_CHECK,CHECK_564,LOW,CLOSED,120,3896,19:24,33.61,UNKNOWN,False,False,3.08
INC-000695,2025-11-01,SCORING_ENGINE,COMPLETENESS_CHECK,CHECK_726,HIGH,CLOSED,2531,15188,05:38,11.12,SCHEMA_CHANGE,True,False,16.66
INC-000696,2025-11-10,LOAN_REGISTRY,NULL_CHECK,CHECK_723,MEDIUM,RESOLVED,96,6053,03:55,3.6,ETL_PIPELINE_FAILURE,False,False,1.59
INC-000697,2025-12-22,MOBILE_APP,CONSISTENCY_CHECK,CHECK_156,LOW,OPEN,6,25404,09:45,,SOURCE_SYSTEM_ERROR,False,False,0.02
INC-000698,2025-09-20,SCORING_ENGINE,NULL_CHECK,CHECK_416,LOW,RESOLVED,7,17636,10:45,2.14,API_INTEGRATION_ISSUE,True,False,0.04
INC-000699,2026-03-02,SCORING_ENGINE,NULL_CHECK,CHECK_782,MEDIUM,CLOSED,140,81014,01:17,0.27,MANUAL_DATA_ENTRY,False,False,0.17
INC-000700,2025-11-13,PAYMENT_SYSTEM,COMPLETENESS_CHECK,CHECK_859,CRITICAL,RESOLVED,76,24047,13:05,28.65,API_INTEGRATION_ISSUE,False,False,0.32
INC-000701,2025-10-31,SCORING_ENGINE,RANGE_CHECK,CHECK_773,HIGH,IN_PROGRESS,167,10063,15:56,,NETWORK_TIMEOUT,False,False,1.66
INC-000702,2025-11-09,INTERNET_BANK,NULL_CHECK,CHECK_858,MEDIUM,RESOLVED,66,604,07:23,0.87,BUSINESS_LOGIC_ERROR,True,False,10.93
INC-000703,2025-11-25,CRM_CLIENTS,SCHEMA_VALIDATION,CHECK_279,LOW,CLOSED,1777,129139,14:53,10.4,CONFIGURATION_ERROR,False,False,1.38
INC-000704,2025-11-21,INTERNET_BANK,FRESHNESS_CHECK,CHECK_222,CRITICAL,RESOLVED,155,62011,09:13,1.88,CONFIGURATION_ERROR,False,True,0.25
INC-000705,2026-01-17,FRAUD_DETECTION,REFERENTIAL_INTEGRITY,CHECK_112,MEDIUM,CLOSED,4,140119,16:19,0.38,UNKNOWN,False,False,0.0
INC-000706,2025-09-21,FRAUD_DETECTION,REFERENTIAL_INTEGRITY,CHECK_824,MEDIUM,RESOLVED,759,15202,05:07,1.49,API_INTEGRATION_ISSUE,False,False,4.99
INC-000707,2025-10-06,LOAN_REGISTRY,NULL_CHECK,CHECK_240,HIGH,IN_PROGRESS,6717,44975,11:50,,API_INTEGRATION_ISSUE,False,False,14.93
INC-000708,2025-10-09,INTERNET_BANK,SCHEMA_VALIDATION,CHECK_818,MEDIUM,RESOLVED,202,5962,01:49,16.91,DATA_DRIFT,False,False,3.39
INC-000709,2025-10-30,INTERNET_BANK,CONSISTENCY_CHECK,CHECK_111,MEDIUM,RESOLVED,236,4966,06:58,11.13,DATABASE_CORRUPTION,True,False,4.75
INC-000710,2025-12-08,INTERNET_BANK,ACCURACY_CHECK,CHECK_267,MEDIUM,OPEN,31,12491,02:28,,BUSINESS_LOGIC_ERROR,False,False,0.25
INC-000711,2026-02-25,MOBILE_APP,ACCURACY_CHECK,CHECK_608,LOW,IN_PROGRESS,91,139192,16:01,,SOURCE_SYSTEM_ERROR,False,True,0.07
INC-000712,2025-10-10,SCORING_ENGINE,COMPLETENESS_CHECK,CHECK_455,MEDIUM,IN_PROGRESS,405,12713,15:57,,API_INTEGRATION_ISSUE,False,False,3.19
INC-000713,2026-02-28,CRM_CLIENTS,REFERENTIAL_INTEGRITY,CHECK_635,HIGH,IN_PROGRESS,1427,19768,16:09,,NETWORK_TIMEOUT,False,False,7.22
INC-000714,2025-10-25,LOAN_REGISTRY,NULL_CHECK,CHECK_629,LOW,RESOLVED,362,35770,06:21,27.35,UNKNOWN,False,False,1.01
INC-000715,2025-09-17,INTERNET_BANK,ACCURACY_CHECK,CHECK_901,LOW,REOPENED,5631,23171,15:46,7.35,DATABASE_CORRUPTION,False,False,24.3
INC-000716,2025-12-16,INTERNET_BANK,NULL_CHECK,CHECK_942,LOW,RESOLVED,180,167489,16:19,11.81,CONFIGURATION_ERROR,True,False,0.11
INC-000717,2025-12-14,PAYMENT_SYSTEM,COMPLETENESS_CHECK,CHECK_838,HIGH,CLOSED,15,4933,10:09,39.16,UNKNOWN,False,True,0.3
INC-000718,2025-11-24,LOAN_REGISTRY,REFERENTIAL_INTEGRITY,CHECK_365,CRITICAL,RESOLVED,16,26889,03:52,7.2,DATABASE_CORRUPTION,False,False,0.06
INC-000719,2026-01-17,INTERNET_BANK,FORMAT_CHECK,CHECK_270,CRITICAL,RESOLVED,1752,56866,16:43,9.87,NETWORK_TIMEOUT,False,False,3.08
INC-000720,2025-12-29,LOAN_REGISTRY,FRESHNESS_CHECK,CHECK_480,HIGH,OPEN,1112,825,04:13,,DATABASE_CORRUPTION,True,False,134.79
INC-000721,2025-12-16,SCORING_ENGINE,FRESHNESS_CHECK,CHECK_229,MEDIUM,RESOLVED,5,37500,23:02,3.3,UNKNOWN,False,False,0.01
INC-000722,2025-09-16,PAYMENT_SYSTEM,ACCURACY_CHECK,CHECK_867,LOW,RESOLVED,97,322561,14:24,16.02,BUSINESS_LOGIC_ERROR,True,False,0.03
INC-000723,2025-10-23,LOAN_REGISTRY,FRESHNESS_CHECK,CHECK_899,MEDIUM,IN_PROGRESS,104,10927,22:55,,CONFIGURATION_ERROR,False,False,0.95
INC-000724,2025-12-17,CRM_CLIENTS,FORMAT_CHECK,CHECK_994,MEDIUM,CLOSED,33,2514,16:07,2.88,NETWORK_TIMEOUT,False,True,1.31
INC-000725,2025-12-09,CRM_CLIENTS,NULL_CHECK,CHECK_375,MEDIUM,RESOLVED,8,56053,00:19,0.16,DATA_DRIFT,False,False,0.01
INC-000726,2026-01-28,FRAUD_DETECTION,COMPLETENESS_CHECK,CHECK_850,HIGH,RESOLVED,31,31538,01:43,82.21,BUSINESS_LOGIC_ERROR,True,False,0.1
INC-000727,2026-02-26,PAYMENT_SYSTEM,FORMAT_CHECK,CHECK_220,LOW,IN_PROGRESS,22,462727,19:55,,SOURCE_SYSTEM_ERROR,False,False,0.0
INC-000728,2025-09-06,PAYMENT_SYSTEM,COMPLETENESS_CHECK,CHECK_889,MEDIUM,CLOSED,9,52856,02:21,2.4,DATABASE_CORRUPTION,False,False,0.02
INC-000729,2026-01-26,FRAUD_DETECTION,COMPLETENESS_CHECK,CHECK_130,LOW,CLOSED,779,3337,14:56,4.0,API_INTEGRATION_ISSUE,True,False,23.34
INC-000730,2025-12-07,LOAN_REGISTRY,REFERENTIAL_INTEGRITY,CHECK_443,LOW,RESOLVED,261,3048,01:06,11.54,UNKNOWN,False,False,8.56
INC-000731,2026-01-01,PAYMENT_SYSTEM,NULL_CHECK,CHECK_926,MEDIUM,IN_PROGRESS,58,122962,16:49,,DATA_DRIFT,True,False,0.05
INC-000732,2025-09-02,CRM_CLIENTS,SCHEMA_VALIDATION,CHECK_539,MEDIUM,RESOLVED,2,44973,21:47,0.46,BUSINESS_LOGIC_ERROR,False,False,0.0
INC-000733,2025-11-30,CRM_CLIENTS,FRESHNESS_CHECK,CHECK_378,LOW,IN_PROGRESS,81,19605,09:01,,API_INTEGRATION_ISSUE,False,False,0.41
INC-000734,2025-11-16,INTERNET_BANK,SCHEMA_VALIDATION,CHECK_636,LOW,CLOSED,420,31094,18:48,15.1,NETWORK_TIMEOUT,False,False,1.35
INC-000735,2026-03-12,SCORING_ENGINE,REFERENTIAL_INTEGRITY,CHECK_165,MEDIUM,CLOSED,34,53309,09:40,4.45,UNKNOWN,False,False,0.06
INC-000736,2025-12-09,PAYMENT_SYSTEM,COMPLETENESS_CHECK,CHECK_369,LOW,OPEN,14,46427,06:20,,ETL_PIPELINE_FAILURE,False,False,0.03
INC-000737,2025-12-17,LOAN_REGISTRY,ACCURACY_CHECK,CHECK_829,HIGH,OPEN,116,1084,06:12,,SOURCE_SYSTEM_ERROR,False,False,10.7
INC-000738,2026-01-16,FRAUD_DETECTION,FRESHNESS_CHECK,CHECK_690,LOW,CLOSED,290,251046,09:17,3.88,SOURCE_SYSTEM_ERROR,False,False,0.12
INC-000739,2026-03-11,FRAUD_DETECTION,FRESHNESS_CHECK,CHECK_742,HIGH,RESOLVED,2,286995,17:20,6.09,DATA_DRIFT,False,True,0.0
INC-000740,2026-03-08,LOAN_REGISTRY,NULL_CHECK,CHECK_178,MEDIUM,OPEN,2226,822625,14:42,,UNKNOWN,False,False,0.27
INC-000741,2026-01-18,MOBILE_APP,RANGE_CHECK,CHECK_608,LOW,CLOSED,12,532432,03:17,2.31,DATA_DRIFT,False,False,0.0
INC-000742,2026-02-02,CREDIT_BUREAU,DUPLICATE_CHECK,CHECK_566,MEDIUM,RESOLVED,63,378924,04:10,5.87,DATABASE_CORRUPTION,False,True,0.02
INC-000743,2025-10-27,SCORING_ENGINE,DUPLICATE_CHECK,CHECK_623,MEDIUM,RESOLVED,1575,12419,08:07,40.19,NETWORK_TIMEOUT,False,False,12.68
INC-000744,2026-01-03,FRAUD_DETECTION,DUPLICATE_CHECK,CHECK_468,MEDIUM,IN_PROGRESS,190,40244,00:39,,CONFIGURATION_ERROR,True,False,0.47
INC-000745,2025-10-27,PAYMENT_SYSTEM,RANGE_CHECK,CHECK_156,LOW,CLOSED,1329,227293,17:32,4.91,DATABASE_CORRUPTION,False,True,0.58
INC-000746,2025-11-09,SCORING_ENGINE,NULL_CHECK,CHECK_611,LOW,RESOLVED,3318,600,03:13,4.79,SOURCE_SYSTEM_ERROR,False,False,553.0
INC-000747,2025-12-21,PAYMENT_SYSTEM,RANGE_CHECK,CHECK_979,LOW,REOPENED,8,14223,17:22,7.85,SCHEMA_CHANGE,False,False,0.06
INC-000748,2026-01-03,MOBILE_APP,DUPLICATE_CHECK,CHECK_680,MEDIUM,CLOSED,901,727,17:20,22.26,DATABASE_CORRUPTION,False,False,123.93
INC-000749,2025-09-08,CRM_CLIENTS,REFERENTIAL_INTEGRITY,CHECK_270,LOW,IN_PROGRESS,2102,38582,08:09,,CONFIGURATION_ERROR,False,False,5.45
INC-000750,2025-12-09,SCORING_ENGINE,FORMAT_CHECK,CHECK_476,MEDIUM,RESOLVED,69,276956,22:51,19.69,ETL_PIPELINE_FAILURE,False,False,0.02
INC-000751,2025-11-26,INTERNET_BANK,COMPLETENESS_CHECK,CHECK_261,MEDIUM,RESOLVED,82,22870,09:36,1.47,NETWORK_TIMEOUT,False,False,0.36
INC-000752,2026-02-19,FRAUD_DETECTION,RANGE_CHECK,CHECK_361,LOW,RESOLVED,3,7055,07:10,27.03,DATABASE_CORRUPTION,False,False,0.04
INC-000753,2026-02-21,SCORING_ENGINE,NULL_CHECK,CHECK_891,MEDIUM,CLOSED,707,38805,02:19,2.46,BUSINESS_LOGIC_ERROR,False,False,1.82
INC-000754,2025-12-13,SCORING_ENGINE,NULL_CHECK,CHECK_205,HIGH,CLOSED,0,50257,19:57,0.48,NETWORK_TIMEOUT,False,False,0.0
INC-000755,2026-03-05,SCORING_ENGINE,SCHEMA_VALIDATION,CHECK_687,HIGH,OPEN,1030,57866,10:34,,BUSINESS_LOGIC_ERROR,False,False,1.78
INC-000756,2025-10-13,CREDIT_BUREAU,FORMAT_CHECK,CHECK_790,HIGH,CLOSED,8,1939,14:03,2.54,ETL_PIPELINE_FAILURE,False,False,0.41
INC-000757,2025-12-29,SCORING_ENGINE,ACCURACY_CHECK,CHECK_840,LOW,OPEN,2395,35845,04:01,,UNKNOWN,True,False,6.68
INC-000758,2025-10-03,PAYMENT_SYSTEM,FRESHNESS_CHECK,CHECK_218,MEDIUM,CLOSED,327,31835,15:57,7.17,SOURCE_SYSTEM_ERROR,False,False,1.03
INC-000759,2026-02-07,CRM_CLIENTS,DUPLICATE_CHECK,CHECK_333,LOW,CLOSED,1116,146765,21:03,15.1,SOURCE_SYSTEM_ERROR,False,False,0.76
INC-000760,2026-01-15,MOBILE_APP,ACCURACY_CHECK,CHECK_858,MEDIUM,RESOLVED,29,18935,03:24,0.63,UNKNOWN,False,False,0.15
INC-000761,2025-09-07,LOAN_REGISTRY,SCHEMA_VALIDATION,CHECK_621,MEDIUM,RESOLVED,10,1142178,01:05,8.26,SCHEMA_CHANGE,False,False,0.0
INC-000762,2025-12-10,SCORING_ENGINE,DUPLICATE_CHECK,CHECK_102,MEDIUM,CLOSED,4,25969,13:25,4.85,SOURCE_SYSTEM_ERROR,False,False,0.02
INC-000763,2026-01-30,FRAUD_DETECTION,FORMAT_CHECK,CHECK_145,LOW,CLOSED,1316,8466,05:45,11.95,NETWORK_TIMEOUT,False,False,15.54
INC-000764,2026-01-23,SCORING_ENGINE,SCHEMA_VALIDATION,CHECK_979,LOW,RESOLVED,558,2962,19:57,0.54,DATABASE_CORRUPTION,True,True,18.84
INC-000765,2026-02-17,FRAUD_DETECTION,DUPLICATE_CHECK,CHECK_983,LOW,RESOLVED,599,7881,18:40,0.43,DATA_DRIFT,False,False,7.6
INC-000766,2025-09-07,PAYMENT_SYSTEM,FORMAT_CHECK,CHECK_112,LOW,CLOSED,265,4456,22:44,6.69,SOURCE_SYSTEM_ERROR,False,False,5.95
INC-000767,2025-09-22,FRAUD_DETECTION,CONSISTENCY_CHECK,CHECK_350,MEDIUM,OPEN,440,16122,14:39,,DATA_DRIFT,False,False,2.73
INC-000768,2026-02-12,INTERNET_BANK,ACCURACY_CHECK,CHECK_147,LOW,OPEN,82,642712,11:19,,ETL_PIPELINE_FAILURE,False,False,0.01
INC-000769,2025-12-19,LOAN_REGISTRY,ACCURACY_CHECK,CHECK_583,LOW,IN_PROGRESS,311,1189,10:52,,API_INTEGRATION_ISSUE,False,False,26.16
INC-000770,2025-10-05,CRM_CLIENTS,FRESHNESS_CHECK,CHECK_472,LOW,IN_PROGRESS,26,1368,06:45,,UNKNOWN,False,False,1.9
INC-000771,2025-12-28,FRAUD_DETECTION,FORMAT_CHECK,CHECK_492,CRITICAL,RESOLVED,74,13776,21:51,3.09,NETWORK_TIMEOUT,False,False,0.54
INC-000772,2025-10-17,FRAUD_DETECTION,RANGE_CHECK,CHECK_253,MEDIUM,REOPENED,65294,1442,17:05,6.6,BUSINESS_LOGIC_ERROR,True,False,4528.02
INC-000773,2025-09-13,CRM_CLIENTS,CONSISTENCY_CHECK,CHECK_283,LOW,CLOSED,160,3090,14:36,10.6,MANUAL_DATA_ENTRY,False,False,5.18
INC-000774,2025-11-06,LOAN_REGISTRY,REFERENTIAL_INTEGRITY,CHECK_978,LOW,OPEN,2,43404,04:05,,SCHEMA_CHANGE,False,False,0.0
INC-000775,2025-12-07,SCORING_ENGINE,DUPLICATE_CHECK,CHECK_136,MEDIUM,RESOLVED,65,19826,22:29,5.79,SOURCE_SYSTEM_ERROR,True,False,0.33
INC-000776,2025-11-23,FRAUD_DETECTION,CONSISTENCY_CHECK,CHECK_666,LOW,RESOLVED,17,52945,03:29,10.52,UNKNOWN,False,False,0.03
INC-000777,2025-10-25,CRM_CLIENTS,FORMAT_CHECK,CHECK_922,LOW,IN_PROGRESS,204,71834,09:43,,API_INTEGRATION_ISSUE,False,False,0.28
INC-000778,2025-12-26,INTERNET_BANK,COMPLETENESS_CHECK,CHECK_831,MEDIUM,CLOSED,25,322929,20:45,1.85,UNKNOWN,False,False,0.01
INC-000779,2025-11-23,INTERNET_BANK,DUPLICATE_CHECK,CHECK_858,LOW,RESOLVED,97,47007,14:30,8.12,DATABASE_CORRUPTION,False,False,0.21
INC-000780,2025-11-26,PAYMENT_SYSTEM,NULL_CHECK,CHECK_771,HIGH,REOPENED,33,245232,07:14,4.7,SCHEMA_CHANGE,True,False,0.01
INC-000781,2026-03-14,CRM_CLIENTS,ACCURACY_CHECK,CHECK_529,HIGH,RESOLVED,220,27286,04:55,23.96,SOURCE_SYSTEM_ERROR,False,False,0.81
INC-000782,2025-12-07,PAYMENT_SYSTEM,FORMAT_CHECK,CHECK_329,HIGH,CLOSED,42,48091,19:16,17.93,MANUAL_DATA_ENTRY,False,False,0.09
INC-000783,2025-11-11,INTERNET_BANK,NULL_CHECK,CHECK_429,HIGH,IN_PROGRESS,303,46865,11:25,,CONFIGURATION_ERROR,False,False,0.65
INC-000784,2026-03-12,LOAN_REGISTRY,FRESHNESS_CHECK,CHECK_354,LOW,RESOLVED,7311,38914,05:44,1.99,MANUAL_DATA_ENTRY,False,False,18.79
INC-000785,2025-12-17,SCORING_ENGINE,SCHEMA_VALIDATION,CHECK_526,HIGH,IN_PROGRESS,14,33234,21:21,,ETL_PIPELINE_FAILURE,True,True,0.04
INC-000786,2025-11-04,CRM_CLIENTS,REFERENTIAL_INTEGRITY,CHECK_837,MEDIUM,CLOSED,631,840680,10:29,6.38,API_INTEGRATION_ISSUE,False,False,0.08
INC-000787,2025-09-21,MOBILE_APP,REFERENTIAL_INTEGRITY,CHECK_427,HIGH,CLOSED,1,88982,15:01,32.26,CONFIGURATION_ERROR,False,False,0.0
INC-000788,2025-12-30,INTERNET_BANK,NULL_CHECK,CHECK_377,MEDIUM,CLOSED,93,9002,02:30,4.31,BUSINESS_LOGIC_ERROR,False,False,1.03
INC-000789,2025-09-05,INTERNET_BANK,ACCURACY_CHECK,CHECK_945,HIGH,CLOSED,234,2390109,03:22,24.26,API_INTEGRATION_ISSUE,False,False,0.01
INC-000790,2026-03-11,MOBILE_APP,FRESHNESS_CHECK,CHECK_179,LOW,CLOSED,33,10361,15:29,8.45,DATABASE_CORRUPTION,False,False,0.32
INC-000791,2026-01-17,CREDIT_BUREAU,COMPLETENESS_CHECK,CHECK_685,HIGH,IN_PROGRESS,4,21797,05:18,,CONFIGURATION_ERROR,False,True,0.02
INC-000792,2025-09-14,INTERNET_BANK,ACCURACY_CHECK,CHECK_481,LOW,RESOLVED,137,4182,11:38,14.53,DATA_DRIFT,False,False,3.28
INC-000793,2025-11-29,FRAUD_DETECTION,CONSISTENCY_CHECK,CHECK_222,LOW,CLOSED,3178,92431,18:08,14.79,CONFIGURATION_ERROR,False,False,3.44
INC-000794,2025-10-28,LOAN_REGISTRY,REFERENTIAL_INTEGRITY,CHECK_614,CRITICAL,CLOSED,110,647239,16:06,8.78,ETL_PIPELINE_FAILURE,False,True,0.02
INC-000795,2026-02-14,CRM_CLIENTS,CONSISTENCY_CHECK,CHECK_789,LOW,CLOSED,453,1116,12:52,22.01,SCHEMA_CHANGE,False,False,40.59
INC-000796,2025-09-18,MOBILE_APP,DUPLICATE_CHECK,CHECK_153,CRITICAL,IN_PROGRESS,1413,12648,22:50,,BUSINESS_LOGIC_ERROR,True,False,11.17
INC-000797,2026-02-14,FRAUD_DETECTION,RANGE_CHECK,CHECK_283,MEDIUM,OPEN,20805,205505,03:20,,BUSINESS_LOGIC_ERROR,False,False,10.12
INC-000798,2025-09-11,MOBILE_APP,FORMAT_CHECK,CHECK_328,CRITICAL,CLOSED,18,2647,17:41,12.15,DATA_DRIFT,False,False,0.68
INC-000799,2026-03-13,CRM_CLIENTS,FRESHNESS_CHECK,CHECK_923,MEDIUM,CLOSED,22,69477,02:50,6.93,SOURCE_SYSTEM_ERROR,False,True,0.03
INC-000800,2025-09-08,PAYMENT_SYSTEM,ACCURACY_CHECK,CHECK_628,MEDIUM,IN_PROGRESS,82,1631,09:34,,SOURCE_SYSTEM_ERROR,False,False,5.03
INC-000801,2025-11-03,CRM_CLIENTS,REFERENTIAL_INTEGRITY,CHECK_147,LOW,CLOSED,508,49804,14:25,23.77,SCHEMA_CHANGE,False,False,1.02
INC-000802,2025-10-22,CREDIT_BUREAU,CONSISTENCY_CHECK,CHECK_510,MEDIUM,CLOSED,1,25735,18:26,17.74,SCHEMA_CHANGE,False,False,0.0
INC-000803,2025-09-06,CRM_CLIENTS,SCHEMA_VALIDATION,CHECK_170,LOW,IN_PROGRESS,548,16771070,07:39,,UNKNOWN,False,False,0.0
INC-000804,2026-02-07,CRM_CLIENTS,DUPLICATE_CHECK,CHECK_998,HIGH,CLOSED,199,97629,07:35,43.68,CONFIGURATION_ERROR,True,False,0.2
INC-000805,2025-10-10,CREDIT_BUREAU,FORMAT_CHECK,CHECK_576,LOW,CLOSED,51,285,05:30,16.3,API_INTEGRATION_ISSUE,False,False,17.89
INC-000806,2025-11-01,LOAN_REGISTRY,FORMAT_CHECK,CHECK_986,MEDIUM,CLOSED,347,18967,12:04,11.15,MANUAL_DATA_ENTRY,True,True,1.83
INC-000807,2025-10-03,INTERNET_BANK,ACCURACY_CHECK,CHECK_389,HIGH,CLOSED,879,114530,10:13,30.58,API_INTEGRATION_ISSUE,False,False,0.77
INC-000808,2025-12-31,CRM_CLIENTS,FRESHNESS_CHECK,CHECK_892,HIGH,RESOLVED,1159,9640,22:37,2.12,CONFIGURATION_ERROR,True,False,12.02
INC-000809,2026-02-19,CREDIT_BUREAU,COMPLETENESS_CHECK,CHECK_965,HIGH,RESOLVED,152,8838,13:50,1.8,NETWORK_TIMEOUT,True,False,1.72
INC-000810,2025-09-30,FRAUD_DETECTION,SCHEMA_VALIDATION,CHECK_418,MEDIUM,OPEN,284,9745,13:36,,NETWORK_TIMEOUT,False,False,2.91
INC-000811,2026-01-23,PAYMENT_SYSTEM,ACCURACY_CHECK,CHECK_435,LOW,OPEN,264,65796,10:34,,CONFIGURATION_ERROR,False,False,0.4
INC-000812,2025-10-26,PAYMENT_SYSTEM,CONSISTENCY_CHECK,CHECK_188,HIGH,RESOLVED,1741,1789,22:15,13.09,CONFIGURATION_ERROR,False,True,97.32
INC-000813,2025-12-29,CRM_CLIENTS,RANGE_CHECK,CHECK_666,LOW,RESOLVED,318,7164,05:42,3.3,BUSINESS_LOGIC_ERROR,False,False,4.44
INC-000814,2026-02-27,LOAN_REGISTRY,NULL_CHECK,CHECK_567,LOW,IN_PROGRESS,539,173852,21:04,,API_INTEGRATION_ISSUE,False,False,0.31
INC-000815,2025-11-05,LOAN_REGISTRY,COMPLETENESS_CHECK,CHECK_108,LOW,RESOLVED,884,8315,23:59,6.32,DATABASE_CORRUPTION,False,False,10.63
INC-000816,2025-12-04,FRAUD_DETECTION,FRESHNESS_CHECK,CHECK_477,MEDIUM,IN_PROGRESS,7458,7377,22:36,,ETL_PIPELINE_FAILURE,False,False,101.1
INC-000817,2025-10-13,CRM_CLIENTS,DUPLICATE_CHECK,CHECK_305,MEDIUM,CLOSED,45,1404,15:07,2.24,DATABASE_CORRUPTION,False,True,3.21
INC-000818,2026-02-03,PAYMENT_SYSTEM,COMPLETENESS_CHECK,CHECK_398,LOW,RESOLVED,3833,80163,18:38,0.51,BUSINESS_LOGIC_ERROR,False,False,4.78
INC-000819,2026-02-03,LOAN_REGISTRY,REFERENTIAL_INTEGRITY,CHECK_677,LOW,CLOSED,20789,51579,14:20,6.41,SCHEMA_CHANGE,False,False,40.31
INC-000820,2026-03-11,CRM_CLIENTS,FRESHNESS_CHECK,CHECK_903,MEDIUM,RESOLVED,52,154003,17:06,17.1,MANUAL_DATA_ENTRY,False,False,0.03
INC-000821,2026-03-03,MOBILE_APP,RANGE_CHECK,CHECK_411,HIGH,OPEN,96,17573,14:11,,MANUAL_DATA_ENTRY,False,False,0.55
INC-000822,2025-09-30,LOAN_REGISTRY,REFERENTIAL_INTEGRITY,CHECK_857,MEDIUM,CLOSED,62,41421,09:25,1.23,ETL_PIPELINE_FAILURE,False,False,0.15
INC-000823,2025-10-12,CREDIT_BUREAU,COMPLETENESS_CHECK,CHECK_737,MEDIUM,RESOLVED,552,40730,02:38,8.93,MANUAL_DATA_ENTRY,False,False,1.36
INC-000824,2025-11-19,MOBILE_APP,NULL_CHECK,CHECK_348,LOW,RESOLVED,3,1274,03:43,3.67,BUSINESS_LOGIC_ERROR,False,True,0.24
INC-000825,2025-09-28,INTERNET_BANK,NULL_CHECK,CHECK_575,HIGH,IN_PROGRESS,54,2438492,19:49,,SCHEMA_CHANGE,False,False,0.0
INC-000826,2026-01-27,LOAN_REGISTRY,RANGE_CHECK,CHECK_477,MEDIUM,RESOLVED,85,155767,12:20,32.52,CONFIGURATION_ERROR,False,False,0.05
INC-000827,2025-09-07,PAYMENT_SYSTEM,FORMAT_CHECK,CHECK_705,MEDIUM,OPEN,72,25796,15:41,,DATA_DRIFT,True,True,0.28
INC-000828,2025-11-19,SCORING_ENGINE,SCHEMA_VALIDATION,CHECK_605,MEDIUM,RESOLVED,70,14066,21:03,5.46,NETWORK_TIMEOUT,True,False,0.5
INC-000829,2026-01-26,MOBILE_APP,DUPLICATE_CHECK,CHECK_891,LOW,RESOLVED,55,311112,02:13,2.82,DATABASE_CORRUPTION,True,False,0.02
INC-000830,2026-02-21,INTERNET_BANK,FORMAT_CHECK,CHECK_894,LOW,CLOSED,702,26684,04:56,38.63,CONFIGURATION_ERROR,False,False,2.63
INC-000831,2025-12-06,FRAUD_DETECTION,NULL_CHECK,CHECK_300,MEDIUM,CLOSED,435,136932,18:57,7.32,API_INTEGRATION_ISSUE,True,False,0.32
INC-000832,2025-12-11,FRAUD_DETECTION,NULL_CHECK,CHECK_850,LOW,IN_PROGRESS,4477,6932,20:51,,API_INTEGRATION_ISSUE,True,False,64.58
INC-000833,2026-03-03,PAYMENT_SYSTEM,CONSISTENCY_CHECK,CHECK_659,HIGH,IN_PROGRESS,706,3824,00:48,,MANUAL_DATA_ENTRY,True,False,18.46
INC-000834,2025-10-21,LOAN_REGISTRY,REFERENTIAL_INTEGRITY,CHECK_878,HIGH,RESOLVED,16,15939,04:42,3.5,UNKNOWN,False,False,0.1
INC-000835,2025-09-20,CRM_CLIENTS,COMPLETENESS_CHECK,CHECK_915,MEDIUM,IN_PROGRESS,105,22497,04:28,,API_INTEGRATION_ISSUE,False,False,0.47
INC-000836,2026-01-30,LOAN_REGISTRY,DUPLICATE_CHECK,CHECK_351,HIGH,OPEN,85,51382,17:18,,BUSINESS_LOGIC_ERROR,True,False,0.17
INC-000837,2026-02-24,PAYMENT_SYSTEM,RANGE_CHECK,CHECK_254,MEDIUM,CLOSED,247,414073,12:39,14.06,ETL_PIPELINE_FAILURE,False,False,0.06
INC-000838,2026-02-08,FRAUD_DETECTION,COMPLETENESS_CHECK,CHECK_106,HIGH,OPEN,1321,203630,18:28,,CONFIGURATION_ERROR,False,False,0.65
INC-000839,2025-11-02,LOAN_REGISTRY,CONSISTENCY_CHECK,CHECK_519,LOW,CLOSED,215,307433,06:13,1.87,UNKNOWN,False,True,0.07
INC-000840,2025-09-27,FRAUD_DETECTION,NULL_CHECK,CHECK_124,HIGH,IN_PROGRESS,216,5088,21:56,,DATA_DRIFT,False,False,4.25
INC-000841,2026-02-26,MOBILE_APP,RANGE_CHECK,CHECK_338,LOW,REOPENED,151,12211,10:19,12.92,SOURCE_SYSTEM_ERROR,False,False,1.24
INC-000842,2025-11-17,INTERNET_BANK,NULL_CHECK,CHECK_654,CRITICAL,CLOSED,750,152663,18:50,4.49,SCHEMA_CHANGE,False,False,0.49
INC-000843,2026-02-23,CRM_CLIENTS,DUPLICATE_CHECK,CHECK_454,LOW,CLOSED,47,250169,21:19,3.71,ETL_PIPELINE_FAILURE,False,False,0.02
INC-000844,2026-02-01,MOBILE_APP,REFERENTIAL_INTEGRITY,CHECK_751,LOW,IN_PROGRESS,8,97120,13:45,,API_INTEGRATION_ISSUE,False,False,0.01
INC-000845,2025-10-01,FRAUD_DETECTION,COMPLETENESS_CHECK,CHECK_959,CRITICAL,CLOSED,538,7147,11:05,17.45,SOURCE_SYSTEM_ERROR,False,False,7.53
INC-000846,2026-01-23,FRAUD_DETECTION,COMPLETENESS_CHECK,CHECK_810,LOW,CLOSED,314,2742,18:00,25.71,DATABASE_CORRUPTION,False,False,11.45
INC-000847,2025-09-11,SCORING_ENGINE,FORMAT_CHECK,CHECK_998,MEDIUM,CLOSED,2094,35099,19:32,20.57,CONFIGURATION_ERROR,False,False,5.97
INC-000848,2025-11-28,SCORING_ENGINE,RANGE_CHECK,CHECK_109,LOW,RESOLVED,1,3701,12:54,7.53,API_INTEGRATION_ISSUE,False,False,0.03
INC-000849,2026-01-15,MOBILE_APP,SCHEMA_VALIDATION,CHECK_443,MEDIUM,CLOSED,121,55341,04:54,9.16,BUSINESS_LOGIC_ERROR,False,False,0.22
INC-000850,2025-12-19,CREDIT_BUREAU,CONSISTENCY_CHECK,CHECK_101,LOW,OPEN,183,268705,09:03,,API_INTEGRATION_ISSUE,False,False,0.07
INC-000851,2026-02-17,MOBILE_APP,SCHEMA_VALIDATION,CHECK_877,LOW,CLOSED,7,32150,11:57,2.28,CONFIGURATION_ERROR,False,False,0.02
INC-000852,2025-12-04,SCORING_ENGINE,FORMAT_CHECK,CHECK_773,MEDIUM,CLOSED,124,1617,17:03,20.78,NETWORK_TIMEOUT,False,True,7.67
INC-000853,2025-09-18,FRAUD_DETECTION,DUPLICATE_CHECK,CHECK_485,CRITICAL,RESOLVED,1593,7953,00:45,19.21,MANUAL_DATA_ENTRY,False,False,20.03
INC-000854,2026-01-08,PAYMENT_SYSTEM,CONSISTENCY_CHECK,CHECK_969,LOW,IN_PROGRESS,9626,124164,17:52,,DATABASE_CORRUPTION,False,True,7.75
INC-000855,2026-02-13,MOBILE_APP,REFERENTIAL_INTEGRITY,CHECK_855,MEDIUM,RESOLVED,1058,56831,11:07,7.47,DATABASE_CORRUPTION,False,False,1.86
INC-000856,2025-11-27,FRAUD_DETECTION,SCHEMA_VALIDATION,CHECK_844,MEDIUM,CLOSED,77,66688,09:55,23.99,CONFIGURATION_ERROR,False,False,0.12
INC-000857,2025-09-04,PAYMENT_SYSTEM,REFERENTIAL_INTEGRITY,CHECK_414,CRITICAL,IN_PROGRESS,1850,757611,00:15,,BUSINESS_LOGIC_ERROR,False,False,0.24
INC-000858,2025-12-17,PAYMENT_SYSTEM,SCHEMA_VALIDATION,CHECK_206,MEDIUM,IN_PROGRESS,918,44273,13:44,,API_INTEGRATION_ISSUE,False,False,2.07
INC-000859,2026-01-04,SCORING_ENGINE,REFERENTIAL_INTEGRITY,CHECK_310,LOW,IN_PROGRESS,56,41566,18:25,,SOURCE_SYSTEM_ERROR,False,False,0.13
INC-000860,2025-09-28,MOBILE_APP,SCHEMA_VALIDATION,CHECK_642,MEDIUM,CLOSED,46,122192,20:20,7.49,BUSINESS_LOGIC_ERROR,False,False,0.04
INC-000861,2025-12-20,LOAN_REGISTRY,REFERENTIAL_INTEGRITY,CHECK_343,MEDIUM,OPEN,105,2108,22:24,,DATA_DRIFT,False,False,4.98
INC-000862,2025-12-02,CRM_CLIENTS,FORMAT_CHECK,CHECK_529,LOW,CLOSED,18,9043,12:24,25.85,BUSINESS_LOGIC_ERROR,False,False,0.2
INC-000863,2026-02-10,SCORING_ENGINE,FRESHNESS_CHECK,CHECK_603,LOW,RESOLVED,79,5029,13:34,4.95,NETWORK_TIMEOUT,False,False,1.57
INC-000864,2025-12-27,SCORING_ENGINE,CONSISTENCY_CHECK,CHECK_161,MEDIUM,CLOSED,392,81619,06:42,10.3,DATA_DRIFT,False,False,0.48
INC-000865,2026-03-01,LOAN_REGISTRY,RANGE_CHECK,CHECK_245,MEDIUM,REOPENED,1184,3504,05:30,10.84,BUSINESS_LOGIC_ERROR,False,False,33.79
INC-000866,2025-10-10,CRM_CLIENTS,DUPLICATE_CHECK,CHECK_828,LOW,IN_PROGRESS,69,67975,04:12,,NETWORK_TIMEOUT,False,False,0.1
INC-000867,2025-12-21,FRAUD_DETECTION,ACCURACY_CHECK,CHECK_386,LOW,RESOLVED,2384,14277,17:24,2.04,NETWORK_TIMEOUT,True,False,16.7
INC-000868,2025-10-16,CREDIT_BUREAU,NULL_CHECK,CHECK_195,HIGH,CLOSED,544,10804,11:53,56.53,NETWORK_TIMEOUT,False,False,5.04
INC-000869,2026-03-07,MOBILE_APP,RANGE_CHECK,CHECK_144,HIGH,RESOLVED,596,136441,13:09,2.27,ETL_PIPELINE_FAILURE,True,False,0.44
INC-000870,2026-01-12,CREDIT_BUREAU,NULL_CHECK,CHECK_337,MEDIUM,IN_PROGRESS,23,1534,09:55,,UNKNOWN,False,True,1.5
INC-000871,2026-02-14,FRAUD_DETECTION,CONSISTENCY_CHECK,CHECK_965,MEDIUM,CLOSED,5516,8288,21:08,18.81,SCHEMA_CHANGE,False,False,66.55
INC-000872,2025-11-09,INTERNET_BANK,RANGE_CHECK,CHECK_632,MEDIUM,REOPENED,448,7717804,04:00,1.88,CONFIGURATION_ERROR,False,False,0.01
INC-000873,2026-02-05,SCORING_ENGINE,REFERENTIAL_INTEGRITY,CHECK_522,LOW,CLOSED,76,891657,02:41,32.47,DATABASE_CORRUPTION,False,False,0.01
INC-000874,2026-01-16,CRM_CLIENTS,REFERENTIAL_INTEGRITY,CHECK_817,HIGH,RESOLVED,53,584,00:09,8.03,ETL_PIPELINE_FAILURE,False,True,9.08
INC-000875,2026-01-02,SCORING_ENGINE,ACCURACY_CHECK,CHECK_481,LOW,RESOLVED,79,7981,23:56,11.89,SCHEMA_CHANGE,False,False,0.99
INC-000876,2025-12-29,PAYMENT_SYSTEM,NULL_CHECK,CHECK_569,MEDIUM,IN_PROGRESS,19,24975,15:42,,CONFIGURATION_ERROR,False,False,0.08
INC-000877,2025-12-21,SCORING_ENGINE,DUPLICATE_CHECK,CHECK_865,LOW,CLOSED,1071,1309,13:08,8.44,DATABASE_CORRUPTION,False,False,81.82
INC-000878,2026-03-07,SCORING_ENGINE,CONSISTENCY_CHECK,CHECK_186,LOW,CLOSED,23,1246764,02:08,1.84,DATA_DRIFT,True,False,0.0
INC-000879,2026-01-30,FRAUD_DETECTION,REFERENTIAL_INTEGRITY,CHECK_694,CRITICAL,CLOSED,264,23368,20:51,16.72,API_INTEGRATION_ISSUE,False,False,1.13
INC-000880,2025-11-08,FRAUD_DETECTION,FRESHNESS_CHECK,CHECK_197,MEDIUM,OPEN,60,15186,13:55,,ETL_PIPELINE_FAILURE,False,False,0.4
INC-000881,2025-11-22,FRAUD_DETECTION,FORMAT_CHECK,CHECK_617,HIGH,CLOSED,567,47199,14:57,1.52,DATABASE_CORRUPTION,False,False,1.2
INC-000882,2025-11-02,CREDIT_BUREAU,FORMAT_CHECK,CHECK_236,LOW,IN_PROGRESS,745,45718,22:38,,DATABASE_CORRUPTION,False,False,1.63
INC-000883,2025-09-23,PAYMENT_SYSTEM,SCHEMA_VALIDATION,CHECK_752,LOW,RESOLVED,40,3988,13:39,14.56,SOURCE_SYSTEM_ERROR,False,False,1.0
INC-000884,2025-11-11,INTERNET_BANK,DUPLICATE_CHECK,CHECK_939,MEDIUM,CLOSED,138,305764,05:29,9.54,DATA_DRIFT,False,False,0.05
INC-000885,2025-12-25,INTERNET_BANK,FORMAT_CHECK,CHECK_503,MEDIUM,IN_PROGRESS,8,30457,16:27,,ETL_PIPELINE_FAILURE,False,False,0.03
INC-000886,2025-11-02,FRAUD_DETECTION,SCHEMA_VALIDATION,CHECK_176,MEDIUM,CLOSED,4451,301791,17:52,5.22,NETWORK_TIMEOUT,False,False,1.47
INC-000887,2026-03-12,CRM_CLIENTS,NULL_CHECK,CHECK_706,LOW,CLOSED,1256,6965,14:24,0.63,NETWORK_TIMEOUT,False,False,18.03
INC-000888,2025-12-28,CREDIT_BUREAU,REFERENTIAL_INTEGRITY,CHECK_681,MEDIUM,REOPENED,9,606,11:14,7.79,SCHEMA_CHANGE,False,True,1.49
INC-000889,2026-01-24,LOAN_REGISTRY,REFERENTIAL_INTEGRITY,CHECK_163,MEDIUM,CLOSED,26,390265,05:27,28.43,DATABASE_CORRUPTION,False,False,0.01
INC-000890,2026-02-04,CRM_CLIENTS,FRESHNESS_CHECK,CHECK_545,MEDIUM,CLOSED,113,96837,19:00,0.03,DATA_DRIFT,True,False,0.12
INC-000891,2026-02-19,MOBILE_APP,RANGE_CHECK,CHECK_778,HIGH,RESOLVED,160,227847,18:31,3.72,BUSINESS_LOGIC_ERROR,False,False,0.07
INC-000892,2025-12-07,MOBILE_APP,FORMAT_CHECK,CHECK_233,LOW,IN_PROGRESS,37,257677,23:15,,MANUAL_DATA_ENTRY,False,False,0.01
INC-000893,2025-11-26,CRM_CLIENTS,NULL_CHECK,CHECK_342,CRITICAL,RESOLVED,15,22892,22:32,0.12,ETL_PIPELINE_FAILURE,False,False,0.07
INC-000894,2025-09-08,FRAUD_DETECTION,COMPLETENESS_CHECK,CHECK_398,LOW,RESOLVED,327,10573,08:26,0.12,BUSINESS_LOGIC_ERROR,False,False,3.09
INC-000895,2026-01-05,LOAN_REGISTRY,FORMAT_CHECK,CHECK_367,HIGH,CLOSED,4812,18336,17:36,11.32,SOURCE_SYSTEM_ERROR,False,False,26.24
INC-000896,2025-11-23,LOAN_REGISTRY,DUPLICATE_CHECK,CHECK_971,MEDIUM,CLOSED,165,66360,11:02,18.68,UNKNOWN,False,False,0.25
INC-000897,2025-10-17,CREDIT_BUREAU,RANGE_CHECK,CHECK_422,LOW,RESOLVED,82,38333,01:36,17.98,DATABASE_CORRUPTION,False,False,0.21
INC-000898,2026-01-03,LOAN_REGISTRY,FORMAT_CHECK,CHECK_920,LOW,RESOLVED,67,567,15:45,18.15,API_INTEGRATION_ISSUE,False,False,11.82
INC-000899,2025-10-25,MOBILE_APP,NULL_CHECK,CHECK_502,LOW,IN_PROGRESS,16,17378,11:07,,SOURCE_SYSTEM_ERROR,False,False,0.09
INC-000900,2025-11-30,PAYMENT_SYSTEM,FORMAT_CHECK,CHECK_817,MEDIUM,CLOSED,38,372426,18:30,25.72,SCHEMA_CHANGE,False,False,0.01
INC-000901,2025-11-06,FRAUD_DETECTION,DUPLICATE_CHECK,CHECK_951,HIGH,CLOSED,1439,21968,22:05,0.16,DATA_DRIFT,False,True,6.55
INC-000902,2025-11-27,LOAN_REGISTRY,COMPLETENESS_CHECK,CHECK_853,LOW,CLOSED,2,1884326,04:46,4.49,NETWORK_TIMEOUT,False,False,0.0
INC-000903,2025-11-11,CREDIT_BUREAU,CONSISTENCY_CHECK,CHECK_434,MEDIUM,RESOLVED,170,3222,23:33,4.94,NETWORK_TIMEOUT,False,False,5.28
INC-000904,2026-01-31,MOBILE_APP,ACCURACY_CHECK,CHECK_425,HIGH,RESOLVED,156,44225,08:29,2.17,API_INTEGRATION_ISSUE,False,False,0.35
INC-000905,2026-02-27,PAYMENT_SYSTEM,COMPLETENESS_CHECK,CHECK_563,LOW,CLOSED,188,3069,16:05,4.92,CONFIGURATION_ERROR,False,True,6.13
INC-000906,2025-11-10,SCORING_ENGINE,SCHEMA_VALIDATION,CHECK_378,LOW,CLOSED,635,3979,16:56,10.58,CONFIGURATION_ERROR,True,False,15.96
INC-000907,2026-01-21,SCORING_ENGINE,FORMAT_CHECK,CHECK_339,LOW,RESOLVED,167,4053,19:05,8.81,DATABASE_CORRUPTION,False,False,4.12
INC-000908,2025-09-03,PAYMENT_SYSTEM,REFERENTIAL_INTEGRITY,CHECK_176,LOW,CLOSED,59,1829146,07:30,4.62,NETWORK_TIMEOUT,False,True,0.0
INC-000909,2026-01-11,MOBILE_APP,FRESHNESS_CHECK,CHECK_307,LOW,RESOLVED,39,13302,20:47,16.6,SCHEMA_CHANGE,False,False,0.29
INC-000910,2025-10-19,CREDIT_BUREAU,REFERENTIAL_INTEGRITY,CHECK_239,HIGH,CLOSED,1991,5403,21:42,15.05,NETWORK_TIMEOUT,False,False,36.85
INC-000911,2025-09-22,PAYMENT_SYSTEM,COMPLETENESS_CHECK,CHECK_898,HIGH,CLOSED,1190,21907,02:43,3.95,SOURCE_SYSTEM_ERROR,False,True,5.43
INC-000912,2025-11-01,FRAUD_DETECTION,REFERENTIAL_INTEGRITY,CHECK_888,MEDIUM,CLOSED,46876,14117,20:34,4.69,DATA_DRIFT,False,False,332.05
INC-000913,2026-03-04,FRAUD_DETECTION,NULL_CHECK,CHECK_698,MEDIUM,RESOLVED,84,111625,18:19,4.07,ETL_PIPELINE_FAILURE,False,False,0.08
INC-000914,2025-12-14,SCORING_ENGINE,REFERENTIAL_INTEGRITY,CHECK_211,MEDIUM,RESOLVED,41,372,19:03,1.66,NETWORK_TIMEOUT,False,False,11.02
INC-000915,2026-01-04,LOAN_REGISTRY,RANGE_CHECK,CHECK_259,MEDIUM,CLOSED,367,3264,10:34,16.77,BUSINESS_LOGIC_ERROR,False,False,11.24
INC-000916,2026-01-21,CREDIT_BUREAU,CONSISTENCY_CHECK,CHECK_208,MEDIUM,CLOSED,350,119731,00:30,0.57,MANUAL_DATA_ENTRY,False,False,0.29
INC-000917,2026-03-14,SCORING_ENGINE,FORMAT_CHECK,CHECK_268,MEDIUM,CLOSED,529,8289,14:32,1.96,BUSINESS_LOGIC_ERROR,False,False,6.38
INC-000918,2025-11-01,LOAN_REGISTRY,REFERENTIAL_INTEGRITY,CHECK_560,CRITICAL,CLOSED,807,4866,15:36,1.34,DATABASE_CORRUPTION,False,True,16.58
INC-000919,2026-02-24,LOAN_REGISTRY,DUPLICATE_CHECK,CHECK_577,MEDIUM,OPEN,519,4449,23:21,,SOURCE_SYSTEM_ERROR,False,False,11.67
INC-000920,2025-12-31,INTERNET_BANK,CONSISTENCY_CHECK,CHECK_421,MEDIUM,REOPENED,1274,93647,13:22,0.54,UNKNOWN,True,False,1.36
INC-000921,2026-02-13,FRAUD_DETECTION,CONSISTENCY_CHECK,CHECK_516,LOW,CLOSED,1662,85813,09:18,13.11,ETL_PIPELINE_FAILURE,False,False,1.94
INC-000922,2026-03-02,MOBILE_APP,REFERENTIAL_INTEGRITY,CHECK_223,HIGH,RESOLVED,1722,149528,05:02,0.55,API_INTEGRATION_ISSUE,True,False,1.15
INC-000923,2026-01-04,CRM_CLIENTS,CONSISTENCY_CHECK,CHECK_648,MEDIUM,CLOSED,1,2152,22:59,18.53,MANUAL_DATA_ENTRY,True,False,0.05
INC-000924,2025-12-24,MOBILE_APP,FRESHNESS_CHECK,CHECK_466,LOW,OPEN,236,1912,19:47,,UNKNOWN,False,False,12.34
INC-000925,2025-09-05,CRM_CLIENTS,REFERENTIAL_INTEGRITY,CHECK_888,MEDIUM,OPEN,23,214207,09:46,,NETWORK_TIMEOUT,False,False,0.01
INC-000926,2025-09-24,PAYMENT_SYSTEM,NULL_CHECK,CHECK_312,CRITICAL,RESOLVED,1225,33198,18:16,19.59,BUSINESS_LOGIC_ERROR,False,False,3.69
INC-000927,2025-11-15,FRAUD_DETECTION,COMPLETENESS_CHECK,CHECK_562,MEDIUM,CLOSED,1,6555,01:40,14.71,SCHEMA_CHANGE,False,False,0.02
INC-000928,2025-10-27,LOAN_REGISTRY,RANGE_CHECK,CHECK_415,MEDIUM,CLOSED,2803,16085,15:37,19.05,DATABASE_CORRUPTION,False,True,17.43
INC-000929,2025-12-13,CREDIT_BUREAU,ACCURACY_CHECK,CHECK_574,LOW,CLOSED,26,1865,05:36,17.47,SCHEMA_CHANGE,True,False,1.39
INC-000930,2026-02-25,CRM_CLIENTS,SCHEMA_VALIDATION,CHECK_371,HIGH,RESOLVED,16,7637,01:42,2.76,DATA_DRIFT,False,False,0.21
INC-000931,2025-11-02,MOBILE_APP,CONSISTENCY_CHECK,CHECK_972,LOW,RESOLVED,302,30285,09:51,8.31,ETL_PIPELINE_FAILURE,True,True,1.0
INC-000932,2025-11-18,LOAN_REGISTRY,NULL_CHECK,CHECK_222,HIGH,IN_PROGRESS,70,44754,23:39,,DATABASE_CORRUPTION,False,False,0.16
INC-000933,2026-02-17,CRM_CLIENTS,FORMAT_CHECK,CHECK_192,MEDIUM,IN_PROGRESS,5212,18492,00:18,,UNKNOWN,True,False,28.19
INC-000934,2026-01-27,CRM_CLIENTS,FORMAT_CHECK,CHECK_261,MEDIUM,CLOSED,2266,15071,15:05,42.28,DATABASE_CORRUPTION,False,False,15.04
INC-000935,2025-12-04,INTERNET_BANK,SCHEMA_VALIDATION,CHECK_926,MEDIUM,CLOSED,53,95464,04:32,10.5,UNKNOWN,False,False,0.06
INC-000936,2025-12-31,CRM_CLIENTS,RANGE_CHECK,CHECK_802,MEDIUM,RESOLVED,1193,17984,02:54,7.43,DATA_DRIFT,False,False,6.63
INC-000937,2026-01-20,CREDIT_BUREAU,CONSISTENCY_CHECK,CHECK_411,HIGH,CLOSED,49,9007,08:16,12.87,SOURCE_SYSTEM_ERROR,False,False,0.54
INC-000938,2026-01-14,FRAUD_DETECTION,FRESHNESS_CHECK,CHECK_946,MEDIUM,CLOSED,49,4795,04:39,20.3,API_INTEGRATION_ISSUE,False,True,1.02
INC-000939,2025-11-28,CREDIT_BUREAU,SCHEMA_VALIDATION,CHECK_821,LOW,OPEN,619,642,08:17,,MANUAL_DATA_ENTRY,False,False,96.42
INC-000940,2025-12-18,SCORING_ENGINE,RANGE_CHECK,CHECK_813,MEDIUM,CLOSED,2728,80808,08:00,0.4,DATABASE_CORRUPTION,False,False,3.38
INC-000941,2026-03-10,LOAN_REGISTRY,CONSISTENCY_CHECK,CHECK_717,LOW,CLOSED,61,411337,23:07,14.81,API_INTEGRATION_ISSUE,False,False,0.01
INC-000942,2026-01-19,FRAUD_DETECTION,NULL_CHECK,CHECK_141,LOW,CLOSED,71,4217,19:11,37.53,SCHEMA_CHANGE,False,False,1.68
INC-000943,2025-11-24,INTERNET_BANK,COMPLETENESS_CHECK,CHECK_320,MEDIUM,RESOLVED,271,1736,18:47,11.77,CONFIGURATION_ERROR,False,False,15.61
INC-000944,2025-11-30,FRAUD_DETECTION,FRESHNESS_CHECK,CHECK_955,CRITICAL,CLOSED,24,6339,04:42,2.51,CONFIGURATION_ERROR,False,True,0.38
INC-000945,2026-02-27,FRAUD_DETECTION,ACCURACY_CHECK,CHECK_977,MEDIUM,CLOSED,3397,39382,14:23,3.42,UNKNOWN,False,False,8.63
INC-000946,2025-12-26,MOBILE_APP,FORMAT_CHECK,CHECK_435,LOW,IN_PROGRESS,24,8017,05:16,,ETL_PIPELINE_FAILURE,True,False,0.3
INC-000947,2025-11-09,FRAUD_DETECTION,DUPLICATE_CHECK,CHECK_251,MEDIUM,RESOLVED,41,7743,22:15,0.16,DATABASE_CORRUPTION,True,True,0.53
INC-000948,2025-11-18,INTERNET_BANK,NULL_CHECK,CHECK_193,LOW,IN_PROGRESS,5087,18660,15:11,,MANUAL_DATA_ENTRY,False,False,27.26
INC-000949,2025-11-04,CREDIT_BUREAU,FORMAT_CHECK,CHECK_828,MEDIUM,CLOSED,227,26946,16:55,2.07,DATABASE_CORRUPTION,False,False,0.84
INC-000950,2025-10-30,FRAUD_DETECTION,REFERENTIAL_INTEGRITY,CHECK_354,LOW,RESOLVED,7238,46004,01:21,3.99,MANUAL_DATA_ENTRY,False,False,15.73
INC-000951,2025-10-01,PAYMENT_SYSTEM,DUPLICATE_CHECK,CHECK_464,HIGH,CLOSED,95,12206,02:09,4.4,API_INTEGRATION_ISSUE,False,False,0.78
INC-000952,2026-03-04,LOAN_REGISTRY,FORMAT_CHECK,CHECK_505,LOW,RESOLVED,22903,11779,19:59,2.97,CONFIGURATION_ERROR,False,False,194.44
INC-000953,2025-10-20,FRAUD_DETECTION,RANGE_CHECK,CHECK_625,MEDIUM,IN_PROGRESS,508,471,04:53,,MANUAL_DATA_ENTRY,False,False,107.86
INC-000954,2025-11-20,LOAN_REGISTRY,FRESHNESS_CHECK,CHECK_150,MEDIUM,OPEN,32,143110,15:48,,UNKNOWN,False,False,0.02
INC-000955,2025-10-01,PAYMENT_SYSTEM,FORMAT_CHECK,CHECK_793,MEDIUM,RESOLVED,31,36487,13:49,5.09,DATA_DRIFT,False,False,0.08
INC-000956,2026-03-10,PAYMENT_SYSTEM,ACCURACY_CHECK,CHECK_406,MEDIUM,IN_PROGRESS,8,452312,12:15,,CONFIGURATION_ERROR,False,False,0.0
INC-000957,2026-01-16,LOAN_REGISTRY,COMPLETENESS_CHECK,CHECK_366,LOW,CLOSED,10,61219,21:28,27.91,DATABASE_CORRUPTION,False,False,0.02
INC-000958,2026-02-24,CRM_CLIENTS,RANGE_CHECK,CHECK_939,MEDIUM,OPEN,39,19011,23:40,,DATA_DRIFT,False,False,0.21
INC-000959,2025-10-18,SCORING_ENGINE,NULL_CHECK,CHECK_278,HIGH,RESOLVED,20,1127,05:13,0.76,SCHEMA_CHANGE,False,False,1.77
INC-000960,2025-10-20,MOBILE_APP,NULL_CHECK,CHECK_131,MEDIUM,RESOLVED,0,839,18:46,0.48,API_INTEGRATION_ISSUE,False,False,0.0
INC-000961,2025-10-26,CRM_CLIENTS,NULL_CHECK,CHECK_514,MEDIUM,CLOSED,798,179278,11:03,10.03,ETL_PIPELINE_FAILURE,False,False,0.45
INC-000962,2026-03-09,CRM_CLIENTS,NULL_CHECK,CHECK_975,MEDIUM,CLOSED,699,67717,20:16,26.17,NETWORK_TIMEOUT,False,False,1.03
INC-000963,2026-01-02,CREDIT_BUREAU,COMPLETENESS_CHECK,CHECK_563,LOW,CLOSED,274,412833,03:03,4.69,MANUAL_DATA_ENTRY,False,False,0.07
INC-000964,2025-11-10,MOBILE_APP,FORMAT_CHECK,CHECK_669,MEDIUM,REOPENED,15,141845,05:29,3.42,CONFIGURATION_ERROR,False,False,0.01
INC-000965,2026-03-05,MOBILE_APP,CONSISTENCY_CHECK,CHECK_866,LOW,IN_PROGRESS,3998,10485,12:30,,MANUAL_DATA_ENTRY,True,False,38.13
INC-000966,2026-01-29,CRM_CLIENTS,FORMAT_CHECK,CHECK_663,MEDIUM,RESOLVED,103,221,09:30,11.06,MANUAL_DATA_ENTRY,False,False,46.61
INC-000967,2026-03-14,FRAUD_DETECTION,REFERENTIAL_INTEGRITY,CHECK_355,HIGH,RESOLVED,28,73794,23:48,9.99,ETL_PIPELINE_FAILURE,False,False,0.04
INC-000968,2026-01-13,CREDIT_BUREAU,FRESHNESS_CHECK,CHECK_196,LOW,RESOLVED,236,2886,17:14,1.94,UNKNOWN,False,False,8.18
INC-000969,2026-01-31,CREDIT_BUREAU,DUPLICATE_CHECK,CHECK_573,LOW,CLOSED,210,15235,12:43,2.32,CONFIGURATION_ERROR,False,False,1.38
INC-000970,2025-11-12,PAYMENT_SYSTEM,CONSISTENCY_CHECK,CHECK_204,MEDIUM,RESOLVED,0,50222,22:24,3.97,BUSINESS_LOGIC_ERROR,False,False,0.0
INC-000971,2025-09-26,INTERNET_BANK,CONSISTENCY_CHECK,CHECK_923,LOW,RESOLVED,139,6239,15:16,2.78,DATA_DRIFT,False,False,2.23
INC-000972,2025-10-20,MOBILE_APP,FORMAT_CHECK,CHECK_912,MEDIUM,RESOLVED,188,4228,04:33,42.67,NETWORK_TIMEOUT,True,False,4.45
INC-000973,2025-11-15,CRM_CLIENTS,CONSISTENCY_CHECK,CHECK_243,MEDIUM,REOPENED,69,11916,13:00,0.23,MANUAL_DATA_ENTRY,False,False,0.58
INC-000974,2025-10-29,PAYMENT_SYSTEM,SCHEMA_VALIDATION,CHECK_224,LOW,CLOSED,10,367,09:59,11.8,CONFIGURATION_ERROR,False,False,2.72
INC-000975,2025-12-02,LOAN_REGISTRY,SCHEMA_VALIDATION,CHECK_112,HIGH,RESOLVED,11,2786,14:24,8.75,CONFIGURATION_ERROR,False,False,0.39
INC-000976,2025-10-16,SCORING_ENGINE,REFERENTIAL_INTEGRITY,CHECK_163,MEDIUM,IN_PROGRESS,414,2707,21:20,,MANUAL_DATA_ENTRY,False,False,15.29
INC-000977,2025-11-17,INTERNET_BANK,DUPLICATE_CHECK,CHECK_950,LOW,CLOSED,680,13743,16:43,26.23,SCHEMA_CHANGE,True,False,4.95
INC-000978,2025-09-04,INTERNET_BANK,ACCURACY_CHECK,CHECK_899,LOW,REOPENED,60,3313,01:06,13.31,CONFIGURATION_ERROR,True,False,1.81
INC-000979,2026-03-01,INTERNET_BANK,COMPLETENESS_CHECK,CHECK_327,MEDIUM,RESOLVED,318,7850,17:40,76.92,API_INTEGRATION_ISSUE,True,True,4.05
INC-000980,2026-01-15,CREDIT_BUREAU,FORMAT_CHECK,CHECK_233,MEDIUM,RESOLVED,59,9045,11:54,2.22,NETWORK_TIMEOUT,False,False,0.65
INC-000981,2025-10-03,LOAN_REGISTRY,COMPLETENESS_CHECK,CHECK_302,MEDIUM,CLOSED,26,1552491,13:39,1.1,NETWORK_TIMEOUT,False,True,0.0
INC-000982,2025-11-10,INTERNET_BANK,ACCURACY_CHECK,CHECK_943,LOW,CLOSED,227,102656,20:54,1.8,UNKNOWN,False,True,0.22
INC-000983,2025-09-12,LOAN_REGISTRY,FORMAT_CHECK,CHECK_510,LOW,RESOLVED,14,17313,08:21,3.76,DATABASE_CORRUPTION,False,False,0.08
INC-000984,2025-09-14,FRAUD_DETECTION,FORMAT_CHECK,CHECK_481,HIGH,CLOSED,6552,54076,08:17,6.47,MANUAL_DATA_ENTRY,False,False,12.12
INC-000985,2026-01-20,INTERNET_BANK,DUPLICATE_CHECK,CHECK_802,MEDIUM,CLOSED,8,138889,03:16,23.82,NETWORK_TIMEOUT,False,False,0.01
INC-000986,2025-11-14,SCORING_ENGINE,COMPLETENESS_CHECK,CHECK_745,MEDIUM,CLOSED,261,39165,20:37,4.0,SCHEMA_CHANGE,False,False,0.67
INC-000987,2026-02-26,LOAN_REGISTRY,SCHEMA_VALIDATION,CHECK_760,LOW,CLOSED,200,2785,12:29,29.62,BUSINESS_LOGIC_ERROR,False,False,7.18
INC-000988,2025-10-03,LOAN_REGISTRY,NULL_CHECK,CHECK_186,LOW,CLOSED,167,16747,21:47,7.46,MANUAL_DATA_ENTRY,False,False,1.0
INC-000989,2026-02-11,SCORING_ENGINE,COMPLETENESS_CHECK,CHECK_696,LOW,IN_PROGRESS,2883,3128,07:46,,DATA_DRIFT,False,False,92.17
INC-000990,2026-03-12,INTERNET_BANK,FRESHNESS_CHECK,CHECK_700,LOW,CLOSED,0,11405,21:37,3.68,MANUAL_DATA_ENTRY,False,False,0.0
INC-000991,2026-01-04,SCORING_ENGINE,FRESHNESS_CHECK,CHECK_365,HIGH,RESOLVED,338,16030,06:33,2.04,BUSINESS_LOGIC_ERROR,False,False,2.11
INC-000992,2025-09-27,LOAN_REGISTRY,FORMAT_CHECK,CHECK_932,MEDIUM,CLOSED,85,180802,10:43,24.43,UNKNOWN,False,False,0.05
INC-000993,2025-09-04,SCORING_ENGINE,NULL_CHECK,CHECK_176,MEDIUM,RESOLVED,477,4499,22:11,1.39,DATABASE_CORRUPTION,False,False,10.6
INC-000994,2026-01-25,LOAN_REGISTRY,RANGE_CHECK,CHECK_122,MEDIUM,CLOSED,165,3833,10:35,17.85,SOURCE_SYSTEM_ERROR,False,False,4.3
INC-000995,2025-11-12,LOAN_REGISTRY,ACCURACY_CHECK,CHECK_166,CRITICAL,RESOLVED,127,5250,00:43,10.44,MANUAL_DATA_ENTRY,False,False,2.42
INC-000996,2025-12-30,FRAUD_DETECTION,REFERENTIAL_INTEGRITY,CHECK_302,HIGH,RESOLVED,13,6515,00:53,23.69,API_INTEGRATION_ISSUE,True,False,0.2
INC-000997,2026-01-01,CRM_CLIENTS,NULL_CHECK,CHECK_761,LOW,IN_PROGRESS,38,11657,02:00,,CONFIGURATION_ERROR,False,False,0.33
INC-000998,2025-12-22,LOAN_REGISTRY,REFERENTIAL_INTEGRITY,CHECK_554,LOW,CLOSED,77887,42559,13:06,3.97,UNKNOWN,False,False,183.01
INC-000999,2025-11-27,INTERNET_BANK,COMPLETENESS_CHECK,CHECK_928,MEDIUM,CLOSED,485,4581,16:06,10.25,ETL_PIPELINE_FAILURE,False,False,10.59
INC-001000,2025-10-18,PAYMENT_SYSTEM,COMPLETENESS_CHECK,CHECK_231,MEDIUM,CLOSED,1218,27716,21:28,0.16,API_INTEGRATION_ISSUE,False,False,4.39
INC-001001,2025-09-14,CREDIT_BUREAU,REFERENTIAL_INTEGRITY,CHECK_194,MEDIUM,RESOLVED,73,28410,11:14,7.74,BUSINESS_LOGIC_ERROR,False,False,0.26
INC-001002,2025-11-04,MOBILE_APP,ACCURACY_CHECK,CHECK_967,LOW,OPEN,26,66659,23:18,,SCHEMA_CHANGE,True,False,0.04
INC-001003,2026-01-01,CRM_CLIENTS,NULL_CHECK,CHECK_949,LOW,CLOSED,701,14450,08:12,6.72,DATA_DRIFT,False,False,4.85
INC-001004,2025-09-30,CRM_CLIENTS,RANGE_CHECK,CHECK_928,MEDIUM,CLOSED,3,116328,01:01,1.39,BUSINESS_LOGIC_ERROR,False,False,0.0
INC-001005,2025-09-17,CRM_CLIENTS,FORMAT_CHECK,CHECK_439,MEDIUM,CLOSED,40,46076,19:05,37.34,ETL_PIPELINE_FAILURE,False,False,0.09
INC-001006,2025-12-12,FRAUD_DETECTION,DUPLICATE_CHECK,CHECK_225,HIGH,CLOSED,73,42123,01:38,8.88,BUSINESS_LOGIC_ERROR,False,True,0.17
INC-001007,2026-01-04,LOAN_REGISTRY,COMPLETENESS_CHECK,CHECK_143,HIGH,CLOSED,982,7321,21:57,29.33,UNKNOWN,False,False,13.41
INC-001008,2025-09-19,FRAUD_DETECTION,FRESHNESS_CHECK,CHECK_572,MEDIUM,RESOLVED,339,38144,06:38,0.27,CONFIGURATION_ERROR,False,False,0.89
INC-001009,2026-01-26,LOAN_REGISTRY,ACCURACY_CHECK,CHECK_151,LOW,CLOSED,57,44559,20:07,12.18,UNKNOWN,False,True,0.13
INC-001010,2026-02-09,INTERNET_BANK,DUPLICATE_CHECK,CHECK_272,LOW,CLOSED,310,6666,22:07,4.4,UNKNOWN,False,False,4.65
INC-001011,2026-02-23,FRAUD_DETECTION,RANGE_CHECK,CHECK_687,MEDIUM,CLOSED,80,240040,02:54,6.78,ETL_PIPELINE_FAILURE,False,False,0.03
INC-001012,2025-09-14,FRAUD_DETECTION,CONSISTENCY_CHECK,CHECK_543,LOW,CLOSED,1261,4184977,19:08,24.77,UNKNOWN,False,False,0.03
INC-001013,2025-10-09,CREDIT_BUREAU,FORMAT_CHECK,CHECK_941,LOW,OPEN,238,5917,12:42,,CONFIGURATION_ERROR,False,False,4.02
INC-001014,2025-10-09,PAYMENT_SYSTEM,COMPLETENESS_CHECK,CHECK_841,MEDIUM,RESOLVED,4783,8600,20:36,3.4,DATA_DRIFT,False,False,55.62
INC-001015,2026-01-23,FRAUD_DETECTION,FORMAT_CHECK,CHECK_504,MEDIUM,OPEN,85,9044,05:57,,NETWORK_TIMEOUT,False,False,0.94
INC-001016,2025-11-17,CREDIT_BUREAU,DUPLICATE_CHECK,CHECK_608,LOW,IN_PROGRESS,1721,1604,03:44,,ETL_PIPELINE_FAILURE,False,True,107.29
INC-001017,2025-09-22,SCORING_ENGINE,FORMAT_CHECK,CHECK_130,MEDIUM,CLOSED,177,3817,05:16,36.29,SOURCE_SYSTEM_ERROR,True,False,4.64
INC-001018,2025-11-03,PAYMENT_SYSTEM,CONSISTENCY_CHECK,CHECK_491,LOW,CLOSED,36,122327,09:29,9.92,BUSINESS_LOGIC_ERROR,False,True,0.03
INC-001019,2025-10-01,INTERNET_BANK,DUPLICATE_CHECK,CHECK_799,LOW,IN_PROGRESS,26988,18694,21:59,,API_INTEGRATION_ISSUE,True,False,144.37
INC-001020,2026-01-21,FRAUD_DETECTION,COMPLETENESS_CHECK,CHECK_536,LOW,RESOLVED,2037,1022777,02:40,26.76,BUSINESS_LOGIC_ERROR,False,False,0.2
INC-001021,2025-12-16,MOBILE_APP,NULL_CHECK,CHECK_276,LOW,CLOSED,237,12369,14:59,1.65,DATA_DRIFT,False,False,1.92
INC-001022,2026-02-03,CRM_CLIENTS,FRESHNESS_CHECK,CHECK_462,LOW,CLOSED,686,50650,08:49,4.47,DATA_DRIFT,False,False,1.35
INC-001023,2026-01-31,SCORING_ENGINE,DUPLICATE_CHECK,CHECK_319,LOW,RESOLVED,17,3609,13:44,3.34,CONFIGURATION_ERROR,False,False,0.47
INC-001024,2026-02-06,SCORING_ENGINE,SCHEMA_VALIDATION,CHECK_291,MEDIUM,CLOSED,18,17670,21:49,10.19,DATA_DRIFT,True,False,0.1
INC-001025,2025-10-28,INTERNET_BANK,CONSISTENCY_CHECK,CHECK_381,HIGH,RESOLVED,1377,26255,10:16,19.48,ETL_PIPELINE_FAILURE,False,True,5.24
INC-001026,2026-01-12,CREDIT_BUREAU,DUPLICATE_CHECK,CHECK_386,MEDIUM,IN_PROGRESS,149,327,05:49,,UNKNOWN,True,False,45.57
INC-001027,2025-12-07,SCORING_ENGINE,DUPLICATE_CHECK,CHECK_556,LOW,IN_PROGRESS,108,4230,02:17,,API_INTEGRATION_ISSUE,False,False,2.55
INC-001028,2025-12-25,PAYMENT_SYSTEM,SCHEMA_VALIDATION,CHECK_252,HIGH,IN_PROGRESS,83,78579,01:24,,DATA_DRIFT,False,False,0.11
INC-001029,2025-12-23,FRAUD_DETECTION,COMPLETENESS_CHECK,CHECK_135,CRITICAL,RESOLVED,201,70638,12:21,1.8,MANUAL_DATA_ENTRY,False,False,0.28
INC-001030,2025-11-16,FRAUD_DETECTION,DUPLICATE_CHECK,CHECK_728,HIGH,CLOSED,89,1813,01:16,2.84,UNKNOWN,False,False,4.91
INC-001031,2026-01-29,MOBILE_APP,FRESHNESS_CHECK,CHECK_734,LOW,CLOSED,2,10700,08:11,16.24,MANUAL_DATA_ENTRY,False,False,0.02
INC-001032,2025-12-19,INTERNET_BANK,FORMAT_CHECK,CHECK_731,LOW,RESOLVED,2519,192,14:04,1.92,CONFIGURATION_ERROR,True,False,1311.98
INC-001033,2025-11-18,CRM_CLIENTS,COMPLETENESS_CHECK,CHECK_351,LOW,RESOLVED,118,21875,15:59,3.03,DATA_DRIFT,False,False,0.54
INC-001034,2026-01-24,CREDIT_BUREAU,FRESHNESS_CHECK,CHECK_762,MEDIUM,RESOLVED,5785,273922,06:39,6.63,DATA_DRIFT,False,False,2.11
INC-001035,2026-02-06,CRM_CLIENTS,COMPLETENESS_CHECK,CHECK_402,LOW,CLOSED,4,298714,12:11,0.9,SOURCE_SYSTEM_ERROR,False,False,0.0
INC-001036,2025-09-16,SCORING_ENGINE,FRESHNESS_CHECK,CHECK_610,LOW,CLOSED,4,278211,20:31,2.87,API_INTEGRATION_ISSUE,True,False,0.0
INC-001037,2026-02-04,INTERNET_BANK,CONSISTENCY_CHECK,CHECK_521,MEDIUM,IN_PROGRESS,85,63192,03:09,,DATA_DRIFT,False,False,0.13
INC-001038,2026-03-09,MOBILE_APP,FRESHNESS_CHECK,CHECK_663,MEDIUM,OPEN,1048,223330,17:49,,SOURCE_SYSTEM_ERROR,False,True,0.47
INC-001039,2025-09-26,CRM_CLIENTS,REFERENTIAL_INTEGRITY,CHECK_590,HIGH,CLOSED,12,15085,13:13,2.55,CONFIGURATION_ERROR,False,False,0.08
INC-001040,2025-10-24,PAYMENT_SYSTEM,FRESHNESS_CHECK,CHECK_162,LOW,CLOSED,11,7756,19:41,23.75,BUSINESS_LOGIC_ERROR,False,True,0.14
INC-001041,2026-02-08,FRAUD_DETECTION,NULL_CHECK,CHECK_189,MEDIUM,RESOLVED,312,215610,03:58,1.46,UNKNOWN,False,False,0.14
INC-001042,2025-10-25,SCORING_ENGINE,NULL_CHECK,CHECK_386,MEDIUM,CLOSED,79,39219,14:45,24.45,SOURCE_SYSTEM_ERROR,True,False,0.2
INC-001043,2025-11-07,MOBILE_APP,ACCURACY_CHECK,CHECK_492,LOW,CLOSED,440,607,08:06,10.98,MANUAL_DATA_ENTRY,False,True,72.49
INC-001044,2026-02-17,CRM_CLIENTS,REFERENTIAL_INTEGRITY,CHECK_240,MEDIUM,RESOLVED,82,250986,01:04,22.74,MANUAL_DATA_ENTRY,True,False,0.03
INC-001045,2025-09-21,CREDIT_BUREAU,REFERENTIAL_INTEGRITY,CHECK_529,MEDIUM,RESOLVED,320,14190,02:36,24.24,ETL_PIPELINE_FAILURE,False,False,2.26
INC-001046,2025-10-11,PAYMENT_SYSTEM,FORMAT_CHECK,CHECK_304,LOW,RESOLVED,2280,5800,23:16,10.89,SOURCE_SYSTEM_ERROR,False,True,39.31
INC-001047,2025-11-01,PAYMENT_SYSTEM,REFERENTIAL_INTEGRITY,CHECK_758,CRITICAL,CLOSED,12,156030,14:01,29.97,API_INTEGRATION_ISSUE,False,False,0.01
INC-001048,2025-10-15,CRM_CLIENTS,FORMAT_CHECK,CHECK_916,LOW,REOPENED,1586,119149,15:09,10.57,NETWORK_TIMEOUT,False,False,1.33
INC-001049,2026-01-20,FRAUD_DETECTION,ACCURACY_CHECK,CHECK_638,MEDIUM,CLOSED,4,3249,20:40,14.96,UNKNOWN,False,False,0.12
INC-001050,2025-09-20,CRM_CLIENTS,ACCURACY_CHECK,CHECK_355,LOW,CLOSED,502,16087,00:59,6.46,UNKNOWN,False,False,3.12
INC-001051,2025-10-11,SCORING_ENGINE,CONSISTENCY_CHECK,CHECK_745,LOW,CLOSED,2536,3580,01:42,29.45,BUSINESS_LOGIC_ERROR,True,False,70.84
INC-001052,2025-09-01,CRM_CLIENTS,NULL_CHECK,CHECK_921,MEDIUM,CLOSED,52,3774,12:17,20.86,DATABASE_CORRUPTION,False,False,1.38
INC-001053,2025-12-14,PAYMENT_SYSTEM,FRESHNESS_CHECK,CHECK_656,MEDIUM,CLOSED,538,55,04:44,2.19,CONFIGURATION_ERROR,False,False,978.18
INC-001054,2025-12-25,MOBILE_APP,FRESHNESS_CHECK,CHECK_913,LOW,IN_PROGRESS,56,2898,10:57,,DATA_DRIFT,False,False,1.93
INC-001055,2026-02-24,CRM_CLIENTS,SCHEMA_VALIDATION,CHECK_119,LOW,RESOLVED,478,15641,12:36,27.26,BUSINESS_LOGIC_ERROR,False,True,3.06
INC-001056,2026-01-31,FRAUD_DETECTION,SCHEMA_VALIDATION,CHECK_491,LOW,CLOSED,1,76,00:32,18.9,SOURCE_SYSTEM_ERROR,False,False,1.32
INC-001057,2025-12-30,INTERNET_BANK,RANGE_CHECK,CHECK_900,LOW,CLOSED,205,1416,22:49,39.42,API_INTEGRATION_ISSUE,False,False,14.48
INC-001058,2025-11-14,MOBILE_APP,COMPLETENESS_CHECK,CHECK_830,HIGH,RESOLVED,327,74169,15:30,3.16,CONFIGURATION_ERROR,False,False,0.44
INC-001059,2025-09-09,CREDIT_BUREAU,CONSISTENCY_CHECK,CHECK_467,MEDIUM,CLOSED,2184,1306,13:25,5.5,ETL_PIPELINE_FAILURE,False,False,167.23
INC-001060,2025-10-30,LOAN_REGISTRY,RANGE_CHECK,CHECK_591,LOW,CLOSED,944,16083,23:49,8.49,CONFIGURATION_ERROR,False,True,5.87
INC-001061,2025-11-13,CRM_CLIENTS,RANGE_CHECK,CHECK_657,MEDIUM,RESOLVED,107,806,02:34,3.18,BUSINESS_LOGIC_ERROR,False,False,13.28
INC-001062,2026-02-28,FRAUD_DETECTION,DUPLICATE_CHECK,CHECK_900,HIGH,CLOSED,253,49954,07:00,6.01,BUSINESS_LOGIC_ERROR,False,False,0.51
INC-001063,2025-11-12,MOBILE_APP,DUPLICATE_CHECK,CHECK_596,MEDIUM,RESOLVED,8,11481,12:44,9.25,DATABASE_CORRUPTION,False,False,0.07
INC-001064,2026-02-27,FRAUD_DETECTION,RANGE_CHECK,CHECK_452,HIGH,CLOSED,3976,3514,15:07,2.55,UNKNOWN,False,False,113.15
INC-001065,2025-12-26,CREDIT_BUREAU,REFERENTIAL_INTEGRITY,CHECK_679,MEDIUM,RESOLVED,591,111,18:34,3.56,NETWORK_TIMEOUT,False,False,532.43
INC-001066,2025-09-19,PAYMENT_SYSTEM,COMPLETENESS_CHECK,CHECK_614,LOW,CLOSED,3,3685,11:21,1.6,API_INTEGRATION_ISSUE,False,False,0.08
INC-001067,2026-02-23,FRAUD_DETECTION,CONSISTENCY_CHECK,CHECK_429,MEDIUM,OPEN,242,83240,21:19,,ETL_PIPELINE_FAILURE,False,True,0.29
INC-001068,2025-10-30,MOBILE_APP,RANGE_CHECK,CHECK_497,MEDIUM,IN_PROGRESS,282,489000,12:03,,SCHEMA_CHANGE,False,False,0.06
INC-001069,2025-11-07,FRAUD_DETECTION,FRESHNESS_CHECK,CHECK_376,LOW,CLOSED,31,14206,20:41,2.99,CONFIGURATION_ERROR,False,False,0.22
INC-001070,2026-02-08,FRAUD_DETECTION,COMPLETENESS_CHECK,CHECK_284,LOW,RESOLVED,180,18030,02:23,8.49,NETWORK_TIMEOUT,False,False,1.0
INC-001071,2026-01-29,FRAUD_DETECTION,DUPLICATE_CHECK,CHECK_126,MEDIUM,RESOLVED,25,5682,17:54,0.85,API_INTEGRATION_ISSUE,False,False,0.44
INC-001072,2026-02-17,SCORING_ENGINE,FRESHNESS_CHECK,CHECK_426,MEDIUM,OPEN,8,257446,10:05,,BUSINESS_LOGIC_ERROR,True,False,0.0
INC-001073,2025-10-21,SCORING_ENGINE,DUPLICATE_CHECK,CHECK_711,LOW,CLOSED,43,13611,14:48,4.19,MANUAL_DATA_ENTRY,False,False,0.32
INC-001074,2025-12-18,PAYMENT_SYSTEM,DUPLICATE_CHECK,CHECK_324,LOW,CLOSED,209,131591,09:41,26.11,API_INTEGRATION_ISSUE,True,True,0.16
INC-001075,2025-09-30,CRM_CLIENTS,COMPLETENESS_CHECK,CHECK_130,LOW,IN_PROGRESS,950,36185,06:11,,CONFIGURATION_ERROR,False,False,2.63
INC-001076,2026-01-18,FRAUD_DETECTION,DUPLICATE_CHECK,CHECK_930,LOW,CLOSED,170,28164,17:02,22.78,API_INTEGRATION_ISSUE,False,True,0.6
INC-001077,2025-10-28,CREDIT_BUREAU,ACCURACY_CHECK,CHECK_897,LOW,CLOSED,968,2862,12:42,3.41,DATABASE_CORRUPTION,True,False,33.82
INC-001078,2026-02-13,CRM_CLIENTS,NULL_CHECK,CHECK_387,MEDIUM,CLOSED,543,778550,06:19,2.31,DATABASE_CORRUPTION,False,False,0.07
INC-001079,2025-10-09,CREDIT_BUREAU,ACCURACY_CHECK,CHECK_159,LOW,RESOLVED,18,413274,22:24,22.72,API_INTEGRATION_ISSUE,False,False,0.0
INC-001080,2025-11-08,CRM_CLIENTS,NULL_CHECK,CHECK_928,MEDIUM,CLOSED,534,2081066,03:40,2.87,DATABASE_CORRUPTION,False,False,0.03
INC-001081,2025-10-07,PAYMENT_SYSTEM,SCHEMA_VALIDATION,CHECK_583,LOW,IN_PROGRESS,565,2443,22:22,,NETWORK_TIMEOUT,False,False,23.13
INC-001082,2025-09-19,FRAUD_DETECTION,SCHEMA_VALIDATION,CHECK_642,LOW,RESOLVED,4834,37348,15:05,5.07,SOURCE_SYSTEM_ERROR,False,False,12.94
INC-001083,2025-09-16,FRAUD_DETECTION,DUPLICATE_CHECK,CHECK_466,HIGH,IN_PROGRESS,337,4506,20:28,,MANUAL_DATA_ENTRY,True,False,7.48
INC-001084,2025-10-13,LOAN_REGISTRY,CONSISTENCY_CHECK,CHECK_885,MEDIUM,CLOSED,12,53493,23:12,28.59,UNKNOWN,False,False,0.02
INC-001085,2025-11-18,CREDIT_BUREAU,CONSISTENCY_CHECK,CHECK_698,MEDIUM,IN_PROGRESS,49,39515,04:02,,CONFIGURATION_ERROR,False,False,0.12
INC-001086,2026-01-31,CRM_CLIENTS,NULL_CHECK,CHECK_338,MEDIUM,CLOSED,3,9624,06:01,5.35,CONFIGURATION_ERROR,False,False,0.03
INC-001087,2026-03-11,CRM_CLIENTS,FRESHNESS_CHECK,CHECK_263,LOW,RESOLVED,411,13943,23:37,5.5,CONFIGURATION_ERROR,False,False,2.95
INC-001088,2026-01-24,INTERNET_BANK,COMPLETENESS_CHECK,CHECK_202,MEDIUM,IN_PROGRESS,4055,1441992,07:31,,MANUAL_DATA_ENTRY,False,False,0.28
INC-001089,2025-11-13,INTERNET_BANK,DUPLICATE_CHECK,CHECK_353,LOW,RESOLVED,1,16804,12:04,23.73,CONFIGURATION_ERROR,False,False,0.01
INC-001090,2025-12-22,SCORING_ENGINE,COMPLETENESS_CHECK,CHECK_772,HIGH,RESOLVED,4413,269,17:41,0.55,BUSINESS_LOGIC_ERROR,False,False,1640.52
INC-001091,2025-10-02,LOAN_REGISTRY,ACCURACY_CHECK,CHECK_346,LOW,RESOLVED,401,7537,09:31,10.22,NETWORK_TIMEOUT,False,False,5.32
INC-001092,2025-12-29,MOBILE_APP,CONSISTENCY_CHECK,CHECK_372,LOW,RESOLVED,17,2463,17:53,2.4,NETWORK_TIMEOUT,False,False,0.69
INC-001093,2026-02-24,INTERNET_BANK,REFERENTIAL_INTEGRITY,CHECK_646,LOW,IN_PROGRESS,247,3499,14:01,,CONFIGURATION_ERROR,False,True,7.06
INC-001094,2025-11-17,MOBILE_APP,ACCURACY_CHECK,CHECK_935,MEDIUM,RESOLVED,18,91007,01:21,1.79,ETL_PIPELINE_FAILURE,True,False,0.02
INC-001095,2026-02-27,SCORING_ENGINE,ACCURACY_CHECK,CHECK_910,LOW,RESOLVED,358,130852,01:21,9.83,DATABASE_CORRUPTION,False,True,0.27
INC-001096,2025-12-13,SCORING_ENGINE,NULL_CHECK,CHECK_854,MEDIUM,OPEN,168,4080,23:02,,DATA_DRIFT,False,False,4.12
INC-001097,2025-11-09,SCORING_ENGINE,FORMAT_CHECK,CHECK_157,CRITICAL,CLOSED,286,7321,12:07,33.19,BUSINESS_LOGIC_ERROR,True,False,3.91
INC-001098,2026-01-07,CREDIT_BUREAU,ACCURACY_CHECK,CHECK_882,MEDIUM,CLOSED,23,5451,06:51,22.55,API_INTEGRATION_ISSUE,False,False,0.42
INC-001099,2026-01-17,CREDIT_BUREAU,DUPLICATE_CHECK,CHECK_324,CRITICAL,CLOSED,31,458726,20:42,3.38,BUSINESS_LOGIC_ERROR,False,False,0.01
INC-001100,2026-01-05,PAYMENT_SYSTEM,RANGE_CHECK,CHECK_689,LOW,RESOLVED,404,138912,16:29,10.2,BUSINESS_LOGIC_ERROR,False,False,0.29
INC-001101,2025-12-22,PAYMENT_SYSTEM,RANGE_CHECK,CHECK_966,MEDIUM,CLOSED,54,85295,21:55,36.84,NETWORK_TIMEOUT,False,False,0.06
INC-001102,2025-09-21,SCORING_ENGINE,DUPLICATE_CHECK,CHECK_916,LOW,CLOSED,199,2795,17:09,15.97,CONFIGURATION_ERROR,False,False,7.12
INC-001103,2026-02-01,LOAN_REGISTRY,FORMAT_CHECK,CHECK_497,LOW,OPEN,367,721,23:37,,DATABASE_CORRUPTION,False,False,50.9
INC-001104,2025-09-11,CRM_CLIENTS,FORMAT_CHECK,CHECK_463,MEDIUM,OPEN,95,258061,07:59,,ETL_PIPELINE_FAILURE,False,False,0.04
INC-001105,2025-12-20,CREDIT_BUREAU,NULL_CHECK,CHECK_959,LOW,IN_PROGRESS,1495,1022573,02:02,,MANUAL_DATA_ENTRY,False,False,0.15
INC-001106,2026-03-08,LOAN_REGISTRY,CONSISTENCY_CHECK,CHECK_965,CRITICAL,IN_PROGRESS,102,656,23:09,,DATA_DRIFT,True,False,15.55
INC-001107,2025-11-22,FRAUD_DETECTION,COMPLETENESS_CHECK,CHECK_277,MEDIUM,IN_PROGRESS,96,1949285,15:41,,SOURCE_SYSTEM_ERROR,False,False,0.0
INC-001108,2026-02-02,CREDIT_BUREAU,FORMAT_CHECK,CHECK_280,CRITICAL,CLOSED,41,17818,00:30,6.71,API_INTEGRATION_ISSUE,False,False,0.23
INC-001109,2025-11-04,CREDIT_BUREAU,REFERENTIAL_INTEGRITY,CHECK_342,LOW,RESOLVED,1187,30833,19:02,26.48,BUSINESS_LOGIC_ERROR,False,False,3.85
INC-001110,2025-09-07,PAYMENT_SYSTEM,NULL_CHECK,CHECK_706,LOW,REOPENED,36,1578,07:44,0.23,ETL_PIPELINE_FAILURE,False,False,2.28
INC-001111,2025-09-24,CRM_CLIENTS,SCHEMA_VALIDATION,CHECK_425,MEDIUM,IN_PROGRESS,1824,633,20:08,,BUSINESS_LOGIC_ERROR,False,False,288.15
INC-001112,2025-10-29,CRM_CLIENTS,FRESHNESS_CHECK,CHECK_925,MEDIUM,RESOLVED,205,238,00:11,3.72,DATABASE_CORRUPTION,False,False,86.13
INC-001113,2026-02-20,INTERNET_BANK,SCHEMA_VALIDATION,CHECK_855,LOW,REOPENED,31703,173103,20:03,2.66,UNKNOWN,False,True,18.31
INC-001114,2026-01-26,MOBILE_APP,NULL_CHECK,CHECK_814,MEDIUM,CLOSED,39,18667,09:52,21.88,BUSINESS_LOGIC_ERROR,False,False,0.21
INC-001115,2026-01-29,MOBILE_APP,ACCURACY_CHECK,CHECK_467,LOW,RESOLVED,1901,55357,03:29,14.31,MANUAL_DATA_ENTRY,True,False,3.43
INC-001116,2025-09-06,MOBILE_APP,COMPLETENESS_CHECK,CHECK_705,MEDIUM,CLOSED,411,212401,19:10,1.43,ETL_PIPELINE_FAILURE,False,False,0.19
INC-001117,2026-02-20,MOBILE_APP,FRESHNESS_CHECK,CHECK_128,MEDIUM,CLOSED,53,18185,18:04,8.19,CONFIGURATION_ERROR,False,False,0.29
INC-001118,2025-11-08,FRAUD_DETECTION,SCHEMA_VALIDATION,CHECK_820,LOW,RESOLVED,422,646244,03:07,7.55,CONFIGURATION_ERROR,False,False,0.07
INC-001119,2026-01-26,FRAUD_DETECTION,FRESHNESS_CHECK,CHECK_817,MEDIUM,IN_PROGRESS,383,4226,15:38,,API_INTEGRATION_ISSUE,False,False,9.06
INC-001120,2025-09-11,CREDIT_BUREAU,REFERENTIAL_INTEGRITY,CHECK_460,LOW,CLOSED,76,9554,19:14,19.3,NETWORK_TIMEOUT,False,False,0.8
INC-001121,2026-03-13,SCORING_ENGINE,REFERENTIAL_INTEGRITY,CHECK_681,LOW,RESOLVED,349,3620,02:51,5.48,DATA_DRIFT,False,False,9.64
INC-001122,2025-10-15,PAYMENT_SYSTEM,REFERENTIAL_INTEGRITY,CHECK_677,HIGH,IN_PROGRESS,1520,117126,06:27,,API_INTEGRATION_ISSUE,True,False,1.3
INC-001123,2025-12-30,PAYMENT_SYSTEM,NULL_CHECK,CHECK_245,CRITICAL,RESOLVED,412,204254,10:51,2.56,API_INTEGRATION_ISSUE,False,False,0.2
INC-001124,2026-01-11,MOBILE_APP,COMPLETENESS_CHECK,CHECK_676,LOW,RESOLVED,64,8903,23:43,4.54,DATABASE_CORRUPTION,False,False,0.72
INC-001125,2026-02-14,CREDIT_BUREAU,NULL_CHECK,CHECK_292,LOW,CLOSED,57,1357,12:20,1.2,SOURCE_SYSTEM_ERROR,False,False,4.2
INC-001126,2025-12-23,INTERNET_BANK,RANGE_CHECK,CHECK_956,HIGH,IN_PROGRESS,124,258131,03:43,,SCHEMA_CHANGE,False,False,0.05
INC-001127,2025-11-11,LOAN_REGISTRY,ACCURACY_CHECK,CHECK_929,LOW,CLOSED,1373,3783,18:34,25.77,SOURCE_SYSTEM_ERROR,False,False,36.29
INC-001128,2025-10-17,SCORING_ENGINE,ACCURACY_CHECK,CHECK_604,MEDIUM,RESOLVED,32,9841,04:20,1.39,DATABASE_CORRUPTION,False,False,0.33
INC-001129,2026-01-28,CREDIT_BUREAU,REFERENTIAL_INTEGRITY,CHECK_655,MEDIUM,RESOLVED,325,2574,06:48,1.21,ETL_PIPELINE_FAILURE,False,False,12.63
INC-001130,2025-12-21,SCORING_ENGINE,RANGE_CHECK,CHECK_416,LOW,IN_PROGRESS,6,39140,01:37,,DATABASE_CORRUPTION,False,False,0.02
INC-001131,2026-02-10,SCORING_ENGINE,FORMAT_CHECK,CHECK_279,HIGH,CLOSED,487,4722,05:21,12.46,DATA_DRIFT,False,False,10.31
INC-001132,2026-01-04,SCORING_ENGINE,FORMAT_CHECK,CHECK_602,LOW,CLOSED,667,89573,02:07,1.28,DATABASE_CORRUPTION,False,False,0.74
INC-001133,2025-09-24,CREDIT_BUREAU,REFERENTIAL_INTEGRITY,CHECK_138,MEDIUM,RESOLVED,8563,7190,08:09,42.79,API_INTEGRATION_ISSUE,False,False,119.1
INC-001134,2025-12-30,MOBILE_APP,SCHEMA_VALIDATION,CHECK_192,LOW,IN_PROGRESS,944,64581,13:10,,SOURCE_SYSTEM_ERROR,False,False,1.46
INC-001135,2025-11-29,PAYMENT_SYSTEM,NULL_CHECK,CHECK_157,MEDIUM,CLOSED,66,3465,22:23,17.45,NETWORK_TIMEOUT,False,False,1.9
INC-001136,2025-12-14,PAYMENT_SYSTEM,REFERENTIAL_INTEGRITY,CHECK_338,MEDIUM,CLOSED,6,255895,17:10,0.43,NETWORK_TIMEOUT,False,False,0.0
INC-001137,2025-11-25,MOBILE_APP,CONSISTENCY_CHECK,CHECK_716,LOW,OPEN,415,8104,14:15,,API_INTEGRATION_ISSUE,False,False,5.12
INC-001138,2025-11-22,SCORING_ENGINE,FRESHNESS_CHECK,CHECK_324,HIGH,CLOSED,77,26374,18:02,9.49,SOURCE_SYSTEM_ERROR,False,False,0.29
INC-001139,2026-02-19,LOAN_REGISTRY,ACCURACY_CHECK,CHECK_120,MEDIUM,CLOSED,289,2047,04:06,2.8,MANUAL_DATA_ENTRY,False,False,14.12
INC-001140,2025-09-27,CRM_CLIENTS,FORMAT_CHECK,CHECK_639,MEDIUM,RESOLVED,35,21329,20:39,12.37,SOURCE_SYSTEM_ERROR,False,False,0.16
INC-001141,2025-10-12,CREDIT_BUREAU,DUPLICATE_CHECK,CHECK_589,HIGH,RESOLVED,104,2204,12:49,11.52,SOURCE_SYSTEM_ERROR,False,True,4.72
INC-001142,2025-11-24,CRM_CLIENTS,FORMAT_CHECK,CHECK_100,LOW,IN_PROGRESS,4,20175,05:01,,API_INTEGRATION_ISSUE,False,False,0.02
INC-001143,2025-12-15,INTERNET_BANK,ACCURACY_CHECK,CHECK_439,MEDIUM,CLOSED,18,3219,15:05,25.04,DATABASE_CORRUPTION,False,False,0.56
INC-001144,2026-02-25,MOBILE_APP,FRESHNESS_CHECK,CHECK_728,MEDIUM,CLOSED,13,16143,00:00,8.56,SOURCE_SYSTEM_ERROR,False,False,0.08
INC-001145,2026-01-05,LOAN_REGISTRY,ACCURACY_CHECK,CHECK_306,MEDIUM,RESOLVED,850,55929,05:59,8.09,ETL_PIPELINE_FAILURE,False,False,1.52
INC-001146,2025-11-13,CREDIT_BUREAU,DUPLICATE_CHECK,CHECK_925,MEDIUM,RESOLVED,28,1415,02:45,11.66,MANUAL_DATA_ENTRY,False,False,1.98
INC-001147,2026-02-17,MOBILE_APP,REFERENTIAL_INTEGRITY,CHECK_233,HIGH,RESOLVED,2335,20190,20:37,15.68,DATABASE_CORRUPTION,False,False,11.57
INC-001148,2025-12-12,SCORING_ENGINE,RANGE_CHECK,CHECK_448,MEDIUM,CLOSED,28,49842,09:26,5.28,UNKNOWN,False,False,0.06
INC-001149,2026-03-14,PAYMENT_SYSTEM,DUPLICATE_CHECK,CHECK_834,MEDIUM,RESOLVED,9817,49421,22:51,8.43,SCHEMA_CHANGE,True,False,19.86
INC-001150,2026-01-19,CRM_CLIENTS,ACCURACY_CHECK,CHECK_281,LOW,RESOLVED,3,1021481,15:44,10.56,MANUAL_DATA_ENTRY,False,False,0.0
INC-001151,2025-09-10,FRAUD_DETECTION,ACCURACY_CHECK,CHECK_921,LOW,RESOLVED,346,4969,04:13,53.46,CONFIGURATION_ERROR,False,False,6.96
INC-001152,2025-12-26,FRAUD_DETECTION,CONSISTENCY_CHECK,CHECK_964,MEDIUM,RESOLVED,160,21903,04:40,10.63,MANUAL_DATA_ENTRY,False,False,0.73
INC-001153,2025-09-23,LOAN_REGISTRY,CONSISTENCY_CHECK,CHECK_989,HIGH,RESOLVED,13,726100,08:33,3.05,DATA_DRIFT,False,False,0.0
INC-001154,2025-11-20,SCORING_ENGINE,COMPLETENESS_CHECK,CHECK_431,MEDIUM,IN_PROGRESS,49,1413,14:26,,API_INTEGRATION_ISSUE,False,False,3.47
INC-001155,2025-11-04,INTERNET_BANK,CONSISTENCY_CHECK,CHECK_160,HIGH,OPEN,88,222,07:11,,MANUAL_DATA_ENTRY,False,False,39.64
INC-001156,2025-11-22,CRM_CLIENTS,NULL_CHECK,CHECK_122,HIGH,CLOSED,244,64288,19:44,23.37,ETL_PIPELINE_FAILURE,False,False,0.38
INC-001157,2025-09-30,SCORING_ENGINE,RANGE_CHECK,CHECK_251,MEDIUM,IN_PROGRESS,22,177450,01:38,,CONFIGURATION_ERROR,False,False,0.01
INC-001158,2025-12-13,CRM_CLIENTS,FRESHNESS_CHECK,CHECK_700,MEDIUM,OPEN,347,323,05:45,,SCHEMA_CHANGE,False,True,107.43
INC-001159,2026-01-10,LOAN_REGISTRY,DUPLICATE_CHECK,CHECK_821,MEDIUM,CLOSED,188,11619,15:39,4.89,UNKNOWN,False,False,1.62
INC-001160,2025-09-01,LOAN_REGISTRY,ACCURACY_CHECK,CHECK_245,HIGH,IN_PROGRESS,705,2875,02:40,,SCHEMA_CHANGE,False,False,24.52
INC-001161,2026-02-16,INTERNET_BANK,COMPLETENESS_CHECK,CHECK_892,CRITICAL,CLOSED,26,40919,09:22,18.15,NETWORK_TIMEOUT,False,False,0.06
INC-001162,2026-01-17,FRAUD_DETECTION,COMPLETENESS_CHECK,CHECK_213,HIGH,RESOLVED,65,20584,13:00,3.69,NETWORK_TIMEOUT,False,True,0.32
INC-001163,2025-12-28,SCORING_ENGINE,FRESHNESS_CHECK,CHECK_966,HIGH,IN_PROGRESS,2655,301912,17:15,,BUSINESS_LOGIC_ERROR,False,False,0.88
INC-001164,2025-12-15,CREDIT_BUREAU,RANGE_CHECK,CHECK_638,MEDIUM,RESOLVED,24,1495,06:07,21.35,CONFIGURATION_ERROR,False,False,1.61
INC-001165,2025-09-14,FRAUD_DETECTION,DUPLICATE_CHECK,CHECK_981,MEDIUM,OPEN,9,47670,16:06,,ETL_PIPELINE_FAILURE,False,False,0.02
INC-001166,2025-10-19,SCORING_ENGINE,FORMAT_CHECK,CHECK_473,HIGH,CLOSED,42,76360,19:23,42.57,API_INTEGRATION_ISSUE,True,False,0.06
INC-001167,2026-01-11,FRAUD_DETECTION,CONSISTENCY_CHECK,CHECK_174,MEDIUM,RESOLVED,4,24359,17:32,66.18,ETL_PIPELINE_FAILURE,False,False,0.02
INC-001168,2025-12-02,CREDIT_BUREAU,REFERENTIAL_INTEGRITY,CHECK_482,MEDIUM,IN_PROGRESS,4212,397,07:29,,BUSINESS_LOGIC_ERROR,True,False,1060.96
INC-001169,2026-02-07,PAYMENT_SYSTEM,COMPLETENESS_CHECK,CHECK_821,HIGH,IN_PROGRESS,84,50568,20:42,,ETL_PIPELINE_FAILURE,False,False,0.17
INC-001170,2026-03-13,PAYMENT_SYSTEM,CONSISTENCY_CHECK,CHECK_778,CRITICAL,RESOLVED,85,5108,06:17,1.19,API_INTEGRATION_ISSUE,False,False,1.66
INC-001171,2026-01-06,INTERNET_BANK,CONSISTENCY_CHECK,CHECK_505,MEDIUM,IN_PROGRESS,655,674,01:12,,DATABASE_CORRUPTION,False,False,97.18
INC-001172,2026-02-08,PAYMENT_SYSTEM,NULL_CHECK,CHECK_700,LOW,RESOLVED,34,46092,03:50,2.98,API_INTEGRATION_ISSUE,False,False,0.07
INC-001173,2025-12-23,PAYMENT_SYSTEM,RANGE_CHECK,CHECK_203,MEDIUM,RESOLVED,96,102171,04:43,4.29,DATA_DRIFT,True,False,0.09
INC-001174,2026-03-14,MOBILE_APP,REFERENTIAL_INTEGRITY,CHECK_444,HIGH,CLOSED,32,6433,15:31,35.1,MANUAL_DATA_ENTRY,False,True,0.5
INC-001175,2025-09-14,CRM_CLIENTS,FORMAT_CHECK,CHECK_409,LOW,RESOLVED,4,116737,05:10,3.66,SCHEMA_CHANGE,False,False,0.0
INC-001176,2025-10-23,MOBILE_APP,ACCURACY_CHECK,CHECK_430,MEDIUM,CLOSED,164,119105,21:59,13.42,SOURCE_SYSTEM_ERROR,False,False,0.14
INC-001177,2025-11-08,MOBILE_APP,NULL_CHECK,CHECK_239,MEDIUM,CLOSED,1154,21270,01:03,2.35,MANUAL_DATA_ENTRY,False,False,5.43
INC-001178,2026-01-19,INTERNET_BANK,CONSISTENCY_CHECK,CHECK_261,LOW,IN_PROGRESS,173,72596,20:23,,CONFIGURATION_ERROR,False,False,0.24
INC-001179,2025-10-04,MOBILE_APP,CONSISTENCY_CHECK,CHECK_849,LOW,CLOSED,934,155238,09:13,4.97,MANUAL_DATA_ENTRY,False,False,0.6
INC-001180,2025-11-13,PAYMENT_SYSTEM,SCHEMA_VALIDATION,CHECK_547,MEDIUM,CLOSED,16,62949,13:16,11.74,NETWORK_TIMEOUT,False,False,0.03
INC-001181,2025-12-22,CREDIT_BUREAU,REFERENTIAL_INTEGRITY,CHECK_910,MEDIUM,RESOLVED,32,227,10:39,3.42,NETWORK_TIMEOUT,False,False,14.1
INC-001182,2026-02-26,INTERNET_BANK,REFERENTIAL_INTEGRITY,CHECK_754,MEDIUM,REOPENED,11,142,14:02,4.28,ETL_PIPELINE_FAILURE,False,False,7.75
INC-001183,2026-01-03,INTERNET_BANK,SCHEMA_VALIDATION,CHECK_598,HIGH,RESOLVED,308,185744,03:47,14.8,SCHEMA_CHANGE,False,False,0.17
INC-001184,2025-10-02,LOAN_REGISTRY,REFERENTIAL_INTEGRITY,CHECK_764,MEDIUM,RESOLVED,78,5558,01:59,1.3,SOURCE_SYSTEM_ERROR,False,False,1.4
INC-001185,2025-09-08,INTERNET_BANK,CONSISTENCY_CHECK,CHECK_424,HIGH,CLOSED,72,8168,17:11,7.11,MANUAL_DATA_ENTRY,False,False,0.88
INC-001186,2026-02-09,LOAN_REGISTRY,COMPLETENESS_CHECK,CHECK_278,MEDIUM,RESOLVED,565,965100,05:50,34.11,MANUAL_DATA_ENTRY,False,False,0.06
INC-001187,2026-02-03,INTERNET_BANK,DUPLICATE_CHECK,CHECK_824,LOW,RESOLVED,57,5077,00:31,6.07,SCHEMA_CHANGE,False,False,1.12
INC-001188,2025-11-01,CRM_CLIENTS,CONSISTENCY_CHECK,CHECK_675,LOW,IN_PROGRESS,1286,16698,16:07,,CONFIGURATION_ERROR,True,False,7.7
INC-001189,2026-03-01,PAYMENT_SYSTEM,NULL_CHECK,CHECK_810,MEDIUM,CLOSED,237,22582,02:57,16.08,NETWORK_TIMEOUT,False,False,1.05
INC-001190,2025-10-11,INTERNET_BANK,RANGE_CHECK,CHECK_728,LOW,CLOSED,71,14387,07:46,18.12,API_INTEGRATION_ISSUE,False,False,0.49
INC-001191,2025-11-19,PAYMENT_SYSTEM,SCHEMA_VALIDATION,CHECK_905,MEDIUM,CLOSED,6,323891,14:37,17.62,CONFIGURATION_ERROR,False,False,0.0
INC-001192,2026-01-20,PAYMENT_SYSTEM,FORMAT_CHECK,CHECK_465,LOW,REOPENED,559,10412,18:20,73.8,DATA_DRIFT,True,False,5.37
INC-001193,2025-09-04,FRAUD_DETECTION,ACCURACY_CHECK,CHECK_328,MEDIUM,RESOLVED,261,92846,13:12,0.89,ETL_PIPELINE_FAILURE,True,False,0.28
INC-001194,2026-01-20,INTERNET_BANK,FORMAT_CHECK,CHECK_781,CRITICAL,IN_PROGRESS,287,25349,23:43,,SCHEMA_CHANGE,False,False,1.13
INC-001195,2025-12-14,SCORING_ENGINE,CONSISTENCY_CHECK,CHECK_703,HIGH,CLOSED,306,152339,10:14,35.99,BUSINESS_LOGIC_ERROR,False,False,0.2
INC-001196,2025-09-24,FRAUD_DETECTION,NULL_CHECK,CHECK_934,MEDIUM,CLOSED,51,1416,03:20,22.94,CONFIGURATION_ERROR,False,False,3.6
INC-001197,2025-10-28,SCORING_ENGINE,CONSISTENCY_CHECK,CHECK_279,MEDIUM,IN_PROGRESS,109,242,07:06,,MANUAL_DATA_ENTRY,False,False,45.04
INC-001198,2025-09-30,PAYMENT_SYSTEM,RANGE_CHECK,CHECK_487,LOW,OPEN,59,23376,07:47,,SOURCE_SYSTEM_ERROR,False,True,0.25
INC-001199,2025-12-28,PAYMENT_SYSTEM,COMPLETENESS_CHECK,CHECK_414,LOW,CLOSED,1808,4044,13:55,2.99,UNKNOWN,False,False,44.71
INC-001200,2025-10-01,FRAUD_DETECTION,ACCURACY_CHECK,CHECK_851,MEDIUM,REOPENED,85,412404,06:24,18.82,DATA_DRIFT,False,False,0.02
INC-001201,2026-02-13,FRAUD_DETECTION,RANGE_CHECK,CHECK_805,MEDIUM,CLOSED,43,18654,07:04,2.46,BUSINESS_LOGIC_ERROR,False,False,0.23
INC-001202,2025-10-10,SCORING_ENGINE,SCHEMA_VALIDATION,CHECK_401,HIGH,RESOLVED,2074,34185,15:37,20.27,NETWORK_TIMEOUT,False,False,6.07
INC-001203,2026-01-06,LOAN_REGISTRY,SCHEMA_VALIDATION,CHECK_230,LOW,REOPENED,1668,11911,15:03,11.44,DATA_DRIFT,False,False,14.0
INC-001204,2026-03-03,SCORING_ENGINE,CONSISTENCY_CHECK,CHECK_281,LOW,CLOSED,238,5986,13:09,1.24,SOURCE_SYSTEM_ERROR,False,False,3.98
INC-001205,2025-11-14,FRAUD_DETECTION,NULL_CHECK,CHECK_846,LOW,RESOLVED,114,24711,06:59,27.08,SCHEMA_CHANGE,False,True,0.46
INC-001206,2026-01-09,CREDIT_BUREAU,RANGE_CHECK,CHECK_101,LOW,CLOSED,69,167619,19:29,10.35,BUSINESS_LOGIC_ERROR,False,False,0.04
INC-001207,2026-02-28,FRAUD_DETECTION,FRESHNESS_CHECK,CHECK_818,HIGH,CLOSED,135,11787,05:24,12.81,NETWORK_TIMEOUT,False,False,1.15
INC-001208,2025-11-09,CREDIT_BUREAU,NULL_CHECK,CHECK_686,CRITICAL,CLOSED,25,10242,11:08,4.0,MANUAL_DATA_ENTRY,False,True,0.24
INC-001209,2025-12-16,CRM_CLIENTS,COMPLETENESS_CHECK,CHECK_500,MEDIUM,CLOSED,390,110153,14:46,24.63,UNKNOWN,True,True,0.35
INC-001210,2026-01-02,FRAUD_DETECTION,SCHEMA_VALIDATION,CHECK_971,LOW,CLOSED,4044,757,06:40,9.45,API_INTEGRATION_ISSUE,False,False,534.21
INC-001211,2025-12-30,CRM_CLIENTS,CONSISTENCY_CHECK,CHECK_889,HIGH,CLOSED,457,237267,11:17,6.56,SOURCE_SYSTEM_ERROR,False,False,0.19
INC-001212,2025-11-02,LOAN_REGISTRY,REFERENTIAL_INTEGRITY,CHECK_681,CRITICAL,RESOLVED,16,4390,06:21,9.17,NETWORK_TIMEOUT,False,False,0.36
INC-001213,2025-12-26,SCORING_ENGINE,SCHEMA_VALIDATION,CHECK_133,LOW,CLOSED,368,145673,04:02,14.58,MANUAL_DATA_ENTRY,False,False,0.25
INC-001214,2026-01-20,CREDIT_BUREAU,ACCURACY_CHECK,CHECK_286,HIGH,CLOSED,219,39643,22:36,14.25,NETWORK_TIMEOUT,False,False,0.55
INC-001215,2025-10-08,SCORING_ENGINE,DUPLICATE_CHECK,CHECK_716,MEDIUM,REOPENED,362,341,01:17,5.31,MANUAL_DATA_ENTRY,False,False,106.16
INC-001216,2025-12-08,CRM_CLIENTS,REFERENTIAL_INTEGRITY,CHECK_425,LOW,RESOLVED,28,22555,04:07,5.84,MANUAL_DATA_ENTRY,False,False,0.12
INC-001217,2025-10-19,CREDIT_BUREAU,CONSISTENCY_CHECK,CHECK_928,MEDIUM,CLOSED,149,305151,14:29,9.91,DATA_DRIFT,False,False,0.05
INC-001218,2026-02-01,SCORING_ENGINE,FRESHNESS_CHECK,CHECK_726,HIGH,RESOLVED,868,12002,13:10,30.99,MANUAL_DATA_ENTRY,False,False,7.23
INC-001219,2026-01-09,FRAUD_DETECTION,REFERENTIAL_INTEGRITY,CHECK_326,LOW,CLOSED,17,14421,10:14,16.42,DATABASE_CORRUPTION,False,False,0.12
INC-001220,2026-03-11,PAYMENT_SYSTEM,ACCURACY_CHECK,CHECK_754,LOW,CLOSED,60,4746,09:38,5.94,DATABASE_CORRUPTION,False,False,1.26
INC-001221,2025-10-05,CRM_CLIENTS,NULL_CHECK,CHECK_679,LOW,OPEN,83,240631,05:50,,ETL_PIPELINE_FAILURE,False,False,0.03
INC-001222,2025-09-18,SCORING_ENGINE,FRESHNESS_CHECK,CHECK_206,MEDIUM,RESOLVED,1093,8726,20:39,8.9,UNKNOWN,False,False,12.53
INC-001223,2025-11-10,CRM_CLIENTS,SCHEMA_VALIDATION,CHECK_608,HIGH,OPEN,1472,792588,05:36,,SOURCE_SYSTEM_ERROR,False,False,0.19
INC-001224,2025-12-16,MOBILE_APP,FRESHNESS_CHECK,CHECK_244,LOW,OPEN,3,222052,17:54,,ETL_PIPELINE_FAILURE,False,False,0.0
INC-001225,2025-11-27,CRM_CLIENTS,RANGE_CHECK,CHECK_439,MEDIUM,CLOSED,1091,316123,07:05,14.87,UNKNOWN,False,False,0.35
INC-001226,2026-01-08,CREDIT_BUREAU,ACCURACY_CHECK,CHECK_863,MEDIUM,RESOLVED,1568,25857,13:54,4.19,NETWORK_TIMEOUT,False,False,6.06
INC-001227,2025-11-08,MOBILE_APP,REFERENTIAL_INTEGRITY,CHECK_179,LOW,RESOLVED,1379,8327,16:31,2.8,DATA_DRIFT,False,False,16.56
INC-001228,2025-09-01,INTERNET_BANK,RANGE_CHECK,CHECK_343,MEDIUM,OPEN,51,57345,06:37,,DATABASE_CORRUPTION,False,False,0.09
INC-001229,2025-11-12,CREDIT_BUREAU,FRESHNESS_CHECK,CHECK_455,MEDIUM,IN_PROGRESS,93,490893,15:53,,SCHEMA_CHANGE,False,False,0.02
INC-001230,2026-03-05,PAYMENT_SYSTEM,RANGE_CHECK,CHECK_427,HIGH,CLOSED,6,764120,14:17,29.2,CONFIGURATION_ERROR,True,False,0.0
INC-001231,2025-11-16,MOBILE_APP,FORMAT_CHECK,CHECK_271,MEDIUM,RESOLVED,2,536,00:46,0.76,CONFIGURATION_ERROR,True,False,0.37
INC-001232,2026-01-29,INTERNET_BANK,ACCURACY_CHECK,CHECK_751,MEDIUM,CLOSED,72,4923817,13:47,8.85,DATABASE_CORRUPTION,True,False,0.0
INC-001233,2026-01-27,FRAUD_DETECTION,COMPLETENESS_CHECK,CHECK_190,MEDIUM,RESOLVED,172,36471,07:15,1.99,ETL_PIPELINE_FAILURE,True,False,0.47
INC-001234,2026-02-16,CRM_CLIENTS,NULL_CHECK,CHECK_941,LOW,RESOLVED,211,104638,10:27,17.06,MANUAL_DATA_ENTRY,False,False,0.2
INC-001235,2026-01-04,SCORING_ENGINE,FRESHNESS_CHECK,CHECK_825,LOW,RESOLVED,766,3675,18:14,13.14,API_INTEGRATION_ISSUE,False,True,20.84
INC-001236,2025-10-09,LOAN_REGISTRY,ACCURACY_CHECK,CHECK_786,HIGH,CLOSED,67661,3202,18:09,4.23,SOURCE_SYSTEM_ERROR,False,False,2113.09
INC-001237,2025-12-24,CRM_CLIENTS,COMPLETENESS_CHECK,CHECK_754,HIGH,CLOSED,67,1239,18:57,1.49,SOURCE_SYSTEM_ERROR,True,False,5.41
INC-001238,2026-01-16,INTERNET_BANK,COMPLETENESS_CHECK,CHECK_846,CRITICAL,CLOSED,17,664841,00:26,21.35,BUSINESS_LOGIC_ERROR,False,False,0.0
INC-001239,2026-01-02,CRM_CLIENTS,CONSISTENCY_CHECK,CHECK_443,HIGH,CLOSED,442,5562,01:02,13.46,MANUAL_DATA_ENTRY,False,False,7.95
INC-001240,2025-11-28,PAYMENT_SYSTEM,RANGE_CHECK,CHECK_557,LOW,RESOLVED,231,18328,15:46,0.08,SCHEMA_CHANGE,False,False,1.26
INC-001241,2025-11-25,FRAUD_DETECTION,COMPLETENESS_CHECK,CHECK_111,LOW,CLOSED,47,12055,16:02,11.86,SOURCE_SYSTEM_ERROR,False,True,0.39
INC-001242,2026-01-20,LOAN_REGISTRY,FORMAT_CHECK,CHECK_371,LOW,CLOSED,917,2859,13:33,19.95,DATA_DRIFT,False,False,32.07
INC-001243,2026-01-18,MOBILE_APP,ACCURACY_CHECK,CHECK_314,MEDIUM,RESOLVED,29,14795,12:30,10.72,SCHEMA_CHANGE,False,False,0.2
INC-001244,2025-12-06,MOBILE_APP,DUPLICATE_CHECK,CHECK_355,MEDIUM,IN_PROGRESS,114,26259,22:52,,UNKNOWN,True,False,0.43
INC-001245,2025-12-26,MOBILE_APP,DUPLICATE_CHECK,CHECK_809,MEDIUM,CLOSED,128,267682,03:28,10.52,UNKNOWN,False,False,0.05
INC-001246,2025-11-22,INTERNET_BANK,FRESHNESS_CHECK,CHECK_169,HIGH,RESOLVED,22,2648,15:15,11.6,MANUAL_DATA_ENTRY,False,True,0.83
INC-001247,2025-10-19,CREDIT_BUREAU,SCHEMA_VALIDATION,CHECK_458,LOW,REOPENED,4,6856,02:35,12.26,CONFIGURATION_ERROR,False,False,0.06
INC-001248,2026-02-26,CREDIT_BUREAU,RANGE_CHECK,CHECK_362,LOW,RESOLVED,229,66185,00:44,40.95,MANUAL_DATA_ENTRY,False,False,0.35
INC-001249,2025-11-01,SCORING_ENGINE,SCHEMA_VALIDATION,CHECK_905,MEDIUM,OPEN,2292,24119,23:26,,CONFIGURATION_ERROR,False,False,9.5
INC-001250,2026-01-25,LOAN_REGISTRY,COMPLETENESS_CHECK,CHECK_210,LOW,REOPENED,1014,25024,06:08,11.71,DATABASE_CORRUPTION,False,False,4.05
INC-001251,2025-12-08,MOBILE_APP,ACCURACY_CHECK,CHECK_837,MEDIUM,CLOSED,1159,3158,11:18,2.5,DATA_DRIFT,True,False,36.7
INC-001252,2025-10-30,CREDIT_BUREAU,FRESHNESS_CHECK,CHECK_101,HIGH,IN_PROGRESS,30,104498,07:41,,NETWORK_TIMEOUT,False,True,0.03
INC-001253,2025-12-15,INTERNET_BANK,REFERENTIAL_INTEGRITY,CHECK_149,MEDIUM,CLOSED,227,372222,02:01,13.28,API_INTEGRATION_ISSUE,False,True,0.06
INC-001254,2025-09-12,SCORING_ENGINE,COMPLETENESS_CHECK,CHECK_495,MEDIUM,RESOLVED,8,309382,15:42,29.72,CONFIGURATION_ERROR,False,False,0.0
INC-001255,2025-11-21,FRAUD_DETECTION,RANGE_CHECK,CHECK_548,CRITICAL,RESOLVED,208,14954,09:10,2.08,UNKNOWN,False,False,1.39
INC-001256,2026-03-10,SCORING_ENGINE,DUPLICATE_CHECK,CHECK_850,LOW,CLOSED,2386,125,22:29,39.39,CONFIGURATION_ERROR,False,False,1908.8
INC-001257,2025-12-31,CREDIT_BUREAU,CONSISTENCY_CHECK,CHECK_529,LOW,RESOLVED,2539,35152,18:47,4.62,CONFIGURATION_ERROR,False,False,7.22
INC-001258,2026-02-28,PAYMENT_SYSTEM,ACCURACY_CHECK,CHECK_270,MEDIUM,IN_PROGRESS,8611,26919,18:01,,UNKNOWN,False,False,31.99
INC-001259,2025-12-07,INTERNET_BANK,NULL_CHECK,CHECK_523,MEDIUM,RESOLVED,1073,2874,14:29,2.0,API_INTEGRATION_ISSUE,False,False,37.33
INC-001260,2025-12-08,PAYMENT_SYSTEM,SCHEMA_VALIDATION,CHECK_604,LOW,CLOSED,384,4258,04:55,11.48,CONFIGURATION_ERROR,False,False,9.02
INC-001261,2026-02-17,MOBILE_APP,FRESHNESS_CHECK,CHECK_487,LOW,IN_PROGRESS,853,3007,22:25,,BUSINESS_LOGIC_ERROR,False,False,28.37
INC-001262,2026-02-14,PAYMENT_SYSTEM,SCHEMA_VALIDATION,CHECK_459,LOW,CLOSED,578,38141,05:50,7.01,NETWORK_TIMEOUT,False,False,1.52
INC-001263,2025-10-09,MOBILE_APP,ACCURACY_CHECK,CHECK_659,MEDIUM,CLOSED,29,4252,11:40,7.76,UNKNOWN,False,False,0.68
INC-001264,2026-01-05,MOBILE_APP,SCHEMA_VALIDATION,CHECK_484,LOW,RESOLVED,7,30643,14:45,11.71,NETWORK_TIMEOUT,False,False,0.02
INC-001265,2025-09-10,CREDIT_BUREAU,ACCURACY_CHECK,CHECK_203,HIGH,CLOSED,867,2553772,20:00,10.51,UNKNOWN,False,False,0.03
INC-001266,2025-10-03,PAYMENT_SYSTEM,SCHEMA_VALIDATION,CHECK_948,LOW,CLOSED,9766,15188,20:04,5.63,SOURCE_SYSTEM_ERROR,False,True,64.3
INC-001267,2026-01-07,MOBILE_APP,FORMAT_CHECK,CHECK_590,CRITICAL,RESOLVED,941,2164,12:57,25.86,SOURCE_SYSTEM_ERROR,False,False,43.48
INC-001268,2026-01-30,LOAN_REGISTRY,REFERENTIAL_INTEGRITY,CHECK_907,LOW,RESOLVED,3,1203,22:21,13.22,BUSINESS_LOGIC_ERROR,False,False,0.25
INC-001269,2025-11-24,FRAUD_DETECTION,COMPLETENESS_CHECK,CHECK_984,MEDIUM,RESOLVED,52,42622,16:02,2.76,BUSINESS_LOGIC_ERROR,False,False,0.12
INC-001270,2025-09-26,SCORING_ENGINE,COMPLETENESS_CHECK,CHECK_691,MEDIUM,CLOSED,100,1209583,09:27,4.63,UNKNOWN,True,False,0.01
INC-001271,2025-12-22,SCORING_ENGINE,RANGE_CHECK,CHECK_766,MEDIUM,CLOSED,3,3629,08:44,18.61,CONFIGURATION_ERROR,False,False,0.08
INC-001272,2025-09-26,CREDIT_BUREAU,NULL_CHECK,CHECK_876,HIGH,RESOLVED,9,295,19:34,1.32,DATA_DRIFT,False,False,3.05
INC-001273,2026-01-13,PAYMENT_SYSTEM,NULL_CHECK,CHECK_803,LOW,RESOLVED,137,669932,18:50,16.65,UNKNOWN,False,False,0.02
INC-001274,2025-12-26,PAYMENT_SYSTEM,RANGE_CHECK,CHECK_330,LOW,RESOLVED,250,3377035,06:50,5.33,UNKNOWN,False,False,0.01
INC-001275,2025-09-04,MOBILE_APP,CONSISTENCY_CHECK,CHECK_266,LOW,CLOSED,20,100052,21:05,9.63,DATABASE_CORRUPTION,False,False,0.02
INC-001276,2026-03-04,INTERNET_BANK,COMPLETENESS_CHECK,CHECK_562,HIGH,IN_PROGRESS,8,52109,19:56,,BUSINESS_LOGIC_ERROR,False,False,0.02
INC-001277,2025-10-07,CRM_CLIENTS,CONSISTENCY_CHECK,CHECK_175,LOW,CLOSED,1614,25171,10:47,51.62,SOURCE_SYSTEM_ERROR,False,False,6.41
INC-001278,2025-12-14,MOBILE_APP,ACCURACY_CHECK,CHECK_918,LOW,RESOLVED,69,85994,01:32,28.35,DATA_DRIFT,False,False,0.08
INC-001279,2026-02-15,FRAUD_DETECTION,ACCURACY_CHECK,CHECK_966,MEDIUM,CLOSED,91,78402,21:23,31.65,API_INTEGRATION_ISSUE,False,False,0.12
INC-001280,2025-10-10,LOAN_REGISTRY,DUPLICATE_CHECK,CHECK_134,CRITICAL,RESOLVED,49,38792,01:07,2.45,SCHEMA_CHANGE,True,False,0.13
INC-001281,2025-09-20,SCORING_ENGINE,SCHEMA_VALIDATION,CHECK_401,LOW,CLOSED,31,3279,12:23,22.12,DATABASE_CORRUPTION,False,False,0.95
INC-001282,2025-12-30,MOBILE_APP,NULL_CHECK,CHECK_120,LOW,IN_PROGRESS,2009,38383,14:39,,BUSINESS_LOGIC_ERROR,False,False,5.23
INC-001283,2025-11-07,CRM_CLIENTS,DUPLICATE_CHECK,CHECK_426,LOW,CLOSED,25,18091,01:23,14.77,NETWORK_TIMEOUT,False,False,0.14
INC-001284,2025-11-26,CRM_CLIENTS,REFERENTIAL_INTEGRITY,CHECK_367,MEDIUM,IN_PROGRESS,212,4428,11:11,,UNKNOWN,False,False,4.79
INC-001285,2026-02-07,MOBILE_APP,RANGE_CHECK,CHECK_207,MEDIUM,IN_PROGRESS,151,38204,20:35,,SOURCE_SYSTEM_ERROR,True,False,0.4
INC-001286,2026-02-25,CREDIT_BUREAU,RANGE_CHECK,CHECK_175,HIGH,RESOLVED,3,8329,22:04,29.48,ETL_PIPELINE_FAILURE,False,False,0.04
INC-001287,2025-12-11,SCORING_ENGINE,ACCURACY_CHECK,CHECK_450,LOW,CLOSED,240,25221,17:45,3.74,SOURCE_SYSTEM_ERROR,False,False,0.95
INC-001288,2026-02-14,CREDIT_BUREAU,COMPLETENESS_CHECK,CHECK_274,LOW,OPEN,6,54883,06:08,,BUSINESS_LOGIC_ERROR,False,True,0.01
INC-001289,2025-09-21,LOAN_REGISTRY,CONSISTENCY_CHECK,CHECK_484,HIGH,OPEN,528,72860,10:15,,SCHEMA_CHANGE,False,False,0.72
INC-001290,2025-11-24,CRM_CLIENTS,NULL_CHECK,CHECK_264,LOW,CLOSED,13,8750,17:07,3.72,CONFIGURATION_ERROR,False,False,0.15
INC-001291,2026-02-20,CRM_CLIENTS,DUPLICATE_CHECK,CHECK_849,MEDIUM,CLOSED,421,54218,20:30,9.21,DATABASE_CORRUPTION,False,False,0.78
INC-001292,2026-01-15,FRAUD_DETECTION,CONSISTENCY_CHECK,CHECK_176,LOW,IN_PROGRESS,62,86367,23:48,,MANUAL_DATA_ENTRY,False,True,0.07
INC-001293,2025-12-07,LOAN_REGISTRY,DUPLICATE_CHECK,CHECK_660,MEDIUM,CLOSED,38,154472,18:55,3.92,MANUAL_DATA_ENTRY,False,False,0.02
INC-001294,2025-11-21,CRM_CLIENTS,SCHEMA_VALIDATION,CHECK_195,HIGH,RESOLVED,226,40526,22:13,11.65,MANUAL_DATA_ENTRY,False,False,0.56
INC-001295,2026-02-08,LOAN_REGISTRY,REFERENTIAL_INTEGRITY,CHECK_446,MEDIUM,CLOSED,7,73916,23:48,7.84,UNKNOWN,False,False,0.01
INC-001296,2026-03-03,SCORING_ENGINE,REFERENTIAL_INTEGRITY,CHECK_708,MEDIUM,CLOSED,129,9482,07:20,4.09,MANUAL_DATA_ENTRY,True,False,1.36
INC-001297,2026-03-14,PAYMENT_SYSTEM,CONSISTENCY_CHECK,CHECK_728,HIGH,OPEN,709,3812666,11:57,,DATA_DRIFT,False,False,0.02
INC-001298,2026-01-03,CRM_CLIENTS,CONSISTENCY_CHECK,CHECK_594,MEDIUM,CLOSED,1194,19375,08:32,2.21,API_INTEGRATION_ISSUE,False,False,6.16
INC-001299,2026-01-17,FRAUD_DETECTION,CONSISTENCY_CHECK,CHECK_821,MEDIUM,RESOLVED,58,207392,21:27,12.25,SOURCE_SYSTEM_ERROR,True,True,0.03
INC-001300,2025-09-10,SCORING_ENGINE,DUPLICATE_CHECK,CHECK_131,LOW,CLOSED,78,8320,08:03,1.48,DATABASE_CORRUPTION,False,False,0.94
INC-001301,2026-02-06,MOBILE_APP,SCHEMA_VALIDATION,CHECK_541,CRITICAL,CLOSED,7,46607,02:23,15.76,SCHEMA_CHANGE,True,False,0.02
INC-001302,2025-09-18,LOAN_REGISTRY,FORMAT_CHECK,CHECK_769,MEDIUM,CLOSED,33,43254,11:28,2.35,API_INTEGRATION_ISSUE,False,False,0.08
INC-001303,2025-10-31,MOBILE_APP,CONSISTENCY_CHECK,CHECK_268,HIGH,OPEN,6,63299,15:32,,ETL_PIPELINE_FAILURE,False,False,0.01
INC-001304,2026-02-09,CREDIT_BUREAU,COMPLETENESS_CHECK,CHECK_721,LOW,OPEN,357,4039,16:53,,ETL_PIPELINE_FAILURE,False,True,8.84
INC-001305,2026-02-23,SCORING_ENGINE,NULL_CHECK,CHECK_544,HIGH,IN_PROGRESS,799,47996,03:30,,DATABASE_CORRUPTION,False,False,1.66
INC-001306,2025-11-13,MOBILE_APP,NULL_CHECK,CHECK_260,LOW,REOPENED,59,8385,22:34,6.67,SOURCE_SYSTEM_ERROR,False,False,0.7
INC-001307,2025-10-29,INTERNET_BANK,DUPLICATE_CHECK,CHECK_154,LOW,CLOSED,17,113427,21:52,3.6,DATABASE_CORRUPTION,False,False,0.01
INC-001308,2026-03-11,INTERNET_BANK,CONSISTENCY_CHECK,CHECK_203,MEDIUM,CLOSED,274,3802,17:57,17.49,CONFIGURATION_ERROR,False,False,7.21
INC-001309,2025-09-24,CRM_CLIENTS,ACCURACY_CHECK,CHECK_439,MEDIUM,OPEN,26,40611,09:28,,CONFIGURATION_ERROR,False,False,0.06
INC-001310,2025-12-21,LOAN_REGISTRY,RANGE_CHECK,CHECK_310,HIGH,CLOSED,568,20814,19:23,16.89,SOURCE_SYSTEM_ERROR,False,False,2.73
INC-001311,2025-09-26,PAYMENT_SYSTEM,FORMAT_CHECK,CHECK_294,MEDIUM,CLOSED,7121,899695,21:44,0.22,BUSINESS_LOGIC_ERROR,False,False,0.79
INC-001312,2026-03-14,SCORING_ENGINE,COMPLETENESS_CHECK,CHECK_519,LOW,CLOSED,25,205988,02:12,1.75,SOURCE_SYSTEM_ERROR,False,False,0.01
INC-001313,2026-02-10,CRM_CLIENTS,SCHEMA_VALIDATION,CHECK_813,LOW,RESOLVED,33,342831,14:05,5.45,SCHEMA_CHANGE,False,False,0.01
INC-001314,2026-02-28,FRAUD_DETECTION,ACCURACY_CHECK,CHECK_667,CRITICAL,OPEN,8,4707,02:25,,BUSINESS_LOGIC_ERROR,False,False,0.17
INC-001315,2025-09-26,CREDIT_BUREAU,REFERENTIAL_INTEGRITY,CHECK_839,MEDIUM,CLOSED,198,10231,05:18,11.03,SOURCE_SYSTEM_ERROR,False,False,1.94
INC-001316,2025-12-23,LOAN_REGISTRY,ACCURACY_CHECK,CHECK_847,LOW,CLOSED,173,21847,02:06,0.63,BUSINESS_LOGIC_ERROR,False,False,0.79
INC-001317,2025-10-13,SCORING_ENGINE,DUPLICATE_CHECK,CHECK_653,LOW,OPEN,86,217318,05:17,,DATABASE_CORRUPTION,True,False,0.04
INC-001318,2026-02-25,INTERNET_BANK,FORMAT_CHECK,CHECK_371,HIGH,CLOSED,153,46730,03:44,17.19,MANUAL_DATA_ENTRY,False,False,0.33
INC-001319,2025-11-16,SCORING_ENGINE,FRESHNESS_CHECK,CHECK_776,MEDIUM,RESOLVED,18,4922,04:31,2.92,API_INTEGRATION_ISSUE,False,False,0.37
INC-001320,2025-09-08,PAYMENT_SYSTEM,FRESHNESS_CHECK,CHECK_388,MEDIUM,CLOSED,5,5357,04:55,7.93,MANUAL_DATA_ENTRY,False,False,0.09
INC-001321,2025-09-12,INTERNET_BANK,CONSISTENCY_CHECK,CHECK_404,LOW,RESOLVED,32,239173,06:33,7.21,SCHEMA_CHANGE,False,False,0.01
INC-001322,2025-11-23,PAYMENT_SYSTEM,CONSISTENCY_CHECK,CHECK_343,MEDIUM,IN_PROGRESS,3,49845,20:01,,CONFIGURATION_ERROR,False,False,0.01
INC-001323,2025-09-15,FRAUD_DETECTION,DUPLICATE_CHECK,CHECK_198,MEDIUM,RESOLVED,25,24463,09:26,6.16,SCHEMA_CHANGE,False,False,0.1
INC-001324,2025-11-15,CREDIT_BUREAU,SCHEMA_VALIDATION,CHECK_150,LOW,RESOLVED,275,20727,21:34,0.4,CONFIGURATION_ERROR,False,False,1.33
INC-001325,2025-12-01,FRAUD_DETECTION,CONSISTENCY_CHECK,CHECK_502,LOW,IN_PROGRESS,167,132030,04:30,,DATABASE_CORRUPTION,False,False,0.13
INC-001326,2025-12-05,CRM_CLIENTS,RANGE_CHECK,CHECK_685,LOW,CLOSED,4,2673,11:26,7.53,DATABASE_CORRUPTION,False,False,0.15
INC-001327,2025-12-20,CRM_CLIENTS,FORMAT_CHECK,CHECK_662,MEDIUM,OPEN,1210,24433,14:47,,BUSINESS_LOGIC_ERROR,False,False,4.95
INC-001328,2025-10-08,FRAUD_DETECTION,DUPLICATE_CHECK,CHECK_960,HIGH,RESOLVED,100,27535,20:01,25.56,DATA_DRIFT,False,False,0.36
INC-001329,2025-11-02,CREDIT_BUREAU,NULL_CHECK,CHECK_602,LOW,OPEN,11,1822,09:12,,CONFIGURATION_ERROR,False,False,0.6
INC-001330,2026-01-14,FRAUD_DETECTION,REFERENTIAL_INTEGRITY,CHECK_257,MEDIUM,OPEN,71,14547,02:01,,DATABASE_CORRUPTION,False,False,0.49
INC-001331,2025-12-15,CREDIT_BUREAU,DUPLICATE_CHECK,CHECK_155,HIGH,RESOLVED,46,2133018,07:53,33.14,DATA_DRIFT,False,False,0.0
INC-001332,2026-01-23,CREDIT_BUREAU,DUPLICATE_CHECK,CHECK_469,MEDIUM,OPEN,26,4146,16:41,,ETL_PIPELINE_FAILURE,True,True,0.63
INC-001333,2026-02-22,MOBILE_APP,FRESHNESS_CHECK,CHECK_103,HIGH,CLOSED,753,28341,10:26,15.32,ETL_PIPELINE_FAILURE,False,True,2.66
INC-001334,2025-10-17,INTERNET_BANK,COMPLETENESS_CHECK,CHECK_537,MEDIUM,OPEN,16,345,18:21,,BUSINESS_LOGIC_ERROR,True,False,4.64
INC-001335,2025-10-14,LOAN_REGISTRY,SCHEMA_VALIDATION,CHECK_189,LOW,CLOSED,214,16683,20:41,13.68,SCHEMA_CHANGE,False,True,1.28
INC-001336,2025-10-15,CREDIT_BUREAU,COMPLETENESS_CHECK,CHECK_401,LOW,OPEN,10,2568,10:31,,MANUAL_DATA_ENTRY,True,False,0.39
INC-001337,2025-09-21,PAYMENT_SYSTEM,RANGE_CHECK,CHECK_943,LOW,OPEN,137,10898,18:42,,ETL_PIPELINE_FAILURE,False,True,1.26
INC-001338,2026-02-04,CREDIT_BUREAU,NULL_CHECK,CHECK_777,HIGH,RESOLVED,252,51654,22:33,4.09,BUSINESS_LOGIC_ERROR,False,True,0.49
INC-001339,2025-12-07,CREDIT_BUREAU,FRESHNESS_CHECK,CHECK_740,MEDIUM,CLOSED,253,2318,17:28,18.51,NETWORK_TIMEOUT,False,False,10.91
INC-001340,2026-02-06,CREDIT_BUREAU,NULL_CHECK,CHECK_714,CRITICAL,CLOSED,174,35670,14:19,3.21,DATA_DRIFT,False,False,0.49
INC-001341,2026-02-22,MOBILE_APP,RANGE_CHECK,CHECK_591,LOW,CLOSED,92,4630,18:08,6.86,API_INTEGRATION_ISSUE,False,False,1.99
INC-001342,2025-11-01,INTERNET_BANK,COMPLETENESS_CHECK,CHECK_304,MEDIUM,IN_PROGRESS,17,1523,09:10,,NETWORK_TIMEOUT,False,False,1.12
INC-001343,2026-01-06,MOBILE_APP,DUPLICATE_CHECK,CHECK_199,LOW,CLOSED,18,157221,08:14,17.44,API_INTEGRATION_ISSUE,True,False,0.01
INC-001344,2026-01-28,CRM_CLIENTS,CONSISTENCY_CHECK,CHECK_126,LOW,OPEN,269,3220,15:23,,CONFIGURATION_ERROR,False,False,8.35
INC-001345,2025-10-07,MOBILE_APP,CONSISTENCY_CHECK,CHECK_311,MEDIUM,IN_PROGRESS,11,9436,09:49,,UNKNOWN,True,True,0.12
INC-001346,2025-10-30,PAYMENT_SYSTEM,ACCURACY_CHECK,CHECK_274,MEDIUM,CLOSED,7,7034,01:09,0.61,CONFIGURATION_ERROR,False,False,0.1
INC-001347,2025-12-28,PAYMENT_SYSTEM,REFERENTIAL_INTEGRITY,CHECK_753,LOW,RESOLVED,2590,33988,11:18,3.72,API_INTEGRATION_ISSUE,False,False,7.62
INC-001348,2026-02-11,MOBILE_APP,SCHEMA_VALIDATION,CHECK_398,LOW,REOPENED,88,23496,14:10,15.21,DATABASE_CORRUPTION,False,True,0.37
INC-001349,2025-11-05,INTERNET_BANK,RANGE_CHECK,CHECK_183,MEDIUM,OPEN,528,15828,19:59,,DATABASE_CORRUPTION,False,False,3.34
INC-001350,2025-12-27,FRAUD_DETECTION,REFERENTIAL_INTEGRITY,CHECK_584,MEDIUM,REOPENED,851,5337,05:45,7.61,MANUAL_DATA_ENTRY,False,False,15.95
INC-001351,2025-11-05,LOAN_REGISTRY,SCHEMA_VALIDATION,CHECK_964,LOW,CLOSED,164,12957,17:18,14.09,SCHEMA_CHANGE,False,False,1.27
INC-001352,2026-02-18,INTERNET_BANK,REFERENTIAL_INTEGRITY,CHECK_218,CRITICAL,CLOSED,69,39643,05:11,6.1,UNKNOWN,False,False,0.17
INC-001353,2025-09-03,MOBILE_APP,COMPLETENESS_CHECK,CHECK_415,MEDIUM,OPEN,72,27883,22:44,,MANUAL_DATA_ENTRY,False,False,0.26
INC-001354,2025-12-29,CREDIT_BUREAU,SCHEMA_VALIDATION,CHECK_903,HIGH,RESOLVED,3699,207635,21:50,6.98,BUSINESS_LOGIC_ERROR,False,True,1.78
INC-001355,2025-11-13,SCORING_ENGINE,COMPLETENESS_CHECK,CHECK_507,MEDIUM,CLOSED,48,101318,04:10,27.89,CONFIGURATION_ERROR,False,False,0.05
INC-001356,2026-02-21,LOAN_REGISTRY,DUPLICATE_CHECK,CHECK_582,CRITICAL,RESOLVED,211,201376,07:07,23.31,API_INTEGRATION_ISSUE,False,False,0.1
INC-001357,2026-01-18,LOAN_REGISTRY,FRESHNESS_CHECK,CHECK_600,MEDIUM,CLOSED,575,329989,01:20,6.31,DATA_DRIFT,False,True,0.17
INC-001358,2025-10-11,PAYMENT_SYSTEM,COMPLETENESS_CHECK,CHECK_776,MEDIUM,REOPENED,245,32021,18:08,0.27,DATA_DRIFT,False,False,0.77
INC-001359,2025-09-19,LOAN_REGISTRY,CONSISTENCY_CHECK,CHECK_371,MEDIUM,RESOLVED,1298,121448,14:16,12.14,SOURCE_SYSTEM_ERROR,False,False,1.07
INC-001360,2025-12-23,MOBILE_APP,REFERENTIAL_INTEGRITY,CHECK_193,LOW,CLOSED,68,43104,11:11,16.22,MANUAL_DATA_ENTRY,False,False,0.16
INC-001361,2025-11-28,CREDIT_BUREAU,ACCURACY_CHECK,CHECK_757,LOW,CLOSED,570,312864,06:35,4.18,API_INTEGRATION_ISSUE,False,False,0.18
INC-001362,2026-01-29,CREDIT_BUREAU,FORMAT_CHECK,CHECK_657,LOW,IN_PROGRESS,4,658,22:02,,DATABASE_CORRUPTION,False,True,0.61
INC-001363,2025-11-16,CRM_CLIENTS,SCHEMA_VALIDATION,CHECK_496,LOW,IN_PROGRESS,2194,11717,21:20,,UNKNOWN,False,True,18.72
INC-001364,2026-02-11,CREDIT_BUREAU,RANGE_CHECK,CHECK_289,CRITICAL,RESOLVED,1402,50018,11:09,10.31,BUSINESS_LOGIC_ERROR,False,False,2.8
INC-001365,2025-12-18,INTERNET_BANK,ACCURACY_CHECK,CHECK_479,MEDIUM,RESOLVED,80,68866,11:28,5.19,NETWORK_TIMEOUT,False,False,0.12
INC-001366,2026-02-24,CREDIT_BUREAU,CONSISTENCY_CHECK,CHECK_490,LOW,CLOSED,356,21262,17:10,11.85,SOURCE_SYSTEM_ERROR,False,False,1.67
INC-001367,2025-11-04,PAYMENT_SYSTEM,COMPLETENESS_CHECK,CHECK_478,MEDIUM,OPEN,881,792,17:19,,NETWORK_TIMEOUT,True,False,111.24
INC-001368,2025-12-26,CREDIT_BUREAU,FRESHNESS_CHECK,CHECK_291,HIGH,REOPENED,18,15442,03:58,2.67,CONFIGURATION_ERROR,False,False,0.12
INC-001369,2025-11-17,CRM_CLIENTS,DUPLICATE_CHECK,CHECK_556,LOW,OPEN,111,112691,00:25,,BUSINESS_LOGIC_ERROR,False,True,0.1
INC-001370,2025-10-21,SCORING_ENGINE,FORMAT_CHECK,CHECK_145,MEDIUM,CLOSED,10,11715,15:49,3.28,SCHEMA_CHANGE,False,False,0.09
INC-001371,2025-12-08,MOBILE_APP,NULL_CHECK,CHECK_369,MEDIUM,CLOSED,1446,26502,04:29,4.47,UNKNOWN,False,False,5.46
INC-001372,2026-01-02,PAYMENT_SYSTEM,ACCURACY_CHECK,CHECK_550,LOW,IN_PROGRESS,769,1017743,10:09,,NETWORK_TIMEOUT,False,False,0.08
INC-001373,2025-09-28,INTERNET_BANK,FRESHNESS_CHECK,CHECK_576,LOW,IN_PROGRESS,84,15157,00:47,,BUSINESS_LOGIC_ERROR,False,False,0.55
INC-001374,2025-10-31,SCORING_ENGINE,NULL_CHECK,CHECK_369,MEDIUM,CLOSED,67,16078,17:32,18.25,SOURCE_SYSTEM_ERROR,False,False,0.42
INC-001375,2025-12-07,PAYMENT_SYSTEM,FORMAT_CHECK,CHECK_331,LOW,CLOSED,110,32478,10:41,0.54,CONFIGURATION_ERROR,False,False,0.34
INC-001376,2026-01-25,FRAUD_DETECTION,RANGE_CHECK,CHECK_957,LOW,RESOLVED,24,35421,22:18,14.17,BUSINESS_LOGIC_ERROR,True,False,0.07
INC-001377,2025-12-01,LOAN_REGISTRY,RANGE_CHECK,CHECK_375,LOW,RESOLVED,104,28831,15:57,8.42,SCHEMA_CHANGE,False,True,0.36
INC-001378,2026-01-26,FRAUD_DETECTION,REFERENTIAL_INTEGRITY,CHECK_677,CRITICAL,RESOLVED,18,48358,09:48,7.74,DATABASE_CORRUPTION,False,False,0.04
INC-001379,2025-11-15,CREDIT_BUREAU,FORMAT_CHECK,CHECK_163,HIGH,OPEN,894,2038,18:42,,DATA_DRIFT,True,False,43.87
INC-001380,2026-02-27,SCORING_ENGINE,FORMAT_CHECK,CHECK_254,LOW,CLOSED,1442,17284,04:51,2.62,ETL_PIPELINE_FAILURE,False,False,8.34
INC-001381,2025-11-15,CREDIT_BUREAU,NULL_CHECK,CHECK_870,LOW,CLOSED,982,1887,18:46,47.87,DATABASE_CORRUPTION,False,False,52.04
INC-001382,2025-09-06,LOAN_REGISTRY,FRESHNESS_CHECK,CHECK_813,LOW,RESOLVED,13,24635,14:21,12.44,DATABASE_CORRUPTION,False,False,0.05
INC-001383,2026-02-16,PAYMENT_SYSTEM,SCHEMA_VALIDATION,CHECK_783,HIGH,REOPENED,97,73802,22:07,5.46,DATA_DRIFT,False,False,0.13
INC-001384,2025-12-11,LOAN_REGISTRY,NULL_CHECK,CHECK_199,HIGH,OPEN,477,16690,23:30,,DATABASE_CORRUPTION,False,False,2.86
INC-001385,2025-11-10,CRM_CLIENTS,DUPLICATE_CHECK,CHECK_187,LOW,CLOSED,690,3315,01:08,2.93,UNKNOWN,False,False,20.81
INC-001386,2025-09-03,LOAN_REGISTRY,RANGE_CHECK,CHECK_784,HIGH,RESOLVED,3,9303,21:35,12.06,UNKNOWN,True,False,0.03
INC-001387,2026-01-23,CRM_CLIENTS,RANGE_CHECK,CHECK_452,MEDIUM,RESOLVED,652,807758,03:19,0.34,API_INTEGRATION_ISSUE,False,False,0.08
INC-001388,2026-02-23,LOAN_REGISTRY,REFERENTIAL_INTEGRITY,CHECK_927,CRITICAL,RESOLVED,12,400069,00:25,5.01,CONFIGURATION_ERROR,False,False,0.0
INC-001389,2026-03-10,MOBILE_APP,DUPLICATE_CHECK,CHECK_654,HIGH,RESOLVED,109,7447,19:53,16.52,BUSINESS_LOGIC_ERROR,False,False,1.46
INC-001390,2025-09-13,CRM_CLIENTS,RANGE_CHECK,CHECK_523,LOW,CLOSED,1835,7373,07:28,19.8,CONFIGURATION_ERROR,True,False,24.89
INC-001391,2026-02-03,SCORING_ENGINE,NULL_CHECK,CHECK_874,LOW,CLOSED,1399,17719,11:05,3.5,API_INTEGRATION_ISSUE,False,False,7.9
INC-001392,2026-03-10,CREDIT_BUREAU,DUPLICATE_CHECK,CHECK_703,MEDIUM,RESOLVED,2105,262854,10:03,9.3,DATABASE_CORRUPTION,False,False,0.8
INC-001393,2026-01-06,INTERNET_BANK,NULL_CHECK,CHECK_332,MEDIUM,CLOSED,17,663,19:41,9.02,ETL_PIPELINE_FAILURE,False,False,2.56
INC-001394,2025-11-13,CREDIT_BUREAU,SCHEMA_VALIDATION,CHECK_666,LOW,RESOLVED,28,7256,06:37,6.57,SOURCE_SYSTEM_ERROR,False,True,0.39
INC-001395,2025-10-29,FRAUD_DETECTION,SCHEMA_VALIDATION,CHECK_162,MEDIUM,CLOSED,48,50143,16:14,3.11,CONFIGURATION_ERROR,False,False,0.1
INC-001396,2026-02-03,CREDIT_BUREAU,RANGE_CHECK,CHECK_960,MEDIUM,IN_PROGRESS,110,39805,08:12,,CONFIGURATION_ERROR,True,False,0.28
INC-001397,2025-11-30,PAYMENT_SYSTEM,RANGE_CHECK,CHECK_496,LOW,IN_PROGRESS,228,9364,00:05,,ETL_PIPELINE_FAILURE,False,False,2.43
INC-001398,2025-10-27,MOBILE_APP,FRESHNESS_CHECK,CHECK_938,HIGH,RESOLVED,1909,13298,17:54,29.03,SCHEMA_CHANGE,False,False,14.36
INC-001399,2026-02-10,LOAN_REGISTRY,SCHEMA_VALIDATION,CHECK_635,LOW,CLOSED,23,42698,14:43,9.02,CONFIGURATION_ERROR,False,False,0.05
INC-001400,2025-10-19,FRAUD_DETECTION,ACCURACY_CHECK,CHECK_528,HIGH,CLOSED,42,9693,21:05,24.53,BUSINESS_LOGIC_ERROR,False,True,0.43
INC-001401,2026-02-06,PAYMENT_SYSTEM,ACCURACY_CHECK,CHECK_648,MEDIUM,RESOLVED,2558,2625,16:25,4.12,NETWORK_TIMEOUT,False,False,97.45
INC-001402,2025-11-04,PAYMENT_SYSTEM,REFERENTIAL_INTEGRITY,CHECK_803,MEDIUM,OPEN,14,15202,06:31,,BUSINESS_LOGIC_ERROR,False,False,0.09
INC-001403,2026-02-21,CRM_CLIENTS,SCHEMA_VALIDATION,CHECK_987,LOW,RESOLVED,635,32167,10:38,1.45,BUSINESS_LOGIC_ERROR,False,False,1.97
INC-001404,2026-03-13,CREDIT_BUREAU,NULL_CHECK,CHECK_586,MEDIUM,CLOSED,124,314,19:32,17.47,BUSINESS_LOGIC_ERROR,False,True,39.49
INC-001405,2026-03-04,SCORING_ENGINE,NULL_CHECK,CHECK_686,MEDIUM,CLOSED,322,48264,01:58,5.87,DATABASE_CORRUPTION,False,False,0.67
INC-001406,2026-02-16,INTERNET_BANK,CONSISTENCY_CHECK,CHECK_341,LOW,IN_PROGRESS,29,154562,21:23,,API_INTEGRATION_ISSUE,False,False,0.02
INC-001407,2026-02-22,SCORING_ENGINE,DUPLICATE_CHECK,CHECK_587,MEDIUM,OPEN,610,10780,12:09,,UNKNOWN,False,False,5.66
INC-001408,2025-10-06,FRAUD_DETECTION,COMPLETENESS_CHECK,CHECK_406,MEDIUM,CLOSED,40,11178,22:54,0.23,CONFIGURATION_ERROR,True,False,0.36
INC-001409,2026-02-08,MOBILE_APP,ACCURACY_CHECK,CHECK_180,MEDIUM,IN_PROGRESS,8,5029,13:23,,NETWORK_TIMEOUT,False,False,0.16
INC-001410,2025-09-25,SCORING_ENGINE,RANGE_CHECK,CHECK_504,LOW,OPEN,387,16239,12:23,,ETL_PIPELINE_FAILURE,True,False,2.38
INC-001411,2026-02-08,LOAN_REGISTRY,REFERENTIAL_INTEGRITY,CHECK_974,CRITICAL,OPEN,0,7213,00:18,,UNKNOWN,False,False,0.0
INC-001412,2026-02-13,SCORING_ENGINE,COMPLETENESS_CHECK,CHECK_831,CRITICAL,RESOLVED,47,398399,11:22,3.53,SOURCE_SYSTEM_ERROR,False,False,0.01
INC-001413,2025-09-11,FRAUD_DETECTION,FORMAT_CHECK,CHECK_135,MEDIUM,RESOLVED,265,28260,09:28,3.28,MANUAL_DATA_ENTRY,False,False,0.94
INC-001414,2025-11-19,INTERNET_BANK,REFERENTIAL_INTEGRITY,CHECK_614,MEDIUM,CLOSED,675,300,17:05,21.28,DATABASE_CORRUPTION,True,False,225.0
INC-001415,2025-12-22,SCORING_ENGINE,FORMAT_CHECK,CHECK_684,LOW,RESOLVED,1725,68945,06:46,17.19,DATA_DRIFT,False,False,2.5
INC-001416,2025-09-09,LOAN_REGISTRY,SCHEMA_VALIDATION,CHECK_629,LOW,CLOSED,5193,685757,14:47,4.93,NETWORK_TIMEOUT,True,True,0.76
INC-001417,2026-01-27,CRM_CLIENTS,FORMAT_CHECK,CHECK_919,LOW,IN_PROGRESS,2817,60969,13:51,,MANUAL_DATA_ENTRY,True,False,4.62
INC-001418,2025-12-03,MOBILE_APP,FORMAT_CHECK,CHECK_685,LOW,CLOSED,217,238001,14:18,21.13,CONFIGURATION_ERROR,False,False,0.09
INC-001419,2026-03-07,FRAUD_DETECTION,FRESHNESS_CHECK,CHECK_793,LOW,CLOSED,1409,85336,05:51,26.36,DATABASE_CORRUPTION,False,True,1.65
INC-001420,2025-10-04,CRM_CLIENTS,FRESHNESS_CHECK,CHECK_735,HIGH,CLOSED,211,159846,23:57,0.07,API_INTEGRATION_ISSUE,False,False,0.13
INC-001421,2025-09-24,CRM_CLIENTS,FRESHNESS_CHECK,CHECK_250,LOW,IN_PROGRESS,585,145014,13:46,,API_INTEGRATION_ISSUE,False,False,0.4
INC-001422,2025-11-15,CRM_CLIENTS,SCHEMA_VALIDATION,CHECK_223,MEDIUM,OPEN,44,148375,13:08,,NETWORK_TIMEOUT,False,False,0.03
INC-001423,2025-11-23,PAYMENT_SYSTEM,COMPLETENESS_CHECK,CHECK_875,MEDIUM,RESOLVED,373,41495,18:38,15.21,NETWORK_TIMEOUT,False,False,0.9
INC-001424,2026-03-11,MOBILE_APP,REFERENTIAL_INTEGRITY,CHECK_559,LOW,CLOSED,57,713,02:09,5.57,SCHEMA_CHANGE,False,False,7.99
INC-001425,2025-12-16,INTERNET_BANK,REFERENTIAL_INTEGRITY,CHECK_277,MEDIUM,OPEN,104,2493,06:19,,CONFIGURATION_ERROR,False,False,4.17
INC-001426,2025-10-15,CREDIT_BUREAU,RANGE_CHECK,CHECK_271,LOW,REOPENED,376,2586,15:55,12.49,CONFIGURATION_ERROR,False,False,14.54
INC-001427,2025-10-22,MOBILE_APP,FRESHNESS_CHECK,CHECK_316,MEDIUM,REOPENED,9727,141,16:21,6.23,CONFIGURATION_ERROR,False,False,6898.58
INC-001428,2025-10-04,PAYMENT_SYSTEM,SCHEMA_VALIDATION,CHECK_927,LOW,RESOLVED,326,9232,02:59,8.63,DATABASE_CORRUPTION,False,False,3.53
INC-001429,2026-01-17,CREDIT_BUREAU,RANGE_CHECK,CHECK_297,HIGH,REOPENED,144,373602,18:48,15.55,API_INTEGRATION_ISSUE,False,True,0.04
INC-001430,2025-12-03,MOBILE_APP,DUPLICATE_CHECK,CHECK_229,LOW,IN_PROGRESS,28,1245,12:05,,UNKNOWN,False,False,2.25
INC-001431,2026-01-14,CRM_CLIENTS,RANGE_CHECK,CHECK_143,LOW,OPEN,891,94480,00:26,,DATABASE_CORRUPTION,False,False,0.94
INC-001432,2026-01-07,FRAUD_DETECTION,COMPLETENESS_CHECK,CHECK_533,MEDIUM,OPEN,75,63462,20:58,,NETWORK_TIMEOUT,False,False,0.12
INC-001433,2025-11-09,CREDIT_BUREAU,ACCURACY_CHECK,CHECK_180,MEDIUM,CLOSED,313,34889,08:26,12.99,SOURCE_SYSTEM_ERROR,False,False,0.9
INC-001434,2025-10-13,LOAN_REGISTRY,FORMAT_CHECK,CHECK_799,CRITICAL,OPEN,604,234488,05:35,,SCHEMA_CHANGE,False,False,0.26
INC-001435,2025-11-05,LOAN_REGISTRY,FRESHNESS_CHECK,CHECK_545,HIGH,REOPENED,1859,20279,14:45,18.46,NETWORK_TIMEOUT,False,False,9.17
INC-001436,2026-01-02,SCORING_ENGINE,ACCURACY_CHECK,CHECK_306,LOW,IN_PROGRESS,800,461874,18:48,,BUSINESS_LOGIC_ERROR,False,True,0.17
INC-001437,2025-11-15,CREDIT_BUREAU,RANGE_CHECK,CHECK_942,LOW,RESOLVED,12,14779,04:12,7.64,ETL_PIPELINE_FAILURE,False,False,0.08
INC-001438,2026-03-11,FRAUD_DETECTION,SCHEMA_VALIDATION,CHECK_742,MEDIUM,CLOSED,4,43771,05:53,3.2,MANUAL_DATA_ENTRY,False,False,0.01
INC-001439,2025-11-26,INTERNET_BANK,FORMAT_CHECK,CHECK_251,LOW,IN_PROGRESS,603,16593,12:18,,BUSINESS_LOGIC_ERROR,False,False,3.63
INC-001440,2025-09-30,PAYMENT_SYSTEM,REFERENTIAL_INTEGRITY,CHECK_954,LOW,IN_PROGRESS,176,3471,17:31,,BUSINESS_LOGIC_ERROR,False,False,5.07
INC-001441,2025-12-29,CRM_CLIENTS,NULL_CHECK,CHECK_709,MEDIUM,CLOSED,324,1490,01:52,6.46,API_INTEGRATION_ISSUE,False,False,21.74
INC-001442,2025-09-20,SCORING_ENGINE,FORMAT_CHECK,CHECK_364,LOW,RESOLVED,4626,69597,09:53,13.72,NETWORK_TIMEOUT,False,False,6.65
INC-001443,2025-10-07,LOAN_REGISTRY,COMPLETENESS_CHECK,CHECK_427,LOW,IN_PROGRESS,43,325974,18:19,,BUSINESS_LOGIC_ERROR,False,False,0.01
INC-001444,2026-03-13,PAYMENT_SYSTEM,COMPLETENESS_CHECK,CHECK_844,MEDIUM,RESOLVED,1964,35893,15:35,0.63,CONFIGURATION_ERROR,True,False,5.47
INC-001445,2025-10-28,PAYMENT_SYSTEM,RANGE_CHECK,CHECK_926,MEDIUM,RESOLVED,44,61568,23:29,4.3,DATABASE_CORRUPTION,False,False,0.07
INC-001446,2026-02-21,CRM_CLIENTS,DUPLICATE_CHECK,CHECK_168,CRITICAL,REOPENED,3396,983,07:01,10.1,CONFIGURATION_ERROR,False,False,345.47
INC-001447,2026-03-05,INTERNET_BANK,COMPLETENESS_CHECK,CHECK_189,LOW,CLOSED,665,47596,00:09,11.56,API_INTEGRATION_ISSUE,True,False,1.4
INC-001448,2026-02-20,INTERNET_BANK,COMPLETENESS_CHECK,CHECK_497,LOW,RESOLVED,7,344,08:19,0.87,API_INTEGRATION_ISSUE,True,False,2.03
INC-001449,2025-12-11,CREDIT_BUREAU,SCHEMA_VALIDATION,CHECK_669,LOW,RESOLVED,64,2015,20:53,13.09,NETWORK_TIMEOUT,False,False,3.18
INC-001450,2026-01-21,LOAN_REGISTRY,RANGE_CHECK,CHECK_506,HIGH,RESOLVED,6845,317548,20:30,9.01,NETWORK_TIMEOUT,True,False,2.16
INC-001451,2025-12-03,INTERNET_BANK,FORMAT_CHECK,CHECK_665,MEDIUM,REOPENED,5326,22636,03:41,21.1,ETL_PIPELINE_FAILURE,True,False,23.53
INC-001452,2025-09-24,FRAUD_DETECTION,DUPLICATE_CHECK,CHECK_433,HIGH,IN_PROGRESS,496,27219,21:57,,BUSINESS_LOGIC_ERROR,False,False,1.82
INC-001453,2025-12-11,INTERNET_BANK,ACCURACY_CHECK,CHECK_977,CRITICAL,RESOLVED,301,66676,09:26,2.6,SCHEMA_CHANGE,True,False,0.45
INC-001454,2025-09-04,PAYMENT_SYSTEM,NULL_CHECK,CHECK_382,LOW,CLOSED,239,108690,05:31,18.92,CONFIGURATION_ERROR,True,False,0.22
INC-001455,2025-11-07,CRM_CLIENTS,FRESHNESS_CHECK,CHECK_632,LOW,REOPENED,355,12814,22:41,14.6,BUSINESS_LOGIC_ERROR,False,False,2.77
INC-001456,2026-01-16,FRAUD_DETECTION,REFERENTIAL_INTEGRITY,CHECK_569,LOW,IN_PROGRESS,111,39570,07:01,,UNKNOWN,False,False,0.28
INC-001457,2025-10-02,CREDIT_BUREAU,COMPLETENESS_CHECK,CHECK_994,LOW,IN_PROGRESS,1672,19167,03:48,,CONFIGURATION_ERROR,False,False,8.72
INC-001458,2025-12-26,LOAN_REGISTRY,RANGE_CHECK,CHECK_112,HIGH,IN_PROGRESS,471,1028,08:31,,DATA_DRIFT,False,True,45.82
INC-001459,2025-12-04,CREDIT_BUREAU,FRESHNESS_CHECK,CHECK_905,MEDIUM,OPEN,21,10839,02:38,,MANUAL_DATA_ENTRY,False,False,0.19
INC-001460,2026-02-20,PAYMENT_SYSTEM,REFERENTIAL_INTEGRITY,CHECK_817,MEDIUM,CLOSED,550,50316,23:23,3.61,MANUAL_DATA_ENTRY,False,False,1.09
INC-001461,2026-03-11,FRAUD_DETECTION,REFERENTIAL_INTEGRITY,CHECK_738,LOW,CLOSED,206,10198,18:30,32.72,NETWORK_TIMEOUT,True,False,2.02
INC-001462,2026-02-20,FRAUD_DETECTION,ACCURACY_CHECK,CHECK_701,LOW,CLOSED,79,10385,18:27,8.02,SCHEMA_CHANGE,True,False,0.76
INC-001463,2025-11-07,FRAUD_DETECTION,ACCURACY_CHECK,CHECK_635,MEDIUM,OPEN,6614,105281,08:40,,UNKNOWN,False,True,6.28
INC-001464,2026-01-28,PAYMENT_SYSTEM,ACCURACY_CHECK,CHECK_900,MEDIUM,OPEN,182,30401,21:30,,SCHEMA_CHANGE,False,False,0.6
INC-001465,2025-12-07,PAYMENT_SYSTEM,CONSISTENCY_CHECK,CHECK_529,CRITICAL,IN_PROGRESS,2,44522,22:52,,SOURCE_SYSTEM_ERROR,False,False,0.0
INC-001466,2026-02-11,CREDIT_BUREAU,CONSISTENCY_CHECK,CHECK_215,MEDIUM,RESOLVED,91,854,03:23,22.53,API_INTEGRATION_ISSUE,False,False,10.66
INC-001467,2025-12-05,SCORING_ENGINE,REFERENTIAL_INTEGRITY,CHECK_524,MEDIUM,CLOSED,1082,53994,16:46,27.67,SCHEMA_CHANGE,False,False,2.0
INC-001468,2025-09-28,CREDIT_BUREAU,ACCURACY_CHECK,CHECK_253,HIGH,IN_PROGRESS,23,2399,18:01,,UNKNOWN,True,True,0.96
INC-001469,2026-02-20,LOAN_REGISTRY,SCHEMA_VALIDATION,CHECK_251,MEDIUM,OPEN,1011,20972,08:10,,CONFIGURATION_ERROR,False,False,4.82
INC-001470,2025-10-30,CRM_CLIENTS,COMPLETENESS_CHECK,CHECK_680,LOW,RESOLVED,20,2626,18:03,3.91,CONFIGURATION_ERROR,False,True,0.76
INC-001471,2025-12-30,FRAUD_DETECTION,FRESHNESS_CHECK,CHECK_702,MEDIUM,RESOLVED,2150,142322,04:20,2.39,MANUAL_DATA_ENTRY,False,False,1.51
INC-001472,2025-09-07,SCORING_ENGINE,FRESHNESS_CHECK,CHECK_696,HIGH,RESOLVED,47,855307,14:56,0.27,UNKNOWN,False,False,0.01
INC-001473,2026-02-06,CRM_CLIENTS,CONSISTENCY_CHECK,CHECK_876,HIGH,CLOSED,73,16396,22:08,3.03,BUSINESS_LOGIC_ERROR,False,False,0.45
INC-001474,2026-01-22,SCORING_ENGINE,REFERENTIAL_INTEGRITY,CHECK_202,MEDIUM,OPEN,63,16094,11:10,,SCHEMA_CHANGE,False,False,0.39
INC-001475,2025-11-23,INTERNET_BANK,RANGE_CHECK,CHECK_208,MEDIUM,CLOSED,490,173078,01:17,28.15,SOURCE_SYSTEM_ERROR,False,False,0.28
INC-001476,2026-02-04,INTERNET_BANK,FORMAT_CHECK,CHECK_676,MEDIUM,RESOLVED,5932,69132,11:26,1.72,UNKNOWN,False,False,8.58
INC-001477,2025-10-27,MOBILE_APP,FORMAT_CHECK,CHECK_898,MEDIUM,RESOLVED,152,19099,20:58,30.01,BUSINESS_LOGIC_ERROR,False,False,0.8
INC-001478,2026-02-13,INTERNET_BANK,CONSISTENCY_CHECK,CHECK_203,MEDIUM,CLOSED,145,46001,11:03,5.08,MANUAL_DATA_ENTRY,False,False,0.32
INC-001479,2025-09-17,CREDIT_BUREAU,RANGE_CHECK,CHECK_904,LOW,IN_PROGRESS,47,1276492,09:18,,CONFIGURATION_ERROR,True,False,0.0
INC-001480,2026-02-10,INTERNET_BANK,CONSISTENCY_CHECK,CHECK_392,MEDIUM,CLOSED,5,5745,16:40,5.45,UNKNOWN,False,True,0.09
INC-001481,2025-12-28,PAYMENT_SYSTEM,FORMAT_CHECK,CHECK_988,LOW,RESOLVED,57,6824,02:32,6.3,NETWORK_TIMEOUT,False,False,0.84
INC-001482,2026-02-27,FRAUD_DETECTION,RANGE_CHECK,CHECK_648,MEDIUM,RESOLVED,11,107938,06:49,3.6,DATA_DRIFT,False,False,0.01
INC-001483,2025-11-17,CREDIT_BUREAU,ACCURACY_CHECK,CHECK_452,HIGH,CLOSED,3,1505851,20:11,14.39,SCHEMA_CHANGE,False,False,0.0
INC-001484,2026-02-14,CRM_CLIENTS,REFERENTIAL_INTEGRITY,CHECK_998,MEDIUM,CLOSED,127,31395,03:38,17.03,CONFIGURATION_ERROR,False,False,0.4
INC-001485,2025-12-14,MOBILE_APP,FRESHNESS_CHECK,CHECK_520,MEDIUM,CLOSED,50,721,05:34,20.79,BUSINESS_LOGIC_ERROR,True,False,6.93
INC-001486,2025-09-30,MOBILE_APP,SCHEMA_VALIDATION,CHECK_370,LOW,CLOSED,2328,48086,10:55,5.01,CONFIGURATION_ERROR,False,False,4.84
INC-001487,2025-10-06,MOBILE_APP,DUPLICATE_CHECK,CHECK_492,LOW,IN_PROGRESS,26,7708,10:52,,SOURCE_SYSTEM_ERROR,False,False,0.34
INC-001488,2025-09-12,CRM_CLIENTS,REFERENTIAL_INTEGRITY,CHECK_770,LOW,CLOSED,567,57086,21:51,12.18,UNKNOWN,False,False,0.99
INC-001489,2025-09-10,CRM_CLIENTS,ACCURACY_CHECK,CHECK_597,LOW,CLOSED,545,1452,09:17,38.02,MANUAL_DATA_ENTRY,False,False,37.53
INC-001490,2025-11-17,CRM_CLIENTS,FORMAT_CHECK,CHECK_685,LOW,OPEN,2152,1151,21:44,,DATABASE_CORRUPTION,False,True,186.97
INC-001491,2026-01-05,CRM_CLIENTS,ACCURACY_CHECK,CHECK_723,MEDIUM,RESOLVED,102,12164,22:23,58.41,CONFIGURATION_ERROR,False,False,0.84
INC-001492,2025-09-30,MOBILE_APP,CONSISTENCY_CHECK,CHECK_584,MEDIUM,CLOSED,2075,599888,03:34,16.18,NETWORK_TIMEOUT,True,False,0.35
INC-001493,2025-09-25,MOBILE_APP,RANGE_CHECK,CHECK_138,LOW,RESOLVED,455,1417,18:22,17.97,SCHEMA_CHANGE,True,False,32.11
INC-001494,2025-10-31,SCORING_ENGINE,FRESHNESS_CHECK,CHECK_276,LOW,RESOLVED,1448,11606,04:00,0.31,NETWORK_TIMEOUT,True,False,12.48
INC-001495,2026-01-16,CREDIT_BUREAU,COMPLETENESS_CHECK,CHECK_382,HIGH,CLOSED,17824,1178,04:33,8.26,SOURCE_SYSTEM_ERROR,False,False,1513.07
INC-001496,2025-10-05,FRAUD_DETECTION,CONSISTENCY_CHECK,CHECK_512,LOW,IN_PROGRESS,115,39330,09:23,,API_INTEGRATION_ISSUE,False,True,0.29
INC-001497,2025-12-09,INTERNET_BANK,REFERENTIAL_INTEGRITY,CHECK_247,HIGH,IN_PROGRESS,208,34303,15:26,,BUSINESS_LOGIC_ERROR,False,False,0.61
INC-001498,2025-12-26,INTERNET_BANK,CONSISTENCY_CHECK,CHECK_733,MEDIUM,CLOSED,71,1276,10:58,4.49,DATA_DRIFT,False,False,5.56
INC-001499,2025-12-04,PAYMENT_SYSTEM,REFERENTIAL_INTEGRITY,CHECK_723,MEDIUM,RESOLVED,3244,289369,05:06,37.39,SCHEMA_CHANGE,False,True,1.12
INC-001500,2026-02-19,MOBILE_APP,COMPLETENESS_CHECK,CHECK_797,LOW,CLOSED,27154,471,06:09,6.66,DATABASE_CORRUPTION,False,False,5765.18
INC-001501,2026-03-10,PAYMENT_SYSTEM,NULL_CHECK,CHECK_810,LOW,IN_PROGRESS,644,515506,16:14,,MANUAL_DATA_ENTRY,False,False,0.12
INC-001502,2026-02-26,CREDIT_BUREAU,FRESHNESS_CHECK,CHECK_511,MEDIUM,RESOLVED,5,344186,06:50,8.64,MANUAL_DATA_ENTRY,False,False,0.0
INC-001503,2026-01-17,CREDIT_BUREAU,SCHEMA_VALIDATION,CHECK_139,HIGH,IN_PROGRESS,25,40602,17:39,,SOURCE_SYSTEM_ERROR,False,False,0.06
INC-001504,2025-12-17,PAYMENT_SYSTEM,SCHEMA_VALIDATION,CHECK_505,MEDIUM,REOPENED,1508,132220,22:53,8.71,API_INTEGRATION_ISSUE,False,False,1.14
INC-001505,2026-01-29,MOBILE_APP,DUPLICATE_CHECK,CHECK_439,LOW,RESOLVED,15,15425,16:54,10.82,ETL_PIPELINE_FAILURE,False,False,0.1
INC-001506,2026-03-10,PAYMENT_SYSTEM,ACCURACY_CHECK,CHECK_807,MEDIUM,RESOLVED,44,1011,17:45,5.31,SOURCE_SYSTEM_ERROR,False,False,4.35
INC-001507,2026-03-06,INTERNET_BANK,NULL_CHECK,CHECK_343,MEDIUM,OPEN,41,35347,17:44,,API_INTEGRATION_ISSUE,False,False,0.12
INC-001508,2025-10-10,SCORING_ENGINE,SCHEMA_VALIDATION,CHECK_150,HIGH,IN_PROGRESS,127,951,03:26,,MANUAL_DATA_ENTRY,False,True,13.35
INC-001509,2025-12-16,INTERNET_BANK,CONSISTENCY_CHECK,CHECK_863,MEDIUM,RESOLVED,247,21552,14:58,25.26,MANUAL_DATA_ENTRY,False,False,1.15
INC-001510,2026-02-15,LOAN_REGISTRY,ACCURACY_CHECK,CHECK_586,MEDIUM,OPEN,3,1856,02:07,,BUSINESS_LOGIC_ERROR,False,True,0.16
INC-001511,2025-09-26,MOBILE_APP,NULL_CHECK,CHECK_375,LOW,RESOLVED,6,154945,04:59,0.01,CONFIGURATION_ERROR,False,False,0.0
INC-001512,2026-01-04,MOBILE_APP,RANGE_CHECK,CHECK_481,HIGH,RESOLVED,7,47114,00:30,22.2,CONFIGURATION_ERROR,False,False,0.01
INC-001513,2026-02-05,FRAUD_DETECTION,RANGE_CHECK,CHECK_120,LOW,CLOSED,9,85528,11:19,8.47,DATA_DRIFT,False,False,0.01
INC-001514,2025-12-14,CRM_CLIENTS,ACCURACY_CHECK,CHECK_445,MEDIUM,CLOSED,153,43502,22:23,7.43,SOURCE_SYSTEM_ERROR,False,False,0.35
INC-001515,2025-11-11,LOAN_REGISTRY,REFERENTIAL_INTEGRITY,CHECK_937,MEDIUM,RESOLVED,219,947542,04:52,3.27,DATABASE_CORRUPTION,False,False,0.02
INC-001516,2025-09-09,CREDIT_BUREAU,REFERENTIAL_INTEGRITY,CHECK_912,MEDIUM,IN_PROGRESS,1125,170211,14:56,,MANUAL_DATA_ENTRY,False,False,0.66
INC-001517,2026-02-24,MOBILE_APP,CONSISTENCY_CHECK,CHECK_410,LOW,CLOSED,450,664801,19:33,36.05,UNKNOWN,False,False,0.07
INC-001518,2025-12-04,PAYMENT_SYSTEM,NULL_CHECK,CHECK_418,LOW,CLOSED,46,3640,10:11,2.84,MANUAL_DATA_ENTRY,False,False,1.26
INC-001519,2025-10-26,LOAN_REGISTRY,NULL_CHECK,CHECK_387,LOW,IN_PROGRESS,235,7441,22:19,,DATABASE_CORRUPTION,False,False,3.16
INC-001520,2025-12-23,FRAUD_DETECTION,ACCURACY_CHECK,CHECK_963,MEDIUM,CLOSED,1222,173,00:47,3.32,DATABASE_CORRUPTION,False,False,706.36
INC-001521,2025-12-23,CREDIT_BUREAU,FORMAT_CHECK,CHECK_603,MEDIUM,OPEN,94,10048,03:14,,UNKNOWN,False,False,0.94
INC-001522,2025-10-31,CRM_CLIENTS,RANGE_CHECK,CHECK_978,LOW,OPEN,79,20514,04:54,,ETL_PIPELINE_FAILURE,False,True,0.39
INC-001523,2025-12-02,CRM_CLIENTS,NULL_CHECK,CHECK_812,LOW,IN_PROGRESS,22,52502,22:09,,DATA_DRIFT,False,True,0.04
INC-001524,2025-09-26,FRAUD_DETECTION,ACCURACY_CHECK,CHECK_801,HIGH,CLOSED,29,7616,22:14,3.35,CONFIGURATION_ERROR,False,False,0.38
INC-001525,2026-02-23,FRAUD_DETECTION,COMPLETENESS_CHECK,CHECK_200,LOW,RESOLVED,584,96067,09:08,6.97,CONFIGURATION_ERROR,False,False,0.61
INC-001526,2025-12-04,PAYMENT_SYSTEM,DUPLICATE_CHECK,CHECK_989,MEDIUM,CLOSED,147,83507,06:08,5.94,SOURCE_SYSTEM_ERROR,False,False,0.18
INC-001527,2026-01-18,MOBILE_APP,COMPLETENESS_CHECK,CHECK_333,HIGH,IN_PROGRESS,7456,8542,02:27,,DATA_DRIFT,False,False,87.29
INC-001528,2026-02-13,CRM_CLIENTS,FRESHNESS_CHECK,CHECK_237,MEDIUM,RESOLVED,38,3239,22:48,8.58,SCHEMA_CHANGE,False,False,1.17
INC-001529,2025-12-01,CREDIT_BUREAU,CONSISTENCY_CHECK,CHECK_407,MEDIUM,RESOLVED,680,25129,03:04,1.62,UNKNOWN,False,False,2.71
INC-001530,2025-09-16,LOAN_REGISTRY,NULL_CHECK,CHECK_861,MEDIUM,CLOSED,321,26866,00:49,22.16,NETWORK_TIMEOUT,False,False,1.19
INC-001531,2025-12-11,CREDIT_BUREAU,FRESHNESS_CHECK,CHECK_553,MEDIUM,OPEN,124,6532,15:48,,BUSINESS_LOGIC_ERROR,False,False,1.9
INC-001532,2025-11-10,SCORING_ENGINE,SCHEMA_VALIDATION,CHECK_892,HIGH,IN_PROGRESS,62,13115,13:02,,MANUAL_DATA_ENTRY,False,True,0.47
INC-001533,2025-10-19,SCORING_ENGINE,FRESHNESS_CHECK,CHECK_945,HIGH,IN_PROGRESS,492,1292,06:06,,SOURCE_SYSTEM_ERROR,False,False,38.08
INC-001534,2025-10-02,FRAUD_DETECTION,ACCURACY_CHECK,CHECK_428,MEDIUM,CLOSED,439,85570,01:50,34.42,ETL_PIPELINE_FAILURE,False,False,0.51
INC-001535,2025-12-26,PAYMENT_SYSTEM,NULL_CHECK,CHECK_375,LOW,RESOLVED,222,88385,21:32,1.27,CONFIGURATION_ERROR,False,False,0.25
INC-001536,2025-09-24,SCORING_ENGINE,DUPLICATE_CHECK,CHECK_846,MEDIUM,RESOLVED,347,24293,18:03,34.77,ETL_PIPELINE_FAILURE,False,False,1.43
INC-001537,2026-02-17,CRM_CLIENTS,ACCURACY_CHECK,CHECK_526,CRITICAL,RESOLVED,159,101824,15:07,19.06,BUSINESS_LOGIC_ERROR,False,False,0.16
INC-001538,2025-10-25,CREDIT_BUREAU,ACCURACY_CHECK,CHECK_719,HIGH,REOPENED,5,28632,08:02,18.04,CONFIGURATION_ERROR,False,False,0.02
INC-001539,2026-02-12,CREDIT_BUREAU,CONSISTENCY_CHECK,CHECK_761,LOW,CLOSED,175,558233,02:19,1.13,NETWORK_TIMEOUT,False,False,0.03
INC-001540,2026-02-11,FRAUD_DETECTION,CONSISTENCY_CHECK,CHECK_191,MEDIUM,CLOSED,86,1647,21:00,2.37,ETL_PIPELINE_FAILURE,False,False,5.22
INC-001541,2026-01-31,MOBILE_APP,RANGE_CHECK,CHECK_292,MEDIUM,RESOLVED,7277,32977,03:50,44.35,SOURCE_SYSTEM_ERROR,False,False,22.07
INC-001542,2025-09-06,MOBILE_APP,RANGE_CHECK,CHECK_552,CRITICAL,IN_PROGRESS,526,134147,03:58,,MANUAL_DATA_ENTRY,False,False,0.39
INC-001543,2025-09-13,LOAN_REGISTRY,REFERENTIAL_INTEGRITY,CHECK_316,LOW,CLOSED,222,435478,19:13,2.22,SOURCE_SYSTEM_ERROR,False,False,0.05
INC-001544,2025-11-25,FRAUD_DETECTION,FORMAT_CHECK,CHECK_943,MEDIUM,RESOLVED,374,107489,18:57,5.4,BUSINESS_LOGIC_ERROR,False,False,0.35
INC-001545,2025-11-02,INTERNET_BANK,NULL_CHECK,CHECK_516,MEDIUM,RESOLVED,19,2762,06:11,29.35,DATA_DRIFT,False,False,0.69
INC-001546,2025-10-03,LOAN_REGISTRY,NULL_CHECK,CHECK_858,HIGH,RESOLVED,43,804,21:22,7.76,ETL_PIPELINE_FAILURE,True,False,5.35
INC-001547,2026-01-23,INTERNET_BANK,FRESHNESS_CHECK,CHECK_596,MEDIUM,CLOSED,75,15681,00:05,30.4,API_INTEGRATION_ISSUE,False,False,0.48
INC-001548,2025-10-23,MOBILE_APP,NULL_CHECK,CHECK_877,LOW,RESOLVED,322,45407,04:54,4.88,DATA_DRIFT,False,False,0.71
INC-001549,2025-09-18,FRAUD_DETECTION,NULL_CHECK,CHECK_628,LOW,CLOSED,62,145724,23:17,3.08,MANUAL_DATA_ENTRY,False,False,0.04
INC-001550,2026-01-20,INTERNET_BANK,FORMAT_CHECK,CHECK_988,LOW,CLOSED,54,2462,18:22,8.2,CONFIGURATION_ERROR,False,True,2.19
INC-001551,2025-10-24,FRAUD_DETECTION,SCHEMA_VALIDATION,CHECK_482,LOW,RESOLVED,17,74717,11:10,11.47,DATABASE_CORRUPTION,False,False,0.02
INC-001552,2026-01-29,FRAUD_DETECTION,RANGE_CHECK,CHECK_940,HIGH,IN_PROGRESS,156,104,16:49,,CONFIGURATION_ERROR,False,False,150.0
INC-001553,2025-10-26,MOBILE_APP,RANGE_CHECK,CHECK_157,MEDIUM,REOPENED,206,5019,23:39,5.1,ETL_PIPELINE_FAILURE,False,False,4.1
INC-001554,2025-10-30,LOAN_REGISTRY,DUPLICATE_CHECK,CHECK_627,LOW,REOPENED,349,123075,07:32,2.95,MANUAL_DATA_ENTRY,True,False,0.28
INC-001555,2025-11-24,LOAN_REGISTRY,NULL_CHECK,CHECK_910,MEDIUM,CLOSED,36,2033,18:04,3.86,UNKNOWN,False,False,1.77
INC-001556,2025-10-08,FRAUD_DETECTION,FORMAT_CHECK,CHECK_262,LOW,CLOSED,311,2423,03:52,13.42,DATABASE_CORRUPTION,False,False,12.84
INC-001557,2026-01-31,SCORING_ENGINE,RANGE_CHECK,CHECK_167,HIGH,RESOLVED,18,7701,18:48,5.54,SOURCE_SYSTEM_ERROR,False,False,0.23
INC-001558,2025-09-01,PAYMENT_SYSTEM,FORMAT_CHECK,CHECK_418,MEDIUM,CLOSED,95,31381,00:33,1.0,CONFIGURATION_ERROR,False,False,0.3
INC-001559,2025-11-10,MOBILE_APP,COMPLETENESS_CHECK,CHECK_826,LOW,RESOLVED,271,2367,06:45,1.78,CONFIGURATION_ERROR,True,False,11.45
INC-001560,2025-10-08,PAYMENT_SYSTEM,SCHEMA_VALIDATION,CHECK_618,LOW,CLOSED,88,20649,06:18,5.59,UNKNOWN,False,True,0.43
INC-001561,2025-10-04,PAYMENT_SYSTEM,NULL_CHECK,CHECK_513,LOW,CLOSED,6,9280,05:57,31.0,SCHEMA_CHANGE,False,True,0.06
INC-001562,2026-01-17,LOAN_REGISTRY,DUPLICATE_CHECK,CHECK_238,HIGH,CLOSED,8,223209,17:00,5.72,MANUAL_DATA_ENTRY,False,False,0.0
INC-001563,2025-11-04,LOAN_REGISTRY,FRESHNESS_CHECK,CHECK_899,LOW,CLOSED,230,8370,23:06,0.75,CONFIGURATION_ERROR,False,False,2.75
INC-001564,2025-10-15,SCORING_ENGINE,RANGE_CHECK,CHECK_971,MEDIUM,CLOSED,473,23310,06:58,6.5,UNKNOWN,False,False,2.03
INC-001565,2025-09-29,PAYMENT_SYSTEM,COMPLETENESS_CHECK,CHECK_636,MEDIUM,IN_PROGRESS,292,30720,16:54,,DATA_DRIFT,False,False,0.95
INC-001566,2026-02-17,PAYMENT_SYSTEM,FORMAT_CHECK,CHECK_682,LOW,CLOSED,496,9514,22:30,10.8,ETL_PIPELINE_FAILURE,False,False,5.21
INC-001567,2025-09-07,FRAUD_DETECTION,CONSISTENCY_CHECK,CHECK_129,LOW,OPEN,84,102683,11:44,,DATA_DRIFT,False,False,0.08
INC-001568,2025-10-04,LOAN_REGISTRY,ACCURACY_CHECK,CHECK_277,HIGH,RESOLVED,649,155628,18:11,13.98,UNKNOWN,True,False,0.42
INC-001569,2025-09-04,PAYMENT_SYSTEM,NULL_CHECK,CHECK_297,LOW,IN_PROGRESS,290,8283,14:43,,MANUAL_DATA_ENTRY,False,False,3.5
INC-001570,2025-12-01,CREDIT_BUREAU,NULL_CHECK,CHECK_996,HIGH,RESOLVED,41,39586,03:11,2.27,NETWORK_TIMEOUT,False,False,0.1
INC-001571,2025-10-31,SCORING_ENGINE,COMPLETENESS_CHECK,CHECK_952,CRITICAL,CLOSED,415,3445,11:24,2.12,ETL_PIPELINE_FAILURE,False,False,12.05
INC-001572,2026-01-29,INTERNET_BANK,FORMAT_CHECK,CHECK_305,MEDIUM,REOPENED,268,68023,13:13,9.51,NETWORK_TIMEOUT,False,False,0.39
INC-001573,2025-11-22,CREDIT_BUREAU,REFERENTIAL_INTEGRITY,CHECK_957,LOW,RESOLVED,4209,35089,16:14,12.93,API_INTEGRATION_ISSUE,False,False,12.0
INC-001574,2025-09-05,CREDIT_BUREAU,NULL_CHECK,CHECK_159,HIGH,RESOLVED,2341,10637,13:07,39.21,NETWORK_TIMEOUT,False,False,22.01
INC-001575,2025-10-15,INTERNET_BANK,REFERENTIAL_INTEGRITY,CHECK_355,LOW,RESOLVED,123,42610,10:07,6.58,NETWORK_TIMEOUT,False,False,0.29
INC-001576,2025-11-07,MOBILE_APP,CONSISTENCY_CHECK,CHECK_133,HIGH,REOPENED,64,72092,14:07,17.37,BUSINESS_LOGIC_ERROR,False,False,0.09
INC-001577,2025-09-14,MOBILE_APP,COMPLETENESS_CHECK,CHECK_567,LOW,RESOLVED,3355,258015,16:08,1.49,NETWORK_TIMEOUT,False,False,1.3
INC-001578,2025-10-03,SCORING_ENGINE,FORMAT_CHECK,CHECK_151,MEDIUM,CLOSED,447,48774,15:48,26.44,API_INTEGRATION_ISSUE,False,False,0.92
INC-001579,2026-03-09,CREDIT_BUREAU,FORMAT_CHECK,CHECK_469,LOW,CLOSED,104,130199,11:45,12.03,CONFIGURATION_ERROR,False,False,0.08
INC-001580,2025-12-17,PAYMENT_SYSTEM,SCHEMA_VALIDATION,CHECK_821,MEDIUM,RESOLVED,2,994216,09:35,11.9,DATABASE_CORRUPTION,False,False,0.0
INC-001581,2026-01-13,LOAN_REGISTRY,ACCURACY_CHECK,CHECK_303,LOW,CLOSED,32,2785,23:02,1.84,NETWORK_TIMEOUT,False,False,1.15
INC-001582,2025-09-30,SCORING_ENGINE,RANGE_CHECK,CHECK_380,LOW,CLOSED,28,229267,02:20,0.48,API_INTEGRATION_ISSUE,False,True,0.01
INC-001583,2026-03-10,FRAUD_DETECTION,RANGE_CHECK,CHECK_477,LOW,CLOSED,110,3795,15:07,14.51,SCHEMA_CHANGE,False,True,2.9
INC-001584,2025-09-17,INTERNET_BANK,FRESHNESS_CHECK,CHECK_943,MEDIUM,RESOLVED,511,5287,12:18,1.49,NETWORK_TIMEOUT,True,True,9.67
INC-001585,2025-12-31,CREDIT_BUREAU,DUPLICATE_CHECK,CHECK_575,LOW,RESOLVED,694,21512,14:38,1.63,DATABASE_CORRUPTION,False,False,3.23
INC-001586,2025-12-24,SCORING_ENGINE,COMPLETENESS_CHECK,CHECK_617,CRITICAL,CLOSED,2981,6050,23:19,2.49,DATABASE_CORRUPTION,False,True,49.27
INC-001587,2025-12-02,CRM_CLIENTS,CONSISTENCY_CHECK,CHECK_506,LOW,RESOLVED,956,4330,21:53,1.23,SCHEMA_CHANGE,False,False,22.08
INC-001588,2026-01-10,CRM_CLIENTS,FORMAT_CHECK,CHECK_750,LOW,CLOSED,11,19519,14:14,11.78,CONFIGURATION_ERROR,False,False,0.06
INC-001589,2026-01-30,MOBILE_APP,ACCURACY_CHECK,CHECK_226,HIGH,IN_PROGRESS,1164,11310,17:26,,BUSINESS_LOGIC_ERROR,False,False,10.29
INC-001590,2025-09-28,INTERNET_BANK,REFERENTIAL_INTEGRITY,CHECK_797,MEDIUM,OPEN,4753,5821,09:54,,DATA_DRIFT,False,False,81.65
INC-001591,2025-12-25,LOAN_REGISTRY,COMPLETENESS_CHECK,CHECK_131,MEDIUM,RESOLVED,4305,3277,13:12,6.97,BUSINESS_LOGIC_ERROR,False,True,131.37
INC-001592,2026-01-07,PAYMENT_SYSTEM,FRESHNESS_CHECK,CHECK_347,MEDIUM,CLOSED,13,380902,02:57,22.31,DATA_DRIFT,False,False,0.0
INC-001593,2025-10-27,LOAN_REGISTRY,COMPLETENESS_CHECK,CHECK_481,LOW,RESOLVED,101,1997,15:43,31.42,NETWORK_TIMEOUT,False,False,5.06
INC-001594,2026-02-05,LOAN_REGISTRY,FRESHNESS_CHECK,CHECK_600,MEDIUM,CLOSED,1014,15750,11:11,8.02,SCHEMA_CHANGE,True,False,6.44
INC-001595,2025-09-12,LOAN_REGISTRY,FORMAT_CHECK,CHECK_708,MEDIUM,RESOLVED,14,206044,00:43,10.04,MANUAL_DATA_ENTRY,False,False,0.01
INC-001596,2026-03-06,INTERNET_BANK,DUPLICATE_CHECK,CHECK_556,MEDIUM,CLOSED,4,111200,15:43,3.57,DATA_DRIFT,False,False,0.0
INC-001597,2026-02-16,LOAN_REGISTRY,FRESHNESS_CHECK,CHECK_281,MEDIUM,CLOSED,278,35151,03:25,8.65,ETL_PIPELINE_FAILURE,True,False,0.79
INC-001598,2026-01-12,FRAUD_DETECTION,FORMAT_CHECK,CHECK_991,HIGH,RESOLVED,38,6327,14:33,16.55,DATABASE_CORRUPTION,False,False,0.6
INC-001599,2025-11-17,INTERNET_BANK,FORMAT_CHECK,CHECK_585,LOW,RESOLVED,5,21215,21:43,8.13,NETWORK_TIMEOUT,False,False,0.02
INC-001600,2025-12-27,FRAUD_DETECTION,DUPLICATE_CHECK,CHECK_700,CRITICAL,IN_PROGRESS,1735,2325,02:07,,NETWORK_TIMEOUT,False,True,74.62
INC-001601,2026-02-12,INTERNET_BANK,RANGE_CHECK,CHECK_664,LOW,RESOLVED,206,12453,04:25,10.47,DATABASE_CORRUPTION,False,True,1.65
INC-001602,2025-09-08,MOBILE_APP,COMPLETENESS_CHECK,CHECK_458,MEDIUM,CLOSED,52,12081,12:44,35.17,SOURCE_SYSTEM_ERROR,False,False,0.43
INC-001603,2025-09-16,SCORING_ENGINE,NULL_CHECK,CHECK_452,MEDIUM,RESOLVED,21,14655,18:06,26.27,DATABASE_CORRUPTION,False,False,0.14
INC-001604,2026-01-01,CRM_CLIENTS,NULL_CHECK,CHECK_267,LOW,RESOLVED,210,4554,23:59,17.6,CONFIGURATION_ERROR,False,False,4.61
INC-001605,2025-12-12,LOAN_REGISTRY,REFERENTIAL_INTEGRITY,CHECK_957,MEDIUM,CLOSED,416,741,05:04,3.88,MANUAL_DATA_ENTRY,True,False,56.14
INC-001606,2025-12-19,MOBILE_APP,REFERENTIAL_INTEGRITY,CHECK_364,MEDIUM,OPEN,284,269333,11:12,,DATABASE_CORRUPTION,False,False,0.11
INC-001607,2026-02-23,SCORING_ENGINE,NULL_CHECK,CHECK_866,HIGH,CLOSED,7,172739,10:12,21.88,BUSINESS_LOGIC_ERROR,False,False,0.0
INC-001608,2025-09-28,CRM_CLIENTS,CONSISTENCY_CHECK,CHECK_950,MEDIUM,OPEN,385,126665,19:54,,ETL_PIPELINE_FAILURE,False,False,0.3
INC-001609,2026-01-04,CREDIT_BUREAU,NULL_CHECK,CHECK_805,MEDIUM,REOPENED,595,46950,12:07,11.17,DATA_DRIFT,False,False,1.27
INC-001610,2026-03-02,PAYMENT_SYSTEM,REFERENTIAL_INTEGRITY,CHECK_192,CRITICAL,RESOLVED,74,30968,07:53,6.93,API_INTEGRATION_ISSUE,False,False,0.24
INC-001611,2025-12-23,FRAUD_DETECTION,ACCURACY_CHECK,CHECK_391,MEDIUM,RESOLVED,1187,5500,13:46,7.57,BUSINESS_LOGIC_ERROR,False,False,21.58
INC-001612,2025-09-19,CREDIT_BUREAU,REFERENTIAL_INTEGRITY,CHECK_128,HIGH,RESOLVED,27,6811,15:17,7.27,CONFIGURATION_ERROR,False,True,0.4
INC-001613,2025-09-21,INTERNET_BANK,CONSISTENCY_CHECK,CHECK_495,MEDIUM,OPEN,1960,404622,22:49,,CONFIGURATION_ERROR,False,False,0.48
INC-001614,2025-11-22,CRM_CLIENTS,COMPLETENESS_CHECK,CHECK_150,HIGH,RESOLVED,193,637822,18:37,1.09,DATABASE_CORRUPTION,False,True,0.03
INC-001615,2026-02-03,CREDIT_BUREAU,NULL_CHECK,CHECK_266,HIGH,IN_PROGRESS,55,15221,08:48,,API_INTEGRATION_ISSUE,False,False,0.36
INC-001616,2025-10-08,PAYMENT_SYSTEM,DUPLICATE_CHECK,CHECK_974,HIGH,CLOSED,78,22192,20:25,21.62,MANUAL_DATA_ENTRY,False,True,0.35
INC-001617,2025-09-17,MOBILE_APP,ACCURACY_CHECK,CHECK_685,LOW,RESOLVED,1095,95286,11:30,34.35,DATA_DRIFT,False,True,1.15
INC-001618,2025-10-03,CRM_CLIENTS,FORMAT_CHECK,CHECK_898,CRITICAL,CLOSED,238,26553,21:38,7.23,SCHEMA_CHANGE,False,False,0.9
INC-001619,2025-11-10,CREDIT_BUREAU,CONSISTENCY_CHECK,CHECK_319,LOW,IN_PROGRESS,539,30886,12:31,,NETWORK_TIMEOUT,False,False,1.75
INC-001620,2026-02-07,FRAUD_DETECTION,REFERENTIAL_INTEGRITY,CHECK_977,HIGH,CLOSED,1273,19543,16:17,39.02,NETWORK_TIMEOUT,False,False,6.51
INC-001621,2026-02-10,FRAUD_DETECTION,DUPLICATE_CHECK,CHECK_326,LOW,RESOLVED,51,3375,04:49,7.36,DATA_DRIFT,False,False,1.51
INC-001622,2026-01-28,SCORING_ENGINE,FRESHNESS_CHECK,CHECK_762,HIGH,IN_PROGRESS,191,10446,14:06,,SCHEMA_CHANGE,False,False,1.83
INC-001623,2026-01-19,CREDIT_BUREAU,RANGE_CHECK,CHECK_330,LOW,RESOLVED,94,16859,03:16,4.85,DATA_DRIFT,False,False,0.56
INC-001624,2026-03-02,LOAN_REGISTRY,NULL_CHECK,CHECK_793,LOW,IN_PROGRESS,1134,142,15:31,,ETL_PIPELINE_FAILURE,False,False,798.59
INC-001625,2025-11-23,CREDIT_BUREAU,RANGE_CHECK,CHECK_311,CRITICAL,IN_PROGRESS,69,26239,07:40,,API_INTEGRATION_ISSUE,False,False,0.26
INC-001626,2025-12-07,MOBILE_APP,CONSISTENCY_CHECK,CHECK_375,LOW,RESOLVED,163,2292450,04:01,12.77,NETWORK_TIMEOUT,False,False,0.01
INC-001627,2026-01-31,CRM_CLIENTS,FRESHNESS_CHECK,CHECK_767,MEDIUM,CLOSED,14639,9332,03:47,14.05,SCHEMA_CHANGE,False,False,156.87
INC-001628,2026-01-14,CRM_CLIENTS,FRESHNESS_CHECK,CHECK_519,MEDIUM,CLOSED,1939,23535,01:53,0.08,MANUAL_DATA_ENTRY,True,False,8.24
INC-001629,2025-11-15,MOBILE_APP,FRESHNESS_CHECK,CHECK_625,LOW,RESOLVED,18,4101,02:31,19.38,DATABASE_CORRUPTION,False,False,0.44
INC-001630,2025-12-26,CREDIT_BUREAU,FORMAT_CHECK,CHECK_120,LOW,REOPENED,901,2470,21:01,8.14,BUSINESS_LOGIC_ERROR,False,False,36.48
INC-001631,2026-01-08,MOBILE_APP,CONSISTENCY_CHECK,CHECK_985,MEDIUM,CLOSED,588,11846,05:24,8.83,NETWORK_TIMEOUT,True,False,4.96
INC-001632,2026-02-02,PAYMENT_SYSTEM,COMPLETENESS_CHECK,CHECK_899,MEDIUM,CLOSED,16,77620,19:43,39.16,CONFIGURATION_ERROR,False,False,0.02
INC-001633,2025-12-20,INTERNET_BANK,RANGE_CHECK,CHECK_885,LOW,RESOLVED,119,13800,10:09,4.02,SOURCE_SYSTEM_ERROR,True,False,0.86
INC-001634,2025-09-26,MOBILE_APP,COMPLETENESS_CHECK,CHECK_798,LOW,IN_PROGRESS,22,10423,09:39,,UNKNOWN,True,False,0.21
INC-001635,2026-02-27,FRAUD_DETECTION,DUPLICATE_CHECK,CHECK_109,LOW,IN_PROGRESS,1,59349,19:06,,DATA_DRIFT,False,False,0.0
INC-001636,2025-09-30,MOBILE_APP,SCHEMA_VALIDATION,CHECK_585,LOW,CLOSED,110,32866,02:42,14.48,UNKNOWN,False,False,0.33
INC-001637,2026-02-15,CRM_CLIENTS,ACCURACY_CHECK,CHECK_235,MEDIUM,RESOLVED,53,38505,16:49,6.49,MANUAL_DATA_ENTRY,False,False,0.14
INC-001638,2026-02-14,FRAUD_DETECTION,ACCURACY_CHECK,CHECK_762,LOW,IN_PROGRESS,16,238134,15:50,,DATA_DRIFT,True,True,0.01
INC-001639,2026-01-20,CRM_CLIENTS,COMPLETENESS_CHECK,CHECK_277,HIGH,RESOLVED,145,185214,14:12,9.48,SOURCE_SYSTEM_ERROR,True,False,0.08
INC-001640,2026-03-04,SCORING_ENGINE,SCHEMA_VALIDATION,CHECK_715,MEDIUM,OPEN,2,438660,09:42,,ETL_PIPELINE_FAILURE,False,False,0.0
INC-001641,2025-10-26,LOAN_REGISTRY,SCHEMA_VALIDATION,CHECK_920,MEDIUM,CLOSED,161,1947,15:31,3.03,DATABASE_CORRUPTION,False,False,8.27
INC-001642,2025-12-20,CRM_CLIENTS,NULL_CHECK,CHECK_108,MEDIUM,OPEN,153,122334,16:16,,NETWORK_TIMEOUT,True,False,0.13
INC-001643,2025-12-25,FRAUD_DETECTION,DUPLICATE_CHECK,CHECK_329,CRITICAL,CLOSED,576,592227,17:21,7.75,CONFIGURATION_ERROR,False,True,0.1
INC-001644,2025-10-29,SCORING_ENGINE,CONSISTENCY_CHECK,CHECK_358,LOW,CLOSED,6,841,17:34,22.55,DATA_DRIFT,False,False,0.71
INC-001645,2025-12-15,CRM_CLIENTS,SCHEMA_VALIDATION,CHECK_722,MEDIUM,IN_PROGRESS,10709,21158,00:48,,SCHEMA_CHANGE,False,True,50.61
INC-001646,2025-11-26,PAYMENT_SYSTEM,REFERENTIAL_INTEGRITY,CHECK_924,MEDIUM,RESOLVED,4972,7431,01:27,9.76,DATA_DRIFT,False,False,66.91
INC-001647,2025-12-26,MOBILE_APP,ACCURACY_CHECK,CHECK_412,LOW,CLOSED,31,20980,03:24,64.27,SCHEMA_CHANGE,True,False,0.15
INC-001648,2025-12-12,LOAN_REGISTRY,REFERENTIAL_INTEGRITY,CHECK_829,MEDIUM,RESOLVED,2750,218372,14:20,36.32,DATABASE_CORRUPTION,False,False,1.26
INC-001649,2025-12-16,CRM_CLIENTS,DUPLICATE_CHECK,CHECK_826,CRITICAL,IN_PROGRESS,823,1350,12:28,,BUSINESS_LOGIC_ERROR,False,False,60.96
INC-001650,2026-03-06,SCORING_ENGINE,SCHEMA_VALIDATION,CHECK_758,HIGH,RESOLVED,61,35953,14:02,24.36,NETWORK_TIMEOUT,False,True,0.17
INC-001651,2025-09-25,PAYMENT_SYSTEM,RANGE_CHECK,CHECK_381,LOW,CLOSED,44,7120,01:11,5.94,BUSINESS_LOGIC_ERROR,False,False,0.62
INC-001652,2025-11-20,CREDIT_BUREAU,ACCURACY_CHECK,CHECK_533,HIGH,CLOSED,51,232183,17:42,0.89,BUSINESS_LOGIC_ERROR,False,False,0.02
INC-001653,2025-12-19,SCORING_ENGINE,NULL_CHECK,CHECK_485,MEDIUM,IN_PROGRESS,42308,51116,09:56,,NETWORK_TIMEOUT,False,True,82.77
INC-001654,2025-11-20,MOBILE_APP,NULL_CHECK,CHECK_972,MEDIUM,RESOLVED,2253,16066,22:10,45.29,NETWORK_TIMEOUT,True,False,14.02
INC-001655,2026-02-18,SCORING_ENGINE,FRESHNESS_CHECK,CHECK_457,MEDIUM,RESOLVED,98,5238,15:27,43.94,DATABASE_CORRUPTION,False,False,1.87
INC-001656,2025-11-05,PAYMENT_SYSTEM,FORMAT_CHECK,CHECK_570,CRITICAL,CLOSED,117,4483182,04:19,1.62,CONFIGURATION_ERROR,False,False,0.0
INC-001657,2025-12-05,SCORING_ENGINE,SCHEMA_VALIDATION,CHECK_358,MEDIUM,RESOLVED,808,38552,22:24,17.7,DATA_DRIFT,False,True,2.1
INC-001658,2025-10-10,PAYMENT_SYSTEM,DUPLICATE_CHECK,CHECK_323,MEDIUM,CLOSED,740,1287,15:48,19.48,DATABASE_CORRUPTION,False,False,57.5
INC-001659,2026-02-23,CRM_CLIENTS,ACCURACY_CHECK,CHECK_577,LOW,RESOLVED,21,4352,03:36,5.52,SOURCE_SYSTEM_ERROR,False,False,0.48
INC-001660,2025-12-31,INTERNET_BANK,FORMAT_CHECK,CHECK_409,HIGH,CLOSED,269,50273,21:31,12.9,API_INTEGRATION_ISSUE,False,True,0.54
INC-001661,2025-09-18,PAYMENT_SYSTEM,DUPLICATE_CHECK,CHECK_793,MEDIUM,RESOLVED,49,5115,21:35,8.04,ETL_PIPELINE_FAILURE,False,False,0.96
INC-001662,2025-09-24,PAYMENT_SYSTEM,COMPLETENESS_CHECK,CHECK_633,MEDIUM,CLOSED,201,6541,21:34,3.1,NETWORK_TIMEOUT,True,False,3.07
INC-001663,2025-09-22,LOAN_REGISTRY,SCHEMA_VALIDATION,CHECK_944,MEDIUM,RESOLVED,134,158237,18:30,17.19,DATA_DRIFT,False,False,0.08
INC-001664,2025-09-24,PAYMENT_SYSTEM,CONSISTENCY_CHECK,CHECK_738,LOW,CLOSED,1136,132563,15:35,3.66,UNKNOWN,False,False,0.86
INC-001665,2025-12-20,PAYMENT_SYSTEM,CONSISTENCY_CHECK,CHECK_506,MEDIUM,RESOLVED,86,7027,05:32,4.99,CONFIGURATION_ERROR,False,True,1.22
INC-001666,2025-09-25,CREDIT_BUREAU,SCHEMA_VALIDATION,CHECK_698,MEDIUM,RESOLVED,188,229053,01:25,2.53,MANUAL_DATA_ENTRY,False,False,0.08
INC-001667,2026-03-10,INTERNET_BANK,FRESHNESS_CHECK,CHECK_204,LOW,RESOLVED,3,5317,08:31,15.24,CONFIGURATION_ERROR,False,False,0.06
INC-001668,2026-03-09,CRM_CLIENTS,FRESHNESS_CHECK,CHECK_107,MEDIUM,CLOSED,283,651532,18:24,7.37,ETL_PIPELINE_FAILURE,False,False,0.04
INC-001669,2025-12-05,MOBILE_APP,CONSISTENCY_CHECK,CHECK_623,MEDIUM,CLOSED,31,64543,19:43,7.03,SOURCE_SYSTEM_ERROR,False,False,0.05
INC-001670,2025-10-04,LOAN_REGISTRY,RANGE_CHECK,CHECK_778,HIGH,RESOLVED,7,39354,11:49,11.13,MANUAL_DATA_ENTRY,True,False,0.02
INC-001671,2026-01-21,CREDIT_BUREAU,ACCURACY_CHECK,CHECK_963,HIGH,CLOSED,1419,10202,09:20,2.05,BUSINESS_LOGIC_ERROR,False,False,13.91
INC-001672,2025-09-16,FRAUD_DETECTION,CONSISTENCY_CHECK,CHECK_959,CRITICAL,CLOSED,136,6520,01:01,27.41,BUSINESS_LOGIC_ERROR,False,False,2.09
INC-001673,2026-01-29,INTERNET_BANK,RANGE_CHECK,CHECK_483,HIGH,CLOSED,2,209,18:02,7.51,NETWORK_TIMEOUT,False,False,0.96
INC-001674,2026-01-22,CRM_CLIENTS,FORMAT_CHECK,CHECK_674,MEDIUM,CLOSED,30,12230,04:53,5.48,BUSINESS_LOGIC_ERROR,False,False,0.25
INC-001675,2026-01-22,CRM_CLIENTS,RANGE_CHECK,CHECK_762,LOW,CLOSED,149,21568,11:22,1.63,SCHEMA_CHANGE,True,False,0.69
INC-001676,2025-11-24,FRAUD_DETECTION,FORMAT_CHECK,CHECK_708,MEDIUM,RESOLVED,159,571,23:37,2.21,DATA_DRIFT,False,False,27.85
INC-001677,2026-02-19,MOBILE_APP,DUPLICATE_CHECK,CHECK_723,MEDIUM,CLOSED,54,114321,00:48,30.36,UNKNOWN,False,False,0.05
INC-001678,2025-10-02,PAYMENT_SYSTEM,REFERENTIAL_INTEGRITY,CHECK_389,HIGH,CLOSED,0,15982,20:21,7.32,SCHEMA_CHANGE,False,False,0.0
INC-001679,2025-12-15,CREDIT_BUREAU,DUPLICATE_CHECK,CHECK_405,MEDIUM,REOPENED,49,250052,12:06,15.37,NETWORK_TIMEOUT,False,False,0.02
INC-001680,2025-11-30,SCORING_ENGINE,CONSISTENCY_CHECK,CHECK_800,CRITICAL,IN_PROGRESS,1264,5612,13:22,,DATABASE_CORRUPTION,False,False,22.52
INC-001681,2026-02-18,LOAN_REGISTRY,FORMAT_CHECK,CHECK_210,LOW,OPEN,2452,261147,11:26,,ETL_PIPELINE_FAILURE,False,False,0.94
INC-001682,2026-03-12,SCORING_ENGINE,CONSISTENCY_CHECK,CHECK_593,LOW,OPEN,44,8972,11:03,,MANUAL_DATA_ENTRY,False,False,0.49
INC-001683,2025-12-18,FRAUD_DETECTION,SCHEMA_VALIDATION,CHECK_165,LOW,CLOSED,6416,19919,21:15,4.28,MANUAL_DATA_ENTRY,False,False,32.21
INC-001684,2026-03-04,CRM_CLIENTS,ACCURACY_CHECK,CHECK_444,LOW,CLOSED,5,33902,07:15,10.39,BUSINESS_LOGIC_ERROR,False,True,0.01
INC-001685,2025-09-14,MOBILE_APP,NULL_CHECK,CHECK_383,MEDIUM,OPEN,29,20265,20:19,,DATA_DRIFT,False,False,0.14
INC-001686,2025-11-13,CRM_CLIENTS,CONSISTENCY_CHECK,CHECK_755,MEDIUM,CLOSED,882,40486,18:05,15.25,API_INTEGRATION_ISSUE,True,False,2.18
INC-001687,2026-02-01,LOAN_REGISTRY,ACCURACY_CHECK,CHECK_432,HIGH,CLOSED,644,469,22:04,0.77,CONFIGURATION_ERROR,True,False,137.31
INC-001688,2025-11-19,CRM_CLIENTS,RANGE_CHECK,CHECK_982,MEDIUM,CLOSED,145,16667,09:07,5.71,MANUAL_DATA_ENTRY,False,False,0.87
INC-001689,2025-11-30,CRM_CLIENTS,DUPLICATE_CHECK,CHECK_383,LOW,RESOLVED,15,18753,10:10,1.08,ETL_PIPELINE_FAILURE,False,False,0.08
INC-001690,2025-09-27,LOAN_REGISTRY,RANGE_CHECK,CHECK_367,HIGH,CLOSED,15,414,00:34,23.71,ETL_PIPELINE_FAILURE,False,False,3.62
INC-001691,2026-01-26,CREDIT_BUREAU,NULL_CHECK,CHECK_771,LOW,OPEN,34,79613,10:02,,SCHEMA_CHANGE,False,False,0.04
INC-001692,2026-01-08,CREDIT_BUREAU,FORMAT_CHECK,CHECK_828,MEDIUM,CLOSED,17,3559,14:42,37.59,SCHEMA_CHANGE,False,False,0.48
INC-001693,2025-10-25,LOAN_REGISTRY,SCHEMA_VALIDATION,CHECK_767,LOW,RESOLVED,192,145024,13:36,0.24,NETWORK_TIMEOUT,False,False,0.13
INC-001694,2025-10-10,MOBILE_APP,ACCURACY_CHECK,CHECK_405,LOW,RESOLVED,123,26157,16:57,6.6,SOURCE_SYSTEM_ERROR,False,False,0.47
INC-001695,2026-02-16,FRAUD_DETECTION,SCHEMA_VALIDATION,CHECK_292,LOW,CLOSED,14,6984,13:17,1.32,UNKNOWN,True,False,0.2
INC-001696,2026-01-02,INTERNET_BANK,REFERENTIAL_INTEGRITY,CHECK_253,LOW,RESOLVED,72,164289,00:44,5.18,API_INTEGRATION_ISSUE,False,False,0.04
INC-001697,2025-10-28,CRM_CLIENTS,CONSISTENCY_CHECK,CHECK_629,MEDIUM,IN_PROGRESS,0,611539,15:37,,UNKNOWN,False,False,0.0
INC-001698,2025-09-28,MOBILE_APP,FORMAT_CHECK,CHECK_883,LOW,CLOSED,292,23789,00:20,4.78,BUSINESS_LOGIC_ERROR,False,False,1.23
INC-001699,2025-11-29,CRM_CLIENTS,REFERENTIAL_INTEGRITY,CHECK_346,LOW,RESOLVED,622,344473,12:36,20.53,ETL_PIPELINE_FAILURE,False,False,0.18
INC-001700,2026-01-21,INTERNET_BANK,COMPLETENESS_CHECK,CHECK_158,LOW,RESOLVED,23,15486,12:20,2.1,MANUAL_DATA_ENTRY,False,False,0.15
INC-001701,2025-12-04,FRAUD_DETECTION,CONSISTENCY_CHECK,CHECK_924,LOW,RESOLVED,30,150940,18:06,7.7,CONFIGURATION_ERROR,False,False,0.02
INC-001702,2025-09-30,CREDIT_BUREAU,RANGE_CHECK,CHECK_977,LOW,OPEN,248,10562,15:06,,UNKNOWN,False,False,2.35
INC-001703,2025-11-11,MOBILE_APP,DUPLICATE_CHECK,CHECK_921,LOW,RESOLVED,183,848973,22:43,80.5,CONFIGURATION_ERROR,False,True,0.02
INC-001704,2026-01-25,PAYMENT_SYSTEM,ACCURACY_CHECK,CHECK_929,MEDIUM,IN_PROGRESS,696,189968,06:21,,SCHEMA_CHANGE,True,True,0.37
INC-001705,2025-10-28,PAYMENT_SYSTEM,NULL_CHECK,CHECK_714,LOW,CLOSED,31,56426,15:32,32.91,SCHEMA_CHANGE,False,True,0.05
INC-001706,2025-12-19,INTERNET_BANK,NULL_CHECK,CHECK_513,MEDIUM,OPEN,39,138,21:21,,DATABASE_CORRUPTION,False,False,28.26
INC-001707,2026-01-22,PAYMENT_SYSTEM,RANGE_CHECK,CHECK_776,HIGH,RESOLVED,95,54048,05:39,6.4,API_INTEGRATION_ISSUE,False,False,0.18
INC-001708,2026-02-07,CREDIT_BUREAU,FRESHNESS_CHECK,CHECK_427,MEDIUM,OPEN,17,1863,09:23,,NETWORK_TIMEOUT,True,False,0.91
INC-001709,2026-02-05,INTERNET_BANK,NULL_CHECK,CHECK_797,MEDIUM,OPEN,91,44645,13:12,,UNKNOWN,False,False,0.2
INC-001710,2026-02-20,CREDIT_BUREAU,ACCURACY_CHECK,CHECK_243,HIGH,CLOSED,18,283508,15:40,23.38,BUSINESS_LOGIC_ERROR,False,False,0.01
INC-001711,2026-02-12,FRAUD_DETECTION,RANGE_CHECK,CHECK_838,HIGH,CLOSED,342,87377,02:53,19.33,DATA_DRIFT,False,False,0.39
INC-001712,2026-01-21,CRM_CLIENTS,FORMAT_CHECK,CHECK_126,MEDIUM,OPEN,22,122691,17:13,,UNKNOWN,False,False,0.02
INC-001713,2025-09-07,FRAUD_DETECTION,NULL_CHECK,CHECK_771,HIGH,OPEN,246,10445,09:16,,ETL_PIPELINE_FAILURE,True,True,2.36
INC-001714,2026-02-03,FRAUD_DETECTION,SCHEMA_VALIDATION,CHECK_609,MEDIUM,OPEN,2733,1043,01:19,,DATA_DRIFT,False,False,262.03
INC-001715,2026-02-16,CREDIT_BUREAU,RANGE_CHECK,CHECK_402,LOW,CLOSED,349,4708,18:25,7.39,DATABASE_CORRUPTION,False,False,7.41
INC-001716,2026-02-25,INTERNET_BANK,ACCURACY_CHECK,CHECK_365,LOW,CLOSED,210,11390,07:39,2.01,BUSINESS_LOGIC_ERROR,False,False,1.84
INC-001717,2025-11-08,INTERNET_BANK,SCHEMA_VALIDATION,CHECK_528,LOW,OPEN,9,21415,23:05,,CONFIGURATION_ERROR,False,False,0.04
INC-001718,2025-09-08,PAYMENT_SYSTEM,CONSISTENCY_CHECK,CHECK_514,LOW,RESOLVED,2387,278801,22:54,23.39,MANUAL_DATA_ENTRY,False,False,0.86
INC-001719,2025-10-17,SCORING_ENGINE,CONSISTENCY_CHECK,CHECK_497,LOW,CLOSED,1382,94954,18:06,27.34,DATABASE_CORRUPTION,False,False,1.46
INC-001720,2025-11-09,CRM_CLIENTS,NULL_CHECK,CHECK_854,MEDIUM,CLOSED,108,1866266,18:21,11.3,UNKNOWN,False,False,0.01
INC-001721,2026-02-27,CREDIT_BUREAU,SCHEMA_VALIDATION,CHECK_136,LOW,CLOSED,68,2973,08:04,8.28,NETWORK_TIMEOUT,False,False,2.29
INC-001722,2025-11-19,PAYMENT_SYSTEM,DUPLICATE_CHECK,CHECK_697,LOW,RESOLVED,29,225919,18:51,14.97,BUSINESS_LOGIC_ERROR,True,False,0.01
INC-001723,2025-11-26,MOBILE_APP,CONSISTENCY_CHECK,CHECK_825,MEDIUM,IN_PROGRESS,5317,126843,16:30,,SCHEMA_CHANGE,False,False,4.19
INC-001724,2025-11-29,SCORING_ENGINE,DUPLICATE_CHECK,CHECK_685,CRITICAL,IN_PROGRESS,711,17446,13:13,,CONFIGURATION_ERROR,False,False,4.08
INC-001725,2025-09-02,SCORING_ENGINE,FORMAT_CHECK,CHECK_935,LOW,CLOSED,32,3223,11:50,2.53,DATA_DRIFT,False,False,0.99
INC-001726,2025-10-17,CREDIT_BUREAU,RANGE_CHECK,CHECK_294,CRITICAL,REOPENED,1337,6432,02:41,7.15,BUSINESS_LOGIC_ERROR,False,False,20.79
INC-001727,2025-10-07,LOAN_REGISTRY,REFERENTIAL_INTEGRITY,CHECK_451,LOW,RESOLVED,2160,5842,09:32,30.05,DATABASE_CORRUPTION,False,False,36.97
INC-001728,2026-01-23,CRM_CLIENTS,ACCURACY_CHECK,CHECK_843,HIGH,RESOLVED,142,674236,09:27,29.54,NETWORK_TIMEOUT,False,False,0.02
INC-001729,2026-02-16,SCORING_ENGINE,RANGE_CHECK,CHECK_830,MEDIUM,RESOLVED,74,115439,21:34,8.21,SOURCE_SYSTEM_ERROR,False,True,0.06
INC-001730,2025-12-12,CREDIT_BUREAU,ACCURACY_CHECK,CHECK_327,MEDIUM,RESOLVED,20,124406,10:12,1.74,ETL_PIPELINE_FAILURE,False,False,0.02
INC-001731,2025-09-18,CREDIT_BUREAU,SCHEMA_VALIDATION,CHECK_802,CRITICAL,RESOLVED,610,26248,13:25,20.25,BUSINESS_LOGIC_ERROR,True,False,2.32
INC-001732,2025-10-07,PAYMENT_SYSTEM,FORMAT_CHECK,CHECK_647,MEDIUM,CLOSED,63,13938,08:39,10.56,MANUAL_DATA_ENTRY,False,False,0.45
INC-001733,2026-03-09,MOBILE_APP,COMPLETENESS_CHECK,CHECK_753,LOW,OPEN,58,43246,16:29,,SOURCE_SYSTEM_ERROR,False,False,0.13
INC-001734,2026-02-10,LOAN_REGISTRY,NULL_CHECK,CHECK_903,LOW,RESOLVED,145,27036,21:48,7.45,BUSINESS_LOGIC_ERROR,False,False,0.54
INC-001735,2025-09-08,CRM_CLIENTS,ACCURACY_CHECK,CHECK_587,LOW,CLOSED,28,18177,17:11,2.74,SOURCE_SYSTEM_ERROR,False,False,0.15
INC-001736,2025-09-24,INTERNET_BANK,ACCURACY_CHECK,CHECK_787,MEDIUM,OPEN,3155,45861,00:40,,DATABASE_CORRUPTION,False,False,6.88
INC-001737,2026-03-11,FRAUD_DETECTION,SCHEMA_VALIDATION,CHECK_467,LOW,OPEN,1028,2612,22:33,,MANUAL_DATA_ENTRY,False,False,39.36
INC-001738,2026-01-14,MOBILE_APP,DUPLICATE_CHECK,CHECK_619,MEDIUM,RESOLVED,172,37572,05:36,2.11,UNKNOWN,False,False,0.46
INC-001739,2025-10-26,MOBILE_APP,RANGE_CHECK,CHECK_407,MEDIUM,CLOSED,27,17648,15:13,2.49,API_INTEGRATION_ISSUE,True,False,0.15
INC-001740,2025-12-06,PAYMENT_SYSTEM,COMPLETENESS_CHECK,CHECK_965,HIGH,CLOSED,30,5275,21:52,6.88,SOURCE_SYSTEM_ERROR,False,False,0.57
INC-001741,2025-12-17,INTERNET_BANK,FRESHNESS_CHECK,CHECK_274,MEDIUM,OPEN,27,79320,23:29,,ETL_PIPELINE_FAILURE,False,False,0.03
INC-001742,2025-12-26,SCORING_ENGINE,NULL_CHECK,CHECK_960,MEDIUM,RESOLVED,12,798400,08:59,3.85,NETWORK_TIMEOUT,False,False,0.0
INC-001743,2025-11-27,SCORING_ENGINE,REFERENTIAL_INTEGRITY,CHECK_773,HIGH,RESOLVED,282,283832,20:34,1.7,ETL_PIPELINE_FAILURE,False,False,0.1
INC-001744,2025-10-11,PAYMENT_SYSTEM,FRESHNESS_CHECK,CHECK_997,LOW,CLOSED,41,12516,19:54,34.79,MANUAL_DATA_ENTRY,False,False,0.33
INC-001745,2025-12-04,CREDIT_BUREAU,RANGE_CHECK,CHECK_671,LOW,CLOSED,36,83182,13:59,1.69,UNKNOWN,False,False,0.04
INC-001746,2025-11-19,SCORING_ENGINE,NULL_CHECK,CHECK_285,MEDIUM,CLOSED,29,118987,18:46,5.18,BUSINESS_LOGIC_ERROR,False,True,0.02
INC-001747,2026-03-04,LOAN_REGISTRY,ACCURACY_CHECK,CHECK_400,HIGH,RESOLVED,1104,27954,20:03,4.36,MANUAL_DATA_ENTRY,False,False,3.95
INC-001748,2025-11-23,CRM_CLIENTS,REFERENTIAL_INTEGRITY,CHECK_199,MEDIUM,REOPENED,32,20994,16:12,24.15,DATA_DRIFT,True,False,0.15
INC-001749,2026-01-24,MOBILE_APP,DUPLICATE_CHECK,CHECK_582,MEDIUM,REOPENED,1878,43805,11:29,6.33,UNKNOWN,False,False,4.29
INC-001750,2026-01-31,MOBILE_APP,COMPLETENESS_CHECK,CHECK_231,LOW,CLOSED,83,3352301,04:15,1.59,API_INTEGRATION_ISSUE,False,False,0.0
INC-001751,2025-09-22,LOAN_REGISTRY,DUPLICATE_CHECK,CHECK_858,MEDIUM,CLOSED,12,36850,04:47,0.12,NETWORK_TIMEOUT,False,False,0.03
INC-001752,2025-09-14,INTERNET_BANK,FORMAT_CHECK,CHECK_364,LOW,RESOLVED,379,1746,21:48,15.36,CONFIGURATION_ERROR,False,False,21.71
INC-001753,2025-10-10,SCORING_ENGINE,SCHEMA_VALIDATION,CHECK_842,LOW,RESOLVED,875,2717,09:54,15.04,UNKNOWN,False,False,32.2
INC-001754,2025-10-11,MOBILE_APP,NULL_CHECK,CHECK_927,MEDIUM,OPEN,26,15640,13:26,,CONFIGURATION_ERROR,False,False,0.17
INC-001755,2026-03-13,FRAUD_DETECTION,DUPLICATE_CHECK,CHECK_672,LOW,IN_PROGRESS,168,1819,10:55,,UNKNOWN,False,False,9.24
INC-001756,2026-02-06,INTERNET_BANK,FRESHNESS_CHECK,CHECK_881,MEDIUM,CLOSED,280,16898,02:40,5.58,DATABASE_CORRUPTION,False,False,1.66
INC-001757,2025-09-13,CRM_CLIENTS,SCHEMA_VALIDATION,CHECK_287,MEDIUM,CLOSED,179,1886853,06:54,10.7,DATA_DRIFT,False,False,0.01
INC-001758,2026-02-20,CRM_CLIENTS,DUPLICATE_CHECK,CHECK_796,MEDIUM,CLOSED,59,7919,13:17,14.61,UNKNOWN,False,False,0.75
INC-001759,2025-09-21,MOBILE_APP,CONSISTENCY_CHECK,CHECK_443,HIGH,OPEN,865,2503,09:41,,SCHEMA_CHANGE,True,False,34.56
INC-001760,2025-11-09,PAYMENT_SYSTEM,FORMAT_CHECK,CHECK_770,HIGH,IN_PROGRESS,89,14542,05:16,,CONFIGURATION_ERROR,False,False,0.61
INC-001761,2025-12-23,INTERNET_BANK,RANGE_CHECK,CHECK_191,MEDIUM,CLOSED,44,17891,21:38,3.88,SCHEMA_CHANGE,False,False,0.25
INC-001762,2026-02-17,MOBILE_APP,COMPLETENESS_CHECK,CHECK_327,LOW,RESOLVED,4,3048,07:25,11.52,ETL_PIPELINE_FAILURE,False,False,0.13
INC-001763,2025-12-18,PAYMENT_SYSTEM,FORMAT_CHECK,CHECK_463,LOW,IN_PROGRESS,4,1850,07:07,,NETWORK_TIMEOUT,False,False,0.22
INC-001764,2026-01-03,MOBILE_APP,SCHEMA_VALIDATION,CHECK_328,LOW,REOPENED,228,331871,04:12,28.98,SCHEMA_CHANGE,False,False,0.07
INC-001765,2026-02-03,FRAUD_DETECTION,CONSISTENCY_CHECK,CHECK_862,HIGH,CLOSED,127,59965,00:15,6.34,SCHEMA_CHANGE,False,False,0.21
INC-001766,2025-12-23,INTERNET_BANK,NULL_CHECK,CHECK_992,LOW,RESOLVED,875,8387,09:29,9.26,DATABASE_CORRUPTION,False,False,10.43
INC-001767,2025-12-16,CREDIT_BUREAU,FRESHNESS_CHECK,CHECK_414,LOW,CLOSED,1423,2184,15:35,3.75,API_INTEGRATION_ISSUE,False,False,65.16
INC-001768,2025-11-09,CRM_CLIENTS,COMPLETENESS_CHECK,CHECK_530,LOW,CLOSED,90,7825,13:27,4.05,API_INTEGRATION_ISSUE,True,False,1.15
INC-001769,2025-10-26,MOBILE_APP,COMPLETENESS_CHECK,CHECK_907,LOW,CLOSED,989,1896,20:57,0.57,UNKNOWN,False,False,52.16
INC-001770,2026-03-13,FRAUD_DETECTION,FORMAT_CHECK,CHECK_439,LOW,CLOSED,48,6912,01:12,4.04,BUSINESS_LOGIC_ERROR,True,False,0.69
INC-001771,2026-01-10,PAYMENT_SYSTEM,SCHEMA_VALIDATION,CHECK_480,MEDIUM,OPEN,109,1374796,05:17,,SCHEMA_CHANGE,True,False,0.01
INC-001772,2025-09-30,PAYMENT_SYSTEM,NULL_CHECK,CHECK_366,LOW,CLOSED,103,35514,04:01,39.86,BUSINESS_LOGIC_ERROR,False,False,0.29
INC-001773,2025-11-28,CRM_CLIENTS,ACCURACY_CHECK,CHECK_699,MEDIUM,OPEN,3491,6399,08:50,,SOURCE_SYSTEM_ERROR,False,False,54.56
INC-001774,2025-12-20,LOAN_REGISTRY,CONSISTENCY_CHECK,CHECK_401,LOW,OPEN,11,85739,08:42,,UNKNOWN,False,False,0.01
INC-001775,2025-09-29,MOBILE_APP,ACCURACY_CHECK,CHECK_574,HIGH,CLOSED,167,3428,17:11,1.49,BUSINESS_LOGIC_ERROR,False,False,4.87
INC-001776,2025-11-12,INTERNET_BANK,FRESHNESS_CHECK,CHECK_971,CRITICAL,RESOLVED,36,9786,20:54,5.55,SOURCE_SYSTEM_ERROR,True,True,0.37
INC-001777,2026-02-21,SCORING_ENGINE,NULL_CHECK,CHECK_220,HIGH,CLOSED,81,540,01:46,4.41,NETWORK_TIMEOUT,False,False,15.0
INC-001778,2026-02-21,PAYMENT_SYSTEM,NULL_CHECK,CHECK_581,LOW,CLOSED,74,281570,15:50,3.93,API_INTEGRATION_ISSUE,False,True,0.03
INC-001779,2026-01-30,INTERNET_BANK,CONSISTENCY_CHECK,CHECK_154,MEDIUM,CLOSED,171,14713,00:03,7.58,NETWORK_TIMEOUT,False,False,1.16
INC-001780,2026-01-03,INTERNET_BANK,REFERENTIAL_INTEGRITY,CHECK_987,MEDIUM,CLOSED,2194,4283,02:20,29.28,BUSINESS_LOGIC_ERROR,False,False,51.23
INC-001781,2026-01-13,CREDIT_BUREAU,ACCURACY_CHECK,CHECK_749,LOW,RESOLVED,6660,80739,19:19,10.07,CONFIGURATION_ERROR,True,False,8.25
INC-001782,2026-02-18,INTERNET_BANK,DUPLICATE_CHECK,CHECK_697,LOW,RESOLVED,551,2709,02:57,8.84,SCHEMA_CHANGE,False,False,20.34
INC-001783,2025-11-18,INTERNET_BANK,COMPLETENESS_CHECK,CHECK_694,MEDIUM,IN_PROGRESS,20,3059,13:57,,BUSINESS_LOGIC_ERROR,False,False,0.65
INC-001784,2025-09-12,CREDIT_BUREAU,REFERENTIAL_INTEGRITY,CHECK_735,MEDIUM,RESOLVED,104,10320,11:42,0.05,DATA_DRIFT,True,False,1.01
INC-001785,2025-10-27,PAYMENT_SYSTEM,DUPLICATE_CHECK,CHECK_172,LOW,RESOLVED,249,2008,21:56,2.64,CONFIGURATION_ERROR,False,False,12.4
INC-001786,2025-12-11,INTERNET_BANK,SCHEMA_VALIDATION,CHECK_583,LOW,CLOSED,65,5961,02:25,8.23,UNKNOWN,False,False,1.09
INC-001787,2026-02-01,LOAN_REGISTRY,CONSISTENCY_CHECK,CHECK_299,MEDIUM,CLOSED,85,14819,23:53,14.66,UNKNOWN,False,False,0.57
INC-001788,2025-09-15,LOAN_REGISTRY,SCHEMA_VALIDATION,CHECK_612,LOW,REOPENED,128,17751,04:15,7.96,BUSINESS_LOGIC_ERROR,False,False,0.72
INC-001789,2025-09-02,FRAUD_DETECTION,COMPLETENESS_CHECK,CHECK_222,MEDIUM,CLOSED,695,1557,03:36,2.15,SOURCE_SYSTEM_ERROR,True,True,44.64
INC-001790,2025-10-23,CREDIT_BUREAU,RANGE_CHECK,CHECK_988,LOW,CLOSED,428,13512,23:32,31.91,MANUAL_DATA_ENTRY,False,True,3.17
INC-001791,2025-11-17,FRAUD_DETECTION,DUPLICATE_CHECK,CHECK_797,LOW,RESOLVED,43,70356,03:33,4.78,CONFIGURATION_ERROR,False,False,0.06
INC-001792,2025-10-25,CREDIT_BUREAU,REFERENTIAL_INTEGRITY,CHECK_490,MEDIUM,OPEN,485,98210,21:53,,MANUAL_DATA_ENTRY,False,False,0.49
INC-001793,2025-10-06,MOBILE_APP,DUPLICATE_CHECK,CHECK_642,HIGH,RESOLVED,4669,8143,18:49,26.64,SOURCE_SYSTEM_ERROR,False,False,57.34
INC-001794,2025-11-05,MOBILE_APP,DUPLICATE_CHECK,CHECK_405,LOW,CLOSED,7,15098,16:16,5.1,SOURCE_SYSTEM_ERROR,False,False,0.05
INC-001795,2025-11-14,INTERNET_BANK,CONSISTENCY_CHECK,CHECK_523,LOW,IN_PROGRESS,61,13418,15:56,,DATA_DRIFT,True,False,0.45
INC-001796,2025-11-23,SCORING_ENGINE,SCHEMA_VALIDATION,CHECK_155,HIGH,CLOSED,53,1361,02:15,14.89,BUSINESS_LOGIC_ERROR,False,False,3.89
INC-001797,2025-10-01,MOBILE_APP,ACCURACY_CHECK,CHECK_991,LOW,CLOSED,174,7477,19:07,28.16,NETWORK_TIMEOUT,False,False,2.33
INC-001798,2025-09-02,SCORING_ENGINE,RANGE_CHECK,CHECK_974,LOW,IN_PROGRESS,3,108277,10:21,,API_INTEGRATION_ISSUE,False,False,0.0
INC-001799,2026-01-06,MOBILE_APP,CONSISTENCY_CHECK,CHECK_254,MEDIUM,RESOLVED,2257,111773,18:47,32.13,BUSINESS_LOGIC_ERROR,False,False,2.02
INC-001800,2026-03-11,CRM_CLIENTS,FRESHNESS_CHECK,CHECK_240,LOW,RESOLVED,162,50200,12:51,0.81,SCHEMA_CHANGE,False,False,0.32
INC-001801,2025-12-20,MOBILE_APP,CONSISTENCY_CHECK,CHECK_305,MEDIUM,RESOLVED,269,107,23:47,18.94,SCHEMA_CHANGE,True,True,251.4
INC-001802,2025-10-15,FRAUD_DETECTION,COMPLETENESS_CHECK,CHECK_450,LOW,CLOSED,213,4614,07:59,6.87,DATA_DRIFT,False,False,4.62
INC-001803,2025-10-04,PAYMENT_SYSTEM,RANGE_CHECK,CHECK_519,HIGH,CLOSED,52,56116,13:13,2.35,MANUAL_DATA_ENTRY,False,False,0.09
INC-001804,2025-12-07,INTERNET_BANK,NULL_CHECK,CHECK_683,HIGH,CLOSED,600,676565,04:06,0.99,MANUAL_DATA_ENTRY,False,False,0.09
INC-001805,2026-01-15,FRAUD_DETECTION,FRESHNESS_CHECK,CHECK_568,HIGH,CLOSED,149,21394,05:13,5.92,CONFIGURATION_ERROR,False,False,0.7
INC-001806,2026-02-28,PAYMENT_SYSTEM,FORMAT_CHECK,CHECK_246,LOW,CLOSED,2,26682,08:28,5.92,NETWORK_TIMEOUT,False,False,0.01
INC-001807,2025-10-29,LOAN_REGISTRY,CONSISTENCY_CHECK,CHECK_423,LOW,REOPENED,119,17565,13:16,3.14,NETWORK_TIMEOUT,False,False,0.68
INC-001808,2026-01-07,FRAUD_DETECTION,DUPLICATE_CHECK,CHECK_983,LOW,IN_PROGRESS,85,1614,18:03,,API_INTEGRATION_ISSUE,False,False,5.27
INC-001809,2026-01-22,LOAN_REGISTRY,ACCURACY_CHECK,CHECK_832,LOW,CLOSED,597,44527,15:34,6.12,SCHEMA_CHANGE,False,False,1.34
INC-001810,2026-02-19,SCORING_ENGINE,NULL_CHECK,CHECK_284,MEDIUM,RESOLVED,32952,1050,11:44,6.33,NETWORK_TIMEOUT,False,False,3138.29
INC-001811,2025-11-30,SCORING_ENGINE,CONSISTENCY_CHECK,CHECK_897,LOW,RESOLVED,315,18573,03:20,7.01,ETL_PIPELINE_FAILURE,True,False,1.7
INC-001812,2025-09-19,CRM_CLIENTS,CONSISTENCY_CHECK,CHECK_182,MEDIUM,IN_PROGRESS,10296,26320,17:27,,BUSINESS_LOGIC_ERROR,False,False,39.12
INC-001813,2025-12-11,MOBILE_APP,REFERENTIAL_INTEGRITY,CHECK_599,LOW,CLOSED,37,24308,15:43,11.34,NETWORK_TIMEOUT,False,False,0.15
INC-001814,2026-03-09,FRAUD_DETECTION,REFERENTIAL_INTEGRITY,CHECK_440,MEDIUM,IN_PROGRESS,42,1641,07:17,,ETL_PIPELINE_FAILURE,False,False,2.56
INC-001815,2025-09-11,LOAN_REGISTRY,NULL_CHECK,CHECK_746,LOW,IN_PROGRESS,90,5334,04:23,,CONFIGURATION_ERROR,False,False,1.69
INC-001816,2025-12-21,PAYMENT_SYSTEM,SCHEMA_VALIDATION,CHECK_281,LOW,REOPENED,347,87331,15:45,17.25,ETL_PIPELINE_FAILURE,False,False,0.4
INC-001817,2025-09-05,SCORING_ENGINE,REFERENTIAL_INTEGRITY,CHECK_420,LOW,CLOSED,41,25481,11:52,0.7,API_INTEGRATION_ISSUE,False,False,0.16
INC-001818,2025-12-27,MOBILE_APP,DUPLICATE_CHECK,CHECK_749,HIGH,CLOSED,5,5404,09:01,6.59,UNKNOWN,False,False,0.09
INC-001819,2025-09-20,SCORING_ENGINE,FRESHNESS_CHECK,CHECK_159,MEDIUM,CLOSED,155,2585,20:57,7.2,NETWORK_TIMEOUT,False,False,6.0
INC-001820,2025-11-20,PAYMENT_SYSTEM,FORMAT_CHECK,CHECK_104,MEDIUM,REOPENED,15,109712,19:02,36.95,BUSINESS_LOGIC_ERROR,False,False,0.01
INC-001821,2026-01-26,MOBILE_APP,RANGE_CHECK,CHECK_562,LOW,CLOSED,1382,23593,23:42,7.75,SCHEMA_CHANGE,False,False,5.86
INC-001822,2025-12-19,MOBILE_APP,FORMAT_CHECK,CHECK_380,MEDIUM,IN_PROGRESS,537,2294,01:44,,DATABASE_CORRUPTION,True,False,23.41
INC-001823,2026-01-25,LOAN_REGISTRY,FORMAT_CHECK,CHECK_314,LOW,CLOSED,32,15103,21:15,4.33,CONFIGURATION_ERROR,True,False,0.21
INC-001824,2025-12-13,LOAN_REGISTRY,RANGE_CHECK,CHECK_879,MEDIUM,CLOSED,369,4393,08:35,18.13,ETL_PIPELINE_FAILURE,False,False,8.4
INC-001825,2026-03-01,FRAUD_DETECTION,REFERENTIAL_INTEGRITY,CHECK_892,MEDIUM,RESOLVED,49,40245,12:19,4.68,API_INTEGRATION_ISSUE,False,True,0.12
INC-001826,2026-02-11,FRAUD_DETECTION,NULL_CHECK,CHECK_272,LOW,RESOLVED,133,270286,20:44,6.75,SCHEMA_CHANGE,False,False,0.05
INC-001827,2025-12-16,CREDIT_BUREAU,RANGE_CHECK,CHECK_690,MEDIUM,RESOLVED,136,2535,11:57,7.84,DATABASE_CORRUPTION,False,False,5.36
INC-001828,2025-11-14,INTERNET_BANK,COMPLETENESS_CHECK,CHECK_882,LOW,CLOSED,75,30162,21:07,31.3,BUSINESS_LOGIC_ERROR,True,True,0.25
INC-001829,2025-09-30,CREDIT_BUREAU,SCHEMA_VALIDATION,CHECK_262,LOW,RESOLVED,781,29084,17:55,0.66,ETL_PIPELINE_FAILURE,False,False,2.69
INC-001830,2025-12-13,CRM_CLIENTS,FRESHNESS_CHECK,CHECK_601,MEDIUM,REOPENED,15,302,07:54,2.63,NETWORK_TIMEOUT,False,False,4.97
INC-001831,2025-09-06,SCORING_ENGINE,ACCURACY_CHECK,CHECK_904,CRITICAL,CLOSED,434,116451,14:24,14.68,NETWORK_TIMEOUT,False,False,0.37
INC-001832,2025-11-23,FRAUD_DETECTION,REFERENTIAL_INTEGRITY,CHECK_881,MEDIUM,CLOSED,272,1465775,00:58,10.34,DATABASE_CORRUPTION,False,False,0.02
INC-001833,2025-10-14,LOAN_REGISTRY,SCHEMA_VALIDATION,CHECK_898,MEDIUM,CLOSED,8,29029,12:59,3.48,MANUAL_DATA_ENTRY,False,False,0.03
INC-001834,2026-02-06,PAYMENT_SYSTEM,RANGE_CHECK,CHECK_190,LOW,RESOLVED,30,334114,08:19,4.1,UNKNOWN,False,False,0.01
INC-001835,2025-12-27,LOAN_REGISTRY,COMPLETENESS_CHECK,CHECK_232,MEDIUM,OPEN,16,1791,02:59,,DATA_DRIFT,False,False,0.89
INC-001836,2026-02-24,SCORING_ENGINE,ACCURACY_CHECK,CHECK_729,MEDIUM,IN_PROGRESS,71,5231,07:19,,SOURCE_SYSTEM_ERROR,False,False,1.36
INC-001837,2025-12-02,CREDIT_BUREAU,FRESHNESS_CHECK,CHECK_544,HIGH,CLOSED,163,25399,06:55,20.45,SCHEMA_CHANGE,False,False,0.64
INC-001838,2025-09-23,LOAN_REGISTRY,FRESHNESS_CHECK,CHECK_748,HIGH,RESOLVED,23,3994,05:58,0.17,DATA_DRIFT,False,False,0.58
INC-001839,2025-12-21,INTERNET_BANK,REFERENTIAL_INTEGRITY,CHECK_539,MEDIUM,IN_PROGRESS,1030,23770,14:40,,ETL_PIPELINE_FAILURE,False,False,4.33
INC-001840,2025-09-28,CRM_CLIENTS,RANGE_CHECK,CHECK_513,LOW,RESOLVED,1230,163857,10:56,6.39,API_INTEGRATION_ISSUE,False,True,0.75
INC-001841,2025-11-02,SCORING_ENGINE,SCHEMA_VALIDATION,CHECK_539,LOW,CLOSED,1752,3766,20:26,3.14,NETWORK_TIMEOUT,False,False,46.52
INC-001842,2025-12-21,CREDIT_BUREAU,NULL_CHECK,CHECK_588,LOW,RESOLVED,0,178981,01:17,8.52,CONFIGURATION_ERROR,False,False,0.0
INC-001843,2026-01-29,INTERNET_BANK,SCHEMA_VALIDATION,CHECK_492,LOW,CLOSED,7305,470,02:52,12.93,NETWORK_TIMEOUT,False,False,1554.26
INC-001844,2025-12-12,PAYMENT_SYSTEM,SCHEMA_VALIDATION,CHECK_104,MEDIUM,RESOLVED,206,7061,15:30,0.55,DATABASE_CORRUPTION,False,False,2.92
INC-001845,2026-01-13,CREDIT_BUREAU,FRESHNESS_CHECK,CHECK_138,LOW,RESOLVED,163,14855,23:26,15.1,ETL_PIPELINE_FAILURE,False,False,1.1
INC-001846,2025-09-21,MOBILE_APP,NULL_CHECK,CHECK_646,HIGH,OPEN,121,3449,10:45,,UNKNOWN,False,True,3.51
INC-001847,2025-12-11,INTERNET_BANK,NULL_CHECK,CHECK_304,MEDIUM,RESOLVED,10,7261,13:56,2.18,CONFIGURATION_ERROR,True,False,0.14
INC-001848,2025-11-19,INTERNET_BANK,REFERENTIAL_INTEGRITY,CHECK_848,MEDIUM,CLOSED,304,359435,03:52,2.21,API_INTEGRATION_ISSUE,False,False,0.08
INC-001849,2026-03-10,CRM_CLIENTS,ACCURACY_CHECK,CHECK_482,HIGH,IN_PROGRESS,3728,262988,05:44,,API_INTEGRATION_ISSUE,False,False,1.42
INC-001850,2025-11-26,SCORING_ENGINE,CONSISTENCY_CHECK,CHECK_114,LOW,CLOSED,201,92973,08:32,19.11,CONFIGURATION_ERROR,False,False,0.22
INC-001851,2025-10-27,PAYMENT_SYSTEM,FORMAT_CHECK,CHECK_429,MEDIUM,CLOSED,15,176738,02:22,3.81,SOURCE_SYSTEM_ERROR,False,False,0.01
INC-001852,2025-11-25,CRM_CLIENTS,FORMAT_CHECK,CHECK_875,LOW,CLOSED,7,6369,13:38,19.07,ETL_PIPELINE_FAILURE,False,False,0.11
INC-001853,2025-10-14,CREDIT_BUREAU,FRESHNESS_CHECK,CHECK_953,MEDIUM,CLOSED,82,1908,23:52,9.33,BUSINESS_LOGIC_ERROR,False,False,4.3
INC-001854,2025-09-20,CRM_CLIENTS,CONSISTENCY_CHECK,CHECK_643,HIGH,RESOLVED,33,4379,17:47,17.49,DATABASE_CORRUPTION,False,False,0.75
INC-001855,2026-01-09,INTERNET_BANK,ACCURACY_CHECK,CHECK_295,LOW,CLOSED,604,5895,10:29,9.68,SCHEMA_CHANGE,False,False,10.25
INC-001856,2026-02-10,SCORING_ENGINE,CONSISTENCY_CHECK,CHECK_118,MEDIUM,REOPENED,2300,6509,22:01,4.91,API_INTEGRATION_ISSUE,True,False,35.34
INC-001857,2025-09-30,FRAUD_DETECTION,REFERENTIAL_INTEGRITY,CHECK_792,MEDIUM,CLOSED,379,63340,01:41,28.99,ETL_PIPELINE_FAILURE,True,False,0.6
INC-001858,2026-01-14,CRM_CLIENTS,SCHEMA_VALIDATION,CHECK_104,HIGH,REOPENED,125,42039,20:11,15.08,MANUAL_DATA_ENTRY,False,True,0.3
INC-001859,2026-01-09,MOBILE_APP,FRESHNESS_CHECK,CHECK_741,LOW,RESOLVED,113,15501,20:28,7.94,ETL_PIPELINE_FAILURE,False,False,0.73
INC-001860,2025-10-20,CRM_CLIENTS,NULL_CHECK,CHECK_851,LOW,CLOSED,171,17533,20:08,12.17,MANUAL_DATA_ENTRY,False,False,0.98
INC-001861,2025-11-29,CREDIT_BUREAU,FRESHNESS_CHECK,CHECK_354,MEDIUM,CLOSED,14,196780,00:25,11.48,NETWORK_TIMEOUT,False,False,0.01
INC-001862,2025-11-29,CREDIT_BUREAU,FORMAT_CHECK,CHECK_331,LOW,OPEN,494,1662,06:40,,NETWORK_TIMEOUT,False,False,29.72
INC-001863,2026-03-06,PAYMENT_SYSTEM,ACCURACY_CHECK,CHECK_810,LOW,CLOSED,17,106867,09:20,6.62,BUSINESS_LOGIC_ERROR,False,False,0.02
INC-001864,2026-02-13,CREDIT_BUREAU,CONSISTENCY_CHECK,CHECK_998,LOW,CLOSED,1383,322,18:05,4.6,DATA_DRIFT,False,False,429.5
INC-001865,2025-10-08,LOAN_REGISTRY,ACCURACY_CHECK,CHECK_452,LOW,IN_PROGRESS,71,7102,03:10,,SCHEMA_CHANGE,False,False,1.0
INC-001866,2025-10-31,SCORING_ENGINE,REFERENTIAL_INTEGRITY,CHECK_419,MEDIUM,OPEN,781,451880,07:33,,BUSINESS_LOGIC_ERROR,False,False,0.17
INC-001867,2025-09-27,SCORING_ENGINE,FRESHNESS_CHECK,CHECK_232,LOW,CLOSED,7,40202,22:49,1.16,DATABASE_CORRUPTION,False,False,0.02
INC-001868,2025-10-08,FRAUD_DETECTION,RANGE_CHECK,CHECK_205,HIGH,OPEN,770,8662,20:48,,NETWORK_TIMEOUT,False,True,8.89
INC-001869,2025-11-05,FRAUD_DETECTION,FRESHNESS_CHECK,CHECK_492,HIGH,OPEN,2264,137398,04:54,,DATABASE_CORRUPTION,False,False,1.65
INC-001870,2025-10-21,SCORING_ENGINE,NULL_CHECK,CHECK_615,LOW,RESOLVED,11,72417,19:43,4.09,BUSINESS_LOGIC_ERROR,False,False,0.02
INC-001871,2025-10-15,MOBILE_APP,FRESHNESS_CHECK,CHECK_702,LOW,IN_PROGRESS,118,66784,13:50,,SCHEMA_CHANGE,False,True,0.18
INC-001872,2026-02-02,FRAUD_DETECTION,COMPLETENESS_CHECK,CHECK_413,MEDIUM,CLOSED,289,14724,10:28,9.17,MANUAL_DATA_ENTRY,False,False,1.96
INC-001873,2025-10-10,PAYMENT_SYSTEM,REFERENTIAL_INTEGRITY,CHECK_271,MEDIUM,RESOLVED,319,150225,15:55,44.85,BUSINESS_LOGIC_ERROR,False,False,0.21
INC-001874,2026-03-14,CREDIT_BUREAU,DUPLICATE_CHECK,CHECK_166,LOW,CLOSED,75,6076,23:08,48.36,NETWORK_TIMEOUT,False,False,1.23
INC-001875,2026-03-14,SCORING_ENGINE,REFERENTIAL_INTEGRITY,CHECK_943,CRITICAL,CLOSED,52,5528,08:11,1.24,SCHEMA_CHANGE,False,False,0.94
INC-001876,2026-02-15,INTERNET_BANK,CONSISTENCY_CHECK,CHECK_146,HIGH,RESOLVED,246,935240,21:37,9.27,API_INTEGRATION_ISSUE,False,False,0.03
INC-001877,2025-09-20,FRAUD_DETECTION,DUPLICATE_CHECK,CHECK_405,CRITICAL,RESOLVED,300,8104,10:51,20.39,UNKNOWN,False,False,3.7
INC-001878,2025-10-16,SCORING_ENGINE,CONSISTENCY_CHECK,CHECK_397,MEDIUM,CLOSED,42,378,09:12,3.26,SOURCE_SYSTEM_ERROR,False,True,11.11
INC-001879,2026-02-08,LOAN_REGISTRY,CONSISTENCY_CHECK,CHECK_566,LOW,RESOLVED,28,184423,02:26,16.66,SOURCE_SYSTEM_ERROR,False,False,0.02
INC-001880,2026-01-05,CRM_CLIENTS,NULL_CHECK,CHECK_845,HIGH,RESOLVED,1673,335240,11:11,25.31,BUSINESS_LOGIC_ERROR,False,True,0.5
INC-001881,2025-12-28,CREDIT_BUREAU,NULL_CHECK,CHECK_632,LOW,CLOSED,184,13745,12:56,13.03,DATABASE_CORRUPTION,False,False,1.34
INC-001882,2026-03-13,SCORING_ENGINE,SCHEMA_VALIDATION,CHECK_710,MEDIUM,CLOSED,1,334,12:53,4.76,SOURCE_SYSTEM_ERROR,True,False,0.3
INC-001883,2026-01-23,CRM_CLIENTS,FORMAT_CHECK,CHECK_636,LOW,CLOSED,1694,19723,18:14,30.79,UNKNOWN,False,True,8.59
INC-001884,2026-03-14,FRAUD_DETECTION,SCHEMA_VALIDATION,CHECK_445,LOW,REOPENED,44,1389705,00:01,25.8,ETL_PIPELINE_FAILURE,False,False,0.0
INC-001885,2026-01-27,CRM_CLIENTS,SCHEMA_VALIDATION,CHECK_544,LOW,CLOSED,169,33028,17:41,15.1,SCHEMA_CHANGE,True,False,0.51
INC-001886,2025-12-24,CREDIT_BUREAU,FORMAT_CHECK,CHECK_803,LOW,CLOSED,314,102612,19:40,5.42,SOURCE_SYSTEM_ERROR,False,True,0.31
INC-001887,2026-02-22,SCORING_ENGINE,RANGE_CHECK,CHECK_237,LOW,CLOSED,7,115107,07:58,18.84,ETL_PIPELINE_FAILURE,False,False,0.01
INC-001888,2026-01-23,LOAN_REGISTRY,DUPLICATE_CHECK,CHECK_450,MEDIUM,OPEN,83,153673,02:29,,MANUAL_DATA_ENTRY,False,False,0.05
INC-001889,2026-02-12,MOBILE_APP,ACCURACY_CHECK,CHECK_601,LOW,RESOLVED,2069,913519,06:16,3.5,DATABASE_CORRUPTION,False,True,0.23
INC-001890,2026-02-10,FRAUD_DETECTION,SCHEMA_VALIDATION,CHECK_467,LOW,CLOSED,1311,191040,22:54,8.68,API_INTEGRATION_ISSUE,False,False,0.69
INC-001891,2026-02-07,SCORING_ENGINE,FRESHNESS_CHECK,CHECK_868,MEDIUM,CLOSED,83,18742,05:03,70.26,API_INTEGRATION_ISSUE,False,False,0.44
INC-001892,2025-11-22,CREDIT_BUREAU,FRESHNESS_CHECK,CHECK_292,MEDIUM,IN_PROGRESS,621,2364,12:39,,SCHEMA_CHANGE,False,False,26.27
INC-001893,2026-02-08,FRAUD_DETECTION,CONSISTENCY_CHECK,CHECK_268,LOW,RESOLVED,808,52022,13:38,15.7,ETL_PIPELINE_FAILURE,False,True,1.55
INC-001894,2025-11-20,PAYMENT_SYSTEM,FORMAT_CHECK,CHECK_931,LOW,RESOLVED,729,14959,08:09,7.22,DATA_DRIFT,False,True,4.87
INC-001895,2025-10-09,CRM_CLIENTS,CONSISTENCY_CHECK,CHECK_513,MEDIUM,CLOSED,14,92371,02:23,4.49,API_INTEGRATION_ISSUE,False,False,0.02
INC-001896,2025-12-22,MOBILE_APP,COMPLETENESS_CHECK,CHECK_119,MEDIUM,CLOSED,3953,3921,05:36,23.25,API_INTEGRATION_ISSUE,False,False,100.82
INC-001897,2025-09-18,CREDIT_BUREAU,COMPLETENESS_CHECK,CHECK_333,LOW,CLOSED,58,12073,03:00,10.06,MANUAL_DATA_ENTRY,False,False,0.48
INC-001898,2025-12-30,PAYMENT_SYSTEM,ACCURACY_CHECK,CHECK_329,MEDIUM,CLOSED,184,22523,22:33,20.14,API_INTEGRATION_ISSUE,False,False,0.82
INC-001899,2025-12-23,INTERNET_BANK,NULL_CHECK,CHECK_844,LOW,CLOSED,73,3366,13:49,8.03,UNKNOWN,False,True,2.17
INC-001900,2026-02-09,SCORING_ENGINE,NULL_CHECK,CHECK_234,LOW,RESOLVED,234,23854,14:52,16.83,API_INTEGRATION_ISSUE,False,True,0.98
INC-001901,2025-11-17,LOAN_REGISTRY,FORMAT_CHECK,CHECK_316,LOW,RESOLVED,26,106267,21:31,24.28,SOURCE_SYSTEM_ERROR,False,False,0.02
INC-001902,2025-11-10,FRAUD_DETECTION,FORMAT_CHECK,CHECK_851,MEDIUM,RESOLVED,94,1004777,03:14,5.96,API_INTEGRATION_ISSUE,False,False,0.01
INC-001903,2026-01-30,CRM_CLIENTS,SCHEMA_VALIDATION,CHECK_122,LOW,CLOSED,213,5061,22:13,0.16,MANUAL_DATA_ENTRY,True,True,4.21
INC-001904,2025-09-15,FRAUD_DETECTION,COMPLETENESS_CHECK,CHECK_703,LOW,IN_PROGRESS,1718,134814,06:55,,DATABASE_CORRUPTION,False,False,1.27
INC-001905,2025-11-30,MOBILE_APP,SCHEMA_VALIDATION,CHECK_616,LOW,CLOSED,1349,421,08:18,29.57,BUSINESS_LOGIC_ERROR,False,False,320.43
INC-001906,2026-01-08,SCORING_ENGINE,NULL_CHECK,CHECK_273,MEDIUM,CLOSED,1493,21696,23:31,13.96,API_INTEGRATION_ISSUE,True,False,6.88
INC-001907,2025-09-19,FRAUD_DETECTION,DUPLICATE_CHECK,CHECK_226,MEDIUM,RESOLVED,843,25369,12:08,16.04,CONFIGURATION_ERROR,False,False,3.32
INC-001908,2025-11-19,CRM_CLIENTS,DUPLICATE_CHECK,CHECK_475,LOW,REOPENED,5963,112238,13:54,4.72,SCHEMA_CHANGE,False,False,5.31
INC-001909,2025-12-28,SCORING_ENGINE,FORMAT_CHECK,CHECK_828,HIGH,CLOSED,83,7790,06:38,14.5,DATA_DRIFT,False,False,1.07
INC-001910,2025-12-25,FRAUD_DETECTION,CONSISTENCY_CHECK,CHECK_766,MEDIUM,IN_PROGRESS,108,35936,06:52,,CONFIGURATION_ERROR,False,False,0.3
INC-001911,2025-09-10,LOAN_REGISTRY,NULL_CHECK,CHECK_911,MEDIUM,RESOLVED,99,202163,09:46,2.36,SOURCE_SYSTEM_ERROR,False,False,0.05
INC-001912,2025-09-15,CREDIT_BUREAU,DUPLICATE_CHECK,CHECK_138,LOW,CLOSED,131,2311,21:12,41.57,NETWORK_TIMEOUT,False,False,5.67
INC-001913,2025-12-04,SCORING_ENGINE,NULL_CHECK,CHECK_484,HIGH,RESOLVED,8,438,13:11,5.24,MANUAL_DATA_ENTRY,False,True,1.83
INC-001914,2025-11-13,CREDIT_BUREAU,REFERENTIAL_INTEGRITY,CHECK_997,MEDIUM,OPEN,252,190810,13:50,,SCHEMA_CHANGE,False,False,0.13
INC-001915,2025-09-20,INTERNET_BANK,FRESHNESS_CHECK,CHECK_755,HIGH,CLOSED,400,2995,04:01,5.53,BUSINESS_LOGIC_ERROR,False,False,13.36
INC-001916,2026-02-13,SCORING_ENGINE,COMPLETENESS_CHECK,CHECK_361,LOW,CLOSED,88,54934,09:16,1.15,NETWORK_TIMEOUT,False,False,0.16
INC-001917,2025-09-24,LOAN_REGISTRY,SCHEMA_VALIDATION,CHECK_889,MEDIUM,RESOLVED,4,1088352,07:39,11.77,CONFIGURATION_ERROR,True,True,0.0
INC-001918,2026-02-05,CREDIT_BUREAU,NULL_CHECK,CHECK_647,MEDIUM,CLOSED,154,117332,14:58,3.27,DATABASE_CORRUPTION,False,False,0.13
INC-001919,2026-01-31,PAYMENT_SYSTEM,FRESHNESS_CHECK,CHECK_738,MEDIUM,CLOSED,11,3156,07:23,19.51,SCHEMA_CHANGE,False,False,0.35
INC-001920,2026-01-08,CRM_CLIENTS,REFERENTIAL_INTEGRITY,CHECK_149,LOW,IN_PROGRESS,348,1182,18:43,,CONFIGURATION_ERROR,True,False,29.44
INC-001921,2025-12-08,PAYMENT_SYSTEM,SCHEMA_VALIDATION,CHECK_708,MEDIUM,CLOSED,188,4642,20:29,7.36,CONFIGURATION_ERROR,False,False,4.05
INC-001922,2025-12-28,FRAUD_DETECTION,NULL_CHECK,CHECK_149,HIGH,RESOLVED,229,31121,02:00,12.48,DATABASE_CORRUPTION,False,False,0.74
INC-001923,2026-01-27,LOAN_REGISTRY,FORMAT_CHECK,CHECK_777,MEDIUM,RESOLVED,17,13361,15:08,17.22,SCHEMA_CHANGE,False,False,0.13
INC-001924,2026-01-20,PAYMENT_SYSTEM,FRESHNESS_CHECK,CHECK_210,LOW,CLOSED,1850,335613,10:44,3.15,SOURCE_SYSTEM_ERROR,False,False,0.55
INC-001925,2026-03-09,SCORING_ENGINE,SCHEMA_VALIDATION,CHECK_769,LOW,CLOSED,208,83638,12:43,40.68,UNKNOWN,False,False,0.25
INC-001926,2025-09-11,FRAUD_DETECTION,NULL_CHECK,CHECK_956,LOW,IN_PROGRESS,23,5108,06:45,,DATABASE_CORRUPTION,False,True,0.45
INC-001927,2025-12-25,FRAUD_DETECTION,FRESHNESS_CHECK,CHECK_120,LOW,CLOSED,473,119627,12:45,0.07,SOURCE_SYSTEM_ERROR,False,False,0.4
INC-001928,2026-01-25,PAYMENT_SYSTEM,REFERENTIAL_INTEGRITY,CHECK_149,CRITICAL,CLOSED,180,448129,13:47,6.45,DATA_DRIFT,False,False,0.04
INC-001929,2026-02-14,INTERNET_BANK,NULL_CHECK,CHECK_806,LOW,CLOSED,5847,11729,19:16,6.89,NETWORK_TIMEOUT,True,False,49.85
INC-001930,2025-10-19,PAYMENT_SYSTEM,NULL_CHECK,CHECK_218,MEDIUM,RESOLVED,49,57478,02:06,19.88,DATA_DRIFT,True,False,0.09
INC-001931,2025-11-22,INTERNET_BANK,NULL_CHECK,CHECK_526,MEDIUM,CLOSED,12,3830,17:03,4.37,DATABASE_CORRUPTION,False,False,0.31
INC-001932,2026-02-02,LOAN_REGISTRY,ACCURACY_CHECK,CHECK_554,MEDIUM,RESOLVED,264,16589,01:21,4.83,MANUAL_DATA_ENTRY,True,True,1.59
INC-001933,2025-12-31,CRM_CLIENTS,FORMAT_CHECK,CHECK_489,MEDIUM,OPEN,1123,3699,07:30,,DATA_DRIFT,False,True,30.36
INC-001934,2026-01-07,PAYMENT_SYSTEM,REFERENTIAL_INTEGRITY,CHECK_226,LOW,CLOSED,15458,262650,11:38,4.0,MANUAL_DATA_ENTRY,False,False,5.89
INC-001935,2025-10-09,MOBILE_APP,SCHEMA_VALIDATION,CHECK_660,MEDIUM,CLOSED,138306,8074,21:51,15.15,MANUAL_DATA_ENTRY,False,False,1712.98
INC-001936,2025-09-16,INTERNET_BANK,ACCURACY_CHECK,CHECK_358,LOW,CLOSED,6,53107,19:45,12.09,DATABASE_CORRUPTION,False,False,0.01
INC-001937,2025-12-25,PAYMENT_SYSTEM,CONSISTENCY_CHECK,CHECK_585,CRITICAL,RESOLVED,113,78471,23:51,1.02,BUSINESS_LOGIC_ERROR,False,False,0.14
INC-001938,2025-09-27,CREDIT_BUREAU,ACCURACY_CHECK,CHECK_818,HIGH,OPEN,12,11052366,01:00,,API_INTEGRATION_ISSUE,False,False,0.0
INC-001939,2025-11-27,SCORING_ENGINE,COMPLETENESS_CHECK,CHECK_256,LOW,CLOSED,90,12945,08:32,5.68,CONFIGURATION_ERROR,False,False,0.7
INC-001940,2026-03-02,MOBILE_APP,COMPLETENESS_CHECK,CHECK_310,LOW,RESOLVED,21046,4655,19:24,16.34,DATA_DRIFT,False,False,452.12
INC-001941,2025-09-22,MOBILE_APP,NULL_CHECK,CHECK_811,LOW,CLOSED,28,19064,09:25,21.47,ETL_PIPELINE_FAILURE,True,False,0.15
INC-001942,2026-01-08,INTERNET_BANK,ACCURACY_CHECK,CHECK_802,MEDIUM,RESOLVED,142,4019,21:23,0.18,UNKNOWN,True,False,3.53
INC-001943,2026-02-13,CREDIT_BUREAU,CONSISTENCY_CHECK,CHECK_745,MEDIUM,REOPENED,46,8308,04:57,4.79,DATA_DRIFT,True,False,0.55
INC-001944,2025-10-15,CREDIT_BUREAU,ACCURACY_CHECK,CHECK_109,LOW,CLOSED,19,94354,17:02,6.63,BUSINESS_LOGIC_ERROR,True,False,0.02
INC-001945,2025-09-11,FRAUD_DETECTION,FORMAT_CHECK,CHECK_408,LOW,CLOSED,5353,5748,18:11,29.05,NETWORK_TIMEOUT,False,False,93.13
INC-001946,2025-11-03,INTERNET_BANK,FORMAT_CHECK,CHECK_530,MEDIUM,CLOSED,6,67774,08:10,8.35,UNKNOWN,False,False,0.01
INC-001947,2026-03-01,CRM_CLIENTS,CONSISTENCY_CHECK,CHECK_777,LOW,CLOSED,125,72612,16:31,3.77,UNKNOWN,False,False,0.17
INC-001948,2025-12-22,SCORING_ENGINE,ACCURACY_CHECK,CHECK_203,LOW,OPEN,176,36270,10:56,,BUSINESS_LOGIC_ERROR,False,False,0.49
INC-001949,2025-12-22,LOAN_REGISTRY,FRESHNESS_CHECK,CHECK_778,LOW,OPEN,138,84037,14:08,,API_INTEGRATION_ISSUE,False,False,0.16
INC-001950,2026-01-13,MOBILE_APP,FORMAT_CHECK,CHECK_632,LOW,CLOSED,78,12224,02:20,13.3,DATABASE_CORRUPTION,False,False,0.64
INC-001951,2026-01-12,LOAN_REGISTRY,FORMAT_CHECK,CHECK_376,LOW,RESOLVED,3746,401,22:33,0.5,CONFIGURATION_ERROR,False,True,934.16
INC-001952,2026-02-04,PAYMENT_SYSTEM,DUPLICATE_CHECK,CHECK_737,HIGH,CLOSED,2,24798,13:09,5.92,UNKNOWN,False,False,0.01
INC-001953,2025-10-11,PAYMENT_SYSTEM,ACCURACY_CHECK,CHECK_720,MEDIUM,IN_PROGRESS,355,25760,08:07,,BUSINESS_LOGIC_ERROR,False,False,1.38
INC-001954,2025-12-03,LOAN_REGISTRY,FORMAT_CHECK,CHECK_817,LOW,RESOLVED,388,10505,10:02,4.0,DATA_DRIFT,False,False,3.69
INC-001955,2025-12-05,PAYMENT_SYSTEM,REFERENTIAL_INTEGRITY,CHECK_240,MEDIUM,RESOLVED,263,80479,04:31,10.75,NETWORK_TIMEOUT,False,False,0.33
INC-001956,2025-11-12,CRM_CLIENTS,ACCURACY_CHECK,CHECK_528,HIGH,REOPENED,28,101581,08:47,5.3,BUSINESS_LOGIC_ERROR,False,False,0.03
INC-001957,2025-12-09,CREDIT_BUREAU,COMPLETENESS_CHECK,CHECK_950,MEDIUM,CLOSED,1652,34074,11:59,17.06,ETL_PIPELINE_FAILURE,False,False,4.85
INC-001958,2025-12-14,PAYMENT_SYSTEM,DUPLICATE_CHECK,CHECK_207,MEDIUM,CLOSED,1495,26830,13:18,0.75,NETWORK_TIMEOUT,True,True,5.57
INC-001959,2025-11-26,FRAUD_DETECTION,FORMAT_CHECK,CHECK_623,LOW,REOPENED,26,252094,08:39,30.01,MANUAL_DATA_ENTRY,False,False,0.01
INC-001960,2026-02-21,PAYMENT_SYSTEM,DUPLICATE_CHECK,CHECK_836,LOW,IN_PROGRESS,13,2570,08:33,,DATABASE_CORRUPTION,False,False,0.51
INC-001961,2026-02-01,SCORING_ENGINE,COMPLETENESS_CHECK,CHECK_732,MEDIUM,RESOLVED,9,11353,10:27,2.07,SCHEMA_CHANGE,False,False,0.08
INC-001962,2025-09-14,CRM_CLIENTS,CONSISTENCY_CHECK,CHECK_220,HIGH,CLOSED,232,162046,05:20,22.04,SOURCE_SYSTEM_ERROR,False,False,0.14
INC-001963,2026-02-09,SCORING_ENGINE,CONSISTENCY_CHECK,CHECK_389,LOW,CLOSED,162,64315,23:31,24.42,UNKNOWN,False,False,0.25
INC-001964,2026-02-13,SCORING_ENGINE,ACCURACY_CHECK,CHECK_216,LOW,RESOLVED,72,13765,04:35,1.17,CONFIGURATION_ERROR,False,False,0.52
INC-001965,2025-11-25,FRAUD_DETECTION,COMPLETENESS_CHECK,CHECK_903,LOW,REOPENED,9534,48105,21:40,28.73,DATABASE_CORRUPTION,False,True,19.82
INC-001966,2025-09-17,CRM_CLIENTS,RANGE_CHECK,CHECK_208,MEDIUM,OPEN,59,7358,14:03,,API_INTEGRATION_ISSUE,False,False,0.8
INC-001967,2025-11-24,CRM_CLIENTS,RANGE_CHECK,CHECK_609,MEDIUM,RESOLVED,215,30411,06:09,11.57,DATABASE_CORRUPTION,False,False,0.71
INC-001968,2025-09-25,INTERNET_BANK,ACCURACY_CHECK,CHECK_303,MEDIUM,CLOSED,100,87213,01:14,0.85,DATA_DRIFT,True,False,0.11
INC-001969,2026-01-21,CRM_CLIENTS,NULL_CHECK,CHECK_723,LOW,RESOLVED,7526,291774,05:02,5.75,DATABASE_CORRUPTION,True,False,2.58
INC-001970,2026-02-21,CRM_CLIENTS,DUPLICATE_CHECK,CHECK_304,LOW,IN_PROGRESS,2,82603,15:16,,DATABASE_CORRUPTION,True,False,0.0
INC-001971,2025-12-08,CRM_CLIENTS,DUPLICATE_CHECK,CHECK_896,LOW,RESOLVED,79,336805,05:45,10.99,SOURCE_SYSTEM_ERROR,False,False,0.02
INC-001972,2025-11-12,FRAUD_DETECTION,CONSISTENCY_CHECK,CHECK_369,MEDIUM,OPEN,506,1229,14:27,,SCHEMA_CHANGE,False,False,41.17
INC-001973,2025-11-04,PAYMENT_SYSTEM,RANGE_CHECK,CHECK_951,LOW,CLOSED,95,263,03:57,7.43,NETWORK_TIMEOUT,False,True,36.12
INC-001974,2026-03-05,INTERNET_BANK,SCHEMA_VALIDATION,CHECK_635,LOW,CLOSED,10,280,15:02,38.52,UNKNOWN,False,False,3.57
INC-001975,2026-02-16,SCORING_ENGINE,FORMAT_CHECK,CHECK_306,MEDIUM,CLOSED,211,205276,14:22,2.46,SOURCE_SYSTEM_ERROR,False,False,0.1
INC-001976,2026-02-02,CRM_CLIENTS,FORMAT_CHECK,CHECK_466,MEDIUM,CLOSED,5,73671,22:35,2.06,DATA_DRIFT,False,False,0.01
INC-001977,2025-10-09,MOBILE_APP,FORMAT_CHECK,CHECK_820,MEDIUM,RESOLVED,567,5236,15:29,15.0,DATA_DRIFT,False,False,10.83
INC-001978,2025-11-25,PAYMENT_SYSTEM,CONSISTENCY_CHECK,CHECK_519,MEDIUM,RESOLVED,64,10200,15:07,0.93,API_INTEGRATION_ISSUE,False,False,0.63
INC-001979,2025-09-21,PAYMENT_SYSTEM,COMPLETENESS_CHECK,CHECK_402,CRITICAL,IN_PROGRESS,46,43172,23:55,,MANUAL_DATA_ENTRY,False,False,0.11
INC-001980,2026-01-28,SCORING_ENGINE,FRESHNESS_CHECK,CHECK_264,MEDIUM,RESOLVED,1202,5184,04:07,7.94,UNKNOWN,False,False,23.19
INC-001981,2026-02-17,FRAUD_DETECTION,RANGE_CHECK,CHECK_140,MEDIUM,IN_PROGRESS,19,4296,11:05,,NETWORK_TIMEOUT,False,False,0.44
INC-001982,2025-10-07,LOAN_REGISTRY,RANGE_CHECK,CHECK_661,CRITICAL,CLOSED,6,5948,06:55,31.99,DATA_DRIFT,False,True,0.1
INC-001983,2025-11-29,LOAN_REGISTRY,SCHEMA_VALIDATION,CHECK_608,MEDIUM,CLOSED,24,5008,09:11,3.98,UNKNOWN,False,False,0.48
INC-001984,2025-11-19,PAYMENT_SYSTEM,DUPLICATE_CHECK,CHECK_312,LOW,RESOLVED,8901,24061,05:47,4.08,SOURCE_SYSTEM_ERROR,False,True,36.99
INC-001985,2026-02-15,CREDIT_BUREAU,NULL_CHECK,CHECK_804,MEDIUM,CLOSED,19,612977,16:52,3.2,UNKNOWN,False,False,0.0
INC-001986,2026-02-26,CREDIT_BUREAU,ACCURACY_CHECK,CHECK_592,LOW,IN_PROGRESS,308,2938,08:36,,DATA_DRIFT,False,False,10.48
INC-001987,2026-02-17,SCORING_ENGINE,DUPLICATE_CHECK,CHECK_438,MEDIUM,CLOSED,801,19025,21:37,5.43,DATABASE_CORRUPTION,False,False,4.21
INC-001988,2025-12-10,LOAN_REGISTRY,COMPLETENESS_CHECK,CHECK_340,LOW,CLOSED,22,55338,06:37,13.71,MANUAL_DATA_ENTRY,False,False,0.04
INC-001989,2025-10-04,PAYMENT_SYSTEM,ACCURACY_CHECK,CHECK_102,HIGH,RESOLVED,22,64286,00:33,16.27,DATA_DRIFT,False,False,0.03
INC-001990,2026-01-31,FRAUD_DETECTION,RANGE_CHECK,CHECK_113,LOW,IN_PROGRESS,212,8008,18:11,,DATABASE_CORRUPTION,False,False,2.65
INC-001991,2026-03-01,LOAN_REGISTRY,COMPLETENESS_CHECK,CHECK_787,HIGH,CLOSED,232,75917,13:58,2.64,API_INTEGRATION_ISSUE,False,True,0.31
INC-001992,2025-09-22,PAYMENT_SYSTEM,ACCURACY_CHECK,CHECK_191,LOW,CLOSED,2197,51024,02:15,0.44,DATA_DRIFT,False,False,4.31
INC-001993,2025-11-19,PAYMENT_SYSTEM,SCHEMA_VALIDATION,CHECK_213,MEDIUM,CLOSED,31,8932,15:43,44.12,MANUAL_DATA_ENTRY,False,False,0.35
INC-001994,2026-01-22,CRM_CLIENTS,SCHEMA_VALIDATION,CHECK_955,LOW,CLOSED,69,1472,03:56,0.17,SOURCE_SYSTEM_ERROR,False,False,4.69
INC-001995,2025-12-06,FRAUD_DETECTION,REFERENTIAL_INTEGRITY,CHECK_687,MEDIUM,REOPENED,43338,2238,10:01,38.83,API_INTEGRATION_ISSUE,False,False,1936.46
INC-001996,2026-02-12,CRM_CLIENTS,FRESHNESS_CHECK,CHECK_785,MEDIUM,IN_PROGRESS,4,97900,09:43,,BUSINESS_LOGIC_ERROR,False,False,0.0
INC-001997,2025-11-24,SCORING_ENGINE,SCHEMA_VALIDATION,CHECK_605,HIGH,OPEN,2,382363,21:07,,NETWORK_TIMEOUT,False,False,0.0
INC-001998,2025-10-03,CRM_CLIENTS,RANGE_CHECK,CHECK_252,LOW,RESOLVED,9,22059,12:23,5.88,UNKNOWN,False,False,0.04
INC-001999,2026-02-19,MOBILE_APP,NULL_CHECK,CHECK_192,LOW,IN_PROGRESS,1343,363600,18:59,,DATABASE_CORRUPTION,False,True,0.37
INC-002000,2026-02-27,CRM_CLIENTS,FORMAT_CHECK,CHECK_898,LOW,RESOLVED,61,19835,03:53,11.19,API_INTEGRATION_ISSUE,False,False,0.31
INC-002001,2026-03-09,MOBILE_APP,REFERENTIAL_INTEGRITY,CHECK_623,HIGH,CLOSED,61,2232,10:09,16.22,UNKNOWN,False,False,2.73
INC-002002,2026-02-23,LOAN_REGISTRY,FORMAT_CHECK,CHECK_176,MEDIUM,CLOSED,21,14487,00:05,1.68,MANUAL_DATA_ENTRY,True,False,0.14
INC-002003,2026-01-13,CREDIT_BUREAU,FRESHNESS_CHECK,CHECK_840,LOW,RESOLVED,931,435266,14:53,19.17,API_INTEGRATION_ISSUE,False,True,0.21
INC-002004,2025-09-24,INTERNET_BANK,ACCURACY_CHECK,CHECK_840,MEDIUM,CLOSED,9,6588,22:42,2.81,NETWORK_TIMEOUT,False,False,0.14
INC-002005,2026-02-13,INTERNET_BANK,CONSISTENCY_CHECK,CHECK_203,LOW,OPEN,46,16782,15:29,,BUSINESS_LOGIC_ERROR,False,False,0.27
INC-002006,2026-02-19,PAYMENT_SYSTEM,SCHEMA_VALIDATION,CHECK_362,LOW,RESOLVED,23,235925,20:17,23.3,DATABASE_CORRUPTION,False,False,0.01
INC-002007,2025-12-18,INTERNET_BANK,NULL_CHECK,CHECK_759,LOW,CLOSED,0,205578,19:42,2.58,MANUAL_DATA_ENTRY,False,False,0.0
INC-002008,2026-01-09,MOBILE_APP,FRESHNESS_CHECK,CHECK_336,MEDIUM,CLOSED,57,40613,00:21,3.32,NETWORK_TIMEOUT,True,False,0.14
INC-002009,2025-12-02,FRAUD_DETECTION,FORMAT_CHECK,CHECK_567,MEDIUM,RESOLVED,131,64170,01:41,0.78,DATABASE_CORRUPTION,False,False,0.2
INC-002010,2025-09-05,CRM_CLIENTS,REFERENTIAL_INTEGRITY,CHECK_403,MEDIUM,OPEN,31,184554,19:28,,SOURCE_SYSTEM_ERROR,False,False,0.02
INC-002011,2025-12-02,MOBILE_APP,SCHEMA_VALIDATION,CHECK_370,LOW,CLOSED,86,40827,10:46,1.9,DATABASE_CORRUPTION,False,False,0.21
INC-002012,2025-11-19,FRAUD_DETECTION,RANGE_CHECK,CHECK_575,MEDIUM,OPEN,91,285221,23:58,,UNKNOWN,False,False,0.03
INC-002013,2025-10-17,CREDIT_BUREAU,SCHEMA_VALIDATION,CHECK_151,MEDIUM,IN_PROGRESS,113,84446,18:08,,NETWORK_TIMEOUT,True,False,0.13
INC-002014,2025-10-25,INTERNET_BANK,REFERENTIAL_INTEGRITY,CHECK_202,MEDIUM,CLOSED,18,16386,06:55,20.25,UNKNOWN,False,True,0.11
INC-002015,2025-11-27,CREDIT_BUREAU,REFERENTIAL_INTEGRITY,CHECK_932,HIGH,RESOLVED,16,52524,01:51,29.69,ETL_PIPELINE_FAILURE,False,False,0.03
INC-002016,2026-01-03,INTERNET_BANK,CONSISTENCY_CHECK,CHECK_278,LOW,RESOLVED,163,10189,20:18,6.26,ETL_PIPELINE_FAILURE,False,False,1.6
INC-002017,2025-10-20,CRM_CLIENTS,SCHEMA_VALIDATION,CHECK_995,LOW,RESOLVED,7,3193,10:51,1.65,API_INTEGRATION_ISSUE,False,False,0.22
INC-002018,2025-10-28,SCORING_ENGINE,SCHEMA_VALIDATION,CHECK_140,MEDIUM,REOPENED,96,2246,01:47,3.04,DATA_DRIFT,False,True,4.27
INC-002019,2025-10-06,CRM_CLIENTS,CONSISTENCY_CHECK,CHECK_972,MEDIUM,REOPENED,3908,14571,02:35,15.99,SOURCE_SYSTEM_ERROR,False,False,26.82
INC-002020,2025-10-10,LOAN_REGISTRY,COMPLETENESS_CHECK,CHECK_397,LOW,RESOLVED,137,41190,19:24,13.58,DATABASE_CORRUPTION,False,False,0.33
INC-002021,2025-09-20,MOBILE_APP,COMPLETENESS_CHECK,CHECK_468,CRITICAL,RESOLVED,3,807825,02:25,41.01,NETWORK_TIMEOUT,True,False,0.0
INC-002022,2025-11-15,PAYMENT_SYSTEM,ACCURACY_CHECK,CHECK_920,LOW,RESOLVED,212,50622,08:11,0.18,SCHEMA_CHANGE,False,False,0.42
INC-002023,2025-09-26,SCORING_ENGINE,COMPLETENESS_CHECK,CHECK_793,LOW,RESOLVED,762,32305,07:49,16.67,SOURCE_SYSTEM_ERROR,True,False,2.36
INC-002024,2026-01-08,CRM_CLIENTS,DUPLICATE_CHECK,CHECK_420,MEDIUM,RESOLVED,30,18046,12:05,8.46,ETL_PIPELINE_FAILURE,True,False,0.17
INC-002025,2026-01-17,FRAUD_DETECTION,SCHEMA_VALIDATION,CHECK_536,MEDIUM,CLOSED,81,10777,00:54,27.96,BUSINESS_LOGIC_ERROR,False,False,0.75
INC-002026,2026-03-09,SCORING_ENGINE,NULL_CHECK,CHECK_856,LOW,RESOLVED,25,28610,06:10,10.3,SCHEMA_CHANGE,False,False,0.09
INC-002027,2026-01-13,MOBILE_APP,SCHEMA_VALIDATION,CHECK_218,MEDIUM,RESOLVED,58,12688,12:49,7.1,DATA_DRIFT,True,False,0.46
INC-002028,2025-09-10,INTERNET_BANK,DUPLICATE_CHECK,CHECK_197,MEDIUM,IN_PROGRESS,39,11502,12:18,,DATABASE_CORRUPTION,False,False,0.34
INC-002029,2026-02-17,SCORING_ENGINE,DUPLICATE_CHECK,CHECK_971,MEDIUM,RESOLVED,354,113726,20:48,21.51,SCHEMA_CHANGE,False,False,0.31
INC-002030,2025-11-26,INTERNET_BANK,FORMAT_CHECK,CHECK_876,MEDIUM,RESOLVED,4090,3586,20:09,3.98,NETWORK_TIMEOUT,False,False,114.05
INC-002031,2026-02-06,MOBILE_APP,SCHEMA_VALIDATION,CHECK_146,LOW,RESOLVED,166,13361,03:19,1.37,MANUAL_DATA_ENTRY,False,False,1.24
INC-002032,2025-10-04,CRM_CLIENTS,FRESHNESS_CHECK,CHECK_109,LOW,CLOSED,6,5567,15:51,6.81,MANUAL_DATA_ENTRY,False,False,0.11
INC-002033,2026-01-31,MOBILE_APP,DUPLICATE_CHECK,CHECK_972,LOW,CLOSED,23362,27867,13:47,2.9,UNKNOWN,False,False,83.83
INC-002034,2025-12-06,SCORING_ENGINE,NULL_CHECK,CHECK_241,HIGH,RESOLVED,476,121481,09:57,6.74,API_INTEGRATION_ISSUE,False,False,0.39
INC-002035,2025-10-10,FRAUD_DETECTION,CONSISTENCY_CHECK,CHECK_779,HIGH,CLOSED,715,44354,21:38,56.59,SCHEMA_CHANGE,True,False,1.61
INC-002036,2025-10-12,CREDIT_BUREAU,ACCURACY_CHECK,CHECK_762,LOW,RESOLVED,130,14160,04:22,10.24,ETL_PIPELINE_FAILURE,False,False,0.92
INC-002037,2025-10-17,SCORING_ENGINE,FORMAT_CHECK,CHECK_274,HIGH,OPEN,236,144460,21:06,,API_INTEGRATION_ISSUE,False,False,0.16
INC-002038,2026-02-25,MOBILE_APP,CONSISTENCY_CHECK,CHECK_436,LOW,CLOSED,74,128722,11:32,13.6,MANUAL_DATA_ENTRY,False,False,0.06
INC-002039,2026-02-07,CREDIT_BUREAU,FORMAT_CHECK,CHECK_466,MEDIUM,RESOLVED,904,23837,06:31,20.62,DATA_DRIFT,False,False,3.79
INC-002040,2025-10-13,MOBILE_APP,NULL_CHECK,CHECK_548,LOW,CLOSED,57,532849,14:56,34.62,SCHEMA_CHANGE,False,False,0.01
INC-002041,2026-03-04,FRAUD_DETECTION,REFERENTIAL_INTEGRITY,CHECK_736,MEDIUM,CLOSED,394,50959,12:30,12.9,DATA_DRIFT,False,False,0.77
INC-002042,2025-12-22,MOBILE_APP,SCHEMA_VALIDATION,CHECK_374,MEDIUM,CLOSED,1031,48283,08:36,7.76,DATA_DRIFT,False,False,2.14
INC-002043,2025-09-12,CRM_CLIENTS,RANGE_CHECK,CHECK_999,MEDIUM,REOPENED,1793,1987,19:27,4.59,SCHEMA_CHANGE,False,False,90.24
INC-002044,2025-12-15,PAYMENT_SYSTEM,FRESHNESS_CHECK,CHECK_850,MEDIUM,OPEN,1168,759,02:48,,ETL_PIPELINE_FAILURE,False,False,153.89
INC-002045,2025-12-03,INTERNET_BANK,CONSISTENCY_CHECK,CHECK_195,MEDIUM,REOPENED,19,25006,13:51,4.89,SCHEMA_CHANGE,True,False,0.08
INC-002046,2026-02-21,INTERNET_BANK,SCHEMA_VALIDATION,CHECK_481,LOW,CLOSED,3447,161863,11:39,4.71,CONFIGURATION_ERROR,False,False,2.13
INC-002047,2026-03-04,SCORING_ENGINE,FRESHNESS_CHECK,CHECK_934,LOW,CLOSED,560,42489,05:27,14.23,UNKNOWN,True,True,1.32
INC-002048,2025-10-31,PAYMENT_SYSTEM,REFERENTIAL_INTEGRITY,CHECK_450,LOW,OPEN,273,147527,20:27,,ETL_PIPELINE_FAILURE,False,False,0.19
INC-002049,2025-12-23,MOBILE_APP,RANGE_CHECK,CHECK_287,LOW,CLOSED,344,9633,02:02,2.71,CONFIGURATION_ERROR,False,True,3.57
INC-002050,2026-02-04,FRAUD_DETECTION,FRESHNESS_CHECK,CHECK_216,MEDIUM,IN_PROGRESS,108,25977,16:21,,DATABASE_CORRUPTION,False,True,0.42
INC-002051,2025-11-12,SCORING_ENGINE,FRESHNESS_CHECK,CHECK_510,HIGH,CLOSED,58,22774,14:43,6.7,CONFIGURATION_ERROR,False,False,0.25
INC-002052,2026-03-12,MOBILE_APP,CONSISTENCY_CHECK,CHECK_509,MEDIUM,OPEN,71,600,07:41,,MANUAL_DATA_ENTRY,False,False,11.83
INC-002053,2026-03-11,CREDIT_BUREAU,COMPLETENESS_CHECK,CHECK_567,LOW,CLOSED,1951,788461,21:45,14.55,NETWORK_TIMEOUT,False,True,0.25
INC-002054,2025-12-24,LOAN_REGISTRY,RANGE_CHECK,CHECK_378,MEDIUM,RESOLVED,174,241620,04:59,11.41,UNKNOWN,False,False,0.07
INC-002055,2025-10-30,MOBILE_APP,SCHEMA_VALIDATION,CHECK_955,LOW,IN_PROGRESS,260,141049,15:33,,SCHEMA_CHANGE,False,True,0.18
INC-002056,2026-01-15,PAYMENT_SYSTEM,REFERENTIAL_INTEGRITY,CHECK_494,MEDIUM,IN_PROGRESS,167,287751,20:41,,CONFIGURATION_ERROR,False,False,0.06
INC-002057,2025-11-01,SCORING_ENGINE,RANGE_CHECK,CHECK_806,LOW,RESOLVED,39,8657,16:05,1.4,API_INTEGRATION_ISSUE,False,False,0.45
INC-002058,2025-11-19,PAYMENT_SYSTEM,NULL_CHECK,CHECK_971,LOW,IN_PROGRESS,2,108179,09:29,,CONFIGURATION_ERROR,False,False,0.0
INC-002059,2025-12-30,SCORING_ENGINE,COMPLETENESS_CHECK,CHECK_589,HIGH,RESOLVED,690,8617,13:05,3.83,SCHEMA_CHANGE,False,False,8.01
INC-002060,2025-10-20,MOBILE_APP,NULL_CHECK,CHECK_919,MEDIUM,CLOSED,558,29613,15:19,11.48,API_INTEGRATION_ISSUE,False,False,1.88
INC-002061,2025-12-04,CRM_CLIENTS,REFERENTIAL_INTEGRITY,CHECK_531,LOW,CLOSED,145,675,04:08,2.95,SOURCE_SYSTEM_ERROR,False,False,21.48
INC-002062,2026-02-21,CREDIT_BUREAU,CONSISTENCY_CHECK,CHECK_764,MEDIUM,CLOSED,16,16357,21:57,17.75,API_INTEGRATION_ISSUE,True,False,0.1
INC-002063,2026-01-25,MOBILE_APP,CONSISTENCY_CHECK,CHECK_916,MEDIUM,OPEN,5662,1032,09:53,,API_INTEGRATION_ISSUE,False,False,548.64
INC-002064,2025-12-22,INTERNET_BANK,REFERENTIAL_INTEGRITY,CHECK_270,LOW,RESOLVED,75,1793,07:33,26.53,ETL_PIPELINE_FAILURE,False,False,4.18
INC-002065,2025-12-28,PAYMENT_SYSTEM,FORMAT_CHECK,CHECK_215,MEDIUM,RESOLVED,243,19783,13:18,23.73,CONFIGURATION_ERROR,False,False,1.23
INC-002066,2025-11-12,LOAN_REGISTRY,REFERENTIAL_INTEGRITY,CHECK_235,LOW,CLOSED,36,5348,18:03,5.4,CONFIGURATION_ERROR,False,False,0.67
INC-002067,2025-12-07,LOAN_REGISTRY,COMPLETENESS_CHECK,CHECK_812,LOW,CLOSED,9,43386,17:04,5.85,BUSINESS_LOGIC_ERROR,False,False,0.02
INC-002068,2026-01-07,FRAUD_DETECTION,DUPLICATE_CHECK,CHECK_843,HIGH,RESOLVED,482,627755,01:32,14.51,API_INTEGRATION_ISSUE,False,False,0.08
INC-002069,2026-01-14,SCORING_ENGINE,CONSISTENCY_CHECK,CHECK_160,MEDIUM,OPEN,7,6352,03:32,,UNKNOWN,False,True,0.11
INC-002070,2025-12-17,PAYMENT_SYSTEM,ACCURACY_CHECK,CHECK_964,MEDIUM,CLOSED,234,12970,13:26,1.01,NETWORK_TIMEOUT,False,False,1.8
INC-002071,2025-10-12,FRAUD_DETECTION,COMPLETENESS_CHECK,CHECK_263,LOW,CLOSED,236,83201,03:29,1.76,ETL_PIPELINE_FAILURE,False,False,0.28
INC-002072,2025-10-22,PAYMENT_SYSTEM,COMPLETENESS_CHECK,CHECK_206,HIGH,CLOSED,15,5768,21:46,9.92,ETL_PIPELINE_FAILURE,True,False,0.26
INC-002073,2026-02-02,INTERNET_BANK,COMPLETENESS_CHECK,CHECK_526,LOW,CLOSED,11,5266,18:52,1.94,ETL_PIPELINE_FAILURE,False,False,0.21
INC-002074,2025-10-06,SCORING_ENGINE,FRESHNESS_CHECK,CHECK_704,MEDIUM,RESOLVED,31,9055,08:22,3.9,CONFIGURATION_ERROR,False,True,0.34
INC-002075,2025-11-04,MOBILE_APP,COMPLETENESS_CHECK,CHECK_594,HIGH,IN_PROGRESS,42,128253,08:37,,UNKNOWN,False,False,0.03
INC-002076,2025-09-14,MOBILE_APP,CONSISTENCY_CHECK,CHECK_921,MEDIUM,RESOLVED,6,641,02:49,0.19,BUSINESS_LOGIC_ERROR,False,False,0.94
INC-002077,2026-02-12,LOAN_REGISTRY,DUPLICATE_CHECK,CHECK_682,MEDIUM,RESOLVED,15,4044,16:01,2.38,DATA_DRIFT,True,False,0.37
INC-002078,2026-01-02,MOBILE_APP,DUPLICATE_CHECK,CHECK_794,MEDIUM,RESOLVED,172,470605,03:47,31.9,SCHEMA_CHANGE,True,False,0.04
INC-002079,2025-12-05,MOBILE_APP,COMPLETENESS_CHECK,CHECK_548,MEDIUM,RESOLVED,7936,44,21:29,13.07,SOURCE_SYSTEM_ERROR,False,False,18036.36
INC-002080,2026-01-20,INTERNET_BANK,NULL_CHECK,CHECK_285,MEDIUM,RESOLVED,1113,17073,05:50,4.38,SOURCE_SYSTEM_ERROR,True,False,6.52
INC-002081,2025-09-27,CRM_CLIENTS,CONSISTENCY_CHECK,CHECK_725,HIGH,RESOLVED,204,469707,05:53,0.56,SCHEMA_CHANGE,True,False,0.04
INC-002082,2026-03-02,LOAN_REGISTRY,CONSISTENCY_CHECK,CHECK_488,HIGH,RESOLVED,1417,1004472,12:02,10.58,ETL_PIPELINE_FAILURE,False,False,0.14
INC-002083,2026-01-11,FRAUD_DETECTION,RANGE_CHECK,CHECK_897,LOW,IN_PROGRESS,1496,108957,02:26,,DATABASE_CORRUPTION,False,False,1.37
INC-002084,2025-10-02,CREDIT_BUREAU,SCHEMA_VALIDATION,CHECK_467,MEDIUM,RESOLVED,80,229504,22:19,38.68,SCHEMA_CHANGE,False,False,0.03
INC-002085,2025-11-12,CRM_CLIENTS,FORMAT_CHECK,CHECK_726,MEDIUM,CLOSED,248,3303,10:37,13.94,DATA_DRIFT,False,False,7.51
INC-002086,2025-09-22,FRAUD_DETECTION,FORMAT_CHECK,CHECK_129,LOW,CLOSED,1049,3893,23:29,43.85,DATA_DRIFT,False,True,26.95
INC-002087,2025-10-12,SCORING_ENGINE,NULL_CHECK,CHECK_983,MEDIUM,RESOLVED,1378,678967,21:28,22.68,API_INTEGRATION_ISSUE,True,False,0.2
INC-002088,2025-11-09,CRM_CLIENTS,FORMAT_CHECK,CHECK_800,LOW,RESOLVED,1405,12994,19:51,7.92,API_INTEGRATION_ISSUE,False,False,10.81
INC-002089,2025-12-25,INTERNET_BANK,RANGE_CHECK,CHECK_958,MEDIUM,OPEN,19,515,08:21,,API_INTEGRATION_ISSUE,False,False,3.69
INC-002090,2026-01-10,FRAUD_DETECTION,REFERENTIAL_INTEGRITY,CHECK_844,HIGH,CLOSED,1556,50859,05:13,20.06,API_INTEGRATION_ISSUE,True,False,3.06
INC-002091,2025-10-08,SCORING_ENGINE,FORMAT_CHECK,CHECK_233,LOW,RESOLVED,6100,15033,05:05,10.36,DATABASE_CORRUPTION,False,False,40.58
INC-002092,2025-12-21,LOAN_REGISTRY,CONSISTENCY_CHECK,CHECK_594,MEDIUM,RESOLVED,2942,25906,23:38,0.76,DATABASE_CORRUPTION,False,False,11.36
INC-002093,2025-09-24,CREDIT_BUREAU,REFERENTIAL_INTEGRITY,CHECK_599,LOW,CLOSED,16,188,08:55,7.63,BUSINESS_LOGIC_ERROR,False,False,8.51
INC-002094,2025-10-27,SCORING_ENGINE,FORMAT_CHECK,CHECK_215,MEDIUM,RESOLVED,10,110,21:06,1.68,SOURCE_SYSTEM_ERROR,False,False,9.09
INC-002095,2025-12-25,MOBILE_APP,CONSISTENCY_CHECK,CHECK_521,LOW,OPEN,376,40340,13:34,,CONFIGURATION_ERROR,False,True,0.93
INC-002096,2025-11-29,PAYMENT_SYSTEM,CONSISTENCY_CHECK,CHECK_551,LOW,IN_PROGRESS,2834,12012,00:00,,DATABASE_CORRUPTION,False,True,23.59
INC-002097,2025-09-07,SCORING_ENGINE,COMPLETENESS_CHECK,CHECK_147,CRITICAL,RESOLVED,233,8833,12:07,59.39,MANUAL_DATA_ENTRY,False,False,2.64
INC-002098,2025-12-16,SCORING_ENGINE,DUPLICATE_CHECK,CHECK_164,LOW,RESOLVED,92,48096,00:10,11.89,DATA_DRIFT,False,False,0.19
INC-002099,2025-09-14,CREDIT_BUREAU,NULL_CHECK,CHECK_367,MEDIUM,CLOSED,123,4638,20:30,19.32,UNKNOWN,True,False,2.65
INC-002100,2025-12-11,PAYMENT_SYSTEM,RANGE_CHECK,CHECK_770,LOW,RESOLVED,1142,12953,14:44,3.75,CONFIGURATION_ERROR,False,False,8.82
INC-002101,2026-01-07,MOBILE_APP,FRESHNESS_CHECK,CHECK_421,MEDIUM,CLOSED,78,8977,12:55,4.99,DATA_DRIFT,True,False,0.87
INC-002102,2025-12-05,FRAUD_DETECTION,SCHEMA_VALIDATION,CHECK_112,LOW,RESOLVED,388,129429,21:47,29.87,API_INTEGRATION_ISSUE,False,False,0.3
INC-002103,2025-10-31,FRAUD_DETECTION,FORMAT_CHECK,CHECK_821,CRITICAL,RESOLVED,114,514,19:46,16.89,DATABASE_CORRUPTION,False,False,22.18
INC-002104,2025-12-08,SCORING_ENGINE,FORMAT_CHECK,CHECK_989,MEDIUM,RESOLVED,25,6034,15:19,12.78,CONFIGURATION_ERROR,False,True,0.41
INC-002105,2025-09-21,INTERNET_BANK,REFERENTIAL_INTEGRITY,CHECK_794,LOW,RESOLVED,21,194760,19:52,3.52,ETL_PIPELINE_FAILURE,False,False,0.01
INC-002106,2025-12-05,INTERNET_BANK,REFERENTIAL_INTEGRITY,CHECK_637,LOW,RESOLVED,424,4128,19:23,14.39,BUSINESS_LOGIC_ERROR,False,False,10.27
INC-002107,2025-10-28,PAYMENT_SYSTEM,SCHEMA_VALIDATION,CHECK_885,CRITICAL,RESOLVED,0,27998,22:43,26.14,MANUAL_DATA_ENTRY,False,False,0.0
INC-002108,2025-09-08,PAYMENT_SYSTEM,FORMAT_CHECK,CHECK_861,MEDIUM,CLOSED,387,620872,22:43,3.15,MANUAL_DATA_ENTRY,False,False,0.06
INC-002109,2025-11-21,MOBILE_APP,ACCURACY_CHECK,CHECK_690,MEDIUM,RESOLVED,105,30235,12:51,14.7,SOURCE_SYSTEM_ERROR,True,False,0.35
INC-002110,2025-09-26,CREDIT_BUREAU,RANGE_CHECK,CHECK_841,MEDIUM,IN_PROGRESS,984,1592802,09:05,,API_INTEGRATION_ISSUE,False,False,0.06
INC-002111,2026-03-02,LOAN_REGISTRY,FORMAT_CHECK,CHECK_678,MEDIUM,OPEN,494,362139,04:08,,UNKNOWN,False,False,0.14
INC-002112,2026-02-14,FRAUD_DETECTION,DUPLICATE_CHECK,CHECK_329,LOW,OPEN,162,5982,00:12,,UNKNOWN,False,False,2.71
INC-002113,2025-11-25,CREDIT_BUREAU,SCHEMA_VALIDATION,CHECK_785,MEDIUM,RESOLVED,17,1758,03:52,2.19,MANUAL_DATA_ENTRY,False,True,0.97
INC-002114,2025-10-08,CRM_CLIENTS,ACCURACY_CHECK,CHECK_994,LOW,IN_PROGRESS,19,6582,00:44,,NETWORK_TIMEOUT,False,False,0.29
INC-002115,2025-10-06,FRAUD_DETECTION,RANGE_CHECK,CHECK_446,LOW,OPEN,40,47103,06:54,,NETWORK_TIMEOUT,False,True,0.08
INC-002116,2025-09-10,CREDIT_BUREAU,FORMAT_CHECK,CHECK_631,MEDIUM,RESOLVED,843,44025,00:13,16.26,SCHEMA_CHANGE,False,False,1.91
INC-002117,2025-11-13,FRAUD_DETECTION,FRESHNESS_CHECK,CHECK_635,MEDIUM,CLOSED,5102,83204,15:41,3.52,MANUAL_DATA_ENTRY,False,False,6.13
INC-002118,2025-12-30,LOAN_REGISTRY,COMPLETENESS_CHECK,CHECK_804,MEDIUM,OPEN,287,3460,04:41,,CONFIGURATION_ERROR,False,False,8.29
INC-002119,2026-02-26,CRM_CLIENTS,DUPLICATE_CHECK,CHECK_817,MEDIUM,RESOLVED,45,4644,07:27,2.91,DATABASE_CORRUPTION,True,False,0.97
INC-002120,2025-10-06,INTERNET_BANK,FRESHNESS_CHECK,CHECK_733,LOW,CLOSED,56,67310,20:54,60.66,ETL_PIPELINE_FAILURE,False,False,0.08
INC-002121,2026-03-14,INTERNET_BANK,REFERENTIAL_INTEGRITY,CHECK_197,MEDIUM,REOPENED,61,1180915,17:12,16.07,SOURCE_SYSTEM_ERROR,False,False,0.01
INC-002122,2026-02-28,LOAN_REGISTRY,REFERENTIAL_INTEGRITY,CHECK_543,LOW,CLOSED,1188,2455,02:19,5.98,API_INTEGRATION_ISSUE,False,False,48.39
INC-002123,2025-12-30,MOBILE_APP,FORMAT_CHECK,CHECK_777,MEDIUM,IN_PROGRESS,59,19055,14:09,,UNKNOWN,False,False,0.31
INC-002124,2025-12-24,CRM_CLIENTS,REFERENTIAL_INTEGRITY,CHECK_844,MEDIUM,CLOSED,135,10725,15:27,4.64,SCHEMA_CHANGE,False,False,1.26
INC-002125,2026-02-05,SCORING_ENGINE,DUPLICATE_CHECK,CHECK_354,CRITICAL,CLOSED,2185,29458,00:07,2.58,CONFIGURATION_ERROR,False,False,7.42
INC-002126,2025-09-02,CREDIT_BUREAU,RANGE_CHECK,CHECK_593,CRITICAL,IN_PROGRESS,47,2009,05:57,,DATA_DRIFT,False,False,2.34
INC-002127,2025-09-21,CRM_CLIENTS,CONSISTENCY_CHECK,CHECK_454,MEDIUM,CLOSED,452,26271,04:47,5.3,NETWORK_TIMEOUT,False,False,1.72
INC-002128,2025-09-05,MOBILE_APP,NULL_CHECK,CHECK_779,MEDIUM,RESOLVED,898,253106,22:28,4.19,DATABASE_CORRUPTION,False,False,0.35
INC-002129,2025-11-05,MOBILE_APP,SCHEMA_VALIDATION,CHECK_792,LOW,REOPENED,168,855,15:30,16.98,UNKNOWN,True,False,19.65
INC-002130,2025-10-26,LOAN_REGISTRY,RANGE_CHECK,CHECK_756,LOW,CLOSED,7392,161468,00:55,3.15,SCHEMA_CHANGE,False,False,4.58
INC-002131,2025-10-09,FRAUD_DETECTION,CONSISTENCY_CHECK,CHECK_494,MEDIUM,CLOSED,4150,2018,14:37,10.61,CONFIGURATION_ERROR,False,False,205.65
INC-002132,2026-01-19,CRM_CLIENTS,ACCURACY_CHECK,CHECK_252,MEDIUM,CLOSED,251,36911,07:12,2.6,UNKNOWN,False,False,0.68
INC-002133,2026-03-06,CREDIT_BUREAU,DUPLICATE_CHECK,CHECK_959,MEDIUM,RESOLVED,29,58549,09:36,15.05,UNKNOWN,False,False,0.05
INC-002134,2026-02-03,CRM_CLIENTS,FRESHNESS_CHECK,CHECK_946,MEDIUM,RESOLVED,32,46646,12:03,11.77,API_INTEGRATION_ISSUE,False,False,0.07
INC-002135,2026-01-14,PAYMENT_SYSTEM,CONSISTENCY_CHECK,CHECK_671,MEDIUM,CLOSED,227,11305,10:00,19.2,UNKNOWN,True,False,2.01
INC-002136,2025-12-18,FRAUD_DETECTION,DUPLICATE_CHECK,CHECK_727,MEDIUM,CLOSED,16,82866,03:40,0.85,UNKNOWN,False,False,0.02
INC-002137,2025-09-29,CREDIT_BUREAU,COMPLETENESS_CHECK,CHECK_155,MEDIUM,CLOSED,254,1782,22:27,2.83,ETL_PIPELINE_FAILURE,False,False,14.25
INC-002138,2025-11-13,INTERNET_BANK,FRESHNESS_CHECK,CHECK_111,HIGH,CLOSED,4342,137193,13:54,2.01,DATABASE_CORRUPTION,False,False,3.16
INC-002139,2025-10-31,CREDIT_BUREAU,REFERENTIAL_INTEGRITY,CHECK_758,CRITICAL,REOPENED,168,8690,15:47,2.54,API_INTEGRATION_ISSUE,True,False,1.93
INC-002140,2025-11-17,SCORING_ENGINE,REFERENTIAL_INTEGRITY,CHECK_260,HIGH,CLOSED,142,41940,18:38,1.3,UNKNOWN,False,True,0.34
INC-002141,2025-10-02,LOAN_REGISTRY,FRESHNESS_CHECK,CHECK_617,LOW,RESOLVED,817,10906,23:35,9.91,BUSINESS_LOGIC_ERROR,False,False,7.49
INC-002142,2025-09-13,SCORING_ENGINE,ACCURACY_CHECK,CHECK_969,MEDIUM,IN_PROGRESS,423,471752,09:02,,UNKNOWN,False,False,0.09
INC-002143,2025-11-01,CREDIT_BUREAU,ACCURACY_CHECK,CHECK_580,MEDIUM,CLOSED,14,52958,15:25,22.26,API_INTEGRATION_ISSUE,False,True,0.03
INC-002144,2025-12-17,FRAUD_DETECTION,ACCURACY_CHECK,CHECK_972,MEDIUM,RESOLVED,59,81263,15:32,6.49,API_INTEGRATION_ISSUE,False,False,0.07
INC-002145,2026-02-11,CRM_CLIENTS,CONSISTENCY_CHECK,CHECK_607,LOW,RESOLVED,6554,106417,18:46,9.12,ETL_PIPELINE_FAILURE,False,False,6.16
INC-002146,2026-02-07,INTERNET_BANK,SCHEMA_VALIDATION,CHECK_990,LOW,IN_PROGRESS,284,13602,19:59,,MANUAL_DATA_ENTRY,True,False,2.09
INC-002147,2025-12-27,CRM_CLIENTS,CONSISTENCY_CHECK,CHECK_269,LOW,CLOSED,19,39282,21:57,9.11,BUSINESS_LOGIC_ERROR,False,False,0.05
INC-002148,2025-09-17,FRAUD_DETECTION,FORMAT_CHECK,CHECK_176,CRITICAL,CLOSED,101,30655,15:14,10.23,SOURCE_SYSTEM_ERROR,True,False,0.33
INC-002149,2025-09-29,CREDIT_BUREAU,NULL_CHECK,CHECK_869,MEDIUM,CLOSED,4,80001,22:03,66.01,SCHEMA_CHANGE,False,False,0.0
INC-002150,2026-01-06,MOBILE_APP,FRESHNESS_CHECK,CHECK_603,LOW,RESOLVED,3,9034,16:01,61.65,CONFIGURATION_ERROR,False,False,0.03
INC-002151,2026-01-31,CRM_CLIENTS,RANGE_CHECK,CHECK_428,CRITICAL,CLOSED,1058,5360,13:36,6.62,CONFIGURATION_ERROR,False,False,19.74
INC-002152,2026-01-16,MOBILE_APP,NULL_CHECK,CHECK_346,MEDIUM,CLOSED,147,234130,10:35,12.09,DATA_DRIFT,False,False,0.06
INC-002153,2025-09-05,CRM_CLIENTS,COMPLETENESS_CHECK,CHECK_438,LOW,RESOLVED,418,106236,02:17,7.87,SOURCE_SYSTEM_ERROR,False,True,0.39
INC-002154,2026-02-09,CRM_CLIENTS,CONSISTENCY_CHECK,CHECK_384,MEDIUM,RESOLVED,1503,4110,20:26,15.31,SOURCE_SYSTEM_ERROR,False,False,36.57
INC-002155,2026-01-10,INTERNET_BANK,CONSISTENCY_CHECK,CHECK_151,CRITICAL,RESOLVED,292,989019,15:07,33.44,SOURCE_SYSTEM_ERROR,False,False,0.03
INC-002156,2026-01-26,LOAN_REGISTRY,DUPLICATE_CHECK,CHECK_619,CRITICAL,CLOSED,643,7024,15:39,4.45,SOURCE_SYSTEM_ERROR,False,False,9.15
INC-002157,2025-11-01,LOAN_REGISTRY,NULL_CHECK,CHECK_328,MEDIUM,CLOSED,248,27924,20:22,20.5,ETL_PIPELINE_FAILURE,True,True,0.89
INC-002158,2026-03-03,PAYMENT_SYSTEM,DUPLICATE_CHECK,CHECK_663,HIGH,RESOLVED,1944,228062,14:44,12.77,UNKNOWN,True,True,0.85
INC-002159,2025-10-07,SCORING_ENGINE,RANGE_CHECK,CHECK_758,LOW,REOPENED,5150,223755,13:01,3.95,MANUAL_DATA_ENTRY,False,False,2.3
INC-002160,2025-11-14,FRAUD_DETECTION,DUPLICATE_CHECK,CHECK_487,LOW,OPEN,221,5372,05:18,,ETL_PIPELINE_FAILURE,False,True,4.11
INC-002161,2025-12-19,FRAUD_DETECTION,NULL_CHECK,CHECK_512,HIGH,RESOLVED,203,61974,23:12,6.69,SCHEMA_CHANGE,False,False,0.33
INC-002162,2025-09-01,FRAUD_DETECTION,FRESHNESS_CHECK,CHECK_936,LOW,RESOLVED,281,11843,15:22,1.54,BUSINESS_LOGIC_ERROR,False,False,2.37
INC-002163,2026-02-05,PAYMENT_SYSTEM,COMPLETENESS_CHECK,CHECK_340,MEDIUM,OPEN,120,50976,14:14,,DATA_DRIFT,False,False,0.24
INC-002164,2025-11-30,LOAN_REGISTRY,CONSISTENCY_CHECK,CHECK_180,HIGH,RESOLVED,66,17131,16:14,6.65,ETL_PIPELINE_FAILURE,False,True,0.39
INC-002165,2025-11-01,CREDIT_BUREAU,RANGE_CHECK,CHECK_570,LOW,RESOLVED,1207,9842,18:58,9.36,SCHEMA_CHANGE,False,False,12.26
INC-002166,2026-01-25,MOBILE_APP,CONSISTENCY_CHECK,CHECK_554,LOW,RESOLVED,66,3213,21:21,19.8,BUSINESS_LOGIC_ERROR,True,False,2.05
INC-002167,2025-12-16,INTERNET_BANK,FORMAT_CHECK,CHECK_920,LOW,RESOLVED,59,235706,19:54,38.89,SCHEMA_CHANGE,False,False,0.03
INC-002168,2025-10-18,MOBILE_APP,COMPLETENESS_CHECK,CHECK_686,LOW,CLOSED,894,4976,22:42,24.75,MANUAL_DATA_ENTRY,True,False,17.97
INC-002169,2026-02-18,CREDIT_BUREAU,SCHEMA_VALIDATION,CHECK_558,LOW,RESOLVED,1043,415293,14:08,8.93,SCHEMA_CHANGE,False,False,0.25
INC-002170,2026-02-19,INTERNET_BANK,DUPLICATE_CHECK,CHECK_190,LOW,IN_PROGRESS,15787,12239,09:46,,DATABASE_CORRUPTION,False,False,128.99
INC-002171,2025-09-22,PAYMENT_SYSTEM,REFERENTIAL_INTEGRITY,CHECK_977,MEDIUM,CLOSED,1701,58064,22:24,3.96,SCHEMA_CHANGE,False,False,2.93
INC-002172,2026-01-13,CREDIT_BUREAU,NULL_CHECK,CHECK_610,LOW,OPEN,775,478542,13:53,,ETL_PIPELINE_FAILURE,False,False,0.16
INC-002173,2025-12-02,FRAUD_DETECTION,CONSISTENCY_CHECK,CHECK_557,LOW,CLOSED,1035,9309,21:41,35.21,SCHEMA_CHANGE,False,False,11.12
INC-002174,2025-09-18,SCORING_ENGINE,DUPLICATE_CHECK,CHECK_423,LOW,CLOSED,110,56595,23:23,15.58,ETL_PIPELINE_FAILURE,False,True,0.19
INC-002175,2026-01-13,CRM_CLIENTS,RANGE_CHECK,CHECK_221,HIGH,RESOLVED,456,59163,15:51,0.14,BUSINESS_LOGIC_ERROR,False,False,0.77
INC-002176,2026-01-18,MOBILE_APP,CONSISTENCY_CHECK,CHECK_609,MEDIUM,CLOSED,502,5807,05:39,1.49,UNKNOWN,False,False,8.64
INC-002177,2026-01-08,LOAN_REGISTRY,SCHEMA_VALIDATION,CHECK_863,MEDIUM,CLOSED,50,34355,06:18,30.89,DATABASE_CORRUPTION,False,True,0.15
INC-002178,2026-01-08,LOAN_REGISTRY,COMPLETENESS_CHECK,CHECK_769,HIGH,CLOSED,134,97691,22:47,22.66,BUSINESS_LOGIC_ERROR,False,False,0.14
INC-002179,2026-01-20,PAYMENT_SYSTEM,COMPLETENESS_CHECK,CHECK_118,LOW,CLOSED,997,661256,02:42,7.99,SCHEMA_CHANGE,False,False,0.15
INC-002180,2025-09-06,INTERNET_BANK,CONSISTENCY_CHECK,CHECK_205,HIGH,IN_PROGRESS,143,9606,15:08,,SOURCE_SYSTEM_ERROR,False,False,1.49
INC-002181,2025-12-09,LOAN_REGISTRY,RANGE_CHECK,CHECK_513,HIGH,CLOSED,504,43991,05:12,4.1,DATA_DRIFT,False,False,1.15
INC-002182,2025-12-30,FRAUD_DETECTION,COMPLETENESS_CHECK,CHECK_522,LOW,IN_PROGRESS,892,17083,05:38,,NETWORK_TIMEOUT,False,False,5.22
INC-002183,2025-09-12,MOBILE_APP,COMPLETENESS_CHECK,CHECK_136,MEDIUM,IN_PROGRESS,812,32426,15:06,,SOURCE_SYSTEM_ERROR,False,False,2.5
INC-002184,2026-02-10,CREDIT_BUREAU,SCHEMA_VALIDATION,CHECK_670,HIGH,RESOLVED,4728,6744,13:31,14.24,UNKNOWN,False,False,70.11
INC-002185,2025-12-09,FRAUD_DETECTION,NULL_CHECK,CHECK_662,MEDIUM,RESOLVED,46,15707,09:15,5.64,DATABASE_CORRUPTION,False,False,0.29
INC-002186,2025-12-05,PAYMENT_SYSTEM,RANGE_CHECK,CHECK_100,LOW,RESOLVED,3964,458824,06:35,6.75,BUSINESS_LOGIC_ERROR,True,False,0.86
INC-002187,2025-11-04,FRAUD_DETECTION,RANGE_CHECK,CHECK_945,HIGH,CLOSED,383,28420,01:01,2.79,DATABASE_CORRUPTION,False,False,1.35
INC-002188,2026-03-11,CREDIT_BUREAU,FRESHNESS_CHECK,CHECK_193,LOW,CLOSED,786,25647,11:56,35.49,MANUAL_DATA_ENTRY,False,False,3.06
INC-002189,2025-09-05,SCORING_ENGINE,FRESHNESS_CHECK,CHECK_910,MEDIUM,OPEN,598,4004,08:22,,UNKNOWN,False,False,14.94
INC-002190,2025-12-01,PAYMENT_SYSTEM,COMPLETENESS_CHECK,CHECK_718,MEDIUM,REOPENED,540,195241,21:10,20.43,BUSINESS_LOGIC_ERROR,True,True,0.28
INC-002191,2025-09-18,SCORING_ENGINE,REFERENTIAL_INTEGRITY,CHECK_733,MEDIUM,CLOSED,41,119841,05:52,32.9,SCHEMA_CHANGE,False,False,0.03
INC-002192,2025-11-28,CRM_CLIENTS,FRESHNESS_CHECK,CHECK_752,LOW,OPEN,731,28410,16:02,,BUSINESS_LOGIC_ERROR,False,False,2.57
INC-002193,2025-11-01,SCORING_ENGINE,COMPLETENESS_CHECK,CHECK_411,MEDIUM,RESOLVED,8,986824,02:21,3.21,SOURCE_SYSTEM_ERROR,False,True,0.0
INC-002194,2026-03-07,CRM_CLIENTS,ACCURACY_CHECK,CHECK_620,MEDIUM,CLOSED,9803,7591,13:07,17.14,UNKNOWN,True,False,129.14
INC-002195,2026-02-16,CRM_CLIENTS,FORMAT_CHECK,CHECK_675,MEDIUM,CLOSED,318,2739,19:14,4.72,DATA_DRIFT,False,False,11.61
INC-002196,2026-02-08,SCORING_ENGINE,FORMAT_CHECK,CHECK_311,LOW,CLOSED,1510,18217,03:35,6.97,SCHEMA_CHANGE,True,False,8.29
INC-002197,2025-09-27,PAYMENT_SYSTEM,RANGE_CHECK,CHECK_770,CRITICAL,CLOSED,580,4046,07:31,3.85,UNKNOWN,True,True,14.34
INC-002198,2026-01-27,INTERNET_BANK,REFERENTIAL_INTEGRITY,CHECK_787,LOW,RESOLVED,159,35643,08:21,6.61,CONFIGURATION_ERROR,False,False,0.45
INC-002199,2026-03-08,CREDIT_BUREAU,SCHEMA_VALIDATION,CHECK_567,LOW,OPEN,50,25498,11:49,,SOURCE_SYSTEM_ERROR,False,False,0.2
INC-002200,2026-03-13,FRAUD_DETECTION,NULL_CHECK,CHECK_449,HIGH,CLOSED,34,220973,01:49,1.41,API_INTEGRATION_ISSUE,False,False,0.02
INC-002201,2025-11-25,FRAUD_DETECTION,FRESHNESS_CHECK,CHECK_472,CRITICAL,OPEN,705,8853,17:17,,SCHEMA_CHANGE,False,False,7.96
INC-002202,2025-10-05,CREDIT_BUREAU,ACCURACY_CHECK,CHECK_945,MEDIUM,CLOSED,635,42789,04:54,13.82,SCHEMA_CHANGE,False,False,1.48
INC-002203,2025-09-12,MOBILE_APP,COMPLETENESS_CHECK,CHECK_155,MEDIUM,CLOSED,453,31903,22:55,18.15,SOURCE_SYSTEM_ERROR,False,False,1.42
INC-002204,2025-11-30,MOBILE_APP,REFERENTIAL_INTEGRITY,CHECK_936,HIGH,CLOSED,117,116432,16:38,9.62,MANUAL_DATA_ENTRY,False,False,0.1
INC-002205,2026-01-18,CRM_CLIENTS,RANGE_CHECK,CHECK_328,MEDIUM,REOPENED,339,2296,21:06,2.41,BUSINESS_LOGIC_ERROR,False,True,14.76
INC-002206,2025-11-26,CRM_CLIENTS,FRESHNESS_CHECK,CHECK_964,MEDIUM,RESOLVED,63,3657,22:03,6.76,API_INTEGRATION_ISSUE,False,False,1.72
INC-002207,2026-02-12,PAYMENT_SYSTEM,REFERENTIAL_INTEGRITY,CHECK_565,MEDIUM,CLOSED,38,6919,14:51,17.03,DATABASE_CORRUPTION,False,False,0.55
INC-002208,2025-10-15,LOAN_REGISTRY,FRESHNESS_CHECK,CHECK_439,MEDIUM,CLOSED,85,2518,14:53,13.89,UNKNOWN,False,False,3.38
INC-002209,2026-02-23,SCORING_ENGINE,NULL_CHECK,CHECK_673,MEDIUM,REOPENED,93,74956,03:06,1.4,SCHEMA_CHANGE,False,True,0.12
INC-002210,2025-12-28,CRM_CLIENTS,NULL_CHECK,CHECK_885,LOW,CLOSED,2774,76403,19:39,41.74,BUSINESS_LOGIC_ERROR,False,False,3.63
INC-002211,2026-02-26,FRAUD_DETECTION,SCHEMA_VALIDATION,CHECK_734,LOW,IN_PROGRESS,9,195658,03:52,,NETWORK_TIMEOUT,False,False,0.0
INC-002212,2026-01-01,PAYMENT_SYSTEM,FORMAT_CHECK,CHECK_714,LOW,REOPENED,138,16457,17:02,2.99,NETWORK_TIMEOUT,False,True,0.84
INC-002213,2026-02-09,SCORING_ENGINE,DUPLICATE_CHECK,CHECK_584,MEDIUM,CLOSED,525,8736,16:06,7.39,DATABASE_CORRUPTION,True,False,6.01
INC-002214,2025-10-17,PAYMENT_SYSTEM,DUPLICATE_CHECK,CHECK_833,MEDIUM,OPEN,7872,3313,05:40,,ETL_PIPELINE_FAILURE,True,False,237.61
INC-002215,2025-10-05,SCORING_ENGINE,FRESHNESS_CHECK,CHECK_772,MEDIUM,CLOSED,44,298678,03:55,49.61,API_INTEGRATION_ISSUE,False,False,0.01
INC-002216,2025-09-17,SCORING_ENGINE,SCHEMA_VALIDATION,CHECK_472,HIGH,CLOSED,15,14122,06:58,0.95,NETWORK_TIMEOUT,False,False,0.11
INC-002217,2026-03-03,CREDIT_BUREAU,DUPLICATE_CHECK,CHECK_833,HIGH,CLOSED,630,5158,11:10,4.39,DATA_DRIFT,False,False,12.21
INC-002218,2025-12-27,CRM_CLIENTS,RANGE_CHECK,CHECK_563,LOW,RESOLVED,206,98799,23:18,5.79,DATABASE_CORRUPTION,False,False,0.21
INC-002219,2025-09-10,INTERNET_BANK,DUPLICATE_CHECK,CHECK_216,MEDIUM,CLOSED,95,11176,22:28,8.16,SOURCE_SYSTEM_ERROR,False,False,0.85
INC-002220,2025-11-15,PAYMENT_SYSTEM,CONSISTENCY_CHECK,CHECK_199,MEDIUM,CLOSED,356,2607,16:31,0.2,SOURCE_SYSTEM_ERROR,False,False,13.66
INC-002221,2025-10-22,INTERNET_BANK,COMPLETENESS_CHECK,CHECK_877,LOW,RESOLVED,831,3886,23:55,1.03,CONFIGURATION_ERROR,True,False,21.38
INC-002222,2025-09-12,PAYMENT_SYSTEM,SCHEMA_VALIDATION,CHECK_774,HIGH,IN_PROGRESS,648,26398,03:09,,DATA_DRIFT,False,False,2.45
INC-002223,2025-10-22,CREDIT_BUREAU,RANGE_CHECK,CHECK_327,HIGH,RESOLVED,271,2579,20:23,9.69,API_INTEGRATION_ISSUE,True,True,10.51
INC-002224,2025-09-11,FRAUD_DETECTION,REFERENTIAL_INTEGRITY,CHECK_102,HIGH,CLOSED,2066,18561,10:52,17.52,NETWORK_TIMEOUT,False,False,11.13
INC-002225,2025-11-20,INTERNET_BANK,RANGE_CHECK,CHECK_449,MEDIUM,CLOSED,220,3906,04:07,13.92,ETL_PIPELINE_FAILURE,False,False,5.63
INC-002226,2025-11-19,FRAUD_DETECTION,FORMAT_CHECK,CHECK_463,LOW,RESOLVED,161,3320,06:28,10.04,API_INTEGRATION_ISSUE,False,False,4.85
INC-002227,2026-01-10,MOBILE_APP,REFERENTIAL_INTEGRITY,CHECK_949,MEDIUM,RESOLVED,618,8300,13:49,6.07,MANUAL_DATA_ENTRY,False,False,7.45
INC-002228,2025-12-11,CRM_CLIENTS,ACCURACY_CHECK,CHECK_748,MEDIUM,OPEN,11,30289,00:15,,API_INTEGRATION_ISSUE,False,False,0.04
INC-002229,2026-01-18,CRM_CLIENTS,COMPLETENESS_CHECK,CHECK_919,LOW,CLOSED,508,41730,15:21,7.39,SOURCE_SYSTEM_ERROR,False,False,1.22
INC-002230,2025-12-31,LOAN_REGISTRY,COMPLETENESS_CHECK,CHECK_398,LOW,OPEN,80,139895,09:32,,CONFIGURATION_ERROR,False,False,0.06
INC-002231,2025-11-04,CREDIT_BUREAU,COMPLETENESS_CHECK,CHECK_660,LOW,OPEN,10,4600,05:05,,NETWORK_TIMEOUT,False,False,0.22
INC-002232,2025-09-10,FRAUD_DETECTION,COMPLETENESS_CHECK,CHECK_634,LOW,OPEN,347,356118,08:23,,DATABASE_CORRUPTION,False,False,0.1
INC-002233,2026-03-12,SCORING_ENGINE,FRESHNESS_CHECK,CHECK_482,MEDIUM,CLOSED,59,5085494,22:48,6.1,NETWORK_TIMEOUT,False,False,0.0
INC-002234,2026-02-13,PAYMENT_SYSTEM,COMPLETENESS_CHECK,CHECK_818,HIGH,RESOLVED,5,9510,13:23,0.34,BUSINESS_LOGIC_ERROR,False,False,0.05
INC-002235,2025-10-19,CRM_CLIENTS,COMPLETENESS_CHECK,CHECK_208,HIGH,RESOLVED,25,642,20:42,1.19,SOURCE_SYSTEM_ERROR,False,True,3.89
INC-002236,2025-11-13,INTERNET_BANK,COMPLETENESS_CHECK,CHECK_146,HIGH,CLOSED,4355,676,07:09,22.42,CONFIGURATION_ERROR,True,False,644.23
INC-002237,2025-12-01,PAYMENT_SYSTEM,SCHEMA_VALIDATION,CHECK_268,LOW,IN_PROGRESS,48,8154,16:26,,BUSINESS_LOGIC_ERROR,False,True,0.59
INC-002238,2025-09-13,PAYMENT_SYSTEM,FRESHNESS_CHECK,CHECK_604,LOW,RESOLVED,283,5495,07:08,10.76,UNKNOWN,False,False,5.15
INC-002239,2026-02-15,LOAN_REGISTRY,NULL_CHECK,CHECK_243,MEDIUM,CLOSED,16,22254,13:26,2.44,UNKNOWN,True,False,0.07
INC-002240,2025-11-24,FRAUD_DETECTION,RANGE_CHECK,CHECK_941,HIGH,RESOLVED,9915,60874,13:57,3.12,DATA_DRIFT,False,False,16.29
INC-002241,2025-11-09,CRM_CLIENTS,RANGE_CHECK,CHECK_834,MEDIUM,CLOSED,170,1682,14:54,3.83,ETL_PIPELINE_FAILURE,False,False,10.11
INC-002242,2025-10-02,PAYMENT_SYSTEM,REFERENTIAL_INTEGRITY,CHECK_860,LOW,OPEN,37,15630,16:50,,API_INTEGRATION_ISSUE,False,False,0.24
INC-002243,2025-12-04,CRM_CLIENTS,SCHEMA_VALIDATION,CHECK_838,MEDIUM,CLOSED,871,8006,21:23,2.34,UNKNOWN,True,True,10.88
INC-002244,2025-12-21,SCORING_ENGINE,CONSISTENCY_CHECK,CHECK_519,LOW,RESOLVED,8958,1291224,00:28,12.62,MANUAL_DATA_ENTRY,False,False,0.69
INC-002245,2025-12-12,LOAN_REGISTRY,RANGE_CHECK,CHECK_209,LOW,CLOSED,65,1389,04:49,8.29,SCHEMA_CHANGE,False,False,4.68
INC-002246,2026-03-10,SCORING_ENGINE,DUPLICATE_CHECK,CHECK_360,LOW,RESOLVED,36,4828,00:45,19.15,SCHEMA_CHANGE,False,True,0.75
INC-002247,2025-12-22,CRM_CLIENTS,CONSISTENCY_CHECK,CHECK_725,LOW,RESOLVED,14622,23554,16:04,0.76,DATABASE_CORRUPTION,False,False,62.08
INC-002248,2025-12-08,MOBILE_APP,COMPLETENESS_CHECK,CHECK_300,LOW,CLOSED,116,4894,02:21,26.37,CONFIGURATION_ERROR,False,True,2.37
INC-002249,2025-11-26,INTERNET_BANK,COMPLETENESS_CHECK,CHECK_292,MEDIUM,REOPENED,92,212400,10:25,67.52,DATA_DRIFT,True,False,0.04
INC-002250,2025-10-18,CRM_CLIENTS,FRESHNESS_CHECK,CHECK_223,HIGH,OPEN,2,2864,05:27,,SOURCE_SYSTEM_ERROR,False,False,0.07
INC-002251,2026-01-06,FRAUD_DETECTION,CONSISTENCY_CHECK,CHECK_972,MEDIUM,CLOSED,138,3527,01:25,41.17,MANUAL_DATA_ENTRY,False,False,3.91
INC-002252,2026-02-25,PAYMENT_SYSTEM,DUPLICATE_CHECK,CHECK_502,HIGH,RESOLVED,9,252381,01:42,3.23,DATABASE_CORRUPTION,False,False,0.0
INC-002253,2026-01-06,PAYMENT_SYSTEM,FRESHNESS_CHECK,CHECK_320,LOW,CLOSED,48,2034,20:09,14.15,DATA_DRIFT,False,False,2.36
INC-002254,2025-12-04,SCORING_ENGINE,REFERENTIAL_INTEGRITY,CHECK_568,MEDIUM,RESOLVED,2,116912,18:03,4.15,ETL_PIPELINE_FAILURE,False,False,0.0
INC-002255,2026-01-11,INTERNET_BANK,CONSISTENCY_CHECK,CHECK_944,LOW,CLOSED,1755,8909,20:45,8.85,SOURCE_SYSTEM_ERROR,False,False,19.7
INC-002256,2025-11-08,LOAN_REGISTRY,SCHEMA_VALIDATION,CHECK_900,MEDIUM,RESOLVED,7,6395,21:56,8.57,SCHEMA_CHANGE,True,False,0.11
INC-002257,2025-09-22,MOBILE_APP,COMPLETENESS_CHECK,CHECK_295,MEDIUM,RESOLVED,3,7976,16:18,5.38,UNKNOWN,False,False,0.04
INC-002258,2026-03-06,CREDIT_BUREAU,COMPLETENESS_CHECK,CHECK_833,LOW,OPEN,24,2342,13:25,,ETL_PIPELINE_FAILURE,False,False,1.02
INC-002259,2025-12-18,INTERNET_BANK,FORMAT_CHECK,CHECK_446,MEDIUM,IN_PROGRESS,1798,135148,21:44,,DATABASE_CORRUPTION,False,True,1.33
INC-002260,2025-09-21,PAYMENT_SYSTEM,FRESHNESS_CHECK,CHECK_210,MEDIUM,CLOSED,60,28915,17:55,8.52,UNKNOWN,False,False,0.21
INC-002261,2025-12-20,FRAUD_DETECTION,NULL_CHECK,CHECK_875,HIGH,REOPENED,79,130865,09:46,48.78,CONFIGURATION_ERROR,False,False,0.06
INC-002262,2026-02-02,INTERNET_BANK,NULL_CHECK,CHECK_524,LOW,CLOSED,386,231583,23:20,33.76,BUSINESS_LOGIC_ERROR,False,False,0.17
INC-002263,2025-10-17,SCORING_ENGINE,FRESHNESS_CHECK,CHECK_147,MEDIUM,RESOLVED,109,64994,11:00,37.33,CONFIGURATION_ERROR,True,False,0.17
INC-002264,2026-01-18,SCORING_ENGINE,SCHEMA_VALIDATION,CHECK_748,MEDIUM,RESOLVED,1765,1205,08:57,25.58,SOURCE_SYSTEM_ERROR,True,False,146.47
INC-002265,2025-11-15,CREDIT_BUREAU,ACCURACY_CHECK,CHECK_957,MEDIUM,CLOSED,91,3169,16:39,3.53,ETL_PIPELINE_FAILURE,False,True,2.87
INC-002266,2025-11-22,FRAUD_DETECTION,FRESHNESS_CHECK,CHECK_788,LOW,REOPENED,94,120792,04:44,5.17,API_INTEGRATION_ISSUE,False,False,0.08
INC-002267,2025-09-27,LOAN_REGISTRY,SCHEMA_VALIDATION,CHECK_702,LOW,RESOLVED,13744,24612,12:28,3.15,CONFIGURATION_ERROR,False,False,55.84
INC-002268,2025-09-21,INTERNET_BANK,REFERENTIAL_INTEGRITY,CHECK_226,MEDIUM,CLOSED,165,80882,20:13,51.38,NETWORK_TIMEOUT,False,True,0.2
INC-002269,2025-11-23,FRAUD_DETECTION,COMPLETENESS_CHECK,CHECK_890,MEDIUM,REOPENED,235,18437,17:39,1.99,ETL_PIPELINE_FAILURE,False,False,1.27
INC-002270,2026-02-17,LOAN_REGISTRY,DUPLICATE_CHECK,CHECK_561,LOW,CLOSED,97,9326,19:41,5.48,DATABASE_CORRUPTION,False,False,1.04
INC-002271,2025-11-15,FRAUD_DETECTION,ACCURACY_CHECK,CHECK_568,MEDIUM,IN_PROGRESS,1,81089,14:44,,CONFIGURATION_ERROR,False,False,0.0
INC-002272,2025-11-18,FRAUD_DETECTION,CONSISTENCY_CHECK,CHECK_774,MEDIUM,OPEN,850,695,11:56,,BUSINESS_LOGIC_ERROR,True,False,122.3
INC-002273,2025-12-24,CRM_CLIENTS,ACCURACY_CHECK,CHECK_703,MEDIUM,RESOLVED,4109,11620,20:25,3.41,DATABASE_CORRUPTION,False,False,35.36
INC-002274,2026-02-02,SCORING_ENGINE,DUPLICATE_CHECK,CHECK_616,LOW,RESOLVED,1828,25158,06:56,12.25,BUSINESS_LOGIC_ERROR,False,True,7.27
INC-002275,2026-03-03,INTERNET_BANK,FORMAT_CHECK,CHECK_237,MEDIUM,IN_PROGRESS,48,33435,09:05,,API_INTEGRATION_ISSUE,False,False,0.14
INC-002276,2025-12-19,FRAUD_DETECTION,COMPLETENESS_CHECK,CHECK_610,MEDIUM,RESOLVED,104,1654,01:34,10.2,UNKNOWN,False,False,6.29
INC-002277,2025-10-13,INTERNET_BANK,NULL_CHECK,CHECK_104,LOW,CLOSED,298,1796,10:24,20.53,NETWORK_TIMEOUT,True,False,16.59
INC-002278,2026-02-24,CREDIT_BUREAU,SCHEMA_VALIDATION,CHECK_643,LOW,RESOLVED,278,10033,23:46,17.46,API_INTEGRATION_ISSUE,False,False,2.77
INC-002279,2025-12-23,FRAUD_DETECTION,FRESHNESS_CHECK,CHECK_853,HIGH,RESOLVED,579,19428,23:56,1.97,NETWORK_TIMEOUT,True,False,2.98
INC-002280,2025-11-29,PAYMENT_SYSTEM,FRESHNESS_CHECK,CHECK_149,MEDIUM,CLOSED,222,493914,04:33,29.54,DATA_DRIFT,False,False,0.04
INC-002281,2025-12-24,SCORING_ENGINE,NULL_CHECK,CHECK_666,LOW,CLOSED,72,3804,17:18,17.64,SCHEMA_CHANGE,False,False,1.89
INC-002282,2025-09-11,PAYMENT_SYSTEM,ACCURACY_CHECK,CHECK_543,LOW,CLOSED,195,8215,06:05,0.06,BUSINESS_LOGIC_ERROR,False,False,2.37
INC-002283,2026-03-06,INTERNET_BANK,COMPLETENESS_CHECK,CHECK_958,LOW,IN_PROGRESS,1093,531257,16:35,,DATA_DRIFT,False,False,0.21
INC-002284,2025-11-30,INTERNET_BANK,RANGE_CHECK,CHECK_699,MEDIUM,CLOSED,50643,185011,09:33,16.05,ETL_PIPELINE_FAILURE,False,False,27.37
INC-002285,2026-02-05,SCORING_ENGINE,SCHEMA_VALIDATION,CHECK_594,MEDIUM,CLOSED,54,2373,10:48,8.24,UNKNOWN,False,True,2.28
INC-002286,2025-12-21,INTERNET_BANK,REFERENTIAL_INTEGRITY,CHECK_620,LOW,OPEN,233,85041,20:10,,NETWORK_TIMEOUT,False,True,0.27
INC-002287,2025-11-10,PAYMENT_SYSTEM,DUPLICATE_CHECK,CHECK_899,LOW,CLOSED,71,116402,00:01,10.41,API_INTEGRATION_ISSUE,False,False,0.06
INC-002288,2026-02-11,FRAUD_DETECTION,ACCURACY_CHECK,CHECK_281,MEDIUM,RESOLVED,274,32581,17:37,17.42,DATA_DRIFT,False,False,0.84
INC-002289,2025-09-15,FRAUD_DETECTION,CONSISTENCY_CHECK,CHECK_808,MEDIUM,RESOLVED,1044,2108,08:15,3.79,API_INTEGRATION_ISSUE,False,False,49.53
INC-002290,2025-09-20,CRM_CLIENTS,FORMAT_CHECK,CHECK_692,LOW,RESOLVED,97,6694,09:46,13.2,NETWORK_TIMEOUT,True,False,1.45
INC-002291,2026-02-19,CREDIT_BUREAU,FRESHNESS_CHECK,CHECK_277,MEDIUM,RESOLVED,2,6273,13:32,5.24,API_INTEGRATION_ISSUE,False,False,0.03
INC-002292,2026-02-11,INTERNET_BANK,ACCURACY_CHECK,CHECK_848,MEDIUM,RESOLVED,1161,63437,03:46,10.24,SOURCE_SYSTEM_ERROR,False,False,1.83
INC-002293,2025-12-13,PAYMENT_SYSTEM,FORMAT_CHECK,CHECK_934,HIGH,CLOSED,192,9331,01:53,5.83,SOURCE_SYSTEM_ERROR,False,False,2.06
INC-002294,2025-12-03,INTERNET_BANK,DUPLICATE_CHECK,CHECK_231,MEDIUM,IN_PROGRESS,74,12970,11:16,,BUSINESS_LOGIC_ERROR,False,False,0.57
INC-002295,2026-01-10,INTERNET_BANK,FRESHNESS_CHECK,CHECK_206,MEDIUM,REOPENED,47,6607,20:32,23.25,API_INTEGRATION_ISSUE,False,False,0.71
INC-002296,2026-03-11,LOAN_REGISTRY,FRESHNESS_CHECK,CHECK_496,LOW,CLOSED,276,975,11:07,16.82,ETL_PIPELINE_FAILURE,False,False,28.31
INC-002297,2026-02-21,CRM_CLIENTS,RANGE_CHECK,CHECK_773,MEDIUM,IN_PROGRESS,36,3953820,01:48,,UNKNOWN,False,False,0.0
INC-002298,2025-10-11,PAYMENT_SYSTEM,ACCURACY_CHECK,CHECK_714,MEDIUM,IN_PROGRESS,46,49295,20:07,,SOURCE_SYSTEM_ERROR,True,False,0.09
INC-002299,2025-09-08,PAYMENT_SYSTEM,COMPLETENESS_CHECK,CHECK_720,MEDIUM,CLOSED,12,418330,14:19,14.12,UNKNOWN,False,False,0.0
INC-002300,2025-10-07,INTERNET_BANK,NULL_CHECK,CHECK_429,MEDIUM,CLOSED,37,2365,18:47,20.0,ETL_PIPELINE_FAILURE,False,False,1.56
INC-002301,2026-02-03,CRM_CLIENTS,NULL_CHECK,CHECK_616,HIGH,OPEN,524,459286,00:29,,DATABASE_CORRUPTION,False,False,0.11
INC-002302,2026-02-21,FRAUD_DETECTION,REFERENTIAL_INTEGRITY,CHECK_493,MEDIUM,IN_PROGRESS,9,9967,10:15,,MANUAL_DATA_ENTRY,False,False,0.09
INC-002303,2025-12-22,PAYMENT_SYSTEM,CONSISTENCY_CHECK,CHECK_528,LOW,CLOSED,1486,63611,23:37,37.05,NETWORK_TIMEOUT,False,True,2.34
INC-002304,2025-09-09,FRAUD_DETECTION,FORMAT_CHECK,CHECK_723,CRITICAL,OPEN,14,160091,18:45,,NETWORK_TIMEOUT,False,False,0.01
INC-002305,2025-10-03,CRM_CLIENTS,ACCURACY_CHECK,CHECK_809,CRITICAL,CLOSED,200,452203,20:42,1.47,ETL_PIPELINE_FAILURE,False,False,0.04
INC-002306,2025-09-18,FRAUD_DETECTION,SCHEMA_VALIDATION,CHECK_880,HIGH,CLOSED,391,20075,17:54,9.8,SCHEMA_CHANGE,False,False,1.95
INC-002307,2025-10-31,SCORING_ENGINE,CONSISTENCY_CHECK,CHECK_354,MEDIUM,RESOLVED,772,2955,19:14,6.32,ETL_PIPELINE_FAILURE,False,False,26.13
INC-002308,2026-02-13,LOAN_REGISTRY,RANGE_CHECK,CHECK_380,LOW,RESOLVED,772,21385,11:19,19.01,NETWORK_TIMEOUT,True,False,3.61
INC-002309,2025-12-03,MOBILE_APP,FRESHNESS_CHECK,CHECK_507,CRITICAL,OPEN,125,71832,09:42,,MANUAL_DATA_ENTRY,False,True,0.17
INC-002310,2025-12-02,PAYMENT_SYSTEM,COMPLETENESS_CHECK,CHECK_451,LOW,CLOSED,105,7541,22:36,6.35,SOURCE_SYSTEM_ERROR,False,False,1.39
INC-002311,2025-12-08,CREDIT_BUREAU,ACCURACY_CHECK,CHECK_401,HIGH,IN_PROGRESS,489,9450,21:08,,ETL_PIPELINE_FAILURE,False,True,5.17
INC-002312,2026-01-24,LOAN_REGISTRY,CONSISTENCY_CHECK,CHECK_563,LOW,RESOLVED,258,995,22:24,1.83,API_INTEGRATION_ISSUE,False,False,25.93
INC-002313,2025-09-09,MOBILE_APP,CONSISTENCY_CHECK,CHECK_924,MEDIUM,CLOSED,74,3114,16:47,5.71,SCHEMA_CHANGE,False,True,2.38
INC-002314,2026-02-02,FRAUD_DETECTION,COMPLETENESS_CHECK,CHECK_236,LOW,IN_PROGRESS,311,53562,07:06,,NETWORK_TIMEOUT,True,False,0.58
INC-002315,2025-10-10,PAYMENT_SYSTEM,REFERENTIAL_INTEGRITY,CHECK_241,MEDIUM,RESOLVED,106,128525,10:33,5.39,ETL_PIPELINE_FAILURE,False,False,0.08
INC-002316,2026-02-21,FRAUD_DETECTION,FORMAT_CHECK,CHECK_522,MEDIUM,CLOSED,44,199488,18:12,10.41,ETL_PIPELINE_FAILURE,False,False,0.02
INC-002317,2025-12-25,SCORING_ENGINE,FORMAT_CHECK,CHECK_716,LOW,RESOLVED,69,2088401,11:29,10.78,API_INTEGRATION_ISSUE,False,False,0.0
INC-002318,2025-12-04,CRM_CLIENTS,CONSISTENCY_CHECK,CHECK_816,LOW,CLOSED,392,432062,03:09,10.61,DATABASE_CORRUPTION,False,False,0.09
INC-002319,2025-12-05,PAYMENT_SYSTEM,DUPLICATE_CHECK,CHECK_866,MEDIUM,CLOSED,23,16251,22:27,9.05,SOURCE_SYSTEM_ERROR,False,False,0.14
INC-002320,2025-12-23,MOBILE_APP,CONSISTENCY_CHECK,CHECK_624,HIGH,RESOLVED,1356,3390,13:05,1.49,MANUAL_DATA_ENTRY,False,True,40.0
INC-002321,2025-09-20,MOBILE_APP,CONSISTENCY_CHECK,CHECK_406,HIGH,RESOLVED,48,13196,02:03,2.96,SOURCE_SYSTEM_ERROR,False,False,0.36
INC-002322,2026-01-25,SCORING_ENGINE,COMPLETENESS_CHECK,CHECK_963,LOW,RESOLVED,1,7314,13:56,19.32,UNKNOWN,False,False,0.01
INC-002323,2025-10-06,SCORING_ENGINE,FRESHNESS_CHECK,CHECK_818,MEDIUM,CLOSED,448,30692,04:30,8.37,API_INTEGRATION_ISSUE,False,False,1.46
INC-002324,2026-01-14,INTERNET_BANK,COMPLETENESS_CHECK,CHECK_660,MEDIUM,RESOLVED,0,130860,06:28,14.69,NETWORK_TIMEOUT,False,True,0.0
INC-002325,2025-12-03,PAYMENT_SYSTEM,ACCURACY_CHECK,CHECK_981,LOW,REOPENED,19,57499,02:23,10.13,API_INTEGRATION_ISSUE,False,False,0.03
INC-002326,2025-12-11,FRAUD_DETECTION,CONSISTENCY_CHECK,CHECK_421,LOW,CLOSED,18862,514994,21:33,0.47,BUSINESS_LOGIC_ERROR,False,True,3.66
INC-002327,2025-11-20,CREDIT_BUREAU,FORMAT_CHECK,CHECK_828,LOW,RESOLVED,1236,48584,12:37,19.09,DATA_DRIFT,False,False,2.54
INC-002328,2026-02-14,MOBILE_APP,SCHEMA_VALIDATION,CHECK_854,LOW,CLOSED,1048,1717,17:33,0.8,DATABASE_CORRUPTION,False,False,61.04
INC-002329,2025-11-11,MOBILE_APP,FORMAT_CHECK,CHECK_666,LOW,RESOLVED,15,7044,12:55,34.41,DATA_DRIFT,False,False,0.21
INC-002330,2025-11-03,SCORING_ENGINE,NULL_CHECK,CHECK_747,MEDIUM,CLOSED,102,49273,08:37,2.91,UNKNOWN,False,False,0.21
INC-002331,2025-09-30,LOAN_REGISTRY,REFERENTIAL_INTEGRITY,CHECK_322,MEDIUM,CLOSED,1777,34798,15:40,8.62,NETWORK_TIMEOUT,False,False,5.11
INC-002332,2025-09-07,SCORING_ENGINE,RANGE_CHECK,CHECK_305,LOW,OPEN,533,301493,13:28,,MANUAL_DATA_ENTRY,False,False,0.18
INC-002333,2026-03-08,CREDIT_BUREAU,ACCURACY_CHECK,CHECK_314,MEDIUM,IN_PROGRESS,1439,22338,22:59,,SOURCE_SYSTEM_ERROR,False,False,6.44
INC-002334,2025-10-18,FRAUD_DETECTION,ACCURACY_CHECK,CHECK_739,LOW,CLOSED,5234,15478,15:46,46.91,UNKNOWN,False,False,33.82
INC-002335,2026-01-06,FRAUD_DETECTION,REFERENTIAL_INTEGRITY,CHECK_831,HIGH,CLOSED,555,945,13:52,1.9,SCHEMA_CHANGE,False,False,58.73
INC-002336,2026-01-11,LOAN_REGISTRY,SCHEMA_VALIDATION,CHECK_397,HIGH,REOPENED,12,4387,05:09,4.21,UNKNOWN,False,False,0.27
INC-002337,2025-12-09,MOBILE_APP,RANGE_CHECK,CHECK_803,LOW,OPEN,491,40845,16:08,,BUSINESS_LOGIC_ERROR,False,False,1.2
INC-002338,2026-01-22,SCORING_ENGINE,FRESHNESS_CHECK,CHECK_453,LOW,RESOLVED,92,33500,15:45,18.56,DATABASE_CORRUPTION,False,False,0.27
INC-002339,2025-10-01,INTERNET_BANK,CONSISTENCY_CHECK,CHECK_788,MEDIUM,IN_PROGRESS,11,72386,14:08,,DATA_DRIFT,True,False,0.02
INC-002340,2025-11-07,FRAUD_DETECTION,RANGE_CHECK,CHECK_235,LOW,CLOSED,888,54239,22:32,10.67,ETL_PIPELINE_FAILURE,True,False,1.64
INC-002341,2025-11-06,CREDIT_BUREAU,SCHEMA_VALIDATION,CHECK_827,LOW,RESOLVED,1642,17557,16:07,0.48,UNKNOWN,False,False,9.35
INC-002342,2026-02-28,PAYMENT_SYSTEM,DUPLICATE_CHECK,CHECK_765,MEDIUM,IN_PROGRESS,123,2970,22:13,,BUSINESS_LOGIC_ERROR,False,False,4.14
INC-002343,2025-12-24,CRM_CLIENTS,NULL_CHECK,CHECK_282,HIGH,CLOSED,281,22051,14:30,9.05,SOURCE_SYSTEM_ERROR,False,False,1.27
INC-002344,2025-10-25,CRM_CLIENTS,RANGE_CHECK,CHECK_615,LOW,RESOLVED,2,20161,01:47,15.49,BUSINESS_LOGIC_ERROR,False,False,0.01
INC-002345,2026-02-04,CRM_CLIENTS,RANGE_CHECK,CHECK_655,LOW,RESOLVED,1404,342368,05:35,18.7,NETWORK_TIMEOUT,False,False,0.41
INC-002346,2025-11-13,INTERNET_BANK,NULL_CHECK,CHECK_810,HIGH,RESOLVED,725,313756,11:58,1.12,ETL_PIPELINE_FAILURE,False,False,0.23
INC-002347,2026-02-25,MOBILE_APP,CONSISTENCY_CHECK,CHECK_752,LOW,CLOSED,244,8454,03:38,10.36,UNKNOWN,False,False,2.89
INC-002348,2026-01-04,SCORING_ENGINE,RANGE_CHECK,CHECK_430,LOW,IN_PROGRESS,12,6349,13:07,,MANUAL_DATA_ENTRY,False,False,0.19
INC-002349,2025-10-22,LOAN_REGISTRY,NULL_CHECK,CHECK_827,MEDIUM,RESOLVED,5,1469,03:23,8.73,ETL_PIPELINE_FAILURE,False,False,0.34
INC-002350,2025-10-02,INTERNET_BANK,NULL_CHECK,CHECK_218,LOW,RESOLVED,8545,15838,18:18,2.42,MANUAL_DATA_ENTRY,False,False,53.95
INC-002351,2025-10-05,INTERNET_BANK,NULL_CHECK,CHECK_879,MEDIUM,CLOSED,20,8532,01:33,19.05,NETWORK_TIMEOUT,False,False,0.23
INC-002352,2025-09-19,FRAUD_DETECTION,COMPLETENESS_CHECK,CHECK_460,MEDIUM,CLOSED,194,4051724,04:07,71.7,MANUAL_DATA_ENTRY,True,False,0.0
INC-002353,2025-12-25,PAYMENT_SYSTEM,SCHEMA_VALIDATION,CHECK_675,LOW,RESOLVED,21,2366,11:19,41.79,ETL_PIPELINE_FAILURE,False,True,0.89
INC-002354,2025-10-15,INTERNET_BANK,COMPLETENESS_CHECK,CHECK_591,LOW,RESOLVED,1,24764,11:19,18.04,UNKNOWN,False,False,0.0
INC-002355,2026-03-02,CREDIT_BUREAU,DUPLICATE_CHECK,CHECK_696,LOW,CLOSED,363,6089,09:31,6.5,MANUAL_DATA_ENTRY,False,False,5.96
INC-002356,2025-12-23,PAYMENT_SYSTEM,FRESHNESS_CHECK,CHECK_684,MEDIUM,REOPENED,496,23138,00:50,4.94,CONFIGURATION_ERROR,False,False,2.14
INC-002357,2025-09-23,CREDIT_BUREAU,COMPLETENESS_CHECK,CHECK_783,HIGH,CLOSED,5,11307,04:09,0.85,API_INTEGRATION_ISSUE,False,False,0.04
INC-002358,2026-02-22,MOBILE_APP,COMPLETENESS_CHECK,CHECK_827,HIGH,REOPENED,1361,111635,18:26,6.46,MANUAL_DATA_ENTRY,False,False,1.22
INC-002359,2025-11-21,SCORING_ENGINE,SCHEMA_VALIDATION,CHECK_527,MEDIUM,CLOSED,51,53137,01:59,2.04,ETL_PIPELINE_FAILURE,False,False,0.1
INC-002360,2026-02-18,CRM_CLIENTS,FRESHNESS_CHECK,CHECK_790,CRITICAL,CLOSED,17,104415,09:56,3.52,API_INTEGRATION_ISSUE,False,True,0.02
INC-002361,2025-11-28,INTERNET_BANK,REFERENTIAL_INTEGRITY,CHECK_865,MEDIUM,RESOLVED,14,4895,09:13,26.69,API_INTEGRATION_ISSUE,False,False,0.29
INC-002362,2026-03-01,SCORING_ENGINE,NULL_CHECK,CHECK_961,MEDIUM,RESOLVED,847,190728,05:52,41.5,ETL_PIPELINE_FAILURE,False,False,0.44
INC-002363,2025-09-17,MOBILE_APP,ACCURACY_CHECK,CHECK_646,LOW,IN_PROGRESS,3,8405,23:31,,SCHEMA_CHANGE,False,False,0.04
INC-002364,2026-01-19,LOAN_REGISTRY,FRESHNESS_CHECK,CHECK_392,MEDIUM,CLOSED,12,1322,00:07,2.58,NETWORK_TIMEOUT,False,False,0.91
INC-002365,2026-01-17,LOAN_REGISTRY,DUPLICATE_CHECK,CHECK_998,MEDIUM,CLOSED,351,15309,17:22,27.74,SOURCE_SYSTEM_ERROR,False,False,2.29
INC-002366,2025-11-14,MOBILE_APP,CONSISTENCY_CHECK,CHECK_967,MEDIUM,CLOSED,269,27632,02:55,1.83,SOURCE_SYSTEM_ERROR,False,False,0.97
INC-002367,2025-11-16,CREDIT_BUREAU,DUPLICATE_CHECK,CHECK_532,CRITICAL,RESOLVED,19,1808,01:26,8.5,UNKNOWN,False,False,1.05
INC-002368,2025-10-11,FRAUD_DETECTION,NULL_CHECK,CHECK_927,HIGH,IN_PROGRESS,1944,126398,15:36,,UNKNOWN,True,False,1.54
INC-002369,2026-03-02,FRAUD_DETECTION,FRESHNESS_CHECK,CHECK_113,MEDIUM,RESOLVED,16,4348,09:36,7.45,API_INTEGRATION_ISSUE,True,False,0.37
INC-002370,2026-03-01,CREDIT_BUREAU,DUPLICATE_CHECK,CHECK_635,LOW,RESOLVED,97,3992,14:57,36.4,NETWORK_TIMEOUT,True,False,2.43
INC-002371,2026-02-27,LOAN_REGISTRY,DUPLICATE_CHECK,CHECK_209,HIGH,CLOSED,75,22024,10:50,4.86,MANUAL_DATA_ENTRY,True,False,0.34
INC-002372,2026-02-11,LOAN_REGISTRY,REFERENTIAL_INTEGRITY,CHECK_125,LOW,CLOSED,75,122345,12:30,8.99,CONFIGURATION_ERROR,False,False,0.06
INC-002373,2025-10-15,INTERNET_BANK,REFERENTIAL_INTEGRITY,CHECK_490,LOW,OPEN,100,1935,23:53,,DATABASE_CORRUPTION,False,False,5.17
INC-002374,2025-12-02,LOAN_REGISTRY,FRESHNESS_CHECK,CHECK_248,LOW,OPEN,94,144532,19:08,,UNKNOWN,False,True,0.07
INC-002375,2026-01-09,SCORING_ENGINE,NULL_CHECK,CHECK_154,MEDIUM,CLOSED,92,293,04:32,6.4,SCHEMA_CHANGE,True,False,31.4
INC-002376,2025-10-28,LOAN_REGISTRY,COMPLETENESS_CHECK,CHECK_786,LOW,RESOLVED,103,42673,20:29,14.47,DATA_DRIFT,False,False,0.24
INC-002377,2025-10-02,PAYMENT_SYSTEM,FORMAT_CHECK,CHECK_157,HIGH,CLOSED,1300,2299,14:42,13.76,NETWORK_TIMEOUT,False,False,56.55
INC-002378,2025-10-22,INTERNET_BANK,RANGE_CHECK,CHECK_304,MEDIUM,RESOLVED,93,4459,14:09,13.53,SCHEMA_CHANGE,False,False,2.09
INC-002379,2025-10-06,CRM_CLIENTS,ACCURACY_CHECK,CHECK_373,LOW,RESOLVED,592,711958,23:20,8.49,SOURCE_SYSTEM_ERROR,False,False,0.08
INC-002380,2025-10-31,LOAN_REGISTRY,RANGE_CHECK,CHECK_868,LOW,RESOLVED,199,3052,02:51,3.9,UNKNOWN,True,True,6.52
INC-002381,2026-01-05,CREDIT_BUREAU,SCHEMA_VALIDATION,CHECK_904,MEDIUM,IN_PROGRESS,308,19683,19:42,,DATABASE_CORRUPTION,False,False,1.56
INC-002382,2025-09-07,CRM_CLIENTS,REFERENTIAL_INTEGRITY,CHECK_264,MEDIUM,CLOSED,703,2608,19:26,39.18,MANUAL_DATA_ENTRY,False,False,26.96
INC-002383,2025-12-02,SCORING_ENGINE,FRESHNESS_CHECK,CHECK_393,MEDIUM,IN_PROGRESS,15,102577,12:14,,DATABASE_CORRUPTION,False,True,0.01
INC-002384,2026-01-20,CREDIT_BUREAU,RANGE_CHECK,CHECK_799,MEDIUM,RESOLVED,520,49905,12:21,1.38,DATABASE_CORRUPTION,False,False,1.04
INC-002385,2026-01-25,CRM_CLIENTS,NULL_CHECK,CHECK_356,MEDIUM,RESOLVED,97,66144,17:02,0.28,MANUAL_DATA_ENTRY,True,False,0.15
INC-002386,2025-12-04,CREDIT_BUREAU,ACCURACY_CHECK,CHECK_249,LOW,OPEN,21,211448,21:56,,DATABASE_CORRUPTION,False,False,0.01
INC-002387,2025-12-29,SCORING_ENGINE,RANGE_CHECK,CHECK_959,LOW,OPEN,700,11207,14:47,,NETWORK_TIMEOUT,True,True,6.25
INC-002388,2026-01-20,INTERNET_BANK,ACCURACY_CHECK,CHECK_163,LOW,RESOLVED,63,188907,08:41,4.52,DATA_DRIFT,False,False,0.03
INC-002389,2025-10-04,PAYMENT_SYSTEM,CONSISTENCY_CHECK,CHECK_807,MEDIUM,CLOSED,315,433571,02:55,14.5,SCHEMA_CHANGE,False,False,0.07
INC-002390,2026-02-04,SCORING_ENGINE,NULL_CHECK,CHECK_903,LOW,CLOSED,0,38905,05:45,32.25,UNKNOWN,False,False,0.0
INC-002391,2025-09-23,SCORING_ENGINE,FORMAT_CHECK,CHECK_402,LOW,IN_PROGRESS,634,2410,00:36,,NETWORK_TIMEOUT,True,False,26.31
INC-002392,2025-09-17,CREDIT_BUREAU,DUPLICATE_CHECK,CHECK_308,LOW,IN_PROGRESS,26375,1978,20:50,,SCHEMA_CHANGE,False,False,1333.42
INC-002393,2025-11-19,INTERNET_BANK,ACCURACY_CHECK,CHECK_871,MEDIUM,OPEN,146,53345,22:19,,API_INTEGRATION_ISSUE,False,False,0.27
INC-002394,2025-12-11,MOBILE_APP,NULL_CHECK,CHECK_654,HIGH,RESOLVED,87,2407,17:41,7.67,ETL_PIPELINE_FAILURE,False,True,3.61
INC-002395,2026-03-03,FRAUD_DETECTION,ACCURACY_CHECK,CHECK_133,HIGH,CLOSED,58,1499,03:41,6.29,ETL_PIPELINE_FAILURE,False,False,3.87
INC-002396,2026-03-04,LOAN_REGISTRY,ACCURACY_CHECK,CHECK_467,MEDIUM,CLOSED,450,128989,17:05,5.23,DATA_DRIFT,False,False,0.35
INC-002397,2026-01-01,LOAN_REGISTRY,COMPLETENESS_CHECK,CHECK_933,LOW,CLOSED,80,8799,06:39,6.6,CONFIGURATION_ERROR,True,False,0.91
INC-002398,2026-01-13,PAYMENT_SYSTEM,COMPLETENESS_CHECK,CHECK_563,LOW,IN_PROGRESS,541,2782332,17:36,,NETWORK_TIMEOUT,False,False,0.02
INC-002399,2025-12-15,PAYMENT_SYSTEM,NULL_CHECK,CHECK_204,MEDIUM,RESOLVED,4651,5913,01:36,6.82,DATA_DRIFT,False,False,78.66
INC-002400,2025-12-14,LOAN_REGISTRY,COMPLETENESS_CHECK,CHECK_730,HIGH,CLOSED,797,8146,16:12,4.7,DATA_DRIFT,True,False,9.78
INC-002401,2026-01-26,FRAUD_DETECTION,SCHEMA_VALIDATION,CHECK_988,MEDIUM,RESOLVED,104,45180,15:32,16.33,SCHEMA_CHANGE,False,False,0.23
INC-002402,2025-09-19,LOAN_REGISTRY,FORMAT_CHECK,CHECK_791,MEDIUM,RESOLVED,15,33161,00:07,2.72,CONFIGURATION_ERROR,False,False,0.05
INC-002403,2025-10-03,MOBILE_APP,FRESHNESS_CHECK,CHECK_857,HIGH,REOPENED,65,18613,21:59,2.71,API_INTEGRATION_ISSUE,True,False,0.35
INC-002404,2025-11-21,FRAUD_DETECTION,NULL_CHECK,CHECK_675,LOW,CLOSED,107,17748,17:11,14.31,SOURCE_SYSTEM_ERROR,False,False,0.6
INC-002405,2026-02-12,PAYMENT_SYSTEM,NULL_CHECK,CHECK_985,MEDIUM,CLOSED,10,14442187,00:17,24.18,API_INTEGRATION_ISSUE,False,True,0.0
INC-002406,2025-09-19,CRM_CLIENTS,SCHEMA_VALIDATION,CHECK_329,LOW,RESOLVED,1304,610199,06:15,3.31,DATABASE_CORRUPTION,False,False,0.21
INC-002407,2025-12-25,CREDIT_BUREAU,REFERENTIAL_INTEGRITY,CHECK_860,MEDIUM,RESOLVED,463,119020,22:53,2.55,DATABASE_CORRUPTION,False,False,0.39
INC-002408,2025-12-29,MOBILE_APP,REFERENTIAL_INTEGRITY,CHECK_762,MEDIUM,OPEN,18,1899,18:28,,API_INTEGRATION_ISSUE,False,False,0.95
INC-002409,2026-02-22,MOBILE_APP,COMPLETENESS_CHECK,CHECK_674,MEDIUM,CLOSED,4,18999,02:51,11.64,API_INTEGRATION_ISSUE,False,False,0.02
INC-002410,2026-01-11,INTERNET_BANK,FRESHNESS_CHECK,CHECK_498,LOW,IN_PROGRESS,623,82544,17:38,,DATA_DRIFT,False,False,0.75
INC-002411,2025-11-28,PAYMENT_SYSTEM,COMPLETENESS_CHECK,CHECK_343,CRITICAL,CLOSED,5,98364,10:25,1.21,ETL_PIPELINE_FAILURE,False,False,0.01
INC-002412,2025-10-03,PAYMENT_SYSTEM,CONSISTENCY_CHECK,CHECK_623,LOW,CLOSED,175,283570,18:02,1.16,NETWORK_TIMEOUT,False,False,0.06
INC-002413,2026-01-20,SCORING_ENGINE,CONSISTENCY_CHECK,CHECK_903,MEDIUM,RESOLVED,65,6110,15:55,18.03,DATABASE_CORRUPTION,False,False,1.06
INC-002414,2026-02-11,MOBILE_APP,DUPLICATE_CHECK,CHECK_915,LOW,IN_PROGRESS,735,20392,00:21,,CONFIGURATION_ERROR,False,False,3.6
INC-002415,2026-01-29,SCORING_ENGINE,CONSISTENCY_CHECK,CHECK_917,LOW,OPEN,752,4865,13:11,,API_INTEGRATION_ISSUE,False,True,15.46
INC-002416,2025-10-17,SCORING_ENGINE,REFERENTIAL_INTEGRITY,CHECK_812,MEDIUM,CLOSED,28,317900,13:01,10.26,MANUAL_DATA_ENTRY,False,False,0.01
INC-002417,2025-10-04,CREDIT_BUREAU,FORMAT_CHECK,CHECK_394,LOW,CLOSED,876,89112,16:20,11.57,SCHEMA_CHANGE,False,False,0.98
INC-002418,2025-12-20,SCORING_ENGINE,CONSISTENCY_CHECK,CHECK_809,HIGH,CLOSED,83,7984,12:16,32.65,SOURCE_SYSTEM_ERROR,False,False,1.04
INC-002419,2026-01-07,FRAUD_DETECTION,COMPLETENESS_CHECK,CHECK_780,LOW,RESOLVED,154,34535,02:07,2.16,BUSINESS_LOGIC_ERROR,False,False,0.45
INC-002420,2025-09-15,LOAN_REGISTRY,ACCURACY_CHECK,CHECK_148,MEDIUM,RESOLVED,160,24358,03:34,9.4,UNKNOWN,False,False,0.66
INC-002421,2025-10-02,CRM_CLIENTS,NULL_CHECK,CHECK_490,MEDIUM,CLOSED,13310,3790,05:18,0.72,CONFIGURATION_ERROR,False,False,351.19
INC-002422,2026-01-11,PAYMENT_SYSTEM,FORMAT_CHECK,CHECK_496,LOW,RESOLVED,116,141539,04:11,5.34,SCHEMA_CHANGE,False,False,0.08
INC-002423,2025-10-10,FRAUD_DETECTION,FORMAT_CHECK,CHECK_526,LOW,CLOSED,5,25692,08:49,1.92,ETL_PIPELINE_FAILURE,False,False,0.02
INC-002424,2025-11-17,CRM_CLIENTS,COMPLETENESS_CHECK,CHECK_907,MEDIUM,CLOSED,35,7641,02:09,2.5,SCHEMA_CHANGE,False,False,0.46
INC-002425,2025-10-13,MOBILE_APP,NULL_CHECK,CHECK_801,LOW,IN_PROGRESS,649,3662,09:26,,UNKNOWN,False,False,17.72
INC-002426,2025-10-12,MOBILE_APP,REFERENTIAL_INTEGRITY,CHECK_420,MEDIUM,OPEN,84,121685,21:10,,MANUAL_DATA_ENTRY,False,False,0.07
INC-002427,2025-11-22,MOBILE_APP,FORMAT_CHECK,CHECK_665,MEDIUM,RESOLVED,152,37657,01:39,26.73,ETL_PIPELINE_FAILURE,False,False,0.4
INC-002428,2026-03-01,FRAUD_DETECTION,DUPLICATE_CHECK,CHECK_155,LOW,OPEN,62,5490,10:11,,NETWORK_TIMEOUT,False,False,1.13
INC-002429,2025-10-28,FRAUD_DETECTION,COMPLETENESS_CHECK,CHECK_113,MEDIUM,CLOSED,0,8138,00:45,10.92,DATA_DRIFT,True,False,0.0
INC-002430,2025-11-28,PAYMENT_SYSTEM,FORMAT_CHECK,CHECK_861,MEDIUM,CLOSED,31,22270,01:19,0.39,DATABASE_CORRUPTION,False,False,0.14
INC-002431,2026-01-11,LOAN_REGISTRY,FRESHNESS_CHECK,CHECK_357,LOW,CLOSED,127,25024,12:06,7.61,SCHEMA_CHANGE,True,False,0.51
INC-002432,2025-11-12,INTERNET_BANK,NULL_CHECK,CHECK_307,HIGH,CLOSED,4,32341,10:09,9.96,UNKNOWN,False,False,0.01
INC-002433,2025-09-21,SCORING_ENGINE,CONSISTENCY_CHECK,CHECK_735,LOW,OPEN,14,640,13:57,,MANUAL_DATA_ENTRY,False,False,2.19
INC-002434,2025-11-04,MOBILE_APP,FORMAT_CHECK,CHECK_989,MEDIUM,RESOLVED,75,28024,10:16,18.7,DATA_DRIFT,False,False,0.27
INC-002435,2025-10-21,CREDIT_BUREAU,COMPLETENESS_CHECK,CHECK_899,CRITICAL,CLOSED,76,1923,12:52,4.2,UNKNOWN,False,False,3.95
INC-002436,2026-02-10,LOAN_REGISTRY,CONSISTENCY_CHECK,CHECK_981,HIGH,IN_PROGRESS,326,376249,03:03,,MANUAL_DATA_ENTRY,False,False,0.09
INC-002437,2026-01-20,CREDIT_BUREAU,DUPLICATE_CHECK,CHECK_991,LOW,CLOSED,85,177345,06:15,9.2,BUSINESS_LOGIC_ERROR,False,False,0.05
INC-002438,2025-11-10,PAYMENT_SYSTEM,CONSISTENCY_CHECK,CHECK_553,LOW,CLOSED,303,222673,19:37,58.24,UNKNOWN,True,False,0.14
INC-002439,2025-10-03,PAYMENT_SYSTEM,FRESHNESS_CHECK,CHECK_949,CRITICAL,RESOLVED,36,161,07:31,1.25,ETL_PIPELINE_FAILURE,False,False,22.36
INC-002440,2026-02-08,PAYMENT_SYSTEM,REFERENTIAL_INTEGRITY,CHECK_330,CRITICAL,RESOLVED,226,12108,16:48,9.72,NETWORK_TIMEOUT,False,False,1.87
INC-002441,2025-11-17,CRM_CLIENTS,FORMAT_CHECK,CHECK_748,LOW,CLOSED,2813,18844,16:24,9.08,CONFIGURATION_ERROR,False,False,14.93
INC-002442,2026-02-05,CREDIT_BUREAU,RANGE_CHECK,CHECK_821,HIGH,CLOSED,264,69563,03:17,0.86,DATABASE_CORRUPTION,False,False,0.38
INC-002443,2026-01-15,LOAN_REGISTRY,RANGE_CHECK,CHECK_826,LOW,IN_PROGRESS,92,133485,01:20,,DATA_DRIFT,False,False,0.07
INC-002444,2025-09-24,INTERNET_BANK,CONSISTENCY_CHECK,CHECK_763,MEDIUM,CLOSED,22,287578,14:35,4.06,UNKNOWN,False,False,0.01
INC-002445,2026-01-07,LOAN_REGISTRY,SCHEMA_VALIDATION,CHECK_476,LOW,CLOSED,176,214,13:04,1.31,SCHEMA_CHANGE,False,False,82.24
INC-002446,2026-02-12,FRAUD_DETECTION,NULL_CHECK,CHECK_873,MEDIUM,REOPENED,95,4435,15:01,2.36,UNKNOWN,False,False,2.14
INC-002447,2025-10-14,FRAUD_DETECTION,RANGE_CHECK,CHECK_702,LOW,OPEN,456,24725,13:40,,CONFIGURATION_ERROR,False,False,1.84
INC-002448,2026-01-30,MOBILE_APP,SCHEMA_VALIDATION,CHECK_659,LOW,IN_PROGRESS,3,115728,07:58,,ETL_PIPELINE_FAILURE,False,True,0.0
INC-002449,2026-01-27,INTERNET_BANK,RANGE_CHECK,CHECK_856,MEDIUM,CLOSED,101,109493,00:17,7.55,CONFIGURATION_ERROR,False,False,0.09
INC-002450,2025-10-10,FRAUD_DETECTION,SCHEMA_VALIDATION,CHECK_717,HIGH,CLOSED,343,56942,17:37,2.61,BUSINESS_LOGIC_ERROR,True,False,0.6
INC-002451,2025-10-14,PAYMENT_SYSTEM,NULL_CHECK,CHECK_301,LOW,RESOLVED,192,6160,21:06,2.13,DATA_DRIFT,False,False,3.12
INC-002452,2026-02-16,LOAN_REGISTRY,ACCURACY_CHECK,CHECK_894,LOW,CLOSED,76,7945,07:48,2.76,BUSINESS_LOGIC_ERROR,False,False,0.96
INC-002453,2026-02-07,CREDIT_BUREAU,RANGE_CHECK,CHECK_842,CRITICAL,CLOSED,74,6254,17:41,8.15,NETWORK_TIMEOUT,False,False,1.18
INC-002454,2026-03-04,PAYMENT_SYSTEM,FRESHNESS_CHECK,CHECK_298,CRITICAL,OPEN,16,3096,04:19,,API_INTEGRATION_ISSUE,False,False,0.52
INC-002455,2026-02-02,CRM_CLIENTS,FORMAT_CHECK,CHECK_401,LOW,CLOSED,316,3010,18:26,1.22,UNKNOWN,False,False,10.5
INC-002456,2025-11-26,FRAUD_DETECTION,SCHEMA_VALIDATION,CHECK_559,MEDIUM,CLOSED,347,2486,14:05,19.4,UNKNOWN,True,False,13.96
INC-002457,2026-01-23,PAYMENT_SYSTEM,FORMAT_CHECK,CHECK_281,LOW,RESOLVED,8,43126,20:32,9.31,DATA_DRIFT,False,True,0.02
INC-002458,2025-09-11,PAYMENT_SYSTEM,COMPLETENESS_CHECK,CHECK_799,MEDIUM,RESOLVED,684,28244,06:50,2.05,UNKNOWN,False,False,2.42
INC-002459,2025-09-08,CRM_CLIENTS,COMPLETENESS_CHECK,CHECK_176,LOW,CLOSED,40,3451,04:23,7.65,NETWORK_TIMEOUT,False,False,1.16
INC-002460,2025-09-21,SCORING_ENGINE,NULL_CHECK,CHECK_291,LOW,RESOLVED,69,718,17:10,0.85,UNKNOWN,True,False,9.61
INC-002461,2025-09-12,LOAN_REGISTRY,SCHEMA_VALIDATION,CHECK_277,LOW,OPEN,6049,10523,07:34,,DATA_DRIFT,False,False,57.48
INC-002462,2026-02-12,CREDIT_BUREAU,DUPLICATE_CHECK,CHECK_852,HIGH,REOPENED,3654,425113,13:58,4.99,UNKNOWN,False,False,0.86
INC-002463,2026-01-26,MOBILE_APP,COMPLETENESS_CHECK,CHECK_626,LOW,CLOSED,8,22294,17:28,1.31,API_INTEGRATION_ISSUE,False,False,0.04
INC-002464,2025-11-07,SCORING_ENGINE,NULL_CHECK,CHECK_222,MEDIUM,CLOSED,11,109114,01:00,2.43,DATABASE_CORRUPTION,False,True,0.01
INC-002465,2026-02-14,FRAUD_DETECTION,COMPLETENESS_CHECK,CHECK_486,MEDIUM,CLOSED,18,31574,14:53,5.09,MANUAL_DATA_ENTRY,False,False,0.06
INC-002466,2025-10-24,PAYMENT_SYSTEM,COMPLETENESS_CHECK,CHECK_141,MEDIUM,OPEN,3542,19608,19:18,,UNKNOWN,False,False,18.06
INC-002467,2026-01-25,INTERNET_BANK,DUPLICATE_CHECK,CHECK_538,CRITICAL,IN_PROGRESS,44,1157,20:10,,UNKNOWN,False,False,3.8
INC-002468,2025-12-16,CRM_CLIENTS,RANGE_CHECK,CHECK_385,LOW,RESOLVED,7,9765,00:03,1.39,DATA_DRIFT,False,False,0.07
INC-002469,2026-02-06,CRM_CLIENTS,CONSISTENCY_CHECK,CHECK_669,HIGH,RESOLVED,1745,7558,15:17,8.71,API_INTEGRATION_ISSUE,False,False,23.09
INC-002470,2026-02-11,INTERNET_BANK,ACCURACY_CHECK,CHECK_370,LOW,CLOSED,486,426103,19:16,9.82,DATABASE_CORRUPTION,False,False,0.11
INC-002471,2025-09-08,LOAN_REGISTRY,COMPLETENESS_CHECK,CHECK_233,LOW,CLOSED,13384,31775,21:24,1.13,CONFIGURATION_ERROR,False,False,42.12
INC-002472,2026-01-06,SCORING_ENGINE,COMPLETENESS_CHECK,CHECK_264,LOW,RESOLVED,484,283529,11:53,4.02,DATA_DRIFT,False,False,0.17
INC-002473,2026-02-08,MOBILE_APP,FRESHNESS_CHECK,CHECK_698,HIGH,IN_PROGRESS,139,210006,20:13,,UNKNOWN,False,False,0.07
INC-002474,2026-01-18,LOAN_REGISTRY,ACCURACY_CHECK,CHECK_966,MEDIUM,RESOLVED,246,4056,18:53,2.47,UNKNOWN,False,False,6.07
INC-002475,2025-11-14,INTERNET_BANK,DUPLICATE_CHECK,CHECK_361,LOW,RESOLVED,59,22077,16:18,4.55,MANUAL_DATA_ENTRY,False,False,0.27
INC-002476,2026-02-12,PAYMENT_SYSTEM,FORMAT_CHECK,CHECK_105,MEDIUM,RESOLVED,2020,640341,01:10,0.45,BUSINESS_LOGIC_ERROR,False,False,0.32
INC-002477,2025-11-17,INTERNET_BANK,SCHEMA_VALIDATION,CHECK_438,MEDIUM,IN_PROGRESS,2245,67938,23:34,,CONFIGURATION_ERROR,False,False,3.3
INC-002478,2026-01-02,LOAN_REGISTRY,COMPLETENESS_CHECK,CHECK_577,MEDIUM,CLOSED,6,60200,18:04,53.57,CONFIGURATION_ERROR,True,False,0.01
INC-002479,2025-11-02,CREDIT_BUREAU,CONSISTENCY_CHECK,CHECK_826,MEDIUM,OPEN,977,136921,09:05,,DATA_DRIFT,True,False,0.71
INC-002480,2026-02-23,CRM_CLIENTS,SCHEMA_VALIDATION,CHECK_258,LOW,RESOLVED,17,57570,12:44,5.38,UNKNOWN,False,False,0.03
INC-002481,2025-12-13,CRM_CLIENTS,ACCURACY_CHECK,CHECK_140,MEDIUM,CLOSED,18536,65690,03:53,13.23,ETL_PIPELINE_FAILURE,True,True,28.22
INC-002482,2025-11-16,FRAUD_DETECTION,SCHEMA_VALIDATION,CHECK_257,MEDIUM,OPEN,3084,40304,04:46,,UNKNOWN,False,False,7.65
INC-002483,2025-12-26,FRAUD_DETECTION,RANGE_CHECK,CHECK_430,MEDIUM,CLOSED,15,11164,17:17,22.51,DATABASE_CORRUPTION,False,False,0.13
INC-002484,2025-09-19,INTERNET_BANK,COMPLETENESS_CHECK,CHECK_711,MEDIUM,RESOLVED,239,2653,13:13,11.67,NETWORK_TIMEOUT,False,False,9.01
INC-002485,2026-02-24,MOBILE_APP,SCHEMA_VALIDATION,CHECK_152,CRITICAL,OPEN,1081,537,19:32,,BUSINESS_LOGIC_ERROR,False,False,201.3
INC-002486,2025-09-16,PAYMENT_SYSTEM,FORMAT_CHECK,CHECK_892,MEDIUM,IN_PROGRESS,42,11398,10:56,,SCHEMA_CHANGE,False,False,0.37
INC-002487,2025-10-11,CREDIT_BUREAU,FORMAT_CHECK,CHECK_740,MEDIUM,CLOSED,9,52744,21:21,6.45,DATA_DRIFT,False,False,0.02
INC-002488,2025-12-22,SCORING_ENGINE,COMPLETENESS_CHECK,CHECK_730,LOW,RESOLVED,181,35494,20:16,5.07,CONFIGURATION_ERROR,False,False,0.51
INC-002489,2025-12-16,LOAN_REGISTRY,REFERENTIAL_INTEGRITY,CHECK_963,MEDIUM,REOPENED,107,78576,22:28,0.14,MANUAL_DATA_ENTRY,False,False,0.14
INC-002490,2026-01-02,MOBILE_APP,FORMAT_CHECK,CHECK_777,MEDIUM,RESOLVED,23,17118,08:15,4.51,UNKNOWN,False,False,0.13
INC-002491,2025-12-28,PAYMENT_SYSTEM,SCHEMA_VALIDATION,CHECK_408,MEDIUM,RESOLVED,1758,5096171,21:20,7.99,SOURCE_SYSTEM_ERROR,False,False,0.03
INC-002492,2025-10-23,FRAUD_DETECTION,NULL_CHECK,CHECK_602,MEDIUM,RESOLVED,11,1269983,10:13,10.99,MANUAL_DATA_ENTRY,True,True,0.0
INC-002493,2025-11-27,INTERNET_BANK,FORMAT_CHECK,CHECK_908,LOW,RESOLVED,119,1058,14:38,32.72,DATA_DRIFT,False,False,11.25
INC-002494,2026-02-03,LOAN_REGISTRY,ACCURACY_CHECK,CHECK_686,MEDIUM,RESOLVED,213,81880,10:01,3.28,SOURCE_SYSTEM_ERROR,False,False,0.26
INC-002495,2025-10-07,FRAUD_DETECTION,REFERENTIAL_INTEGRITY,CHECK_663,CRITICAL,RESOLVED,275,152901,22:08,1.98,DATA_DRIFT,False,False,0.18
INC-002496,2025-11-20,INTERNET_BANK,SCHEMA_VALIDATION,CHECK_466,CRITICAL,RESOLVED,1424,315,20:59,24.43,MANUAL_DATA_ENTRY,False,False,452.06
INC-002497,2026-03-03,LOAN_REGISTRY,DUPLICATE_CHECK,CHECK_174,LOW,IN_PROGRESS,91,30753,00:38,,MANUAL_DATA_ENTRY,False,False,0.3
INC-002498,2025-11-21,SCORING_ENGINE,FRESHNESS_CHECK,CHECK_902,MEDIUM,IN_PROGRESS,0,61934,15:00,,CONFIGURATION_ERROR,False,False,0.0
INC-002499,2026-03-07,PAYMENT_SYSTEM,DUPLICATE_CHECK,CHECK_824,LOW,RESOLVED,68,21780,00:43,1.47,DATABASE_CORRUPTION,False,True,0.31
INC-002500,2025-11-28,LOAN_REGISTRY,RANGE_CHECK,CHECK_425,HIGH,RESOLVED,633,47664,05:26,7.97,UNKNOWN,False,False,1.33
INC-002501,2025-12-12,CREDIT_BUREAU,FRESHNESS_CHECK,CHECK_638,LOW,CLOSED,111,25799,17:57,1.39,SOURCE_SYSTEM_ERROR,False,False,0.43
INC-002502,2025-10-04,MOBILE_APP,RANGE_CHECK,CHECK_325,LOW,CLOSED,112,89783,22:45,25.77,NETWORK_TIMEOUT,True,False,0.12
INC-002503,2026-03-14,CRM_CLIENTS,FRESHNESS_CHECK,CHECK_288,MEDIUM,RESOLVED,425,487324,15:48,14.78,MANUAL_DATA_ENTRY,True,True,0.09
INC-002504,2025-12-04,CREDIT_BUREAU,FRESHNESS_CHECK,CHECK_633,CRITICAL,IN_PROGRESS,553,102864,12:34,,DATA_DRIFT,False,False,0.54
INC-002505,2026-01-10,CREDIT_BUREAU,NULL_CHECK,CHECK_169,MEDIUM,RESOLVED,4,231104,02:50,26.13,SCHEMA_CHANGE,False,False,0.0
INC-002506,2026-01-22,MOBILE_APP,CONSISTENCY_CHECK,CHECK_905,MEDIUM,CLOSED,142,2657,20:41,12.19,DATA_DRIFT,False,False,5.34
INC-002507,2025-09-28,CRM_CLIENTS,ACCURACY_CHECK,CHECK_617,MEDIUM,OPEN,100,1270405,02:34,,DATABASE_CORRUPTION,False,False,0.01
INC-002508,2025-11-21,CREDIT_BUREAU,DUPLICATE_CHECK,CHECK_263,MEDIUM,CLOSED,172,41351,00:57,47.24,SCHEMA_CHANGE,False,False,0.42
INC-002509,2025-11-01,LOAN_REGISTRY,FORMAT_CHECK,CHECK_525,CRITICAL,RESOLVED,2,10085,21:28,0.04,DATA_DRIFT,False,False,0.02
INC-002510,2025-12-29,LOAN_REGISTRY,SCHEMA_VALIDATION,CHECK_656,MEDIUM,IN_PROGRESS,2092,50552,21:07,,ETL_PIPELINE_FAILURE,False,True,4.14
INC-002511,2025-10-02,LOAN_REGISTRY,REFERENTIAL_INTEGRITY,CHECK_649,MEDIUM,RESOLVED,150,7411,11:52,9.5,DATA_DRIFT,False,False,2.02
INC-002512,2025-11-08,CRM_CLIENTS,ACCURACY_CHECK,CHECK_513,MEDIUM,IN_PROGRESS,347,29031,12:52,,NETWORK_TIMEOUT,False,False,1.2
INC-002513,2025-12-25,CREDIT_BUREAU,RANGE_CHECK,CHECK_194,CRITICAL,CLOSED,5074,40225,19:22,61.87,API_INTEGRATION_ISSUE,False,False,12.61
INC-002514,2025-11-03,INTERNET_BANK,NULL_CHECK,CHECK_457,LOW,RESOLVED,354,5583,12:11,10.06,CONFIGURATION_ERROR,False,True,6.34
INC-002515,2025-10-07,CRM_CLIENTS,RANGE_CHECK,CHECK_326,MEDIUM,CLOSED,6,30078,22:00,2.29,MANUAL_DATA_ENTRY,False,True,0.02
INC-002516,2025-09-25,LOAN_REGISTRY,CONSISTENCY_CHECK,CHECK_318,LOW,CLOSED,124,5421,03:29,2.14,DATABASE_CORRUPTION,True,False,2.29
INC-002517,2025-09-13,MOBILE_APP,REFERENTIAL_INTEGRITY,CHECK_779,MEDIUM,CLOSED,572,5351,11:59,17.32,UNKNOWN,False,False,10.69
INC-002518,2025-11-14,CREDIT_BUREAU,NULL_CHECK,CHECK_439,CRITICAL,RESOLVED,166,2916,06:28,10.76,SOURCE_SYSTEM_ERROR,True,False,5.69
INC-002519,2025-12-08,CREDIT_BUREAU,RANGE_CHECK,CHECK_439,MEDIUM,OPEN,4508,10431,00:14,,DATA_DRIFT,False,False,43.22
INC-002520,2026-02-05,FRAUD_DETECTION,CONSISTENCY_CHECK,CHECK_469,MEDIUM,RESOLVED,26,7321,23:01,7.52,ETL_PIPELINE_FAILURE,False,False,0.36
INC-002521,2025-12-17,FRAUD_DETECTION,SCHEMA_VALIDATION,CHECK_400,LOW,IN_PROGRESS,1790,56826,08:43,,ETL_PIPELINE_FAILURE,True,False,3.15
INC-002522,2025-11-03,SCORING_ENGINE,SCHEMA_VALIDATION,CHECK_323,LOW,CLOSED,794,197325,22:22,23.43,UNKNOWN,False,False,0.4
INC-002523,2025-10-11,INTERNET_BANK,RANGE_CHECK,CHECK_870,MEDIUM,OPEN,177,82799,06:05,,SOURCE_SYSTEM_ERROR,False,False,0.21
INC-002524,2025-11-23,INTERNET_BANK,ACCURACY_CHECK,CHECK_733,LOW,CLOSED,287,154044,19:40,3.0,MANUAL_DATA_ENTRY,False,False,0.19
INC-002525,2026-01-26,PAYMENT_SYSTEM,REFERENTIAL_INTEGRITY,CHECK_643,MEDIUM,IN_PROGRESS,21,130136,09:51,,MANUAL_DATA_ENTRY,False,False,0.02
INC-002526,2026-03-04,INTERNET_BANK,COMPLETENESS_CHECK,CHECK_586,LOW,CLOSED,80,3451,22:14,29.54,DATA_DRIFT,False,False,2.32
INC-002527,2025-11-20,FRAUD_DETECTION,ACCURACY_CHECK,CHECK_674,LOW,RESOLVED,470,11292,07:31,5.14,BUSINESS_LOGIC_ERROR,False,True,4.16
INC-002528,2025-10-19,CRM_CLIENTS,SCHEMA_VALIDATION,CHECK_943,HIGH,RESOLVED,110,773605,11:02,3.82,API_INTEGRATION_ISSUE,False,False,0.01
INC-002529,2025-10-11,INTERNET_BANK,REFERENTIAL_INTEGRITY,CHECK_870,MEDIUM,CLOSED,167,7411,08:31,3.08,CONFIGURATION_ERROR,False,False,2.25
INC-002530,2026-01-06,FRAUD_DETECTION,CONSISTENCY_CHECK,CHECK_764,MEDIUM,RESOLVED,1080,897854,22:45,3.52,API_INTEGRATION_ISSUE,False,False,0.12
INC-002531,2026-01-10,SCORING_ENGINE,NULL_CHECK,CHECK_109,LOW,REOPENED,3,9562,19:13,1.74,CONFIGURATION_ERROR,True,False,0.03
INC-002532,2025-12-29,CREDIT_BUREAU,FRESHNESS_CHECK,CHECK_217,MEDIUM,OPEN,310,366,00:12,,API_INTEGRATION_ISSUE,False,False,84.7
INC-002533,2026-01-06,INTERNET_BANK,RANGE_CHECK,CHECK_784,LOW,RESOLVED,5182,13432,20:25,3.96,ETL_PIPELINE_FAILURE,True,False,38.58
INC-002534,2025-11-18,SCORING_ENGINE,DUPLICATE_CHECK,CHECK_454,LOW,CLOSED,69,119747,03:55,11.45,UNKNOWN,False,False,0.06
INC-002535,2026-01-06,CREDIT_BUREAU,REFERENTIAL_INTEGRITY,CHECK_556,MEDIUM,CLOSED,12,613480,08:36,1.04,CONFIGURATION_ERROR,False,False,0.0
INC-002536,2025-09-06,MOBILE_APP,FORMAT_CHECK,CHECK_346,HIGH,RESOLVED,68,1146,16:31,1.47,CONFIGURATION_ERROR,False,False,5.93
INC-002537,2025-09-24,MOBILE_APP,CONSISTENCY_CHECK,CHECK_757,LOW,CLOSED,7,115443,05:35,9.22,DATABASE_CORRUPTION,False,False,0.01
INC-002538,2025-12-10,CREDIT_BUREAU,COMPLETENESS_CHECK,CHECK_728,HIGH,CLOSED,233,131438,06:42,8.6,API_INTEGRATION_ISSUE,True,False,0.18
INC-002539,2026-01-08,INTERNET_BANK,FRESHNESS_CHECK,CHECK_736,LOW,CLOSED,128,297391,23:36,3.8,DATA_DRIFT,False,False,0.04
INC-002540,2025-12-27,PAYMENT_SYSTEM,FORMAT_CHECK,CHECK_349,MEDIUM,RESOLVED,280,105,21:43,21.06,CONFIGURATION_ERROR,False,False,266.67
INC-002541,2025-11-01,FRAUD_DETECTION,COMPLETENESS_CHECK,CHECK_140,MEDIUM,IN_PROGRESS,114,605408,19:36,,BUSINESS_LOGIC_ERROR,False,False,0.02
INC-002542,2025-10-26,CRM_CLIENTS,DUPLICATE_CHECK,CHECK_798,CRITICAL,CLOSED,219,53199,05:04,5.37,ETL_PIPELINE_FAILURE,True,False,0.41
INC-002543,2026-01-28,CRM_CLIENTS,SCHEMA_VALIDATION,CHECK_428,LOW,CLOSED,365,55121,18:08,9.73,NETWORK_TIMEOUT,False,False,0.66
INC-002544,2025-11-30,LOAN_REGISTRY,ACCURACY_CHECK,CHECK_490,HIGH,RESOLVED,13,175957,23:04,24.23,DATA_DRIFT,False,False,0.01
INC-002545,2025-09-13,CREDIT_BUREAU,RANGE_CHECK,CHECK_915,LOW,OPEN,296,399,04:16,,API_INTEGRATION_ISSUE,True,False,74.19
INC-002546,2025-09-13,CRM_CLIENTS,NULL_CHECK,CHECK_216,MEDIUM,IN_PROGRESS,2687,167711,18:54,,MANUAL_DATA_ENTRY,False,False,1.6
INC-002547,2025-11-12,INTERNET_BANK,COMPLETENESS_CHECK,CHECK_495,LOW,CLOSED,21,2545492,07:56,10.4,API_INTEGRATION_ISSUE,True,True,0.0
INC-002548,2026-01-05,PAYMENT_SYSTEM,FRESHNESS_CHECK,CHECK_362,MEDIUM,OPEN,274,1426,16:46,,DATABASE_CORRUPTION,False,False,19.21
INC-002549,2026-01-31,CREDIT_BUREAU,REFERENTIAL_INTEGRITY,CHECK_653,HIGH,RESOLVED,1977,19364,08:12,14.82,DATA_DRIFT,False,False,10.21
INC-002550,2026-02-15,PAYMENT_SYSTEM,SCHEMA_VALIDATION,CHECK_841,LOW,RESOLVED,14,23740,21:01,3.43,ETL_PIPELINE_FAILURE,False,False,0.06
INC-002551,2026-02-20,INTERNET_BANK,REFERENTIAL_INTEGRITY,CHECK_389,HIGH,CLOSED,731,44932,22:43,20.79,DATABASE_CORRUPTION,False,False,1.63
INC-002552,2025-12-30,CRM_CLIENTS,FRESHNESS_CHECK,CHECK_125,MEDIUM,OPEN,95,51641,17:39,,SOURCE_SYSTEM_ERROR,False,False,0.18
INC-002553,2025-11-13,CRM_CLIENTS,REFERENTIAL_INTEGRITY,CHECK_629,HIGH,RESOLVED,1121,5750,08:43,59.04,ETL_PIPELINE_FAILURE,False,False,19.5
INC-002554,2026-01-16,LOAN_REGISTRY,COMPLETENESS_CHECK,CHECK_941,LOW,CLOSED,28,23858,17:56,4.57,CONFIGURATION_ERROR,False,True,0.12
INC-002555,2025-09-03,CRM_CLIENTS,CONSISTENCY_CHECK,CHECK_888,LOW,CLOSED,145,720761,14:00,25.33,SOURCE_SYSTEM_ERROR,False,True,0.02
INC-002556,2025-09-28,CREDIT_BUREAU,REFERENTIAL_INTEGRITY,CHECK_483,MEDIUM,RESOLVED,7,49627,13:41,6.08,MANUAL_DATA_ENTRY,False,False,0.01
INC-002557,2025-12-20,INTERNET_BANK,ACCURACY_CHECK,CHECK_626,MEDIUM,RESOLVED,355,46004,21:41,3.39,DATABASE_CORRUPTION,False,False,0.77
INC-002558,2025-10-05,MOBILE_APP,DUPLICATE_CHECK,CHECK_922,LOW,CLOSED,364,5275,01:54,3.08,ETL_PIPELINE_FAILURE,False,True,6.9
INC-002559,2025-11-07,INTERNET_BANK,NULL_CHECK,CHECK_620,CRITICAL,CLOSED,437,320706,10:27,22.78,SCHEMA_CHANGE,False,False,0.14
INC-002560,2026-03-06,CREDIT_BUREAU,COMPLETENESS_CHECK,CHECK_556,LOW,CLOSED,396,14273,13:17,4.43,SCHEMA_CHANGE,True,False,2.77
INC-002561,2025-12-03,CREDIT_BUREAU,FORMAT_CHECK,CHECK_598,HIGH,CLOSED,123,364,03:43,4.96,UNKNOWN,False,False,33.79
INC-002562,2025-12-13,LOAN_REGISTRY,FRESHNESS_CHECK,CHECK_144,LOW,CLOSED,7,51041,16:29,2.63,UNKNOWN,False,False,0.01
INC-002563,2025-12-03,LOAN_REGISTRY,SCHEMA_VALIDATION,CHECK_403,LOW,CLOSED,1079,90568,15:23,39.03,NETWORK_TIMEOUT,False,False,1.19
INC-002564,2025-09-12,CRM_CLIENTS,COMPLETENESS_CHECK,CHECK_767,LOW,IN_PROGRESS,137,12117,16:48,,SOURCE_SYSTEM_ERROR,False,False,1.13
INC-002565,2025-12-12,SCORING_ENGINE,CONSISTENCY_CHECK,CHECK_297,LOW,RESOLVED,326,253,01:56,3.41,BUSINESS_LOGIC_ERROR,False,True,128.85
INC-002566,2025-09-14,INTERNET_BANK,SCHEMA_VALIDATION,CHECK_428,MEDIUM,RESOLVED,102,2362,23:14,34.57,DATA_DRIFT,True,False,4.32
INC-002567,2026-01-24,INTERNET_BANK,ACCURACY_CHECK,CHECK_626,MEDIUM,RESOLVED,7461,17496,01:17,27.74,API_INTEGRATION_ISSUE,False,False,42.64
INC-002568,2026-01-22,SCORING_ENGINE,FRESHNESS_CHECK,CHECK_184,CRITICAL,RESOLVED,47,10088,13:34,3.43,CONFIGURATION_ERROR,False,False,0.47
INC-002569,2025-10-20,LOAN_REGISTRY,SCHEMA_VALIDATION,CHECK_198,LOW,RESOLVED,44,53281,14:20,24.01,MANUAL_DATA_ENTRY,False,True,0.08
INC-002570,2025-12-02,CRM_CLIENTS,REFERENTIAL_INTEGRITY,CHECK_271,LOW,CLOSED,6,71923,00:25,3.45,SCHEMA_CHANGE,False,False,0.01
INC-002571,2026-01-20,SCORING_ENGINE,COMPLETENESS_CHECK,CHECK_891,LOW,RESOLVED,186,9212,06:21,1.06,BUSINESS_LOGIC_ERROR,False,False,2.02
INC-002572,2025-11-13,CRM_CLIENTS,DUPLICATE_CHECK,CHECK_650,MEDIUM,RESOLVED,6104,1342,02:56,20.6,UNKNOWN,False,False,454.84
INC-002573,2025-09-19,CRM_CLIENTS,FRESHNESS_CHECK,CHECK_646,HIGH,REOPENED,190,402890,18:51,17.72,BUSINESS_LOGIC_ERROR,False,False,0.05
INC-002574,2025-12-08,CRM_CLIENTS,RANGE_CHECK,CHECK_107,MEDIUM,RESOLVED,233,67586,00:47,4.19,SOURCE_SYSTEM_ERROR,False,False,0.34
INC-002575,2026-01-08,FRAUD_DETECTION,ACCURACY_CHECK,CHECK_741,LOW,RESOLVED,1039,84355,07:44,1.13,NETWORK_TIMEOUT,False,True,1.23
INC-002576,2025-12-25,CREDIT_BUREAU,NULL_CHECK,CHECK_167,MEDIUM,RESOLVED,205,47490,13:04,2.77,CONFIGURATION_ERROR,False,False,0.43
INC-002577,2026-01-19,CRM_CLIENTS,FRESHNESS_CHECK,CHECK_315,MEDIUM,CLOSED,1633,197765,07:12,17.69,BUSINESS_LOGIC_ERROR,False,False,0.83
INC-002578,2025-11-11,FRAUD_DETECTION,CONSISTENCY_CHECK,CHECK_786,LOW,RESOLVED,2198,10278,05:21,40.14,MANUAL_DATA_ENTRY,False,True,21.39
INC-002579,2026-02-07,LOAN_REGISTRY,COMPLETENESS_CHECK,CHECK_744,MEDIUM,CLOSED,45,115457,09:04,3.6,SOURCE_SYSTEM_ERROR,False,False,0.04
INC-002580,2026-02-22,SCORING_ENGINE,REFERENTIAL_INTEGRITY,CHECK_892,MEDIUM,IN_PROGRESS,8,83868,20:40,,DATABASE_CORRUPTION,False,False,0.01
INC-002581,2026-02-04,CREDIT_BUREAU,NULL_CHECK,CHECK_318,MEDIUM,RESOLVED,589,78498,03:01,3.1,MANUAL_DATA_ENTRY,False,False,0.75
INC-002582,2025-10-01,MOBILE_APP,NULL_CHECK,CHECK_985,LOW,RESOLVED,282,2019,15:27,13.66,API_INTEGRATION_ISSUE,False,False,13.97
INC-002583,2025-10-03,SCORING_ENGINE,ACCURACY_CHECK,CHECK_801,MEDIUM,CLOSED,18,29092,00:37,1.05,NETWORK_TIMEOUT,False,False,0.06
INC-002584,2025-09-25,CREDIT_BUREAU,SCHEMA_VALIDATION,CHECK_534,LOW,CLOSED,38,47767,20:59,10.56,CONFIGURATION_ERROR,True,False,0.08
INC-002585,2025-12-10,MOBILE_APP,CONSISTENCY_CHECK,CHECK_955,HIGH,CLOSED,38,772953,10:53,3.76,NETWORK_TIMEOUT,False,False,0.0
INC-002586,2025-12-05,SCORING_ENGINE,SCHEMA_VALIDATION,CHECK_206,LOW,CLOSED,199,26895,08:15,31.22,NETWORK_TIMEOUT,False,True,0.74
INC-002587,2025-11-26,CREDIT_BUREAU,REFERENTIAL_INTEGRITY,CHECK_310,MEDIUM,RESOLVED,1090,191747,03:30,4.11,SOURCE_SYSTEM_ERROR,True,False,0.57
INC-002588,2026-01-21,SCORING_ENGINE,NULL_CHECK,CHECK_650,MEDIUM,CLOSED,1220,1126,07:21,6.1,NETWORK_TIMEOUT,False,False,108.35
INC-002589,2025-12-03,SCORING_ENGINE,CONSISTENCY_CHECK,CHECK_948,LOW,RESOLVED,721,5255,01:52,22.04,UNKNOWN,True,False,13.72
INC-002590,2026-03-13,MOBILE_APP,CONSISTENCY_CHECK,CHECK_819,LOW,CLOSED,82,53007,10:33,6.92,DATA_DRIFT,False,False,0.15
INC-002591,2025-10-07,SCORING_ENGINE,FORMAT_CHECK,CHECK_999,HIGH,RESOLVED,12584,52092,07:04,3.27,MANUAL_DATA_ENTRY,False,False,24.16
INC-002592,2025-10-21,SCORING_ENGINE,COMPLETENESS_CHECK,CHECK_859,LOW,OPEN,158,5253,19:39,,CONFIGURATION_ERROR,True,False,3.01
INC-002593,2026-02-02,MOBILE_APP,NULL_CHECK,CHECK_893,MEDIUM,RESOLVED,68,148970,14:48,21.99,MANUAL_DATA_ENTRY,True,True,0.05
INC-002594,2026-01-09,LOAN_REGISTRY,NULL_CHECK,CHECK_545,LOW,RESOLVED,9,15755,03:40,6.81,DATABASE_CORRUPTION,False,False,0.06
INC-002595,2025-12-12,CRM_CLIENTS,CONSISTENCY_CHECK,CHECK_762,LOW,RESOLVED,74,15038,14:37,1.71,NETWORK_TIMEOUT,False,False,0.49
INC-002596,2026-01-07,INTERNET_BANK,SCHEMA_VALIDATION,CHECK_936,MEDIUM,CLOSED,356,18829,03:05,5.8,NETWORK_TIMEOUT,False,True,1.89
INC-002597,2025-09-11,PAYMENT_SYSTEM,NULL_CHECK,CHECK_173,LOW,OPEN,6,320376,01:58,,API_INTEGRATION_ISSUE,False,False,0.0
INC-002598,2025-09-12,FRAUD_DETECTION,CONSISTENCY_CHECK,CHECK_864,MEDIUM,IN_PROGRESS,22,194445,01:24,,NETWORK_TIMEOUT,False,False,0.01
INC-002599,2025-09-10,PAYMENT_SYSTEM,NULL_CHECK,CHECK_802,HIGH,CLOSED,58,951957,10:56,6.3,NETWORK_TIMEOUT,False,False,0.01
INC-002600,2025-10-06,PAYMENT_SYSTEM,CONSISTENCY_CHECK,CHECK_257,LOW,RESOLVED,31,66234,22:04,12.53,MANUAL_DATA_ENTRY,False,False,0.05
INC-002601,2026-03-02,CREDIT_BUREAU,FORMAT_CHECK,CHECK_124,LOW,CLOSED,26,1047396,04:03,0.98,MANUAL_DATA_ENTRY,False,False,0.0
INC-002602,2025-11-25,CRM_CLIENTS,COMPLETENESS_CHECK,CHECK_570,MEDIUM,CLOSED,1407,35461,14:03,5.08,SCHEMA_CHANGE,False,False,3.97
INC-002603,2025-12-31,CREDIT_BUREAU,CONSISTENCY_CHECK,CHECK_834,MEDIUM,REOPENED,5,17105,09:39,33.88,SCHEMA_CHANGE,False,False,0.03
INC-002604,2026-01-11,CRM_CLIENTS,NULL_CHECK,CHECK_439,MEDIUM,CLOSED,210,9170,20:27,0.37,MANUAL_DATA_ENTRY,False,True,2.29
INC-002605,2025-12-26,MOBILE_APP,REFERENTIAL_INTEGRITY,CHECK_138,LOW,OPEN,419,15484,02:06,,CONFIGURATION_ERROR,False,False,2.71
INC-002606,2025-10-09,MOBILE_APP,COMPLETENESS_CHECK,CHECK_189,HIGH,RESOLVED,56,17079,21:03,22.09,BUSINESS_LOGIC_ERROR,False,False,0.33
INC-002607,2026-02-03,INTERNET_BANK,FORMAT_CHECK,CHECK_175,MEDIUM,IN_PROGRESS,94,5589,17:03,,UNKNOWN,True,False,1.68
INC-002608,2026-01-10,CRM_CLIENTS,CONSISTENCY_CHECK,CHECK_155,MEDIUM,CLOSED,136,6759,09:54,2.9,API_INTEGRATION_ISSUE,False,True,2.01
INC-002609,2025-10-06,SCORING_ENGINE,REFERENTIAL_INTEGRITY,CHECK_282,MEDIUM,IN_PROGRESS,527,74242,12:25,,DATABASE_CORRUPTION,False,False,0.71
INC-002610,2025-11-23,LOAN_REGISTRY,CONSISTENCY_CHECK,CHECK_913,MEDIUM,RESOLVED,3169,8298,03:39,17.33,BUSINESS_LOGIC_ERROR,False,False,38.19
INC-002611,2026-02-04,INTERNET_BANK,SCHEMA_VALIDATION,CHECK_357,HIGH,IN_PROGRESS,11,734,13:14,,SCHEMA_CHANGE,False,False,1.5
INC-002612,2025-11-21,INTERNET_BANK,NULL_CHECK,CHECK_671,HIGH,CLOSED,23,663,19:50,2.86,NETWORK_TIMEOUT,False,True,3.47
INC-002613,2025-10-12,SCORING_ENGINE,FRESHNESS_CHECK,CHECK_172,MEDIUM,RESOLVED,26,332,21:39,11.65,MANUAL_DATA_ENTRY,False,False,7.83
INC-002614,2025-12-10,LOAN_REGISTRY,ACCURACY_CHECK,CHECK_688,LOW,REOPENED,144,1293,00:29,6.52,SCHEMA_CHANGE,False,False,11.14
INC-002615,2026-02-05,CREDIT_BUREAU,DUPLICATE_CHECK,CHECK_941,HIGH,OPEN,66,1998,12:29,,NETWORK_TIMEOUT,False,False,3.3
INC-002616,2026-03-09,LOAN_REGISTRY,SCHEMA_VALIDATION,CHECK_333,LOW,IN_PROGRESS,562,3139,13:56,,DATA_DRIFT,False,False,17.9
INC-002617,2025-11-16,CREDIT_BUREAU,REFERENTIAL_INTEGRITY,CHECK_364,LOW,IN_PROGRESS,39,39029,19:39,,SOURCE_SYSTEM_ERROR,False,False,0.1
INC-002618,2026-01-30,MOBILE_APP,SCHEMA_VALIDATION,CHECK_517,LOW,CLOSED,25,1730,03:21,25.61,NETWORK_TIMEOUT,False,False,1.45
INC-002619,2025-11-26,PAYMENT_SYSTEM,RANGE_CHECK,CHECK_497,LOW,CLOSED,32,3502,20:43,12.97,BUSINESS_LOGIC_ERROR,False,False,0.91
INC-002620,2026-01-08,MOBILE_APP,CONSISTENCY_CHECK,CHECK_561,MEDIUM,OPEN,187,564,00:29,,ETL_PIPELINE_FAILURE,False,False,33.16
INC-002621,2026-01-09,MOBILE_APP,CONSISTENCY_CHECK,CHECK_745,MEDIUM,OPEN,1020,5879,16:21,,NETWORK_TIMEOUT,False,False,17.35
INC-002622,2026-01-15,PAYMENT_SYSTEM,DUPLICATE_CHECK,CHECK_514,MEDIUM,CLOSED,135,93692,18:12,8.81,CONFIGURATION_ERROR,False,False,0.14
INC-002623,2026-01-04,LOAN_REGISTRY,DUPLICATE_CHECK,CHECK_543,MEDIUM,IN_PROGRESS,48,21020,03:06,,ETL_PIPELINE_FAILURE,False,False,0.23
INC-002624,2026-03-01,INTERNET_BANK,RANGE_CHECK,CHECK_423,LOW,IN_PROGRESS,18,25951,00:38,,DATA_DRIFT,True,True,0.07
INC-002625,2026-01-23,LOAN_REGISTRY,NULL_CHECK,CHECK_117,LOW,OPEN,2760,21940,22:04,,CONFIGURATION_ERROR,True,False,12.58
INC-002626,2025-11-16,CREDIT_BUREAU,ACCURACY_CHECK,CHECK_498,LOW,OPEN,4,1686,18:50,,CONFIGURATION_ERROR,False,False,0.24
INC-002627,2025-12-31,SCORING_ENGINE,FRESHNESS_CHECK,CHECK_789,HIGH,RESOLVED,102,9725,06:57,41.37,DATA_DRIFT,False,False,1.05
INC-002628,2025-09-05,CREDIT_BUREAU,FRESHNESS_CHECK,CHECK_221,LOW,OPEN,651,34267,18:08,,SCHEMA_CHANGE,False,False,1.9
INC-002629,2025-12-04,SCORING_ENGINE,FORMAT_CHECK,CHECK_647,MEDIUM,RESOLVED,99,153140,20:32,2.77,API_INTEGRATION_ISSUE,False,False,0.06
INC-002630,2025-11-24,MOBILE_APP,FORMAT_CHECK,CHECK_106,MEDIUM,CLOSED,47,45579,08:22,17.85,DATA_DRIFT,False,True,0.1
INC-002631,2026-02-20,PAYMENT_SYSTEM,NULL_CHECK,CHECK_756,MEDIUM,RESOLVED,433,128183,13:30,0.1,BUSINESS_LOGIC_ERROR,False,False,0.34
INC-002632,2025-09-29,MOBILE_APP,FORMAT_CHECK,CHECK_837,LOW,CLOSED,16,2508,23:39,1.67,ETL_PIPELINE_FAILURE,False,False,0.64
INC-002633,2025-12-16,CRM_CLIENTS,FORMAT_CHECK,CHECK_733,MEDIUM,OPEN,4,1089,14:11,,NETWORK_TIMEOUT,False,False,0.37
INC-002634,2026-01-28,LOAN_REGISTRY,RANGE_CHECK,CHECK_164,LOW,CLOSED,300,661,07:08,10.91,API_INTEGRATION_ISSUE,False,False,45.39
INC-002635,2025-11-18,SCORING_ENGINE,RANGE_CHECK,CHECK_874,LOW,RESOLVED,20,112885,01:03,2.6,ETL_PIPELINE_FAILURE,False,False,0.02
INC-002636,2026-03-05,CREDIT_BUREAU,FORMAT_CHECK,CHECK_863,LOW,CLOSED,193,1237,04:19,5.45,UNKNOWN,False,False,15.6
INC-002637,2026-02-24,PAYMENT_SYSTEM,SCHEMA_VALIDATION,CHECK_699,HIGH,IN_PROGRESS,115,184132,18:27,,DATA_DRIFT,False,False,0.06
INC-002638,2026-02-09,SCORING_ENGINE,COMPLETENESS_CHECK,CHECK_146,LOW,CLOSED,250,9027,16:41,4.94,API_INTEGRATION_ISSUE,False,False,2.77
INC-002639,2025-09-07,CREDIT_BUREAU,COMPLETENESS_CHECK,CHECK_817,LOW,IN_PROGRESS,94,620027,11:19,,CONFIGURATION_ERROR,False,False,0.02
INC-002640,2026-01-31,LOAN_REGISTRY,NULL_CHECK,CHECK_968,HIGH,RESOLVED,447,8980,18:56,71.32,SCHEMA_CHANGE,False,False,4.98
INC-002641,2025-12-31,MOBILE_APP,FRESHNESS_CHECK,CHECK_174,HIGH,REOPENED,36,10020,17:49,13.89,SOURCE_SYSTEM_ERROR,False,False,0.36
INC-002642,2025-11-07,LOAN_REGISTRY,DUPLICATE_CHECK,CHECK_466,HIGH,CLOSED,708,25183,04:09,10.19,SOURCE_SYSTEM_ERROR,False,False,2.81
INC-002643,2026-02-15,FRAUD_DETECTION,NULL_CHECK,CHECK_614,CRITICAL,RESOLVED,12,9611,15:19,14.79,DATA_DRIFT,False,False,0.12
INC-002644,2026-01-27,CRM_CLIENTS,FORMAT_CHECK,CHECK_208,MEDIUM,CLOSED,1548,50824,19:21,17.72,DATABASE_CORRUPTION,False,False,3.05
INC-002645,2026-01-26,FRAUD_DETECTION,RANGE_CHECK,CHECK_396,LOW,RESOLVED,8984,2725,09:23,16.12,UNKNOWN,False,False,329.69
INC-002646,2025-10-29,PAYMENT_SYSTEM,CONSISTENCY_CHECK,CHECK_905,MEDIUM,OPEN,184,31973,00:33,,SCHEMA_CHANGE,False,False,0.58
INC-002647,2026-03-04,SCORING_ENGINE,SCHEMA_VALIDATION,CHECK_802,MEDIUM,REOPENED,3423,4906,18:42,4.46,UNKNOWN,False,False,69.77
INC-002648,2025-09-14,PAYMENT_SYSTEM,REFERENTIAL_INTEGRITY,CHECK_408,LOW,RESOLVED,5749,14602,21:09,5.05,SOURCE_SYSTEM_ERROR,False,False,39.37
INC-002649,2026-01-28,MOBILE_APP,RANGE_CHECK,CHECK_721,MEDIUM,CLOSED,78,1407,01:15,5.53,DATABASE_CORRUPTION,False,True,5.54
INC-002650,2026-01-01,CREDIT_BUREAU,COMPLETENESS_CHECK,CHECK_188,LOW,IN_PROGRESS,163,126069,16:52,,CONFIGURATION_ERROR,True,False,0.13
INC-002651,2025-10-14,LOAN_REGISTRY,RANGE_CHECK,CHECK_388,MEDIUM,CLOSED,29,10811,17:54,18.56,API_INTEGRATION_ISSUE,False,False,0.27
INC-002652,2026-01-13,FRAUD_DETECTION,SCHEMA_VALIDATION,CHECK_883,MEDIUM,RESOLVED,33,137606,01:27,16.52,SOURCE_SYSTEM_ERROR,True,False,0.02
INC-002653,2026-02-09,INTERNET_BANK,DUPLICATE_CHECK,CHECK_548,MEDIUM,REOPENED,236,5044,11:12,0.06,CONFIGURATION_ERROR,False,False,4.68
INC-002654,2026-03-04,FRAUD_DETECTION,FORMAT_CHECK,CHECK_490,MEDIUM,CLOSED,5,21630,06:40,4.22,CONFIGURATION_ERROR,False,True,0.02
INC-002655,2026-02-06,MOBILE_APP,CONSISTENCY_CHECK,CHECK_504,HIGH,OPEN,788,140347,06:50,,API_INTEGRATION_ISSUE,False,False,0.56
INC-002656,2025-12-07,FRAUD_DETECTION,COMPLETENESS_CHECK,CHECK_941,LOW,CLOSED,207,2098,02:21,1.54,SOURCE_SYSTEM_ERROR,False,False,9.87
INC-002657,2025-10-08,MOBILE_APP,COMPLETENESS_CHECK,CHECK_776,MEDIUM,IN_PROGRESS,579,3771,06:42,,CONFIGURATION_ERROR,False,False,15.35
INC-002658,2026-02-22,INTERNET_BANK,ACCURACY_CHECK,CHECK_131,LOW,CLOSED,103,111428,15:44,21.15,CONFIGURATION_ERROR,False,False,0.09
INC-002659,2025-11-02,PAYMENT_SYSTEM,FRESHNESS_CHECK,CHECK_585,MEDIUM,CLOSED,569,326069,22:29,7.23,DATA_DRIFT,False,False,0.17
INC-002660,2025-09-09,LOAN_REGISTRY,DUPLICATE_CHECK,CHECK_260,HIGH,RESOLVED,243,22752,19:44,23.23,ETL_PIPELINE_FAILURE,False,False,1.07
INC-002661,2026-01-25,SCORING_ENGINE,COMPLETENESS_CHECK,CHECK_646,LOW,CLOSED,409,3168,10:54,20.82,SCHEMA_CHANGE,False,False,12.91
INC-002662,2026-02-27,CREDIT_BUREAU,FRESHNESS_CHECK,CHECK_325,HIGH,IN_PROGRESS,900,11662,18:36,,ETL_PIPELINE_FAILURE,False,False,7.72
INC-002663,2025-09-29,SCORING_ENGINE,COMPLETENESS_CHECK,CHECK_239,LOW,RESOLVED,11,1131856,10:39,0.59,UNKNOWN,False,False,0.0
INC-002664,2025-10-19,PAYMENT_SYSTEM,FORMAT_CHECK,CHECK_864,LOW,RESOLVED,36,1529,09:26,2.47,MANUAL_DATA_ENTRY,False,True,2.35
INC-002665,2025-09-05,CREDIT_BUREAU,FRESHNESS_CHECK,CHECK_500,LOW,CLOSED,15209,63320,10:10,4.21,SCHEMA_CHANGE,False,False,24.02
INC-002666,2025-12-22,FRAUD_DETECTION,SCHEMA_VALIDATION,CHECK_915,CRITICAL,OPEN,224,28312,03:29,,API_INTEGRATION_ISSUE,True,False,0.79
INC-002667,2025-11-20,INTERNET_BANK,ACCURACY_CHECK,CHECK_916,MEDIUM,CLOSED,4,2180,01:31,7.97,NETWORK_TIMEOUT,False,False,0.18
INC-002668,2025-12-17,INTERNET_BANK,FORMAT_CHECK,CHECK_969,LOW,OPEN,4,11759,07:58,,ETL_PIPELINE_FAILURE,False,False,0.03
INC-002669,2025-10-09,CRM_CLIENTS,SCHEMA_VALIDATION,CHECK_658,LOW,CLOSED,127,596,00:40,36.24,ETL_PIPELINE_FAILURE,False,False,21.31
INC-002670,2025-12-15,PAYMENT_SYSTEM,CONSISTENCY_CHECK,CHECK_402,HIGH,OPEN,52,39200,07:44,,DATABASE_CORRUPTION,False,False,0.13
INC-002671,2026-02-24,PAYMENT_SYSTEM,DUPLICATE_CHECK,CHECK_749,MEDIUM,CLOSED,29,52367,07:29,7.34,BUSINESS_LOGIC_ERROR,False,False,0.06
INC-002672,2025-10-23,LOAN_REGISTRY,DUPLICATE_CHECK,CHECK_247,MEDIUM,IN_PROGRESS,5357,1433,19:13,,MANUAL_DATA_ENTRY,False,False,373.83
INC-002673,2025-12-15,SCORING_ENGINE,REFERENTIAL_INTEGRITY,CHECK_405,HIGH,RESOLVED,70,67054,07:30,3.15,NETWORK_TIMEOUT,True,False,0.1
INC-002674,2026-01-07,PAYMENT_SYSTEM,REFERENTIAL_INTEGRITY,CHECK_793,MEDIUM,RESOLVED,766,5823,23:49,6.19,BUSINESS_LOGIC_ERROR,False,True,13.15
INC-002675,2026-02-04,PAYMENT_SYSTEM,FRESHNESS_CHECK,CHECK_914,MEDIUM,CLOSED,244,4859,10:51,24.59,SOURCE_SYSTEM_ERROR,False,True,5.02
INC-002676,2025-12-30,FRAUD_DETECTION,DUPLICATE_CHECK,CHECK_987,LOW,RESOLVED,82,3131,23:24,0.36,DATABASE_CORRUPTION,True,False,2.62
INC-002677,2026-03-08,FRAUD_DETECTION,FRESHNESS_CHECK,CHECK_846,LOW,CLOSED,15,82722,06:25,9.13,CONFIGURATION_ERROR,False,False,0.02
INC-002678,2026-03-06,CREDIT_BUREAU,REFERENTIAL_INTEGRITY,CHECK_763,LOW,RESOLVED,691,774,05:52,24.74,CONFIGURATION_ERROR,False,False,89.28
INC-002679,2025-09-16,MOBILE_APP,CONSISTENCY_CHECK,CHECK_482,MEDIUM,CLOSED,1,917,00:23,1.56,BUSINESS_LOGIC_ERROR,False,False,0.11
INC-002680,2026-02-28,MOBILE_APP,COMPLETENESS_CHECK,CHECK_111,MEDIUM,OPEN,846,6739,00:04,,BUSINESS_LOGIC_ERROR,False,False,12.55
INC-002681,2025-10-06,CRM_CLIENTS,SCHEMA_VALIDATION,CHECK_666,LOW,RESOLVED,200,7221,11:01,0.15,CONFIGURATION_ERROR,False,False,2.77
INC-002682,2026-01-11,MOBILE_APP,RANGE_CHECK,CHECK_995,LOW,RESOLVED,511,77128,17:07,26.07,NETWORK_TIMEOUT,False,False,0.66
INC-002683,2025-10-24,LOAN_REGISTRY,FRESHNESS_CHECK,CHECK_668,LOW,OPEN,150,18356,04:18,,CONFIGURATION_ERROR,False,False,0.82
INC-002684,2026-01-22,CRM_CLIENTS,CONSISTENCY_CHECK,CHECK_244,LOW,IN_PROGRESS,12,18419,14:12,,DATA_DRIFT,False,False,0.07
INC-002685,2025-11-23,CREDIT_BUREAU,SCHEMA_VALIDATION,CHECK_226,MEDIUM,CLOSED,331,862,20:37,2.05,MANUAL_DATA_ENTRY,False,True,38.4
INC-002686,2026-02-17,FRAUD_DETECTION,DUPLICATE_CHECK,CHECK_142,LOW,REOPENED,810,13894,11:02,14.49,ETL_PIPELINE_FAILURE,False,False,5.83
INC-002687,2026-01-01,MOBILE_APP,COMPLETENESS_CHECK,CHECK_105,MEDIUM,CLOSED,56,178,00:12,24.55,UNKNOWN,False,False,31.46
INC-002688,2026-01-13,SCORING_ENGINE,SCHEMA_VALIDATION,CHECK_686,MEDIUM,RESOLVED,552,35415,06:18,12.3,CONFIGURATION_ERROR,False,False,1.56
INC-002689,2025-12-06,FRAUD_DETECTION,ACCURACY_CHECK,CHECK_710,LOW,RESOLVED,268,85355,05:14,31.69,DATA_DRIFT,False,False,0.31
INC-002690,2025-11-20,INTERNET_BANK,REFERENTIAL_INTEGRITY,CHECK_503,HIGH,CLOSED,365,4632,08:46,22.18,CONFIGURATION_ERROR,False,False,7.88
INC-002691,2025-10-15,LOAN_REGISTRY,SCHEMA_VALIDATION,CHECK_650,CRITICAL,IN_PROGRESS,26,46661,05:21,,NETWORK_TIMEOUT,False,False,0.06
INC-002692,2025-12-27,FRAUD_DETECTION,RANGE_CHECK,CHECK_660,MEDIUM,CLOSED,1928,9153,17:15,13.28,SOURCE_SYSTEM_ERROR,False,False,21.06
INC-002693,2026-01-15,LOAN_REGISTRY,CONSISTENCY_CHECK,CHECK_187,MEDIUM,IN_PROGRESS,268,258908,05:12,,DATA_DRIFT,False,False,0.1
INC-002694,2025-11-27,LOAN_REGISTRY,COMPLETENESS_CHECK,CHECK_412,LOW,REOPENED,783,34753,00:11,7.27,MANUAL_DATA_ENTRY,False,False,2.25
INC-002695,2026-01-18,LOAN_REGISTRY,FORMAT_CHECK,CHECK_315,HIGH,RESOLVED,68,2759,08:58,1.18,UNKNOWN,True,False,2.46
INC-002696,2025-11-30,CREDIT_BUREAU,SCHEMA_VALIDATION,CHECK_866,HIGH,CLOSED,1058,229107,03:01,3.98,SCHEMA_CHANGE,False,False,0.46
INC-002697,2026-02-21,LOAN_REGISTRY,NULL_CHECK,CHECK_859,HIGH,OPEN,63,115155,21:08,,DATA_DRIFT,False,False,0.05
INC-002698,2026-03-04,LOAN_REGISTRY,RANGE_CHECK,CHECK_843,CRITICAL,CLOSED,24,9659,12:41,2.96,API_INTEGRATION_ISSUE,False,False,0.25
INC-002699,2026-02-22,INTERNET_BANK,RANGE_CHECK,CHECK_452,HIGH,RESOLVED,5134,59339,03:21,12.51,API_INTEGRATION_ISSUE,False,False,8.65
INC-002700,2026-02-12,SCORING_ENGINE,NULL_CHECK,CHECK_316,LOW,CLOSED,1,57472,06:19,30.77,SCHEMA_CHANGE,True,False,0.0
INC-002701,2026-02-25,CRM_CLIENTS,ACCURACY_CHECK,CHECK_522,MEDIUM,CLOSED,58675,9403,14:15,0.06,BUSINESS_LOGIC_ERROR,False,False,624.0
INC-002702,2025-11-07,PAYMENT_SYSTEM,FORMAT_CHECK,CHECK_761,LOW,IN_PROGRESS,603,25116,11:51,,UNKNOWN,False,True,2.4
INC-002703,2026-02-04,INTERNET_BANK,REFERENTIAL_INTEGRITY,CHECK_971,LOW,RESOLVED,79,35919,11:42,12.3,API_INTEGRATION_ISSUE,False,True,0.22
INC-002704,2026-01-02,CRM_CLIENTS,CONSISTENCY_CHECK,CHECK_624,LOW,RESOLVED,284,5702,05:33,0.57,BUSINESS_LOGIC_ERROR,True,False,4.98
INC-002705,2025-10-20,LOAN_REGISTRY,COMPLETENESS_CHECK,CHECK_245,HIGH,RESOLVED,604,325490,19:56,18.74,UNKNOWN,False,False,0.19
INC-002706,2025-11-03,SCORING_ENGINE,CONSISTENCY_CHECK,CHECK_264,HIGH,RESOLVED,76,422,13:56,3.05,CONFIGURATION_ERROR,False,False,18.01
INC-002707,2025-11-11,FRAUD_DETECTION,FORMAT_CHECK,CHECK_288,LOW,RESOLVED,8694,85295,22:04,3.71,CONFIGURATION_ERROR,False,False,10.19
INC-002708,2026-01-21,SCORING_ENGINE,CONSISTENCY_CHECK,CHECK_326,MEDIUM,RESOLVED,2838,1926,03:09,1.18,ETL_PIPELINE_FAILURE,False,True,147.35
INC-002709,2025-11-16,INTERNET_BANK,NULL_CHECK,CHECK_731,LOW,CLOSED,34670,13533,04:50,9.17,API_INTEGRATION_ISSUE,False,False,256.19
INC-002710,2025-10-28,LOAN_REGISTRY,RANGE_CHECK,CHECK_954,LOW,CLOSED,12,901,06:12,8.28,SCHEMA_CHANGE,False,False,1.33
INC-002711,2025-11-16,SCORING_ENGINE,CONSISTENCY_CHECK,CHECK_358,LOW,IN_PROGRESS,228,1574,17:24,,ETL_PIPELINE_FAILURE,False,False,14.49
INC-002712,2025-11-13,MOBILE_APP,FRESHNESS_CHECK,CHECK_298,LOW,CLOSED,9,18505,22:23,2.22,MANUAL_DATA_ENTRY,False,False,0.05
INC-002713,2026-02-28,SCORING_ENGINE,SCHEMA_VALIDATION,CHECK_217,MEDIUM,CLOSED,16,25475,10:38,21.84,DATA_DRIFT,False,False,0.06
INC-002714,2025-10-24,LOAN_REGISTRY,FORMAT_CHECK,CHECK_285,MEDIUM,RESOLVED,77,183432,13:40,25.09,API_INTEGRATION_ISSUE,False,False,0.04
INC-002715,2026-02-24,CREDIT_BUREAU,ACCURACY_CHECK,CHECK_787,LOW,RESOLVED,80,9915,07:58,9.33,UNKNOWN,False,True,0.81
INC-002716,2026-02-28,MOBILE_APP,FRESHNESS_CHECK,CHECK_918,MEDIUM,RESOLVED,311,75569,01:48,3.36,DATABASE_CORRUPTION,False,False,0.41
INC-002717,2026-01-04,SCORING_ENGINE,NULL_CHECK,CHECK_680,HIGH,CLOSED,118,21579,19:37,1.21,SCHEMA_CHANGE,False,False,0.55
INC-002718,2025-11-21,PAYMENT_SYSTEM,DUPLICATE_CHECK,CHECK_972,LOW,CLOSED,735,69972,06:54,24.35,SCHEMA_CHANGE,False,False,1.05
INC-002719,2026-01-01,PAYMENT_SYSTEM,NULL_CHECK,CHECK_155,MEDIUM,IN_PROGRESS,280,2480,17:18,,MANUAL_DATA_ENTRY,True,True,11.29
INC-002720,2025-11-29,SCORING_ENGINE,ACCURACY_CHECK,CHECK_971,LOW,CLOSED,4004,26307,04:20,0.16,API_INTEGRATION_ISSUE,False,False,15.22
INC-002721,2026-01-22,CREDIT_BUREAU,ACCURACY_CHECK,CHECK_869,LOW,RESOLVED,778,46464,07:03,7.6,UNKNOWN,False,False,1.67
INC-002722,2026-03-04,FRAUD_DETECTION,FRESHNESS_CHECK,CHECK_662,MEDIUM,OPEN,14,8157,20:50,,NETWORK_TIMEOUT,False,False,0.17
INC-002723,2025-11-10,LOAN_REGISTRY,SCHEMA_VALIDATION,CHECK_572,LOW,CLOSED,110,47186,08:55,7.34,API_INTEGRATION_ISSUE,False,False,0.23
INC-002724,2025-11-13,PAYMENT_SYSTEM,FORMAT_CHECK,CHECK_760,LOW,CLOSED,126,57062,04:54,0.63,NETWORK_TIMEOUT,True,False,0.22
INC-002725,2025-10-02,FRAUD_DETECTION,REFERENTIAL_INTEGRITY,CHECK_662,LOW,RESOLVED,357,7819,16:37,14.06,BUSINESS_LOGIC_ERROR,False,False,4.57
INC-002726,2026-01-25,SCORING_ENGINE,RANGE_CHECK,CHECK_174,MEDIUM,RESOLVED,1274,103865,15:13,12.34,SCHEMA_CHANGE,True,False,1.23
INC-002727,2026-02-21,INTERNET_BANK,FRESHNESS_CHECK,CHECK_397,MEDIUM,CLOSED,261,220,23:05,13.73,CONFIGURATION_ERROR,False,False,118.64
INC-002728,2026-01-18,FRAUD_DETECTION,ACCURACY_CHECK,CHECK_787,LOW,CLOSED,471,477,15:50,2.85,SOURCE_SYSTEM_ERROR,True,False,98.74
INC-002729,2025-12-07,MOBILE_APP,DUPLICATE_CHECK,CHECK_168,HIGH,CLOSED,15,2783,21:39,19.06,BUSINESS_LOGIC_ERROR,False,False,0.54
INC-002730,2025-12-11,CRM_CLIENTS,COMPLETENESS_CHECK,CHECK_356,MEDIUM,OPEN,59,38665,02:10,,NETWORK_TIMEOUT,False,False,0.15
INC-002731,2025-11-28,PAYMENT_SYSTEM,ACCURACY_CHECK,CHECK_200,LOW,IN_PROGRESS,3,4866,16:24,,SCHEMA_CHANGE,False,False,0.06
INC-002732,2025-10-08,SCORING_ENGINE,SCHEMA_VALIDATION,CHECK_302,MEDIUM,RESOLVED,359,1517,20:48,9.47,CONFIGURATION_ERROR,False,False,23.67
INC-002733,2025-11-14,INTERNET_BANK,SCHEMA_VALIDATION,CHECK_843,MEDIUM,RESOLVED,798,18450,16:23,4.06,DATABASE_CORRUPTION,False,False,4.33
INC-002734,2025-09-11,LOAN_REGISTRY,ACCURACY_CHECK,CHECK_694,HIGH,CLOSED,10,26923,15:33,3.45,NETWORK_TIMEOUT,False,False,0.04
INC-002735,2025-11-13,INTERNET_BANK,SCHEMA_VALIDATION,CHECK_598,MEDIUM,RESOLVED,203,6166,14:11,0.06,ETL_PIPELINE_FAILURE,False,False,3.29
INC-002736,2026-03-02,CREDIT_BUREAU,FRESHNESS_CHECK,CHECK_438,LOW,RESOLVED,120,2061,10:45,6.06,SOURCE_SYSTEM_ERROR,False,False,5.82
INC-002737,2025-09-21,MOBILE_APP,ACCURACY_CHECK,CHECK_465,MEDIUM,RESOLVED,4345,22341,11:33,7.97,BUSINESS_LOGIC_ERROR,False,False,19.45
INC-002738,2025-11-28,SCORING_ENGINE,ACCURACY_CHECK,CHECK_231,CRITICAL,RESOLVED,24,107999,22:30,16.29,NETWORK_TIMEOUT,True,False,0.02
INC-002739,2025-12-23,LOAN_REGISTRY,FORMAT_CHECK,CHECK_787,LOW,CLOSED,931,1942,22:31,0.83,CONFIGURATION_ERROR,True,False,47.94
INC-002740,2026-02-15,CREDIT_BUREAU,RANGE_CHECK,CHECK_771,LOW,CLOSED,1459,520174,15:17,30.92,SOURCE_SYSTEM_ERROR,False,False,0.28
INC-002741,2025-11-05,CREDIT_BUREAU,DUPLICATE_CHECK,CHECK_340,LOW,IN_PROGRESS,100,7092,18:25,,SCHEMA_CHANGE,False,False,1.41
INC-002742,2026-03-11,SCORING_ENGINE,SCHEMA_VALIDATION,CHECK_202,HIGH,CLOSED,266,6164,20:58,5.48,MANUAL_DATA_ENTRY,False,False,4.32
INC-002743,2026-01-01,MOBILE_APP,FORMAT_CHECK,CHECK_391,MEDIUM,CLOSED,1280,28812,18:41,0.59,MANUAL_DATA_ENTRY,False,False,4.44
INC-002744,2025-10-25,FRAUD_DETECTION,REFERENTIAL_INTEGRITY,CHECK_734,LOW,CLOSED,16,27080,01:13,12.71,MANUAL_DATA_ENTRY,False,False,0.06
INC-002745,2025-10-22,FRAUD_DETECTION,REFERENTIAL_INTEGRITY,CHECK_171,MEDIUM,IN_PROGRESS,63,252,07:57,,UNKNOWN,False,True,25.0
INC-002746,2026-01-16,CREDIT_BUREAU,CONSISTENCY_CHECK,CHECK_298,LOW,RESOLVED,215,17741,06:28,31.71,DATA_DRIFT,False,False,1.21
INC-002747,2025-11-09,FRAUD_DETECTION,FRESHNESS_CHECK,CHECK_425,MEDIUM,IN_PROGRESS,9210,69982,07:25,,MANUAL_DATA_ENTRY,False,False,13.16
INC-002748,2026-01-22,CRM_CLIENTS,FRESHNESS_CHECK,CHECK_597,MEDIUM,CLOSED,66,172103,06:19,3.57,SCHEMA_CHANGE,True,False,0.04
INC-002749,2026-02-26,CREDIT_BUREAU,NULL_CHECK,CHECK_561,LOW,CLOSED,86,17474,13:56,15.54,MANUAL_DATA_ENTRY,False,False,0.49
INC-002750,2025-11-09,CREDIT_BUREAU,DUPLICATE_CHECK,CHECK_436,LOW,RESOLVED,3275,10805,12:36,14.72,NETWORK_TIMEOUT,False,False,30.31
INC-002751,2025-10-06,LOAN_REGISTRY,ACCURACY_CHECK,CHECK_731,LOW,RESOLVED,558,93841,05:59,33.2,MANUAL_DATA_ENTRY,False,False,0.59
INC-002752,2025-09-28,FRAUD_DETECTION,SCHEMA_VALIDATION,CHECK_775,MEDIUM,IN_PROGRESS,11673,792969,11:16,,DATABASE_CORRUPTION,False,False,1.47
INC-002753,2026-02-05,MOBILE_APP,DUPLICATE_CHECK,CHECK_413,HIGH,IN_PROGRESS,1321,26557,17:05,,DATABASE_CORRUPTION,False,True,4.97
INC-002754,2026-03-09,CREDIT_BUREAU,CONSISTENCY_CHECK,CHECK_810,MEDIUM,REOPENED,110,15293,04:48,0.83,DATA_DRIFT,False,False,0.72
INC-002755,2026-01-29,INTERNET_BANK,NULL_CHECK,CHECK_698,MEDIUM,IN_PROGRESS,83,272046,02:18,,MANUAL_DATA_ENTRY,False,False,0.03
INC-002756,2025-11-01,MOBILE_APP,FORMAT_CHECK,CHECK_256,HIGH,OPEN,28,2299,14:33,,SCHEMA_CHANGE,False,False,1.22
INC-002757,2025-11-02,CRM_CLIENTS,DUPLICATE_CHECK,CHECK_679,HIGH,REOPENED,10,24966,11:14,12.71,MANUAL_DATA_ENTRY,False,False,0.04
INC-002758,2025-09-13,LOAN_REGISTRY,FORMAT_CHECK,CHECK_680,HIGH,RESOLVED,293,2717719,18:02,11.04,DATABASE_CORRUPTION,False,False,0.01
INC-002759,2026-02-19,SCORING_ENGINE,REFERENTIAL_INTEGRITY,CHECK_473,LOW,CLOSED,520,54543,14:32,0.6,SCHEMA_CHANGE,False,False,0.95
INC-002760,2026-01-14,MOBILE_APP,SCHEMA_VALIDATION,CHECK_927,LOW,OPEN,661,102085,19:21,,MANUAL_DATA_ENTRY,False,False,0.65
INC-002761,2025-10-28,CREDIT_BUREAU,CONSISTENCY_CHECK,CHECK_423,LOW,CLOSED,115,11414,13:28,6.03,NETWORK_TIMEOUT,False,False,1.01
INC-002762,2026-02-11,CRM_CLIENTS,ACCURACY_CHECK,CHECK_538,HIGH,RESOLVED,7046,71154,14:27,3.42,DATA_DRIFT,False,False,9.9
INC-002763,2025-10-30,PAYMENT_SYSTEM,SCHEMA_VALIDATION,CHECK_272,LOW,CLOSED,9,250627,13:23,0.47,API_INTEGRATION_ISSUE,False,False,0.0
INC-002764,2025-09-14,CRM_CLIENTS,RANGE_CHECK,CHECK_104,HIGH,OPEN,7,1065,15:20,,BUSINESS_LOGIC_ERROR,False,True,0.66
INC-002765,2025-09-26,CRM_CLIENTS,FRESHNESS_CHECK,CHECK_420,MEDIUM,RESOLVED,28,18168,08:24,18.88,UNKNOWN,False,False,0.15
INC-002766,2025-12-15,LOAN_REGISTRY,CONSISTENCY_CHECK,CHECK_352,LOW,CLOSED,150,44333,00:11,5.36,SCHEMA_CHANGE,False,True,0.34
INC-002767,2025-11-24,SCORING_ENGINE,DUPLICATE_CHECK,CHECK_904,MEDIUM,RESOLVED,16,19678,14:14,4.69,SCHEMA_CHANGE,False,False,0.08
INC-002768,2026-03-03,PAYMENT_SYSTEM,SCHEMA_VALIDATION,CHECK_326,MEDIUM,CLOSED,2194,8314,08:41,34.12,API_INTEGRATION_ISSUE,False,False,26.39
INC-002769,2025-12-30,FRAUD_DETECTION,COMPLETENESS_CHECK,CHECK_829,HIGH,OPEN,33,358745,02:22,,API_INTEGRATION_ISSUE,False,False,0.01
INC-002770,2025-09-26,FRAUD_DETECTION,FRESHNESS_CHECK,CHECK_857,HIGH,IN_PROGRESS,23,33098,02:18,,DATA_DRIFT,False,False,0.07
INC-002771,2026-02-22,MOBILE_APP,FRESHNESS_CHECK,CHECK_756,LOW,CLOSED,1224,5419,16:32,7.92,SOURCE_SYSTEM_ERROR,True,False,22.59
INC-002772,2025-10-06,CRM_CLIENTS,COMPLETENESS_CHECK,CHECK_546,LOW,CLOSED,224,157701,17:41,34.69,DATA_DRIFT,False,False,0.14
INC-002773,2025-09-02,INTERNET_BANK,NULL_CHECK,CHECK_383,LOW,REOPENED,712,354867,02:50,6.0,DATABASE_CORRUPTION,False,False,0.2
INC-002774,2026-01-19,LOAN_REGISTRY,NULL_CHECK,CHECK_960,MEDIUM,CLOSED,134,215667,08:59,14.77,DATABASE_CORRUPTION,False,False,0.06
INC-002775,2025-10-11,INTERNET_BANK,COMPLETENESS_CHECK,CHECK_468,LOW,RESOLVED,255,9592,07:06,0.87,API_INTEGRATION_ISSUE,False,False,2.66
INC-002776,2025-12-14,LOAN_REGISTRY,RANGE_CHECK,CHECK_237,CRITICAL,CLOSED,8,10458,03:04,31.7,NETWORK_TIMEOUT,False,False,0.08
INC-002777,2026-02-15,FRAUD_DETECTION,REFERENTIAL_INTEGRITY,CHECK_795,HIGH,IN_PROGRESS,110,2751,11:02,,ETL_PIPELINE_FAILURE,False,False,4.0
INC-002778,2025-12-31,MOBILE_APP,COMPLETENESS_CHECK,CHECK_850,LOW,RESOLVED,18,36606,17:12,8.91,BUSINESS_LOGIC_ERROR,True,False,0.05
INC-002779,2026-01-01,MOBILE_APP,REFERENTIAL_INTEGRITY,CHECK_439,HIGH,RESOLVED,7396,198216,10:12,1.79,DATA_DRIFT,False,False,3.73
INC-002780,2026-02-14,MOBILE_APP,SCHEMA_VALIDATION,CHECK_998,LOW,IN_PROGRESS,1969,68074,21:21,,ETL_PIPELINE_FAILURE,False,False,2.89
INC-002781,2025-10-22,PAYMENT_SYSTEM,RANGE_CHECK,CHECK_591,HIGH,CLOSED,40,732442,08:19,13.41,MANUAL_DATA_ENTRY,False,False,0.01
INC-002782,2026-03-13,SCORING_ENGINE,CONSISTENCY_CHECK,CHECK_573,LOW,RESOLVED,97,454,23:52,0.67,SOURCE_SYSTEM_ERROR,False,True,21.37
INC-002783,2025-11-13,PAYMENT_SYSTEM,REFERENTIAL_INTEGRITY,CHECK_556,LOW,CLOSED,107,29154,21:54,2.02,MANUAL_DATA_ENTRY,False,False,0.37
INC-002784,2025-11-22,CREDIT_BUREAU,FRESHNESS_CHECK,CHECK_467,MEDIUM,RESOLVED,11024,116228,08:12,6.13,CONFIGURATION_ERROR,False,False,9.48
INC-002785,2025-11-13,CREDIT_BUREAU,SCHEMA_VALIDATION,CHECK_893,MEDIUM,RESOLVED,327,6517,22:38,2.93,SCHEMA_CHANGE,False,False,5.02
INC-002786,2026-02-13,INTERNET_BANK,FRESHNESS_CHECK,CHECK_412,LOW,IN_PROGRESS,63,2291,04:54,,API_INTEGRATION_ISSUE,False,False,2.75
INC-002787,2025-09-16,SCORING_ENGINE,RANGE_CHECK,CHECK_598,MEDIUM,CLOSED,199,1969,22:47,71.86,MANUAL_DATA_ENTRY,False,False,10.11
INC-002788,2025-09-23,FRAUD_DETECTION,REFERENTIAL_INTEGRITY,CHECK_664,HIGH,RESOLVED,6,27141,17:58,12.9,BUSINESS_LOGIC_ERROR,False,True,0.02
INC-002789,2026-02-14,SCORING_ENGINE,FORMAT_CHECK,CHECK_211,LOW,CLOSED,128,1873,08:00,30.65,MANUAL_DATA_ENTRY,True,False,6.83
INC-002790,2026-01-25,LOAN_REGISTRY,RANGE_CHECK,CHECK_279,HIGH,IN_PROGRESS,17,419190,09:18,,DATABASE_CORRUPTION,False,False,0.0
INC-002791,2025-10-30,CREDIT_BUREAU,RANGE_CHECK,CHECK_761,LOW,IN_PROGRESS,3,61689,11:50,,ETL_PIPELINE_FAILURE,False,False,0.0
INC-002792,2026-01-15,CRM_CLIENTS,FORMAT_CHECK,CHECK_721,MEDIUM,CLOSED,7888,14742,12:25,7.39,DATA_DRIFT,False,False,53.51
INC-002793,2026-03-09,CRM_CLIENTS,SCHEMA_VALIDATION,CHECK_183,HIGH,CLOSED,140,18751,18:48,4.77,DATA_DRIFT,False,False,0.75
INC-002794,2026-03-05,FRAUD_DETECTION,REFERENTIAL_INTEGRITY,CHECK_961,LOW,RESOLVED,31,191731,20:00,8.79,DATA_DRIFT,False,True,0.02
INC-002795,2025-09-10,LOAN_REGISTRY,REFERENTIAL_INTEGRITY,CHECK_387,MEDIUM,CLOSED,4,321836,15:41,6.69,API_INTEGRATION_ISSUE,False,False,0.0
INC-002796,2025-10-15,INTERNET_BANK,FRESHNESS_CHECK,CHECK_979,MEDIUM,REOPENED,95,3402,16:48,47.27,NETWORK_TIMEOUT,True,True,2.79
INC-002797,2025-12-16,PAYMENT_SYSTEM,RANGE_CHECK,CHECK_946,MEDIUM,REOPENED,110,5083,04:55,8.23,NETWORK_TIMEOUT,False,False,2.16
INC-002798,2025-10-16,LOAN_REGISTRY,RANGE_CHECK,CHECK_243,MEDIUM,CLOSED,685,10778,12:14,20.0,NETWORK_TIMEOUT,False,False,6.36
INC-002799,2025-09-10,CRM_CLIENTS,ACCURACY_CHECK,CHECK_651,MEDIUM,CLOSED,22,6315,07:46,13.19,DATA_DRIFT,False,False,0.35
INC-002800,2025-12-11,CRM_CLIENTS,CONSISTENCY_CHECK,CHECK_301,HIGH,IN_PROGRESS,51,596,23:13,,SOURCE_SYSTEM_ERROR,False,False,8.56
INC-002801,2026-01-05,INTERNET_BANK,RANGE_CHECK,CHECK_369,MEDIUM,CLOSED,23,4316,15:14,7.71,API_INTEGRATION_ISSUE,False,False,0.53
INC-002802,2025-10-18,CREDIT_BUREAU,DUPLICATE_CHECK,CHECK_851,MEDIUM,RESOLVED,95,5390,16:37,5.02,DATA_DRIFT,False,False,1.76
INC-002803,2026-03-11,LOAN_REGISTRY,CONSISTENCY_CHECK,CHECK_741,LOW,REOPENED,2,1997,17:48,1.36,DATA_DRIFT,False,False,0.1
INC-002804,2025-11-14,LOAN_REGISTRY,DUPLICATE_CHECK,CHECK_178,LOW,OPEN,29,53133,14:46,,DATA_DRIFT,True,False,0.05
INC-002805,2025-09-10,CRM_CLIENTS,REFERENTIAL_INTEGRITY,CHECK_844,MEDIUM,RESOLVED,522,17126,14:21,30.03,BUSINESS_LOGIC_ERROR,False,False,3.05
INC-002806,2025-09-03,PAYMENT_SYSTEM,CONSISTENCY_CHECK,CHECK_177,LOW,CLOSED,12,75703,02:20,2.95,SCHEMA_CHANGE,False,False,0.02
INC-002807,2025-11-16,FRAUD_DETECTION,RANGE_CHECK,CHECK_119,LOW,RESOLVED,1095,3073,06:27,31.19,MANUAL_DATA_ENTRY,False,False,35.63
INC-002808,2026-01-24,MOBILE_APP,FORMAT_CHECK,CHECK_969,MEDIUM,IN_PROGRESS,851,78260,22:26,,DATA_DRIFT,False,False,1.09
INC-002809,2026-02-02,FRAUD_DETECTION,FRESHNESS_CHECK,CHECK_619,LOW,CLOSED,1006,29420,06:28,9.06,CONFIGURATION_ERROR,False,True,3.42
INC-002810,2025-09-28,LOAN_REGISTRY,DUPLICATE_CHECK,CHECK_746,MEDIUM,CLOSED,147,7354,14:54,5.05,SOURCE_SYSTEM_ERROR,False,False,2.0
INC-002811,2025-11-25,FRAUD_DETECTION,CONSISTENCY_CHECK,CHECK_131,LOW,CLOSED,122,545015,17:01,1.46,SCHEMA_CHANGE,False,True,0.02
INC-002812,2025-11-12,CRM_CLIENTS,RANGE_CHECK,CHECK_932,CRITICAL,IN_PROGRESS,281,27595,11:08,,SOURCE_SYSTEM_ERROR,True,False,1.02
INC-002813,2025-12-26,CRM_CLIENTS,CONSISTENCY_CHECK,CHECK_695,MEDIUM,CLOSED,2080,7684,18:55,5.46,UNKNOWN,False,False,27.07
INC-002814,2026-02-12,INTERNET_BANK,RANGE_CHECK,CHECK_692,LOW,RESOLVED,1734,38641,04:19,0.58,UNKNOWN,False,False,4.49
INC-002815,2026-01-18,LOAN_REGISTRY,RANGE_CHECK,CHECK_514,HIGH,IN_PROGRESS,5,3317,23:00,,NETWORK_TIMEOUT,False,False,0.15
INC-002816,2026-01-13,INTERNET_BANK,RANGE_CHECK,CHECK_887,HIGH,CLOSED,25,15467,15:51,1.84,NETWORK_TIMEOUT,False,True,0.16
INC-002817,2026-01-05,LOAN_REGISTRY,ACCURACY_CHECK,CHECK_704,MEDIUM,CLOSED,18,1274642,21:53,0.02,SCHEMA_CHANGE,False,False,0.0
INC-002818,2025-10-05,MOBILE_APP,FRESHNESS_CHECK,CHECK_317,MEDIUM,RESOLVED,634,639,11:21,2.0,MANUAL_DATA_ENTRY,False,False,99.22
INC-002819,2026-01-08,MOBILE_APP,FORMAT_CHECK,CHECK_137,LOW,RESOLVED,38,7658,07:26,10.33,CONFIGURATION_ERROR,False,False,0.5
INC-002820,2025-12-29,CREDIT_BUREAU,FORMAT_CHECK,CHECK_664,LOW,RESOLVED,98,16396,13:43,20.55,NETWORK_TIMEOUT,False,False,0.6
INC-002821,2025-11-09,LOAN_REGISTRY,CONSISTENCY_CHECK,CHECK_366,HIGH,RESOLVED,4518,10585,12:48,2.58,API_INTEGRATION_ISSUE,False,False,42.68
INC-002822,2025-10-20,PAYMENT_SYSTEM,CONSISTENCY_CHECK,CHECK_656,CRITICAL,IN_PROGRESS,1396,8092,22:34,,SCHEMA_CHANGE,False,False,17.25
INC-002823,2025-09-29,FRAUD_DETECTION,RANGE_CHECK,CHECK_652,LOW,REOPENED,2327,651142,09:20,15.69,SCHEMA_CHANGE,False,False,0.36
INC-002824,2025-11-24,LOAN_REGISTRY,ACCURACY_CHECK,CHECK_583,MEDIUM,CLOSED,35,7261,18:01,0.1,ETL_PIPELINE_FAILURE,True,False,0.48
INC-002825,2025-10-12,SCORING_ENGINE,RANGE_CHECK,CHECK_769,LOW,CLOSED,0,48711,18:50,15.9,CONFIGURATION_ERROR,False,False,0.0
INC-002826,2026-03-07,CREDIT_BUREAU,ACCURACY_CHECK,CHECK_893,HIGH,RESOLVED,67,6469,01:59,1.69,ETL_PIPELINE_FAILURE,True,False,1.04
INC-002827,2025-12-27,SCORING_ENGINE,RANGE_CHECK,CHECK_252,MEDIUM,CLOSED,8,48941,04:09,3.11,SCHEMA_CHANGE,False,False,0.02
INC-002828,2026-02-13,CRM_CLIENTS,DUPLICATE_CHECK,CHECK_474,MEDIUM,RESOLVED,3,143108,10:36,1.53,MANUAL_DATA_ENTRY,False,False,0.0
INC-002829,2025-11-05,MOBILE_APP,DUPLICATE_CHECK,CHECK_501,MEDIUM,RESOLVED,1418,18982,20:51,3.41,SCHEMA_CHANGE,False,False,7.47
INC-002830,2026-03-03,FRAUD_DETECTION,REFERENTIAL_INTEGRITY,CHECK_328,MEDIUM,IN_PROGRESS,24,7018,19:58,,DATA_DRIFT,True,False,0.34
INC-002831,2025-10-18,LOAN_REGISTRY,RANGE_CHECK,CHECK_890,MEDIUM,CLOSED,29,17205,19:36,1.71,UNKNOWN,False,False,0.17
INC-002832,2025-09-04,SCORING_ENGINE,FRESHNESS_CHECK,CHECK_703,MEDIUM,CLOSED,71,64225,12:24,61.73,ETL_PIPELINE_FAILURE,False,False,0.11
INC-002833,2026-03-08,FRAUD_DETECTION,REFERENTIAL_INTEGRITY,CHECK_850,HIGH,IN_PROGRESS,3995,124607,06:25,,SCHEMA_CHANGE,False,False,3.21
INC-002834,2025-11-26,CRM_CLIENTS,CONSISTENCY_CHECK,CHECK_977,HIGH,IN_PROGRESS,107,36829,02:34,,UNKNOWN,False,False,0.29
INC-002835,2025-11-15,MOBILE_APP,SCHEMA_VALIDATION,CHECK_397,MEDIUM,RESOLVED,995,18788,12:12,2.53,MANUAL_DATA_ENTRY,False,False,5.3
INC-002836,2026-01-24,PAYMENT_SYSTEM,RANGE_CHECK,CHECK_237,MEDIUM,CLOSED,78,284255,15:06,2.5,SOURCE_SYSTEM_ERROR,False,False,0.03
INC-002837,2026-02-20,CREDIT_BUREAU,DUPLICATE_CHECK,CHECK_575,MEDIUM,RESOLVED,6,6290,10:36,10.0,SOURCE_SYSTEM_ERROR,False,True,0.1
INC-002838,2026-03-13,FRAUD_DETECTION,SCHEMA_VALIDATION,CHECK_613,MEDIUM,RESOLVED,13,9657,14:40,0.62,API_INTEGRATION_ISSUE,False,False,0.13
INC-002839,2025-10-20,FRAUD_DETECTION,ACCURACY_CHECK,CHECK_622,LOW,CLOSED,147,796027,09:05,19.37,MANUAL_DATA_ENTRY,False,False,0.02
INC-002840,2025-10-15,PAYMENT_SYSTEM,SCHEMA_VALIDATION,CHECK_192,LOW,RESOLVED,184,18151,05:06,6.95,UNKNOWN,False,False,1.01
INC-002841,2026-02-04,FRAUD_DETECTION,FRESHNESS_CHECK,CHECK_506,MEDIUM,OPEN,439,82297,21:35,,SCHEMA_CHANGE,True,False,0.53
INC-002842,2026-02-11,CRM_CLIENTS,RANGE_CHECK,CHECK_472,HIGH,OPEN,439,3737,05:02,,SOURCE_SYSTEM_ERROR,False,False,11.75
INC-002843,2025-12-13,CRM_CLIENTS,FORMAT_CHECK,CHECK_614,HIGH,CLOSED,898,163076,22:38,12.34,NETWORK_TIMEOUT,False,False,0.55
INC-002844,2025-12-19,PAYMENT_SYSTEM,SCHEMA_VALIDATION,CHECK_110,LOW,RESOLVED,31,2205,15:01,10.82,SCHEMA_CHANGE,False,False,1.41
INC-002845,2026-01-10,CREDIT_BUREAU,FORMAT_CHECK,CHECK_778,MEDIUM,REOPENED,5735,1901,05:12,16.91,DATA_DRIFT,False,False,301.68
INC-002846,2025-11-23,LOAN_REGISTRY,ACCURACY_CHECK,CHECK_344,HIGH,CLOSED,6887,131262,02:58,4.24,NETWORK_TIMEOUT,False,False,5.25
INC-002847,2025-09-23,SCORING_ENGINE,REFERENTIAL_INTEGRITY,CHECK_968,LOW,OPEN,52,10691,12:18,,ETL_PIPELINE_FAILURE,False,False,0.49
INC-002848,2025-12-12,LOAN_REGISTRY,FORMAT_CHECK,CHECK_925,HIGH,RESOLVED,30,13564,06:14,39.02,CONFIGURATION_ERROR,False,False,0.22
INC-002849,2026-02-19,FRAUD_DETECTION,REFERENTIAL_INTEGRITY,CHECK_728,MEDIUM,RESOLVED,4,52114,09:42,24.31,SOURCE_SYSTEM_ERROR,False,False,0.01
INC-002850,2025-09-25,SCORING_ENGINE,DUPLICATE_CHECK,CHECK_800,MEDIUM,IN_PROGRESS,208,12330,16:04,,UNKNOWN,False,False,1.69
INC-002851,2025-10-18,INTERNET_BANK,RANGE_CHECK,CHECK_269,LOW,CLOSED,366,2709,14:03,6.54,SCHEMA_CHANGE,False,False,13.51
INC-002852,2025-10-06,PAYMENT_SYSTEM,SCHEMA_VALIDATION,CHECK_875,HIGH,CLOSED,46,7073,11:33,0.72,DATABASE_CORRUPTION,False,False,0.65
INC-002853,2026-01-01,PAYMENT_SYSTEM,DUPLICATE_CHECK,CHECK_626,LOW,IN_PROGRESS,261,3135,00:10,,API_INTEGRATION_ISSUE,True,False,8.33
INC-002854,2025-11-22,CREDIT_BUREAU,DUPLICATE_CHECK,CHECK_243,LOW,RESOLVED,9,224740,10:55,36.38,BUSINESS_LOGIC_ERROR,True,False,0.0
INC-002855,2025-11-03,SCORING_ENGINE,COMPLETENESS_CHECK,CHECK_556,MEDIUM,OPEN,1027,245588,13:25,,SOURCE_SYSTEM_ERROR,False,False,0.42
INC-002856,2025-09-02,CRM_CLIENTS,NULL_CHECK,CHECK_263,HIGH,RESOLVED,51,4099,05:07,5.3,SOURCE_SYSTEM_ERROR,False,False,1.24
INC-002857,2025-11-06,SCORING_ENGINE,FRESHNESS_CHECK,CHECK_283,MEDIUM,CLOSED,264,52622,04:34,25.45,UNKNOWN,False,False,0.5
INC-002858,2025-12-08,FRAUD_DETECTION,REFERENTIAL_INTEGRITY,CHECK_679,LOW,RESOLVED,225,12770,13:30,1.01,MANUAL_DATA_ENTRY,False,False,1.76
INC-002859,2025-10-31,CRM_CLIENTS,COMPLETENESS_CHECK,CHECK_679,LOW,REOPENED,2,407922,23:04,2.63,API_INTEGRATION_ISSUE,True,True,0.0
INC-002860,2025-12-24,MOBILE_APP,NULL_CHECK,CHECK_775,MEDIUM,OPEN,786,2517736,12:57,,DATABASE_CORRUPTION,False,True,0.03
INC-002861,2026-03-12,MOBILE_APP,FRESHNESS_CHECK,CHECK_993,LOW,CLOSED,30,95181,06:08,22.55,DATA_DRIFT,False,False,0.03
INC-002862,2025-11-08,INTERNET_BANK,REFERENTIAL_INTEGRITY,CHECK_249,CRITICAL,CLOSED,222,7883,06:19,29.17,API_INTEGRATION_ISSUE,False,False,2.82
INC-002863,2025-11-24,MOBILE_APP,RANGE_CHECK,CHECK_853,CRITICAL,RESOLVED,8,2169,13:52,1.84,DATA_DRIFT,False,False,0.37
INC-002864,2025-11-17,PAYMENT_SYSTEM,FRESHNESS_CHECK,CHECK_849,LOW,OPEN,56,35935,22:42,,DATABASE_CORRUPTION,False,False,0.16
INC-002865,2026-01-28,SCORING_ENGINE,SCHEMA_VALIDATION,CHECK_595,LOW,IN_PROGRESS,306,16126,15:10,,UNKNOWN,False,True,1.9
INC-002866,2026-03-05,MOBILE_APP,DUPLICATE_CHECK,CHECK_467,MEDIUM,RESOLVED,17,1230,19:36,8.36,UNKNOWN,False,False,1.38
INC-002867,2026-01-25,LOAN_REGISTRY,NULL_CHECK,CHECK_141,LOW,REOPENED,19,25815,09:37,4.25,SCHEMA_CHANGE,False,True,0.07
INC-002868,2025-09-03,CREDIT_BUREAU,NULL_CHECK,CHECK_324,LOW,CLOSED,190,1505647,06:32,25.83,ETL_PIPELINE_FAILURE,False,False,0.01
INC-002869,2025-11-06,LOAN_REGISTRY,NULL_CHECK,CHECK_879,LOW,CLOSED,106,110351,22:43,27.8,BUSINESS_LOGIC_ERROR,False,True,0.1
INC-002870,2026-02-15,MOBILE_APP,REFERENTIAL_INTEGRITY,CHECK_599,LOW,CLOSED,298,2156,14:17,4.14,CONFIGURATION_ERROR,False,False,13.82
INC-002871,2025-12-02,INTERNET_BANK,SCHEMA_VALIDATION,CHECK_337,LOW,RESOLVED,71,21230,06:00,2.03,DATABASE_CORRUPTION,True,False,0.33
INC-002872,2026-02-25,CREDIT_BUREAU,FRESHNESS_CHECK,CHECK_164,HIGH,CLOSED,535,46486,04:28,1.94,API_INTEGRATION_ISSUE,False,False,1.15
INC-002873,2025-10-31,FRAUD_DETECTION,DUPLICATE_CHECK,CHECK_370,LOW,REOPENED,47,58974,02:52,7.95,DATA_DRIFT,False,False,0.08
INC-002874,2025-09-16,LOAN_REGISTRY,SCHEMA_VALIDATION,CHECK_478,HIGH,RESOLVED,489,835,12:38,1.71,ETL_PIPELINE_FAILURE,False,False,58.56
INC-002875,2026-02-18,INTERNET_BANK,COMPLETENESS_CHECK,CHECK_339,LOW,RESOLVED,24,17419,07:33,7.69,SCHEMA_CHANGE,False,False,0.14
INC-002876,2025-10-01,SCORING_ENGINE,RANGE_CHECK,CHECK_143,MEDIUM,RESOLVED,43,37124,10:58,7.44,SCHEMA_CHANGE,False,False,0.12
INC-002877,2025-12-29,SCORING_ENGINE,FORMAT_CHECK,CHECK_784,LOW,IN_PROGRESS,639,15167,18:56,,SOURCE_SYSTEM_ERROR,False,False,4.21
INC-002878,2025-11-18,LOAN_REGISTRY,SCHEMA_VALIDATION,CHECK_311,MEDIUM,OPEN,53,464,15:29,,BUSINESS_LOGIC_ERROR,False,False,11.42
INC-002879,2025-10-11,MOBILE_APP,COMPLETENESS_CHECK,CHECK_630,HIGH,CLOSED,14,16263,14:36,9.87,CONFIGURATION_ERROR,False,False,0.09
INC-002880,2025-12-13,INTERNET_BANK,DUPLICATE_CHECK,CHECK_910,MEDIUM,CLOSED,4723,105692,01:47,16.33,DATABASE_CORRUPTION,False,False,4.47
INC-002881,2026-02-23,SCORING_ENGINE,FORMAT_CHECK,CHECK_469,LOW,IN_PROGRESS,138,7016,02:18,,NETWORK_TIMEOUT,False,True,1.97
INC-002882,2026-01-07,FRAUD_DETECTION,FORMAT_CHECK,CHECK_497,LOW,RESOLVED,381,8605,20:56,36.97,API_INTEGRATION_ISSUE,False,False,4.43
INC-002883,2026-02-28,CRM_CLIENTS,SCHEMA_VALIDATION,CHECK_580,MEDIUM,CLOSED,1,360637,14:22,11.06,DATA_DRIFT,False,True,0.0
INC-002884,2025-11-19,MOBILE_APP,NULL_CHECK,CHECK_565,LOW,CLOSED,2129,14769,22:53,27.86,SCHEMA_CHANGE,False,False,14.42
INC-002885,2026-02-24,INTERNET_BANK,CONSISTENCY_CHECK,CHECK_147,LOW,RESOLVED,29509,27551,22:50,3.37,ETL_PIPELINE_FAILURE,False,True,107.11
INC-002886,2025-10-01,FRAUD_DETECTION,DUPLICATE_CHECK,CHECK_140,LOW,CLOSED,1779,529,09:25,9.87,NETWORK_TIMEOUT,False,False,336.29
INC-002887,2026-02-11,INTERNET_BANK,NULL_CHECK,CHECK_764,CRITICAL,CLOSED,2367,2681,19:52,9.4,ETL_PIPELINE_FAILURE,False,False,88.29
INC-002888,2025-11-15,CREDIT_BUREAU,DUPLICATE_CHECK,CHECK_431,LOW,CLOSED,65,1757419,05:26,54.62,CONFIGURATION_ERROR,False,False,0.0
INC-002889,2025-12-04,FRAUD_DETECTION,CONSISTENCY_CHECK,CHECK_205,MEDIUM,RESOLVED,245,603817,07:11,2.75,SOURCE_SYSTEM_ERROR,False,False,0.04
INC-002890,2026-02-05,MOBILE_APP,RANGE_CHECK,CHECK_820,LOW,IN_PROGRESS,393,56712,19:46,,API_INTEGRATION_ISSUE,False,False,0.69
INC-002891,2025-10-27,CREDIT_BUREAU,CONSISTENCY_CHECK,CHECK_633,LOW,CLOSED,36,227,13:29,11.35,SCHEMA_CHANGE,True,False,15.86
INC-002892,2025-10-27,MOBILE_APP,ACCURACY_CHECK,CHECK_748,LOW,OPEN,115,1535,12:58,,DATABASE_CORRUPTION,False,False,7.49
INC-002893,2025-10-05,SCORING_ENGINE,SCHEMA_VALIDATION,CHECK_949,LOW,CLOSED,20,1455,21:11,12.23,SOURCE_SYSTEM_ERROR,False,True,1.37
INC-002894,2026-01-01,CRM_CLIENTS,SCHEMA_VALIDATION,CHECK_380,MEDIUM,IN_PROGRESS,67,1413,22:36,,BUSINESS_LOGIC_ERROR,False,False,4.74
INC-002895,2025-10-10,MOBILE_APP,COMPLETENESS_CHECK,CHECK_954,MEDIUM,RESOLVED,797,10177,03:25,35.14,API_INTEGRATION_ISSUE,False,False,7.83
INC-002896,2025-12-26,MOBILE_APP,NULL_CHECK,CHECK_859,MEDIUM,RESOLVED,4,104974,22:02,3.15,ETL_PIPELINE_FAILURE,False,False,0.0
INC-002897,2026-03-11,SCORING_ENGINE,COMPLETENESS_CHECK,CHECK_369,CRITICAL,IN_PROGRESS,998,6224,07:56,,DATABASE_CORRUPTION,False,False,16.03
INC-002898,2026-02-03,PAYMENT_SYSTEM,ACCURACY_CHECK,CHECK_692,MEDIUM,CLOSED,6,11838,05:17,9.87,MANUAL_DATA_ENTRY,False,False,0.05
INC-002899,2025-12-05,SCORING_ENGINE,CONSISTENCY_CHECK,CHECK_657,LOW,OPEN,164,11915,20:34,,MANUAL_DATA_ENTRY,True,False,1.38
INC-002900,2025-12-16,CREDIT_BUREAU,SCHEMA_VALIDATION,CHECK_683,LOW,CLOSED,197,134116,09:42,13.03,MANUAL_DATA_ENTRY,False,False,0.15
INC-002901,2026-02-27,SCORING_ENGINE,REFERENTIAL_INTEGRITY,CHECK_278,HIGH,CLOSED,466,131455,02:44,16.23,NETWORK_TIMEOUT,False,False,0.35
INC-002902,2026-01-19,SCORING_ENGINE,CONSISTENCY_CHECK,CHECK_485,MEDIUM,RESOLVED,103,30454,23:46,11.02,NETWORK_TIMEOUT,False,False,0.34
INC-002903,2025-12-30,CRM_CLIENTS,CONSISTENCY_CHECK,CHECK_769,CRITICAL,CLOSED,18,284041,06:58,1.42,CONFIGURATION_ERROR,False,True,0.01
INC-002904,2026-03-13,SCORING_ENGINE,ACCURACY_CHECK,CHECK_487,HIGH,RESOLVED,214,10242,15:26,18.74,UNKNOWN,False,False,2.09
INC-002905,2026-01-16,INTERNET_BANK,RANGE_CHECK,CHECK_474,HIGH,CLOSED,11441,724943,17:07,0.99,NETWORK_TIMEOUT,False,False,1.58
INC-002906,2026-02-18,MOBILE_APP,DUPLICATE_CHECK,CHECK_701,LOW,CLOSED,144,6554,11:04,0.24,CONFIGURATION_ERROR,False,False,2.2
INC-002907,2025-10-26,INTERNET_BANK,ACCURACY_CHECK,CHECK_769,HIGH,RESOLVED,25,429,03:32,17.62,ETL_PIPELINE_FAILURE,False,False,5.83
INC-002908,2025-11-03,CRM_CLIENTS,DUPLICATE_CHECK,CHECK_955,LOW,RESOLVED,58,1761,10:26,9.54,DATABASE_CORRUPTION,False,False,3.29
INC-002909,2026-02-22,LOAN_REGISTRY,SCHEMA_VALIDATION,CHECK_179,MEDIUM,CLOSED,200,1474,14:10,14.39,SOURCE_SYSTEM_ERROR,False,False,13.57
INC-002910,2026-03-13,PAYMENT_SYSTEM,ACCURACY_CHECK,CHECK_629,LOW,CLOSED,86,5012,08:13,5.79,ETL_PIPELINE_FAILURE,False,False,1.72
INC-002911,2026-01-31,INTERNET_BANK,DUPLICATE_CHECK,CHECK_357,LOW,IN_PROGRESS,65,210497,16:02,,UNKNOWN,True,False,0.03
INC-002912,2025-09-21,CRM_CLIENTS,COMPLETENESS_CHECK,CHECK_485,LOW,CLOSED,2110,8970,14:01,4.82,NETWORK_TIMEOUT,True,False,23.52
INC-002913,2026-01-13,CREDIT_BUREAU,ACCURACY_CHECK,CHECK_328,LOW,RESOLVED,417,1465,02:40,11.24,SCHEMA_CHANGE,False,False,28.46
INC-002914,2025-12-24,LOAN_REGISTRY,SCHEMA_VALIDATION,CHECK_628,LOW,CLOSED,117,1197,22:43,3.07,UNKNOWN,False,False,9.77
INC-002915,2026-01-14,CRM_CLIENTS,ACCURACY_CHECK,CHECK_515,LOW,OPEN,118,19632,23:29,,CONFIGURATION_ERROR,False,False,0.6
INC-002916,2026-02-28,CRM_CLIENTS,SCHEMA_VALIDATION,CHECK_461,LOW,CLOSED,209,464856,12:21,18.98,CONFIGURATION_ERROR,False,False,0.04
INC-002917,2025-12-02,PAYMENT_SYSTEM,ACCURACY_CHECK,CHECK_936,HIGH,IN_PROGRESS,455,34271,23:25,,BUSINESS_LOGIC_ERROR,True,False,1.33
INC-002918,2025-09-20,MOBILE_APP,DUPLICATE_CHECK,CHECK_988,MEDIUM,CLOSED,1928,145475,06:25,25.02,UNKNOWN,False,False,1.33
INC-002919,2026-01-23,INTERNET_BANK,RANGE_CHECK,CHECK_453,MEDIUM,CLOSED,65,49200,01:00,23.16,BUSINESS_LOGIC_ERROR,False,False,0.13
INC-002920,2025-09-29,CREDIT_BUREAU,FRESHNESS_CHECK,CHECK_598,LOW,CLOSED,20,1040,08:07,25.25,DATA_DRIFT,False,False,1.92
INC-002921,2025-09-16,FRAUD_DETECTION,DUPLICATE_CHECK,CHECK_911,MEDIUM,CLOSED,48,73329,22:58,12.98,DATA_DRIFT,True,False,0.07
INC-002922,2026-01-19,INTERNET_BANK,NULL_CHECK,CHECK_593,LOW,RESOLVED,25,2257,04:20,4.36,BUSINESS_LOGIC_ERROR,False,False,1.11
INC-002923,2026-01-08,FRAUD_DETECTION,FORMAT_CHECK,CHECK_718,LOW,CLOSED,7,9570,21:47,7.88,CONFIGURATION_ERROR,False,False,0.07
INC-002924,2025-10-22,CRM_CLIENTS,RANGE_CHECK,CHECK_106,MEDIUM,CLOSED,2492,5190,14:31,14.88,DATABASE_CORRUPTION,False,False,48.02
INC-002925,2026-01-25,SCORING_ENGINE,COMPLETENESS_CHECK,CHECK_613,MEDIUM,CLOSED,819,17904,14:04,2.84,SOURCE_SYSTEM_ERROR,True,False,4.57
INC-002926,2026-01-16,CREDIT_BUREAU,CONSISTENCY_CHECK,CHECK_242,LOW,RESOLVED,1,13396,02:35,16.11,API_INTEGRATION_ISSUE,False,False,0.01
INC-002927,2025-10-09,LOAN_REGISTRY,DUPLICATE_CHECK,CHECK_550,MEDIUM,RESOLVED,229,10287,21:15,9.53,NETWORK_TIMEOUT,False,False,2.23
INC-002928,2025-10-13,SCORING_ENGINE,ACCURACY_CHECK,CHECK_269,LOW,IN_PROGRESS,69,12685,22:28,,UNKNOWN,False,False,0.54
INC-002929,2025-11-23,SCORING_ENGINE,DUPLICATE_CHECK,CHECK_335,MEDIUM,RESOLVED,55,37625,04:30,9.78,DATABASE_CORRUPTION,False,True,0.15
INC-002930,2026-01-12,INTERNET_BANK,REFERENTIAL_INTEGRITY,CHECK_178,LOW,IN_PROGRESS,1,12684,08:53,,ETL_PIPELINE_FAILURE,False,False,0.01
INC-002931,2025-12-23,CREDIT_BUREAU,RANGE_CHECK,CHECK_626,MEDIUM,CLOSED,141,15596,05:10,0.17,SOURCE_SYSTEM_ERROR,False,False,0.9
INC-002932,2025-09-30,MOBILE_APP,FRESHNESS_CHECK,CHECK_758,LOW,CLOSED,173,1183930,00:38,26.45,SCHEMA_CHANGE,False,False,0.01
INC-002933,2026-02-22,CRM_CLIENTS,COMPLETENESS_CHECK,CHECK_387,MEDIUM,REOPENED,14,176154,03:11,8.08,SOURCE_SYSTEM_ERROR,False,False,0.01
INC-002934,2025-10-23,CRM_CLIENTS,REFERENTIAL_INTEGRITY,CHECK_316,HIGH,OPEN,3810,8127,09:07,,ETL_PIPELINE_FAILURE,False,True,46.88
INC-002935,2026-03-03,CRM_CLIENTS,SCHEMA_VALIDATION,CHECK_253,MEDIUM,IN_PROGRESS,722,27265,17:47,,DATA_DRIFT,False,False,2.65
INC-002936,2026-01-28,CRM_CLIENTS,REFERENTIAL_INTEGRITY,CHECK_291,MEDIUM,CLOSED,17,23314,12:10,9.39,SCHEMA_CHANGE,False,False,0.07
INC-002937,2026-01-04,INTERNET_BANK,DUPLICATE_CHECK,CHECK_261,LOW,RESOLVED,1148,25846,02:42,2.22,API_INTEGRATION_ISSUE,False,False,4.44
INC-002938,2025-09-24,FRAUD_DETECTION,COMPLETENESS_CHECK,CHECK_470,LOW,RESOLVED,58,21123,00:43,16.43,DATABASE_CORRUPTION,False,True,0.27
INC-002939,2026-01-09,CRM_CLIENTS,DUPLICATE_CHECK,CHECK_716,MEDIUM,CLOSED,1224,26223,08:09,20.8,BUSINESS_LOGIC_ERROR,True,False,4.67
INC-002940,2025-12-24,FRAUD_DETECTION,SCHEMA_VALIDATION,CHECK_834,MEDIUM,RESOLVED,8,13312,14:22,23.24,SCHEMA_CHANGE,False,False,0.06
INC-002941,2025-09-15,FRAUD_DETECTION,CONSISTENCY_CHECK,CHECK_936,MEDIUM,IN_PROGRESS,208,6444,05:13,,SOURCE_SYSTEM_ERROR,False,False,3.23
INC-002942,2025-12-26,MOBILE_APP,COMPLETENESS_CHECK,CHECK_221,LOW,CLOSED,13,10140,22:02,9.79,MANUAL_DATA_ENTRY,False,False,0.13
INC-002943,2025-10-04,CRM_CLIENTS,CONSISTENCY_CHECK,CHECK_776,LOW,OPEN,27,684,21:34,,MANUAL_DATA_ENTRY,False,False,3.95
INC-002944,2026-01-10,PAYMENT_SYSTEM,RANGE_CHECK,CHECK_335,MEDIUM,CLOSED,3,88446,06:28,1.65,BUSINESS_LOGIC_ERROR,False,True,0.0
INC-002945,2025-12-16,LOAN_REGISTRY,RANGE_CHECK,CHECK_524,LOW,OPEN,12,57768,22:03,,API_INTEGRATION_ISSUE,False,False,0.02
INC-002946,2025-12-26,SCORING_ENGINE,CONSISTENCY_CHECK,CHECK_930,LOW,CLOSED,12,1230829,20:51,20.38,MANUAL_DATA_ENTRY,False,False,0.0
INC-002947,2026-01-23,FRAUD_DETECTION,RANGE_CHECK,CHECK_438,LOW,OPEN,9,2016,16:41,,CONFIGURATION_ERROR,False,False,0.45
INC-002948,2025-09-15,CREDIT_BUREAU,COMPLETENESS_CHECK,CHECK_837,LOW,CLOSED,216,9826,21:45,7.15,CONFIGURATION_ERROR,False,False,2.2
INC-002949,2026-01-22,CREDIT_BUREAU,ACCURACY_CHECK,CHECK_216,LOW,OPEN,4,227288,21:57,,MANUAL_DATA_ENTRY,False,False,0.0
INC-002950,2025-12-28,LOAN_REGISTRY,NULL_CHECK,CHECK_593,LOW,CLOSED,269,45151,03:24,8.71,DATABASE_CORRUPTION,False,False,0.6
INC-002951,2026-02-20,CREDIT_BUREAU,RANGE_CHECK,CHECK_791,MEDIUM,RESOLVED,1109,575546,22:19,6.03,UNKNOWN,False,True,0.19
INC-002952,2025-11-18,PAYMENT_SYSTEM,RANGE_CHECK,CHECK_590,LOW,OPEN,25,421906,14:03,,SOURCE_SYSTEM_ERROR,False,False,0.01
INC-002953,2026-03-05,CREDIT_BUREAU,DUPLICATE_CHECK,CHECK_590,MEDIUM,CLOSED,125,170,19:00,6.96,MANUAL_DATA_ENTRY,False,True,73.53
INC-002954,2025-09-06,SCORING_ENGINE,CONSISTENCY_CHECK,CHECK_315,MEDIUM,RESOLVED,75,36854,01:49,10.09,SOURCE_SYSTEM_ERROR,False,False,0.2
INC-002955,2025-12-11,SCORING_ENGINE,FORMAT_CHECK,CHECK_704,MEDIUM,IN_PROGRESS,65,37246,12:49,,NETWORK_TIMEOUT,False,False,0.17
INC-002956,2025-11-05,FRAUD_DETECTION,FRESHNESS_CHECK,CHECK_265,LOW,OPEN,0,21043,06:59,,NETWORK_TIMEOUT,False,False,0.0
INC-002957,2025-09-01,CRM_CLIENTS,REFERENTIAL_INTEGRITY,CHECK_762,HIGH,RESOLVED,15,9237,07:23,12.56,CONFIGURATION_ERROR,False,False,0.16
INC-002958,2026-03-10,MOBILE_APP,RANGE_CHECK,CHECK_953,MEDIUM,OPEN,2759,500905,07:12,,DATABASE_CORRUPTION,False,False,0.55
INC-002959,2025-10-26,PAYMENT_SYSTEM,REFERENTIAL_INTEGRITY,CHECK_520,MEDIUM,OPEN,283,20867,02:01,,NETWORK_TIMEOUT,False,True,1.36
INC-002960,2026-01-27,FRAUD_DETECTION,COMPLETENESS_CHECK,CHECK_122,CRITICAL,RESOLVED,91,41,13:01,0.89,UNKNOWN,False,False,221.95
INC-002961,2025-09-19,PAYMENT_SYSTEM,FORMAT_CHECK,CHECK_349,HIGH,CLOSED,2,9089,00:21,7.21,BUSINESS_LOGIC_ERROR,False,False,0.02
INC-002962,2025-09-12,CRM_CLIENTS,FRESHNESS_CHECK,CHECK_144,LOW,RESOLVED,486,1386578,06:43,42.22,DATABASE_CORRUPTION,False,False,0.04
INC-002963,2025-12-18,INTERNET_BANK,CONSISTENCY_CHECK,CHECK_230,LOW,OPEN,23,2358,21:04,,DATABASE_CORRUPTION,False,True,0.98
INC-002964,2025-11-28,CREDIT_BUREAU,NULL_CHECK,CHECK_687,MEDIUM,REOPENED,12,251468,07:56,2.02,DATA_DRIFT,False,False,0.0
INC-002965,2026-02-27,CREDIT_BUREAU,FRESHNESS_CHECK,CHECK_706,LOW,CLOSED,15,177183,03:51,3.75,CONFIGURATION_ERROR,False,False,0.01
INC-002966,2025-09-17,MOBILE_APP,FRESHNESS_CHECK,CHECK_264,LOW,RESOLVED,412,13203,21:10,0.8,SCHEMA_CHANGE,False,False,3.12
INC-002967,2026-01-17,CRM_CLIENTS,NULL_CHECK,CHECK_237,MEDIUM,IN_PROGRESS,128,32151,23:10,,SCHEMA_CHANGE,True,True,0.4
INC-002968,2025-09-16,FRAUD_DETECTION,ACCURACY_CHECK,CHECK_744,LOW,CLOSED,836,19161,01:26,8.03,SOURCE_SYSTEM_ERROR,False,False,4.36
INC-002969,2025-09-18,MOBILE_APP,CONSISTENCY_CHECK,CHECK_624,LOW,RESOLVED,1410,7672,16:06,5.07,API_INTEGRATION_ISSUE,True,False,18.38
INC-002970,2025-12-30,CRM_CLIENTS,DUPLICATE_CHECK,CHECK_140,MEDIUM,RESOLVED,33,5784,10:20,2.74,ETL_PIPELINE_FAILURE,False,False,0.57
INC-002971,2025-09-09,LOAN_REGISTRY,REFERENTIAL_INTEGRITY,CHECK_686,MEDIUM,RESOLVED,136,377503,17:40,1.9,BUSINESS_LOGIC_ERROR,False,False,0.04
INC-002972,2025-11-13,SCORING_ENGINE,RANGE_CHECK,CHECK_250,LOW,CLOSED,80,15568,06:39,12.81,SOURCE_SYSTEM_ERROR,False,False,0.51
INC-002973,2025-12-14,MOBILE_APP,FRESHNESS_CHECK,CHECK_157,LOW,IN_PROGRESS,9,4703,06:59,,SOURCE_SYSTEM_ERROR,False,False,0.19
INC-002974,2025-10-17,MOBILE_APP,COMPLETENESS_CHECK,CHECK_270,HIGH,CLOSED,12,66062,17:25,22.19,UNKNOWN,False,False,0.02
INC-002975,2025-10-05,FRAUD_DETECTION,NULL_CHECK,CHECK_364,MEDIUM,CLOSED,106,51684,13:07,2.43,CONFIGURATION_ERROR,False,False,0.21
INC-002976,2026-02-12,PAYMENT_SYSTEM,REFERENTIAL_INTEGRITY,CHECK_284,MEDIUM,RESOLVED,132,1114,07:13,22.61,UNKNOWN,True,False,11.85
INC-002977,2026-03-06,LOAN_REGISTRY,FORMAT_CHECK,CHECK_629,LOW,CLOSED,132,6073,03:22,10.35,API_INTEGRATION_ISSUE,False,False,2.17
INC-002978,2026-02-13,FRAUD_DETECTION,NULL_CHECK,CHECK_515,MEDIUM,IN_PROGRESS,133,736,10:11,,SOURCE_SYSTEM_ERROR,False,False,18.07
INC-002979,2025-12-17,CRM_CLIENTS,FORMAT_CHECK,CHECK_713,MEDIUM,CLOSED,29,3613755,00:25,3.84,DATA_DRIFT,False,False,0.0
INC-002980,2025-12-05,CRM_CLIENTS,CONSISTENCY_CHECK,CHECK_677,LOW,RESOLVED,10330,10662,20:20,5.94,CONFIGURATION_ERROR,False,False,96.89
INC-002981,2025-12-07,CRM_CLIENTS,FRESHNESS_CHECK,CHECK_752,MEDIUM,RESOLVED,235,5689,00:24,7.4,ETL_PIPELINE_FAILURE,True,False,4.13
INC-002982,2025-12-24,INTERNET_BANK,COMPLETENESS_CHECK,CHECK_119,MEDIUM,RESOLVED,46,8100,06:29,1.03,UNKNOWN,False,False,0.57
INC-002983,2025-12-06,CRM_CLIENTS,RANGE_CHECK,CHECK_999,MEDIUM,RESOLVED,331,4873,07:04,22.14,BUSINESS_LOGIC_ERROR,True,False,6.79
INC-002984,2025-12-06,PAYMENT_SYSTEM,FORMAT_CHECK,CHECK_836,LOW,IN_PROGRESS,27,15274,21:52,,MANUAL_DATA_ENTRY,False,False,0.18
INC-002985,2025-09-21,LOAN_REGISTRY,REFERENTIAL_INTEGRITY,CHECK_845,CRITICAL,RESOLVED,156,260451,08:41,7.93,API_INTEGRATION_ISSUE,False,False,0.06
INC-002986,2026-02-22,CREDIT_BUREAU,ACCURACY_CHECK,CHECK_777,LOW,RESOLVED,330,26760,19:23,5.79,ETL_PIPELINE_FAILURE,False,False,1.23
INC-002987,2026-02-17,SCORING_ENGINE,CONSISTENCY_CHECK,CHECK_941,MEDIUM,CLOSED,446,1373,01:04,8.62,DATABASE_CORRUPTION,False,False,32.48
INC-002988,2026-01-17,PAYMENT_SYSTEM,ACCURACY_CHECK,CHECK_390,MEDIUM,OPEN,12,2217,06:26,,API_INTEGRATION_ISSUE,False,False,0.54
INC-002989,2025-10-05,PAYMENT_SYSTEM,CONSISTENCY_CHECK,CHECK_187,MEDIUM,CLOSED,63461,31232,09:49,54.22,UNKNOWN,False,False,203.19
INC-002990,2026-02-15,INTERNET_BANK,DUPLICATE_CHECK,CHECK_321,MEDIUM,IN_PROGRESS,1577,4166,19:31,,DATABASE_CORRUPTION,False,False,37.85
INC-002991,2025-11-29,CREDIT_BUREAU,REFERENTIAL_INTEGRITY,CHECK_559,LOW,OPEN,8647,15038,03:45,,DATABASE_CORRUPTION,True,False,57.5
INC-002992,2025-10-01,CREDIT_BUREAU,ACCURACY_CHECK,CHECK_721,MEDIUM,RESOLVED,88,4374939,17:50,20.42,SOURCE_SYSTEM_ERROR,False,False,0.0
INC-002993,2025-10-16,SCORING_ENGINE,COMPLETENESS_CHECK,CHECK_582,LOW,IN_PROGRESS,243,2947,18:10,,NETWORK_TIMEOUT,True,False,8.25
INC-002994,2026-01-16,SCORING_ENGINE,FRESHNESS_CHECK,CHECK_988,HIGH,CLOSED,159,1221,08:06,12.56,ETL_PIPELINE_FAILURE,False,False,13.02
INC-002995,2025-12-10,CREDIT_BUREAU,NULL_CHECK,CHECK_593,LOW,RESOLVED,49,5011,19:20,58.34,UNKNOWN,False,False,0.98
INC-002996,2026-01-14,CRM_CLIENTS,RANGE_CHECK,CHECK_274,LOW,REOPENED,675,602,20:44,12.49,DATABASE_CORRUPTION,False,False,112.13
INC-002997,2025-10-03,PAYMENT_SYSTEM,FRESHNESS_CHECK,CHECK_324,LOW,REOPENED,25,288430,12:43,1.41,ETL_PIPELINE_FAILURE,False,False,0.01
INC-002998,2026-03-06,FRAUD_DETECTION,FRESHNESS_CHECK,CHECK_950,MEDIUM,RESOLVED,599,2167,22:08,22.21,SCHEMA_CHANGE,True,False,27.64
INC-002999,2025-10-28,SCORING_ENGINE,CONSISTENCY_CHECK,CHECK_520,MEDIUM,CLOSED,54,3140,10:11,40.81,ETL_PIPELINE_FAILURE,False,False,1.72
INC-003000,2025-09-01,INTERNET_BANK,COMPLETENESS_CHECK,CHECK_715,MEDIUM,OPEN,329,1530,20:48,,NETWORK_TIMEOUT,False,False,21.5
INC-003001,2026-03-13,INTERNET_BANK,CONSISTENCY_CHECK,CHECK_246,LOW,RESOLVED,2760,747,22:20,6.52,MANUAL_DATA_ENTRY,False,False,369.48
INC-003002,2025-09-06,SCORING_ENGINE,SCHEMA_VALIDATION,CHECK_913,MEDIUM,CLOSED,113,19737,21:30,35.57,UNKNOWN,False,False,0.57
INC-003003,2025-11-16,CREDIT_BUREAU,FORMAT_CHECK,CHECK_696,LOW,IN_PROGRESS,706,4903,02:21,,UNKNOWN,False,False,14.4
INC-003004,2025-12-28,LOAN_REGISTRY,RANGE_CHECK,CHECK_940,LOW,OPEN,53,596,00:38,,BUSINESS_LOGIC_ERROR,False,False,8.89
INC-003005,2026-02-20,FRAUD_DETECTION,FORMAT_CHECK,CHECK_885,MEDIUM,IN_PROGRESS,13,10462,18:28,,MANUAL_DATA_ENTRY,False,False,0.12
INC-003006,2026-03-04,FRAUD_DETECTION,NULL_CHECK,CHECK_286,LOW,RESOLVED,4119,45767,12:32,18.71,UNKNOWN,False,False,9.0
INC-003007,2026-01-18,SCORING_ENGINE,SCHEMA_VALIDATION,CHECK_738,LOW,RESOLVED,662,9099,20:47,12.74,DATABASE_CORRUPTION,False,False,7.28
INC-003008,2025-12-18,CRM_CLIENTS,REFERENTIAL_INTEGRITY,CHECK_775,LOW,RESOLVED,113,73025,07:32,2.38,ETL_PIPELINE_FAILURE,False,False,0.15
INC-003009,2026-01-15,LOAN_REGISTRY,NULL_CHECK,CHECK_623,MEDIUM,RESOLVED,597,658073,18:45,9.2,DATA_DRIFT,True,False,0.09
INC-003010,2025-12-07,FRAUD_DETECTION,NULL_CHECK,CHECK_370,MEDIUM,RESOLVED,19,112306,00:14,16.53,API_INTEGRATION_ISSUE,False,False,0.02
INC-003011,2025-10-29,SCORING_ENGINE,DUPLICATE_CHECK,CHECK_271,MEDIUM,CLOSED,359,33918,00:39,27.15,UNKNOWN,False,False,1.06
INC-003012,2025-11-03,INTERNET_BANK,RANGE_CHECK,CHECK_841,LOW,IN_PROGRESS,229,111791,03:19,,NETWORK_TIMEOUT,False,False,0.2
INC-003013,2025-12-27,FRAUD_DETECTION,CONSISTENCY_CHECK,CHECK_802,LOW,CLOSED,545,1894045,07:47,2.02,CONFIGURATION_ERROR,False,False,0.03
INC-003014,2025-11-28,MOBILE_APP,COMPLETENESS_CHECK,CHECK_450,MEDIUM,CLOSED,3957,1233,13:48,8.03,DATABASE_CORRUPTION,False,False,320.92
INC-003015,2025-10-10,LOAN_REGISTRY,FORMAT_CHECK,CHECK_564,LOW,CLOSED,2687,78075,07:39,7.81,DATA_DRIFT,False,False,3.44
INC-003016,2025-11-10,LOAN_REGISTRY,NULL_CHECK,CHECK_710,CRITICAL,CLOSED,9,2999,02:03,27.48,NETWORK_TIMEOUT,False,False,0.3
INC-003017,2025-10-19,MOBILE_APP,FORMAT_CHECK,CHECK_704,LOW,RESOLVED,2,35718,04:23,0.02,DATABASE_CORRUPTION,False,False,0.01
INC-003018,2026-03-05,PAYMENT_SYSTEM,FORMAT_CHECK,CHECK_170,LOW,IN_PROGRESS,242,1565,15:18,,CONFIGURATION_ERROR,False,False,15.46
INC-003019,2025-09-29,INTERNET_BANK,REFERENTIAL_INTEGRITY,CHECK_335,LOW,RESOLVED,208,99887,06:09,11.57,API_INTEGRATION_ISSUE,False,True,0.21
INC-003020,2025-09-09,MOBILE_APP,RANGE_CHECK,CHECK_487,LOW,REOPENED,15,38555,12:13,30.55,SCHEMA_CHANGE,False,False,0.04
INC-003021,2026-02-17,CREDIT_BUREAU,RANGE_CHECK,CHECK_494,MEDIUM,CLOSED,21,441973,20:02,7.33,API_INTEGRATION_ISSUE,False,False,0.0
INC-003022,2025-12-17,CREDIT_BUREAU,ACCURACY_CHECK,CHECK_235,MEDIUM,OPEN,31,12803,07:59,,BUSINESS_LOGIC_ERROR,True,False,0.24
INC-003023,2026-02-05,SCORING_ENGINE,FRESHNESS_CHECK,CHECK_211,LOW,OPEN,2143,12013,23:38,,DATA_DRIFT,True,False,17.84
INC-003024,2025-09-05,LOAN_REGISTRY,RANGE_CHECK,CHECK_116,MEDIUM,REOPENED,57,12256,14:47,16.35,ETL_PIPELINE_FAILURE,False,False,0.47
INC-003025,2025-11-01,PAYMENT_SYSTEM,FORMAT_CHECK,CHECK_307,HIGH,OPEN,7,3024613,10:08,,MANUAL_DATA_ENTRY,False,False,0.0
INC-003026,2025-10-23,PAYMENT_SYSTEM,CONSISTENCY_CHECK,CHECK_635,LOW,OPEN,130,78197,08:20,,NETWORK_TIMEOUT,True,False,0.17
INC-003027,2025-09-18,FRAUD_DETECTION,FORMAT_CHECK,CHECK_980,MEDIUM,RESOLVED,147,324275,20:50,20.67,DATA_DRIFT,False,False,0.05
INC-003028,2025-09-26,FRAUD_DETECTION,CONSISTENCY_CHECK,CHECK_616,LOW,REOPENED,18,93780,01:33,4.89,MANUAL_DATA_ENTRY,False,False,0.02
INC-003029,2026-01-31,MOBILE_APP,ACCURACY_CHECK,CHECK_800,LOW,RESOLVED,483,128528,13:41,14.69,SCHEMA_CHANGE,False,False,0.38
INC-003030,2025-09-09,PAYMENT_SYSTEM,CONSISTENCY_CHECK,CHECK_529,LOW,RESOLVED,1442,1152,09:48,14.44,UNKNOWN,False,False,125.17
INC-003031,2025-12-24,MOBILE_APP,RANGE_CHECK,CHECK_946,LOW,CLOSED,72,7189,00:14,60.81,NETWORK_TIMEOUT,False,False,1.0
INC-003032,2026-02-01,INTERNET_BANK,REFERENTIAL_INTEGRITY,CHECK_253,LOW,OPEN,7,6357,23:21,,ETL_PIPELINE_FAILURE,False,True,0.11
INC-003033,2026-02-20,MOBILE_APP,CONSISTENCY_CHECK,CHECK_720,LOW,CLOSED,85,24789,10:15,16.07,UNKNOWN,False,False,0.34
INC-003034,2026-02-28,FRAUD_DETECTION,FORMAT_CHECK,CHECK_198,LOW,RESOLVED,271,17907,06:34,0.6,NETWORK_TIMEOUT,False,False,1.51
INC-003035,2025-09-13,LOAN_REGISTRY,COMPLETENESS_CHECK,CHECK_281,MEDIUM,RESOLVED,1,884,01:58,7.45,ETL_PIPELINE_FAILURE,False,False,0.11
INC-003036,2025-11-02,MOBILE_APP,RANGE_CHECK,CHECK_587,LOW,CLOSED,388,24001,21:15,2.48,DATA_DRIFT,False,False,1.62
INC-003037,2026-03-09,CRM_CLIENTS,COMPLETENESS_CHECK,CHECK_729,LOW,REOPENED,70,393,21:44,22.03,MANUAL_DATA_ENTRY,False,False,17.81
INC-003038,2025-09-12,LOAN_REGISTRY,SCHEMA_VALIDATION,CHECK_714,MEDIUM,RESOLVED,161,104082,23:14,21.98,NETWORK_TIMEOUT,True,False,0.15
INC-003039,2025-12-12,PAYMENT_SYSTEM,SCHEMA_VALIDATION,CHECK_139,CRITICAL,IN_PROGRESS,83,27116,19:55,,API_INTEGRATION_ISSUE,False,True,0.31
INC-003040,2025-12-22,PAYMENT_SYSTEM,FORMAT_CHECK,CHECK_998,LOW,CLOSED,32,265857,12:33,4.6,NETWORK_TIMEOUT,False,False,0.01
INC-003041,2025-10-30,MOBILE_APP,SCHEMA_VALIDATION,CHECK_902,HIGH,RESOLVED,118,33714,10:11,14.55,UNKNOWN,False,False,0.35
INC-003042,2026-01-17,LOAN_REGISTRY,FRESHNESS_CHECK,CHECK_644,LOW,CLOSED,53,8736,14:40,16.09,API_INTEGRATION_ISSUE,False,False,0.61
INC-003043,2025-10-26,FRAUD_DETECTION,ACCURACY_CHECK,CHECK_615,LOW,CLOSED,72,941,00:04,12.86,SOURCE_SYSTEM_ERROR,False,False,7.65
INC-003044,2026-03-13,FRAUD_DETECTION,RANGE_CHECK,CHECK_870,HIGH,IN_PROGRESS,25,10006,15:04,,MANUAL_DATA_ENTRY,False,False,0.25
INC-003045,2025-09-15,CREDIT_BUREAU,COMPLETENESS_CHECK,CHECK_220,LOW,REOPENED,434,4557,06:03,24.36,SOURCE_SYSTEM_ERROR,False,False,9.52
INC-003046,2025-10-06,PAYMENT_SYSTEM,FORMAT_CHECK,CHECK_195,HIGH,RESOLVED,1760,46309,20:09,6.48,NETWORK_TIMEOUT,False,False,3.8
INC-003047,2026-01-07,SCORING_ENGINE,FRESHNESS_CHECK,CHECK_593,LOW,CLOSED,25,9488,06:08,4.75,SCHEMA_CHANGE,False,False,0.26
INC-003048,2025-11-14,CREDIT_BUREAU,FORMAT_CHECK,CHECK_775,MEDIUM,OPEN,117,73852,02:11,,MANUAL_DATA_ENTRY,True,False,0.16
INC-003049,2025-10-30,FRAUD_DETECTION,FRESHNESS_CHECK,CHECK_233,LOW,CLOSED,16,330272,18:35,20.42,SOURCE_SYSTEM_ERROR,True,False,0.0
INC-003050,2026-03-07,LOAN_REGISTRY,SCHEMA_VALIDATION,CHECK_717,MEDIUM,CLOSED,322,1302,06:15,7.74,DATABASE_CORRUPTION,True,False,24.73
INC-003051,2026-01-26,INTERNET_BANK,SCHEMA_VALIDATION,CHECK_652,HIGH,CLOSED,232,21911,16:05,16.06,SCHEMA_CHANGE,False,False,1.06
INC-003052,2025-11-21,FRAUD_DETECTION,CONSISTENCY_CHECK,CHECK_947,MEDIUM,CLOSED,46,20020,13:46,0.23,DATA_DRIFT,False,False,0.23
INC-003053,2026-01-26,LOAN_REGISTRY,DUPLICATE_CHECK,CHECK_101,HIGH,RESOLVED,125,41293,14:19,31.22,SOURCE_SYSTEM_ERROR,False,False,0.3
INC-003054,2026-02-01,CREDIT_BUREAU,FORMAT_CHECK,CHECK_893,MEDIUM,RESOLVED,837,86968,05:46,17.84,SCHEMA_CHANGE,False,False,0.96
INC-003055,2026-02-20,PAYMENT_SYSTEM,CONSISTENCY_CHECK,CHECK_794,CRITICAL,CLOSED,5,527292,06:15,6.01,DATA_DRIFT,False,False,0.0
INC-003056,2025-11-22,FRAUD_DETECTION,RANGE_CHECK,CHECK_764,MEDIUM,CLOSED,11,2394,13:11,5.81,DATABASE_CORRUPTION,False,False,0.46
INC-003057,2025-10-31,MOBILE_APP,CONSISTENCY_CHECK,CHECK_541,LOW,CLOSED,475,949,19:15,1.3,BUSINESS_LOGIC_ERROR,False,False,50.05
INC-003058,2025-11-17,LOAN_REGISTRY,NULL_CHECK,CHECK_634,LOW,CLOSED,165,32113,09:18,20.32,MANUAL_DATA_ENTRY,False,False,0.51
INC-003059,2025-10-07,PAYMENT_SYSTEM,SCHEMA_VALIDATION,CHECK_530,LOW,RESOLVED,128,54123,18:28,17.56,BUSINESS_LOGIC_ERROR,False,False,0.24
INC-003060,2026-02-17,INTERNET_BANK,NULL_CHECK,CHECK_479,LOW,RESOLVED,978,93027,20:12,11.94,SOURCE_SYSTEM_ERROR,False,False,1.05
INC-003061,2026-01-12,INTERNET_BANK,FORMAT_CHECK,CHECK_995,HIGH,RESOLVED,607,4806,08:55,1.28,NETWORK_TIMEOUT,False,False,12.63
INC-003062,2025-10-27,SCORING_ENGINE,COMPLETENESS_CHECK,CHECK_144,HIGH,CLOSED,4583,938,15:05,3.65,UNKNOWN,False,False,488.59
INC-003063,2025-12-15,LOAN_REGISTRY,COMPLETENESS_CHECK,CHECK_814,MEDIUM,RESOLVED,888,252189,11:25,7.37,NETWORK_TIMEOUT,True,False,0.35
INC-003064,2025-11-16,CREDIT_BUREAU,RANGE_CHECK,CHECK_642,LOW,CLOSED,424,61386,12:10,3.71,API_INTEGRATION_ISSUE,False,False,0.69
INC-003065,2025-11-10,SCORING_ENGINE,CONSISTENCY_CHECK,CHECK_539,LOW,IN_PROGRESS,133,10327,15:28,,SCHEMA_CHANGE,True,False,1.29
INC-003066,2025-09-16,SCORING_ENGINE,COMPLETENESS_CHECK,CHECK_334,CRITICAL,IN_PROGRESS,111,301,13:32,,UNKNOWN,False,False,36.88
INC-003067,2026-01-21,CRM_CLIENTS,FRESHNESS_CHECK,CHECK_921,MEDIUM,IN_PROGRESS,147,5778,19:47,,BUSINESS_LOGIC_ERROR,False,False,2.54
INC-003068,2026-01-30,FRAUD_DETECTION,FRESHNESS_CHECK,CHECK_593,MEDIUM,OPEN,231,88501,13:48,,DATA_DRIFT,False,False,0.26
INC-003069,2026-03-08,LOAN_REGISTRY,RANGE_CHECK,CHECK_908,LOW,CLOSED,13,52553,04:52,26.75,UNKNOWN,False,False,0.02
INC-003070,2025-10-15,SCORING_ENGINE,ACCURACY_CHECK,CHECK_887,LOW,IN_PROGRESS,251,1398,15:01,,UNKNOWN,True,False,17.95
INC-003071,2026-02-08,CRM_CLIENTS,SCHEMA_VALIDATION,CHECK_490,HIGH,IN_PROGRESS,91,75980,12:27,,SOURCE_SYSTEM_ERROR,False,False,0.12
INC-003072,2026-02-21,CREDIT_BUREAU,CONSISTENCY_CHECK,CHECK_458,MEDIUM,OPEN,303,18464,02:48,,ETL_PIPELINE_FAILURE,False,True,1.64
INC-003073,2025-12-19,PAYMENT_SYSTEM,FORMAT_CHECK,CHECK_703,LOW,CLOSED,46,277658,09:38,9.34,DATA_DRIFT,False,False,0.02
INC-003074,2026-01-21,MOBILE_APP,REFERENTIAL_INTEGRITY,CHECK_923,LOW,CLOSED,39,5454,17:09,30.57,ETL_PIPELINE_FAILURE,False,False,0.72
INC-003075,2026-01-05,MOBILE_APP,REFERENTIAL_INTEGRITY,CHECK_859,CRITICAL,IN_PROGRESS,235,6412,17:46,,API_INTEGRATION_ISSUE,False,False,3.67
INC-003076,2025-09-13,LOAN_REGISTRY,REFERENTIAL_INTEGRITY,CHECK_879,LOW,CLOSED,385,27727,05:16,3.74,NETWORK_TIMEOUT,False,False,1.39
INC-003077,2025-11-28,SCORING_ENGINE,COMPLETENESS_CHECK,CHECK_957,MEDIUM,RESOLVED,44,9553,12:29,1.71,MANUAL_DATA_ENTRY,False,False,0.46
INC-003078,2026-02-12,MOBILE_APP,ACCURACY_CHECK,CHECK_813,LOW,IN_PROGRESS,2076,3839,09:29,,MANUAL_DATA_ENTRY,False,False,54.08
INC-003079,2026-02-19,FRAUD_DETECTION,ACCURACY_CHECK,CHECK_689,LOW,CLOSED,2048,875786,09:24,13.66,NETWORK_TIMEOUT,False,False,0.23
INC-003080,2025-12-07,MOBILE_APP,CONSISTENCY_CHECK,CHECK_200,HIGH,IN_PROGRESS,6,377725,17:38,,API_INTEGRATION_ISSUE,False,False,0.0
INC-003081,2026-01-13,MOBILE_APP,CONSISTENCY_CHECK,CHECK_535,HIGH,CLOSED,31,3229,15:04,0.87,DATABASE_CORRUPTION,False,False,0.96
INC-003082,2025-11-21,MOBILE_APP,ACCURACY_CHECK,CHECK_237,LOW,OPEN,187,34222,10:08,,BUSINESS_LOGIC_ERROR,False,False,0.55
INC-003083,2026-02-26,INTERNET_BANK,RANGE_CHECK,CHECK_360,HIGH,REOPENED,311,1028,22:30,7.31,ETL_PIPELINE_FAILURE,False,True,30.25
INC-003084,2025-12-16,CRM_CLIENTS,CONSISTENCY_CHECK,CHECK_588,LOW,OPEN,10558,661631,06:09,,ETL_PIPELINE_FAILURE,False,False,1.6
INC-003085,2025-12-14,SCORING_ENGINE,RANGE_CHECK,CHECK_884,LOW,CLOSED,196,100738,06:00,34.71,SOURCE_SYSTEM_ERROR,False,False,0.19
INC-003086,2025-10-09,FRAUD_DETECTION,NULL_CHECK,CHECK_338,LOW,CLOSED,117,163949,00:55,4.63,NETWORK_TIMEOUT,False,False,0.07
INC-003087,2025-11-16,SCORING_ENGINE,FRESHNESS_CHECK,CHECK_979,MEDIUM,OPEN,15,13318,16:46,,UNKNOWN,False,False,0.11
INC-003088,2025-12-06,INTERNET_BANK,SCHEMA_VALIDATION,CHECK_185,MEDIUM,RESOLVED,6,230820,23:23,43.91,SCHEMA_CHANGE,False,False,0.0
INC-003089,2025-10-18,LOAN_REGISTRY,CONSISTENCY_CHECK,CHECK_390,LOW,RESOLVED,113,232048,15:25,3.32,BUSINESS_LOGIC_ERROR,False,False,0.05
INC-003090,2026-03-13,LOAN_REGISTRY,ACCURACY_CHECK,CHECK_712,CRITICAL,CLOSED,9088,15846,13:25,8.66,API_INTEGRATION_ISSUE,False,False,57.35
INC-003091,2026-01-16,LOAN_REGISTRY,FRESHNESS_CHECK,CHECK_997,LOW,IN_PROGRESS,97,2212,23:23,,NETWORK_TIMEOUT,False,False,4.39
INC-003092,2025-12-31,CREDIT_BUREAU,FRESHNESS_CHECK,CHECK_656,LOW,OPEN,31,52597,12:31,,NETWORK_TIMEOUT,False,True,0.06
INC-003093,2025-11-01,MOBILE_APP,DUPLICATE_CHECK,CHECK_518,MEDIUM,CLOSED,366,17101,09:41,4.35,DATABASE_CORRUPTION,False,False,2.14
INC-003094,2025-10-28,CREDIT_BUREAU,ACCURACY_CHECK,CHECK_363,LOW,RESOLVED,2,895466,18:04,19.2,SCHEMA_CHANGE,True,True,0.0
INC-003095,2025-11-16,CRM_CLIENTS,SCHEMA_VALIDATION,CHECK_293,HIGH,CLOSED,173,24373,13:56,42.49,DATA_DRIFT,False,False,0.71
INC-003096,2026-03-01,LOAN_REGISTRY,ACCURACY_CHECK,CHECK_105,MEDIUM,IN_PROGRESS,771,27252,01:58,,DATA_DRIFT,False,False,2.83
INC-003097,2025-10-07,INTERNET_BANK,CONSISTENCY_CHECK,CHECK_826,LOW,RESOLVED,22,110631,03:24,28.78,CONFIGURATION_ERROR,False,True,0.02
INC-003098,2025-12-28,FRAUD_DETECTION,FORMAT_CHECK,CHECK_861,LOW,CLOSED,2293,22171,18:10,14.79,DATABASE_CORRUPTION,False,False,10.34
INC-003099,2025-09-15,SCORING_ENGINE,NULL_CHECK,CHECK_908,MEDIUM,CLOSED,555,88319,06:48,28.12,DATA_DRIFT,True,False,0.63
INC-003100,2026-01-22,MOBILE_APP,RANGE_CHECK,CHECK_107,LOW,RESOLVED,2335,7494,13:16,2.16,DATABASE_CORRUPTION,False,False,31.16
INC-003101,2025-12-15,PAYMENT_SYSTEM,FORMAT_CHECK,CHECK_691,MEDIUM,RESOLVED,9,2351,23:22,14.95,ETL_PIPELINE_FAILURE,False,False,0.38
INC-003102,2025-12-16,FRAUD_DETECTION,NULL_CHECK,CHECK_635,MEDIUM,RESOLVED,103,3550,16:45,15.8,MANUAL_DATA_ENTRY,False,False,2.9
INC-003103,2026-01-21,MOBILE_APP,FORMAT_CHECK,CHECK_220,MEDIUM,IN_PROGRESS,938,11223,15:40,,MANUAL_DATA_ENTRY,False,False,8.36
INC-003104,2026-01-14,CREDIT_BUREAU,RANGE_CHECK,CHECK_632,LOW,RESOLVED,7,27923,22:23,1.0,NETWORK_TIMEOUT,False,False,0.03
INC-003105,2025-10-05,CREDIT_BUREAU,COMPLETENESS_CHECK,CHECK_107,HIGH,IN_PROGRESS,986,59758,22:03,,MANUAL_DATA_ENTRY,False,False,1.65
INC-003106,2025-12-09,FRAUD_DETECTION,ACCURACY_CHECK,CHECK_484,MEDIUM,CLOSED,103,54791,20:24,0.64,BUSINESS_LOGIC_ERROR,False,False,0.19
INC-003107,2025-11-02,CREDIT_BUREAU,FORMAT_CHECK,CHECK_770,MEDIUM,CLOSED,971,22474,13:47,5.78,DATA_DRIFT,False,False,4.32
INC-003108,2025-11-05,LOAN_REGISTRY,CONSISTENCY_CHECK,CHECK_310,LOW,RESOLVED,229,2591,07:15,6.0,BUSINESS_LOGIC_ERROR,True,False,8.84
INC-003109,2025-10-23,CRM_CLIENTS,SCHEMA_VALIDATION,CHECK_804,MEDIUM,RESOLVED,2494,89112,15:02,82.0,SOURCE_SYSTEM_ERROR,False,False,2.8
INC-003110,2025-11-24,SCORING_ENGINE,REFERENTIAL_INTEGRITY,CHECK_923,MEDIUM,IN_PROGRESS,11,1093,11:40,,DATA_DRIFT,False,False,1.01
INC-003111,2026-02-13,CRM_CLIENTS,CONSISTENCY_CHECK,CHECK_423,HIGH,RESOLVED,286,2132,22:43,20.61,SCHEMA_CHANGE,True,False,13.41
INC-003112,2025-09-21,MOBILE_APP,RANGE_CHECK,CHECK_518,LOW,CLOSED,7,24110,00:44,0.66,API_INTEGRATION_ISSUE,False,False,0.03
INC-003113,2025-12-25,SCORING_ENGINE,SCHEMA_VALIDATION,CHECK_470,LOW,CLOSED,343,108326,21:41,9.05,CONFIGURATION_ERROR,False,False,0.32
INC-003114,2025-12-04,INTERNET_BANK,CONSISTENCY_CHECK,CHECK_209,MEDIUM,CLOSED,285,77236,04:16,9.23,DATABASE_CORRUPTION,False,False,0.37
INC-003115,2025-09-24,SCORING_ENGINE,FRESHNESS_CHECK,CHECK_258,LOW,CLOSED,83,18021,19:29,11.89,NETWORK_TIMEOUT,False,True,0.46
INC-003116,2026-01-16,CRM_CLIENTS,ACCURACY_CHECK,CHECK_536,HIGH,RESOLVED,30,53610,21:09,19.93,DATABASE_CORRUPTION,False,True,0.06
INC-003117,2026-03-05,FRAUD_DETECTION,SCHEMA_VALIDATION,CHECK_767,LOW,OPEN,77,2615,08:15,,API_INTEGRATION_ISSUE,False,False,2.94
INC-003118,2025-10-19,SCORING_ENGINE,FRESHNESS_CHECK,CHECK_699,MEDIUM,CLOSED,180,7161,19:37,17.18,API_INTEGRATION_ISSUE,False,False,2.51
INC-003119,2025-09-14,INTERNET_BANK,CONSISTENCY_CHECK,CHECK_359,HIGH,IN_PROGRESS,262,7381,21:53,,API_INTEGRATION_ISSUE,False,False,3.55
INC-003120,2025-11-08,INTERNET_BANK,NULL_CHECK,CHECK_367,MEDIUM,CLOSED,7077,3134,05:00,15.6,DATA_DRIFT,False,False,225.81
INC-003121,2025-12-06,INTERNET_BANK,DUPLICATE_CHECK,CHECK_975,LOW,CLOSED,851,10736,03:49,8.11,CONFIGURATION_ERROR,False,False,7.93
INC-003122,2026-02-20,CRM_CLIENTS,NULL_CHECK,CHECK_648,LOW,CLOSED,45,14506,02:41,0.83,SCHEMA_CHANGE,False,False,0.31
INC-003123,2026-02-02,SCORING_ENGINE,ACCURACY_CHECK,CHECK_533,MEDIUM,RESOLVED,472,8737,22:58,26.51,UNKNOWN,False,False,5.4
INC-003124,2026-02-02,PAYMENT_SYSTEM,SCHEMA_VALIDATION,CHECK_678,LOW,RESOLVED,864,13180,12:25,26.51,API_INTEGRATION_ISSUE,False,False,6.56
INC-003125,2025-09-11,FRAUD_DETECTION,SCHEMA_VALIDATION,CHECK_474,HIGH,CLOSED,39,72,22:37,4.68,NETWORK_TIMEOUT,False,False,54.17
INC-003126,2025-09-19,LOAN_REGISTRY,ACCURACY_CHECK,CHECK_726,CRITICAL,CLOSED,604,47637,02:33,29.43,DATA_DRIFT,True,False,1.27
INC-003127,2025-10-19,SCORING_ENGINE,FRESHNESS_CHECK,CHECK_382,MEDIUM,CLOSED,7,9786,06:56,17.03,SCHEMA_CHANGE,False,False,0.07
INC-003128,2026-03-14,INTERNET_BANK,DUPLICATE_CHECK,CHECK_796,LOW,REOPENED,37,9768,13:10,6.15,API_INTEGRATION_ISSUE,False,False,0.38
INC-003129,2026-01-29,PAYMENT_SYSTEM,CONSISTENCY_CHECK,CHECK_506,LOW,OPEN,8,1371,13:16,,SOURCE_SYSTEM_ERROR,False,False,0.58
INC-003130,2026-03-05,LOAN_REGISTRY,RANGE_CHECK,CHECK_873,MEDIUM,RESOLVED,97,489927,22:19,44.34,UNKNOWN,False,False,0.02
INC-003131,2026-02-19,LOAN_REGISTRY,NULL_CHECK,CHECK_308,CRITICAL,RESOLVED,57,538572,16:34,14.96,NETWORK_TIMEOUT,False,False,0.01
INC-003132,2026-01-22,MOBILE_APP,NULL_CHECK,CHECK_523,MEDIUM,IN_PROGRESS,67,782,21:56,,UNKNOWN,False,True,8.57
INC-003133,2025-10-26,SCORING_ENGINE,REFERENTIAL_INTEGRITY,CHECK_665,CRITICAL,CLOSED,758,13752,12:37,12.33,SOURCE_SYSTEM_ERROR,False,False,5.51
INC-003134,2026-01-01,CRM_CLIENTS,DUPLICATE_CHECK,CHECK_902,HIGH,REOPENED,177,140868,09:46,10.17,UNKNOWN,False,False,0.13
INC-003135,2025-10-24,SCORING_ENGINE,RANGE_CHECK,CHECK_670,MEDIUM,IN_PROGRESS,735,10752,13:48,,CONFIGURATION_ERROR,False,False,6.84
INC-003136,2025-11-25,PAYMENT_SYSTEM,NULL_CHECK,CHECK_594,MEDIUM,OPEN,3837,6553,23:55,,UNKNOWN,False,True,58.55
INC-003137,2025-11-17,LOAN_REGISTRY,RANGE_CHECK,CHECK_283,MEDIUM,RESOLVED,9792,5755,02:06,9.26,UNKNOWN,True,False,170.15
INC-003138,2025-09-04,SCORING_ENGINE,CONSISTENCY_CHECK,CHECK_479,MEDIUM,CLOSED,112,41167,20:36,12.76,BUSINESS_LOGIC_ERROR,False,False,0.27
INC-003139,2025-10-25,CRM_CLIENTS,SCHEMA_VALIDATION,CHECK_672,HIGH,RESOLVED,432,4117625,11:52,28.58,CONFIGURATION_ERROR,False,True,0.01
INC-003140,2025-10-19,MOBILE_APP,RANGE_CHECK,CHECK_668,HIGH,OPEN,108,115358,04:17,,BUSINESS_LOGIC_ERROR,False,False,0.09
INC-003141,2026-03-09,SCORING_ENGINE,NULL_CHECK,CHECK_595,LOW,OPEN,1128,2399,23:13,,UNKNOWN,False,False,47.02
INC-003142,2025-10-01,FRAUD_DETECTION,FRESHNESS_CHECK,CHECK_359,HIGH,RESOLVED,764,6261,23:25,31.54,BUSINESS_LOGIC_ERROR,False,False,12.2
INC-003143,2026-03-11,MOBILE_APP,DUPLICATE_CHECK,CHECK_414,LOW,CLOSED,39,12893,22:19,23.46,SCHEMA_CHANGE,False,True,0.3
INC-003144,2026-03-13,CRM_CLIENTS,ACCURACY_CHECK,CHECK_691,HIGH,RESOLVED,53,3950,00:10,4.2,ETL_PIPELINE_FAILURE,False,False,1.34
INC-003145,2026-01-01,PAYMENT_SYSTEM,FORMAT_CHECK,CHECK_452,MEDIUM,RESOLVED,2373,2720,15:00,32.42,NETWORK_TIMEOUT,False,False,87.24
INC-003146,2025-11-02,LOAN_REGISTRY,COMPLETENESS_CHECK,CHECK_892,HIGH,IN_PROGRESS,49,98701,03:04,,SCHEMA_CHANGE,False,False,0.05
INC-003147,2026-02-26,SCORING_ENGINE,COMPLETENESS_CHECK,CHECK_822,HIGH,RESOLVED,118,8055,22:26,4.8,MANUAL_DATA_ENTRY,False,False,1.46
INC-003148,2026-02-02,CRM_CLIENTS,FORMAT_CHECK,CHECK_507,MEDIUM,CLOSED,572,46333,16:26,12.26,SOURCE_SYSTEM_ERROR,False,False,1.23
INC-003149,2026-02-28,MOBILE_APP,RANGE_CHECK,CHECK_853,LOW,RESOLVED,106,778292,20:18,8.98,UNKNOWN,False,False,0.01
INC-003150,2025-10-23,FRAUD_DETECTION,DUPLICATE_CHECK,CHECK_241,HIGH,RESOLVED,3190,7718,23:27,9.38,CONFIGURATION_ERROR,False,False,41.33
INC-003151,2025-12-11,CRM_CLIENTS,RANGE_CHECK,CHECK_975,MEDIUM,CLOSED,1171,38148,05:11,19.01,API_INTEGRATION_ISSUE,False,False,3.07
INC-003152,2025-11-01,CREDIT_BUREAU,ACCURACY_CHECK,CHECK_984,LOW,OPEN,25,2843,11:11,,NETWORK_TIMEOUT,False,False,0.88
INC-003153,2026-01-20,INTERNET_BANK,DUPLICATE_CHECK,CHECK_775,MEDIUM,CLOSED,46,50565,22:08,48.26,DATA_DRIFT,False,True,0.09
INC-003154,2025-11-22,FRAUD_DETECTION,FORMAT_CHECK,CHECK_221,LOW,RESOLVED,480,296584,06:31,6.9,CONFIGURATION_ERROR,False,False,0.16
INC-003155,2025-11-12,MOBILE_APP,RANGE_CHECK,CHECK_865,HIGH,RESOLVED,133,267505,05:32,35.91,ETL_PIPELINE_FAILURE,False,False,0.05
INC-003156,2025-12-07,PAYMENT_SYSTEM,REFERENTIAL_INTEGRITY,CHECK_335,LOW,CLOSED,3,23971,03:28,5.8,CONFIGURATION_ERROR,False,False,0.01
INC-003157,2025-12-29,LOAN_REGISTRY,NULL_CHECK,CHECK_557,MEDIUM,CLOSED,21,7801,18:52,11.05,NETWORK_TIMEOUT,False,False,0.27
INC-003158,2026-01-15,MOBILE_APP,FRESHNESS_CHECK,CHECK_901,MEDIUM,CLOSED,237,35369,06:11,7.18,SOURCE_SYSTEM_ERROR,False,False,0.67
INC-003159,2026-02-14,INTERNET_BANK,SCHEMA_VALIDATION,CHECK_816,LOW,OPEN,881,24397,06:03,,ETL_PIPELINE_FAILURE,False,False,3.61
INC-003160,2025-12-01,PAYMENT_SYSTEM,FRESHNESS_CHECK,CHECK_265,MEDIUM,RESOLVED,906,55396,23:11,2.43,DATA_DRIFT,False,False,1.64
INC-003161,2025-11-18,SCORING_ENGINE,ACCURACY_CHECK,CHECK_202,MEDIUM,RESOLVED,7522,6192,06:16,6.14,SCHEMA_CHANGE,False,True,121.48
INC-003162,2025-11-06,CRM_CLIENTS,RANGE_CHECK,CHECK_319,LOW,RESOLVED,37,9893,13:28,0.85,MANUAL_DATA_ENTRY,False,False,0.37
INC-003163,2025-12-02,CREDIT_BUREAU,CONSISTENCY_CHECK,CHECK_620,MEDIUM,CLOSED,40,14234,20:58,10.94,SCHEMA_CHANGE,False,False,0.28
INC-003164,2026-01-10,FRAUD_DETECTION,DUPLICATE_CHECK,CHECK_510,HIGH,OPEN,141,83527,19:06,,CONFIGURATION_ERROR,False,False,0.17
INC-003165,2026-01-06,FRAUD_DETECTION,RANGE_CHECK,CHECK_904,LOW,RESOLVED,5,108918,20:10,0.56,DATA_DRIFT,False,False,0.0
INC-003166,2025-12-29,CRM_CLIENTS,DUPLICATE_CHECK,CHECK_446,HIGH,CLOSED,147,9291,02:18,12.93,SOURCE_SYSTEM_ERROR,False,False,1.58
INC-003167,2025-09-26,CREDIT_BUREAU,SCHEMA_VALIDATION,CHECK_920,LOW,RESOLVED,100,2204,02:24,17.91,NETWORK_TIMEOUT,False,True,4.54
INC-003168,2026-03-04,CRM_CLIENTS,REFERENTIAL_INTEGRITY,CHECK_663,LOW,CLOSED,723,45491,03:17,2.88,CONFIGURATION_ERROR,False,False,1.59
INC-003169,2025-12-30,SCORING_ENGINE,FRESHNESS_CHECK,CHECK_728,MEDIUM,IN_PROGRESS,1015,95209,02:21,,API_INTEGRATION_ISSUE,False,False,1.07
INC-003170,2026-03-14,INTERNET_BANK,NULL_CHECK,CHECK_813,MEDIUM,RESOLVED,303,16843,00:37,2.7,ETL_PIPELINE_FAILURE,False,False,1.8
INC-003171,2025-11-21,PAYMENT_SYSTEM,SCHEMA_VALIDATION,CHECK_800,CRITICAL,REOPENED,149,5285,07:30,4.24,ETL_PIPELINE_FAILURE,False,False,2.82
INC-003172,2025-10-23,MOBILE_APP,SCHEMA_VALIDATION,CHECK_823,CRITICAL,RESOLVED,307,8468,15:43,1.4,DATA_DRIFT,True,False,3.63
INC-003173,2025-12-04,FRAUD_DETECTION,FRESHNESS_CHECK,CHECK_153,LOW,RESOLVED,30,584597,03:00,5.55,DATABASE_CORRUPTION,False,False,0.01
INC-003174,2025-11-20,SCORING_ENGINE,SCHEMA_VALIDATION,CHECK_264,HIGH,CLOSED,125,34319,01:17,5.52,DATABASE_CORRUPTION,False,False,0.36
INC-003175,2025-12-15,PAYMENT_SYSTEM,CONSISTENCY_CHECK,CHECK_498,MEDIUM,REOPENED,153,167172,00:42,19.76,CONFIGURATION_ERROR,False,False,0.09
INC-003176,2025-09-12,SCORING_ENGINE,CONSISTENCY_CHECK,CHECK_751,LOW,REOPENED,127,4419,18:50,19.37,CONFIGURATION_ERROR,False,False,2.87
INC-003177,2026-01-23,CREDIT_BUREAU,COMPLETENESS_CHECK,CHECK_105,LOW,CLOSED,105,247828,01:06,19.12,CONFIGURATION_ERROR,False,True,0.04
INC-003178,2025-10-27,FRAUD_DETECTION,COMPLETENESS_CHECK,CHECK_923,MEDIUM,OPEN,42,131843,06:33,,CONFIGURATION_ERROR,False,False,0.03
INC-003179,2026-03-09,MOBILE_APP,CONSISTENCY_CHECK,CHECK_193,MEDIUM,CLOSED,19,17946,00:24,4.73,UNKNOWN,True,True,0.11
INC-003180,2025-10-08,CRM_CLIENTS,FORMAT_CHECK,CHECK_943,LOW,CLOSED,98,74449,19:33,6.35,DATABASE_CORRUPTION,False,False,0.13
INC-003181,2025-09-05,CRM_CLIENTS,REFERENTIAL_INTEGRITY,CHECK_248,LOW,RESOLVED,487,292982,08:59,4.59,NETWORK_TIMEOUT,False,False,0.17
INC-003182,2025-11-06,PAYMENT_SYSTEM,DUPLICATE_CHECK,CHECK_582,LOW,CLOSED,4,2401,15:30,10.47,ETL_PIPELINE_FAILURE,False,False,0.17
INC-003183,2026-01-20,MOBILE_APP,REFERENTIAL_INTEGRITY,CHECK_714,MEDIUM,RESOLVED,54,7696,10:38,33.36,SOURCE_SYSTEM_ERROR,False,False,0.7
INC-003184,2026-01-28,INTERNET_BANK,ACCURACY_CHECK,CHECK_545,CRITICAL,OPEN,9303,62822,13:21,,API_INTEGRATION_ISSUE,True,False,14.81
INC-003185,2026-01-27,LOAN_REGISTRY,SCHEMA_VALIDATION,CHECK_190,HIGH,CLOSED,100,22936,11:43,7.37,UNKNOWN,False,False,0.44
INC-003186,2026-03-04,CREDIT_BUREAU,NULL_CHECK,CHECK_165,MEDIUM,RESOLVED,200,50140,10:20,12.77,DATABASE_CORRUPTION,False,False,0.4
INC-003187,2025-12-16,PAYMENT_SYSTEM,SCHEMA_VALIDATION,CHECK_369,LOW,RESOLVED,5869,87230,07:23,22.35,SOURCE_SYSTEM_ERROR,False,False,6.73
INC-003188,2025-11-15,LOAN_REGISTRY,REFERENTIAL_INTEGRITY,CHECK_327,LOW,RESOLVED,281,59709,21:25,3.51,DATA_DRIFT,True,True,0.47
INC-003189,2025-10-10,SCORING_ENGINE,CONSISTENCY_CHECK,CHECK_479,LOW,CLOSED,294,13284,12:39,3.95,SOURCE_SYSTEM_ERROR,False,False,2.21
INC-003190,2025-10-21,CREDIT_BUREAU,FRESHNESS_CHECK,CHECK_181,MEDIUM,IN_PROGRESS,24,15246,01:22,,CONFIGURATION_ERROR,False,False,0.16
INC-003191,2025-11-24,SCORING_ENGINE,ACCURACY_CHECK,CHECK_723,LOW,RESOLVED,277,494190,10:51,1.0,BUSINESS_LOGIC_ERROR,False,False,0.06
INC-003192,2025-10-29,INTERNET_BANK,CONSISTENCY_CHECK,CHECK_138,LOW,CLOSED,144,26170,03:00,11.16,NETWORK_TIMEOUT,False,False,0.55
INC-003193,2025-12-07,MOBILE_APP,REFERENTIAL_INTEGRITY,CHECK_841,LOW,CLOSED,943,331252,14:55,23.63,DATABASE_CORRUPTION,False,False,0.28
INC-003194,2026-01-24,FRAUD_DETECTION,FRESHNESS_CHECK,CHECK_493,MEDIUM,RESOLVED,1909,380655,22:25,30.57,BUSINESS_LOGIC_ERROR,True,False,0.5
INC-003195,2025-11-02,CREDIT_BUREAU,NULL_CHECK,CHECK_510,MEDIUM,CLOSED,157,4619,23:53,0.15,DATA_DRIFT,False,False,3.4
INC-003196,2026-01-06,LOAN_REGISTRY,REFERENTIAL_INTEGRITY,CHECK_728,LOW,CLOSED,318,95896,04:01,5.54,CONFIGURATION_ERROR,False,False,0.33
INC-003197,2026-01-19,INTERNET_BANK,DUPLICATE_CHECK,CHECK_771,MEDIUM,CLOSED,3,2539,19:07,3.57,UNKNOWN,True,False,0.12
INC-003198,2026-02-15,FRAUD_DETECTION,RANGE_CHECK,CHECK_633,LOW,IN_PROGRESS,1,559239,16:17,,ETL_PIPELINE_FAILURE,False,False,0.0
INC-003199,2026-02-23,CRM_CLIENTS,FRESHNESS_CHECK,CHECK_393,MEDIUM,CLOSED,1321,32116,22:48,12.02,API_INTEGRATION_ISSUE,True,False,4.11
INC-003200,2025-11-26,LOAN_REGISTRY,REFERENTIAL_INTEGRITY,CHECK_828,LOW,RESOLVED,1,29144,07:23,100.77,MANUAL_DATA_ENTRY,True,False,0.0
INC-003201,2025-11-05,PAYMENT_SYSTEM,CONSISTENCY_CHECK,CHECK_711,LOW,OPEN,285,3903,14:39,,SCHEMA_CHANGE,False,True,7.3
INC-003202,2026-01-04,CRM_CLIENTS,DUPLICATE_CHECK,CHECK_158,LOW,IN_PROGRESS,104,6544,21:42,,API_INTEGRATION_ISSUE,False,False,1.59
INC-003203,2026-03-05,INTERNET_BANK,FORMAT_CHECK,CHECK_892,MEDIUM,CLOSED,1741,34626,15:32,6.42,API_INTEGRATION_ISSUE,False,False,5.03
INC-003204,2026-02-12,CRM_CLIENTS,FRESHNESS_CHECK,CHECK_939,LOW,OPEN,138,26422,13:42,,DATA_DRIFT,True,False,0.52
INC-003205,2026-03-09,PAYMENT_SYSTEM,DUPLICATE_CHECK,CHECK_279,LOW,IN_PROGRESS,5456,10196,06:00,,ETL_PIPELINE_FAILURE,False,False,53.51
INC-003206,2026-01-04,CREDIT_BUREAU,CONSISTENCY_CHECK,CHECK_755,MEDIUM,CLOSED,98,127602,20:52,3.4,BUSINESS_LOGIC_ERROR,False,False,0.08
INC-003207,2025-12-27,CRM_CLIENTS,REFERENTIAL_INTEGRITY,CHECK_606,LOW,CLOSED,1469,21918,10:01,19.39,DATABASE_CORRUPTION,False,False,6.7
INC-003208,2025-10-14,MOBILE_APP,SCHEMA_VALIDATION,CHECK_549,MEDIUM,CLOSED,7,2918,20:23,9.47,SCHEMA_CHANGE,True,False,0.24
INC-003209,2026-03-07,LOAN_REGISTRY,NULL_CHECK,CHECK_110,MEDIUM,IN_PROGRESS,1,93037,01:51,,API_INTEGRATION_ISSUE,True,False,0.0
INC-003210,2025-11-30,FRAUD_DETECTION,SCHEMA_VALIDATION,CHECK_306,MEDIUM,OPEN,140,2167,23:20,,DATA_DRIFT,False,True,6.46
INC-003211,2025-10-14,CRM_CLIENTS,RANGE_CHECK,CHECK_970,LOW,CLOSED,9,470,21:28,2.96,UNKNOWN,False,False,1.91
INC-003212,2025-10-06,LOAN_REGISTRY,DUPLICATE_CHECK,CHECK_772,MEDIUM,OPEN,131,26697,07:38,,DATABASE_CORRUPTION,False,False,0.49
INC-003213,2026-03-04,SCORING_ENGINE,RANGE_CHECK,CHECK_923,LOW,CLOSED,64,2803,15:25,23.59,DATA_DRIFT,False,False,2.28
INC-003214,2026-01-18,LOAN_REGISTRY,NULL_CHECK,CHECK_630,MEDIUM,IN_PROGRESS,497,31452,23:39,,ETL_PIPELINE_FAILURE,True,True,1.58
INC-003215,2026-01-04,FRAUD_DETECTION,DUPLICATE_CHECK,CHECK_392,MEDIUM,CLOSED,17,112726,02:22,1.0,NETWORK_TIMEOUT,False,False,0.02
INC-003216,2025-10-18,LOAN_REGISTRY,COMPLETENESS_CHECK,CHECK_299,LOW,RESOLVED,346,157787,13:59,17.37,DATA_DRIFT,False,False,0.22
INC-003217,2026-01-17,PAYMENT_SYSTEM,CONSISTENCY_CHECK,CHECK_134,LOW,IN_PROGRESS,835,59593,15:42,,BUSINESS_LOGIC_ERROR,False,False,1.4
INC-003218,2026-02-12,INTERNET_BANK,DUPLICATE_CHECK,CHECK_902,LOW,CLOSED,98,1552,22:57,5.91,DATA_DRIFT,False,False,6.31
INC-003219,2025-09-16,FRAUD_DETECTION,CONSISTENCY_CHECK,CHECK_713,MEDIUM,RESOLVED,386,5217,03:46,14.03,DATABASE_CORRUPTION,False,False,7.4
INC-003220,2026-01-13,INTERNET_BANK,SCHEMA_VALIDATION,CHECK_622,HIGH,RESOLVED,20,22266,12:18,3.72,ETL_PIPELINE_FAILURE,False,True,0.09
INC-003221,2025-09-09,CREDIT_BUREAU,ACCURACY_CHECK,CHECK_628,LOW,CLOSED,69,22700,19:12,0.25,BUSINESS_LOGIC_ERROR,False,False,0.3
INC-003222,2025-09-20,INTERNET_BANK,FRESHNESS_CHECK,CHECK_815,LOW,RESOLVED,10,3348,22:09,2.89,SOURCE_SYSTEM_ERROR,False,True,0.3
INC-003223,2026-02-19,SCORING_ENGINE,ACCURACY_CHECK,CHECK_337,HIGH,RESOLVED,15955,8735,16:56,2.45,DATA_DRIFT,False,False,182.66
INC-003224,2025-09-13,PAYMENT_SYSTEM,REFERENTIAL_INTEGRITY,CHECK_729,MEDIUM,RESOLVED,1732,111381,18:50,0.42,UNKNOWN,False,False,1.56
INC-003225,2025-09-02,CREDIT_BUREAU,FRESHNESS_CHECK,CHECK_273,LOW,IN_PROGRESS,4106,60324,22:32,,ETL_PIPELINE_FAILURE,True,False,6.81
INC-003226,2025-12-15,LOAN_REGISTRY,FRESHNESS_CHECK,CHECK_790,MEDIUM,OPEN,1683,11885,01:08,,NETWORK_TIMEOUT,False,False,14.16
INC-003227,2025-10-06,FRAUD_DETECTION,FORMAT_CHECK,CHECK_136,LOW,CLOSED,39,172698,15:50,15.97,MANUAL_DATA_ENTRY,False,False,0.02
INC-003228,2026-02-09,SCORING_ENGINE,FRESHNESS_CHECK,CHECK_468,MEDIUM,CLOSED,6,1551,02:19,4.73,DATABASE_CORRUPTION,False,False,0.39
INC-003229,2025-10-30,PAYMENT_SYSTEM,NULL_CHECK,CHECK_344,MEDIUM,RESOLVED,63,114051,21:35,2.6,ETL_PIPELINE_FAILURE,False,False,0.06
INC-003230,2025-09-18,CREDIT_BUREAU,ACCURACY_CHECK,CHECK_770,LOW,RESOLVED,383,86611,14:10,3.15,DATABASE_CORRUPTION,False,False,0.44
INC-003231,2026-03-01,CREDIT_BUREAU,SCHEMA_VALIDATION,CHECK_100,MEDIUM,CLOSED,83,98064,14:07,26.62,NETWORK_TIMEOUT,False,False,0.08
INC-003232,2025-10-09,SCORING_ENGINE,CONSISTENCY_CHECK,CHECK_261,MEDIUM,REOPENED,1,39851,15:42,2.75,UNKNOWN,False,False,0.0
INC-003233,2025-09-03,MOBILE_APP,REFERENTIAL_INTEGRITY,CHECK_188,LOW,RESOLVED,661,5964,17:15,25.37,MANUAL_DATA_ENTRY,False,False,11.08
INC-003234,2025-10-26,LOAN_REGISTRY,FRESHNESS_CHECK,CHECK_382,MEDIUM,CLOSED,6,71968,07:13,7.11,ETL_PIPELINE_FAILURE,True,False,0.01
INC-003235,2026-01-08,SCORING_ENGINE,REFERENTIAL_INTEGRITY,CHECK_898,MEDIUM,CLOSED,63,9592,05:48,32.69,CONFIGURATION_ERROR,False,False,0.66
INC-003236,2025-12-26,CREDIT_BUREAU,SCHEMA_VALIDATION,CHECK_509,LOW,RESOLVED,4854,33205,21:44,6.29,UNKNOWN,False,False,14.62
INC-003237,2025-12-05,CRM_CLIENTS,REFERENTIAL_INTEGRITY,CHECK_461,MEDIUM,OPEN,163,5136,02:06,,NETWORK_TIMEOUT,False,False,3.17
INC-003238,2025-09-16,PAYMENT_SYSTEM,SCHEMA_VALIDATION,CHECK_785,MEDIUM,IN_PROGRESS,1278,11050,13:45,,CONFIGURATION_ERROR,False,False,11.57
INC-003239,2026-02-06,SCORING_ENGINE,FRESHNESS_CHECK,CHECK_504,MEDIUM,CLOSED,296,16539,00:10,10.63,SCHEMA_CHANGE,False,False,1.79
INC-003240,2026-02-11,MOBILE_APP,SCHEMA_VALIDATION,CHECK_515,MEDIUM,CLOSED,19,48993,10:57,12.11,SCHEMA_CHANGE,False,False,0.04
INC-003241,2026-02-18,CREDIT_BUREAU,FRESHNESS_CHECK,CHECK_700,LOW,CLOSED,638,68486,12:49,6.36,DATABASE_CORRUPTION,True,False,0.93
INC-003242,2026-02-05,LOAN_REGISTRY,FORMAT_CHECK,CHECK_305,LOW,IN_PROGRESS,130,654350,08:14,,API_INTEGRATION_ISSUE,False,False,0.02
INC-003243,2026-01-02,INTERNET_BANK,FORMAT_CHECK,CHECK_630,HIGH,CLOSED,7,29621,23:16,11.83,BUSINESS_LOGIC_ERROR,True,False,0.02
INC-003244,2026-02-16,CREDIT_BUREAU,SCHEMA_VALIDATION,CHECK_115,LOW,CLOSED,5,3309,21:30,32.44,UNKNOWN,False,False,0.15
INC-003245,2026-01-03,LOAN_REGISTRY,FORMAT_CHECK,CHECK_854,LOW,CLOSED,319,109090,21:07,37.92,ETL_PIPELINE_FAILURE,False,False,0.29
INC-003246,2025-09-05,SCORING_ENGINE,CONSISTENCY_CHECK,CHECK_820,MEDIUM,OPEN,10750,43272,21:08,,MANUAL_DATA_ENTRY,False,False,24.84
INC-003247,2025-09-02,LOAN_REGISTRY,CONSISTENCY_CHECK,CHECK_170,LOW,CLOSED,17,15051,17:40,0.24,API_INTEGRATION_ISSUE,False,False,0.11
INC-003248,2026-01-15,FRAUD_DETECTION,FORMAT_CHECK,CHECK_192,MEDIUM,OPEN,21,9887,23:31,,DATABASE_CORRUPTION,False,False,0.21
INC-003249,2026-01-20,FRAUD_DETECTION,FORMAT_CHECK,CHECK_662,LOW,CLOSED,328,6396,02:50,21.55,SCHEMA_CHANGE,False,False,5.13
INC-003250,2025-12-15,FRAUD_DETECTION,COMPLETENESS_CHECK,CHECK_391,LOW,CLOSED,10,5985,22:21,21.25,UNKNOWN,False,False,0.17
INC-003251,2025-09-04,MOBILE_APP,COMPLETENESS_CHECK,CHECK_843,HIGH,IN_PROGRESS,16450,1918,07:59,,NETWORK_TIMEOUT,False,False,857.66
INC-003252,2025-09-05,MOBILE_APP,FRESHNESS_CHECK,CHECK_949,MEDIUM,CLOSED,26,151906,18:49,9.96,UNKNOWN,False,False,0.02
INC-003253,2026-01-14,CRM_CLIENTS,SCHEMA_VALIDATION,CHECK_672,MEDIUM,OPEN,54,52554,19:04,,NETWORK_TIMEOUT,False,True,0.1
INC-003254,2026-03-04,MOBILE_APP,RANGE_CHECK,CHECK_696,MEDIUM,CLOSED,29,26532,20:21,20.91,SCHEMA_CHANGE,False,False,0.11
INC-003255,2025-11-10,INTERNET_BANK,RANGE_CHECK,CHECK_456,HIGH,RESOLVED,962,6364,12:58,10.68,SOURCE_SYSTEM_ERROR,False,False,15.12
INC-003256,2026-01-16,SCORING_ENGINE,FORMAT_CHECK,CHECK_455,LOW,CLOSED,11209,194606,22:47,18.37,DATA_DRIFT,False,False,5.76
INC-003257,2025-11-13,CREDIT_BUREAU,REFERENTIAL_INTEGRITY,CHECK_935,CRITICAL,CLOSED,36,1285,23:46,1.61,ETL_PIPELINE_FAILURE,False,False,2.8
INC-003258,2025-09-05,CREDIT_BUREAU,FORMAT_CHECK,CHECK_383,MEDIUM,RESOLVED,839,16949,12:41,12.23,DATA_DRIFT,False,False,4.95
INC-003259,2026-01-07,CRM_CLIENTS,COMPLETENESS_CHECK,CHECK_331,LOW,RESOLVED,10,157045,20:50,36.81,MANUAL_DATA_ENTRY,False,False,0.01
INC-003260,2026-02-26,MOBILE_APP,FRESHNESS_CHECK,CHECK_720,MEDIUM,RESOLVED,1010,409,17:54,2.12,UNKNOWN,False,False,246.94
INC-003261,2026-02-20,INTERNET_BANK,FORMAT_CHECK,CHECK_299,LOW,IN_PROGRESS,4997,31322,13:51,,SOURCE_SYSTEM_ERROR,False,False,15.95
INC-003262,2025-12-20,LOAN_REGISTRY,ACCURACY_CHECK,CHECK_565,LOW,CLOSED,2710,5882,07:14,4.64,MANUAL_DATA_ENTRY,False,False,46.07
INC-003263,2025-10-16,CRM_CLIENTS,REFERENTIAL_INTEGRITY,CHECK_513,MEDIUM,CLOSED,193,28066,08:07,20.39,ETL_PIPELINE_FAILURE,False,True,0.69
INC-003264,2025-09-28,INTERNET_BANK,ACCURACY_CHECK,CHECK_688,MEDIUM,CLOSED,18,10416,09:05,14.34,SCHEMA_CHANGE,False,False,0.17
INC-003265,2025-09-25,LOAN_REGISTRY,FRESHNESS_CHECK,CHECK_104,MEDIUM,CLOSED,148,72213,03:05,31.27,API_INTEGRATION_ISSUE,False,False,0.2
INC-003266,2026-01-13,INTERNET_BANK,FRESHNESS_CHECK,CHECK_367,LOW,RESOLVED,79,259130,10:47,14.93,BUSINESS_LOGIC_ERROR,True,True,0.03
INC-003267,2025-10-09,LOAN_REGISTRY,CONSISTENCY_CHECK,CHECK_279,HIGH,CLOSED,60,3357317,18:59,6.34,CONFIGURATION_ERROR,False,False,0.0
INC-003268,2025-11-01,PAYMENT_SYSTEM,DUPLICATE_CHECK,CHECK_516,LOW,CLOSED,224,17556,06:47,0.13,API_INTEGRATION_ISSUE,False,False,1.28
INC-003269,2025-10-20,INTERNET_BANK,ACCURACY_CHECK,CHECK_618,LOW,RESOLVED,129,96369,03:36,18.9,CONFIGURATION_ERROR,False,False,0.13
INC-003270,2026-02-06,CREDIT_BUREAU,CONSISTENCY_CHECK,CHECK_209,MEDIUM,IN_PROGRESS,611,43665,11:08,,UNKNOWN,False,False,1.4
INC-003271,2026-01-13,FRAUD_DETECTION,COMPLETENESS_CHECK,CHECK_672,LOW,RESOLVED,619,50623,10:24,13.33,ETL_PIPELINE_FAILURE,False,False,1.22
INC-003272,2025-11-04,MOBILE_APP,NULL_CHECK,CHECK_174,CRITICAL,CLOSED,130,421510,18:47,1.33,DATABASE_CORRUPTION,False,False,0.03
INC-003273,2025-11-30,LOAN_REGISTRY,REFERENTIAL_INTEGRITY,CHECK_615,LOW,CLOSED,352,5606,00:19,26.59,MANUAL_DATA_ENTRY,False,False,6.28
INC-003274,2025-11-08,PAYMENT_SYSTEM,NULL_CHECK,CHECK_401,HIGH,CLOSED,2085,10758,01:37,6.87,BUSINESS_LOGIC_ERROR,False,False,19.38
INC-003275,2025-12-11,INTERNET_BANK,SCHEMA_VALIDATION,CHECK_448,LOW,IN_PROGRESS,51,15507,17:12,,CONFIGURATION_ERROR,False,False,0.33
INC-003276,2025-09-21,CREDIT_BUREAU,COMPLETENESS_CHECK,CHECK_219,MEDIUM,REOPENED,153,3072,12:27,14.73,BUSINESS_LOGIC_ERROR,False,False,4.98
INC-003277,2025-12-05,FRAUD_DETECTION,COMPLETENESS_CHECK,CHECK_922,LOW,RESOLVED,18,21961,10:49,1.55,SCHEMA_CHANGE,False,False,0.08
INC-003278,2025-12-13,LOAN_REGISTRY,NULL_CHECK,CHECK_625,MEDIUM,CLOSED,387,82120,11:51,10.39,SOURCE_SYSTEM_ERROR,False,False,0.47
INC-003279,2025-12-27,INTERNET_BANK,ACCURACY_CHECK,CHECK_363,HIGH,OPEN,220,115465,21:59,,UNKNOWN,False,False,0.19
INC-003280,2026-01-23,INTERNET_BANK,DUPLICATE_CHECK,CHECK_997,MEDIUM,IN_PROGRESS,373,15250,04:33,,BUSINESS_LOGIC_ERROR,False,False,2.45
INC-003281,2025-11-02,LOAN_REGISTRY,ACCURACY_CHECK,CHECK_650,MEDIUM,CLOSED,20,216224,21:38,6.5,BUSINESS_LOGIC_ERROR,False,True,0.01
INC-003282,2026-02-26,CRM_CLIENTS,NULL_CHECK,CHECK_932,LOW,REOPENED,686,348,18:14,37.23,DATABASE_CORRUPTION,False,False,197.13
INC-003283,2025-10-28,CRM_CLIENTS,SCHEMA_VALIDATION,CHECK_912,LOW,RESOLVED,182,2305398,03:25,3.75,MANUAL_DATA_ENTRY,False,False,0.01
INC-003284,2025-11-16,CREDIT_BUREAU,ACCURACY_CHECK,CHECK_688,MEDIUM,OPEN,1163,68494,00:34,,MANUAL_DATA_ENTRY,False,False,1.7
INC-003285,2026-02-23,FRAUD_DETECTION,RANGE_CHECK,CHECK_356,MEDIUM,RESOLVED,61,9312,14:20,16.62,CONFIGURATION_ERROR,False,False,0.66
INC-003286,2025-09-21,LOAN_REGISTRY,ACCURACY_CHECK,CHECK_810,CRITICAL,OPEN,581,55503,04:52,,API_INTEGRATION_ISSUE,False,False,1.05
INC-003287,2026-02-15,CREDIT_BUREAU,FRESHNESS_CHECK,CHECK_553,MEDIUM,IN_PROGRESS,361,16226,09:53,,SOURCE_SYSTEM_ERROR,False,False,2.22
INC-003288,2026-02-14,CREDIT_BUREAU,CONSISTENCY_CHECK,CHECK_486,MEDIUM,CLOSED,3131,337,07:31,15.66,BUSINESS_LOGIC_ERROR,False,False,929.08
INC-003289,2026-03-14,SCORING_ENGINE,REFERENTIAL_INTEGRITY,CHECK_676,MEDIUM,CLOSED,117,24192,21:29,12.39,MANUAL_DATA_ENTRY,True,False,0.48
INC-003290,2025-09-09,INTERNET_BANK,ACCURACY_CHECK,CHECK_595,HIGH,OPEN,48,136354,04:38,,NETWORK_TIMEOUT,False,False,0.04
INC-003291,2025-09-24,MOBILE_APP,DUPLICATE_CHECK,CHECK_888,MEDIUM,CLOSED,55,151385,09:09,11.92,UNKNOWN,False,False,0.04
INC-003292,2025-12-13,INTERNET_BANK,DUPLICATE_CHECK,CHECK_349,LOW,RESOLVED,16,36439,23:42,10.2,DATABASE_CORRUPTION,False,False,0.04
INC-003293,2025-12-07,CRM_CLIENTS,ACCURACY_CHECK,CHECK_875,MEDIUM,IN_PROGRESS,54,149573,22:02,,MANUAL_DATA_ENTRY,False,False,0.04
INC-003294,2025-12-06,FRAUD_DETECTION,FORMAT_CHECK,CHECK_447,MEDIUM,IN_PROGRESS,1,52621,19:20,,DATA_DRIFT,False,False,0.0
INC-003295,2026-01-20,INTERNET_BANK,COMPLETENESS_CHECK,CHECK_894,LOW,CLOSED,2292,34377,09:32,2.44,API_INTEGRATION_ISSUE,True,False,6.67
INC-003296,2025-12-31,LOAN_REGISTRY,ACCURACY_CHECK,CHECK_569,LOW,OPEN,7101,5552,22:07,,NETWORK_TIMEOUT,False,False,127.9
INC-003297,2025-09-15,CREDIT_BUREAU,COMPLETENESS_CHECK,CHECK_797,MEDIUM,RESOLVED,110,10999,08:54,17.17,SCHEMA_CHANGE,False,False,1.0
INC-003298,2026-02-11,LOAN_REGISTRY,RANGE_CHECK,CHECK_571,LOW,IN_PROGRESS,356,13190,22:36,,BUSINESS_LOGIC_ERROR,False,False,2.7
INC-003299,2025-09-03,SCORING_ENGINE,NULL_CHECK,CHECK_700,LOW,RESOLVED,206,38985,15:40,8.46,UNKNOWN,False,False,0.53
INC-003300,2026-02-27,FRAUD_DETECTION,RANGE_CHECK,CHECK_982,CRITICAL,IN_PROGRESS,10,109787,06:31,,SCHEMA_CHANGE,False,False,0.01
INC-003301,2025-10-14,CREDIT_BUREAU,ACCURACY_CHECK,CHECK_128,MEDIUM,CLOSED,1155,6445,09:45,6.02,UNKNOWN,False,True,17.92
INC-003302,2025-09-22,LOAN_REGISTRY,DUPLICATE_CHECK,CHECK_593,MEDIUM,CLOSED,1557,1361,12:03,15.88,CONFIGURATION_ERROR,False,False,114.4
INC-003303,2026-01-06,CRM_CLIENTS,FORMAT_CHECK,CHECK_219,MEDIUM,CLOSED,18,392197,10:09,8.27,ETL_PIPELINE_FAILURE,True,False,0.0
INC-003304,2025-12-21,MOBILE_APP,SCHEMA_VALIDATION,CHECK_364,MEDIUM,RESOLVED,287,3174,22:13,4.96,BUSINESS_LOGIC_ERROR,True,False,9.04
INC-003305,2026-02-13,SCORING_ENGINE,COMPLETENESS_CHECK,CHECK_169,LOW,RESOLVED,87,58699,23:59,11.78,SCHEMA_CHANGE,False,False,0.15
INC-003306,2025-11-24,FRAUD_DETECTION,CONSISTENCY_CHECK,CHECK_491,HIGH,RESOLVED,1603,36547,07:44,21.77,SCHEMA_CHANGE,False,False,4.39
INC-003307,2026-01-23,SCORING_ENGINE,COMPLETENESS_CHECK,CHECK_748,MEDIUM,OPEN,125,11062,23:03,,CONFIGURATION_ERROR,False,False,1.13
INC-003308,2025-09-25,CRM_CLIENTS,FRESHNESS_CHECK,CHECK_907,MEDIUM,CLOSED,132,74229,05:54,42.97,SOURCE_SYSTEM_ERROR,False,False,0.18
INC-003309,2026-01-14,FRAUD_DETECTION,REFERENTIAL_INTEGRITY,CHECK_325,MEDIUM,RESOLVED,5663,1967,15:46,1.22,ETL_PIPELINE_FAILURE,False,True,287.9
INC-003310,2025-09-11,SCORING_ENGINE,ACCURACY_CHECK,CHECK_793,LOW,RESOLVED,11,574617,12:19,8.6,DATA_DRIFT,False,False,0.0
INC-003311,2025-10-29,PAYMENT_SYSTEM,RANGE_CHECK,CHECK_818,MEDIUM,CLOSED,243,4281250,21:58,9.86,NETWORK_TIMEOUT,False,False,0.01
INC-003312,2025-10-25,CRM_CLIENTS,CONSISTENCY_CHECK,CHECK_335,LOW,RESOLVED,177,258287,05:01,1.78,BUSINESS_LOGIC_ERROR,False,False,0.07
INC-003313,2026-02-25,CRM_CLIENTS,DUPLICATE_CHECK,CHECK_919,MEDIUM,REOPENED,44,4358,17:25,29.67,MANUAL_DATA_ENTRY,False,False,1.01
INC-003314,2026-01-24,CRM_CLIENTS,DUPLICATE_CHECK,CHECK_423,MEDIUM,RESOLVED,8774,210,10:27,7.65,SCHEMA_CHANGE,False,False,4178.1
INC-003315,2025-12-31,PAYMENT_SYSTEM,DUPLICATE_CHECK,CHECK_522,LOW,CLOSED,290,57223,21:30,1.85,ETL_PIPELINE_FAILURE,False,False,0.51
INC-003316,2025-11-09,PAYMENT_SYSTEM,SCHEMA_VALIDATION,CHECK_461,MEDIUM,RESOLVED,568,1657,11:48,14.92,NETWORK_TIMEOUT,False,True,34.28
INC-003317,2025-09-12,LOAN_REGISTRY,FRESHNESS_CHECK,CHECK_628,HIGH,REOPENED,756,9640,12:25,13.07,API_INTEGRATION_ISSUE,False,False,7.84
INC-003318,2025-09-20,CREDIT_BUREAU,DUPLICATE_CHECK,CHECK_648,LOW,RESOLVED,78,463074,02:33,39.52,NETWORK_TIMEOUT,False,False,0.02
INC-003319,2026-02-23,MOBILE_APP,DUPLICATE_CHECK,CHECK_109,MEDIUM,CLOSED,1778,566574,23:18,6.99,DATABASE_CORRUPTION,False,True,0.31
INC-003320,2025-11-11,SCORING_ENGINE,ACCURACY_CHECK,CHECK_817,LOW,IN_PROGRESS,1189,703154,09:44,,BUSINESS_LOGIC_ERROR,False,False,0.17
INC-003321,2026-01-18,LOAN_REGISTRY,FRESHNESS_CHECK,CHECK_952,LOW,CLOSED,116,26818,06:44,0.74,CONFIGURATION_ERROR,False,False,0.43
INC-003322,2026-01-23,SCORING_ENGINE,FORMAT_CHECK,CHECK_369,MEDIUM,RESOLVED,969,132349,17:25,15.85,MANUAL_DATA_ENTRY,False,True,0.73
INC-003323,2026-02-16,MOBILE_APP,FORMAT_CHECK,CHECK_354,MEDIUM,RESOLVED,1772,410,03:08,11.53,UNKNOWN,False,True,432.2
INC-003324,2025-09-09,CREDIT_BUREAU,FRESHNESS_CHECK,CHECK_394,MEDIUM,CLOSED,727,1098,10:48,43.17,MANUAL_DATA_ENTRY,False,False,66.21
INC-003325,2025-10-16,PAYMENT_SYSTEM,REFERENTIAL_INTEGRITY,CHECK_195,MEDIUM,REOPENED,27,12377,18:55,14.94,SCHEMA_CHANGE,False,True,0.22
INC-003326,2025-11-20,CREDIT_BUREAU,SCHEMA_VALIDATION,CHECK_508,LOW,RESOLVED,123,118491,01:54,32.47,UNKNOWN,False,False,0.1
INC-003327,2025-09-05,PAYMENT_SYSTEM,CONSISTENCY_CHECK,CHECK_789,LOW,CLOSED,384,9387,22:19,57.32,DATA_DRIFT,True,False,4.09
INC-003328,2025-10-24,MOBILE_APP,COMPLETENESS_CHECK,CHECK_866,MEDIUM,OPEN,245,109679,14:41,,NETWORK_TIMEOUT,False,False,0.22
INC-003329,2026-01-29,CREDIT_BUREAU,ACCURACY_CHECK,CHECK_940,CRITICAL,CLOSED,33,2192,05:36,1.95,MANUAL_DATA_ENTRY,False,False,1.51
INC-003330,2025-10-07,LOAN_REGISTRY,NULL_CHECK,CHECK_450,MEDIUM,CLOSED,83,27012,04:28,2.62,NETWORK_TIMEOUT,True,False,0.31
INC-003331,2026-03-12,FRAUD_DETECTION,FORMAT_CHECK,CHECK_177,MEDIUM,RESOLVED,299,66155,22:30,4.6,ETL_PIPELINE_FAILURE,False,False,0.45
INC-003332,2026-03-02,LOAN_REGISTRY,FRESHNESS_CHECK,CHECK_667,LOW,CLOSED,7,100188,09:57,8.53,BUSINESS_LOGIC_ERROR,False,False,0.01
INC-003333,2025-12-11,SCORING_ENGINE,CONSISTENCY_CHECK,CHECK_282,HIGH,CLOSED,154,8927,04:13,1.57,BUSINESS_LOGIC_ERROR,False,False,1.73
INC-003334,2025-09-20,LOAN_REGISTRY,FRESHNESS_CHECK,CHECK_587,LOW,RESOLVED,597,23326,06:51,4.31,BUSINESS_LOGIC_ERROR,False,True,2.56
INC-003335,2025-11-16,MOBILE_APP,COMPLETENESS_CHECK,CHECK_421,LOW,CLOSED,261,1010,23:12,4.41,MANUAL_DATA_ENTRY,False,False,25.84
INC-003336,2025-10-12,CRM_CLIENTS,CONSISTENCY_CHECK,CHECK_462,LOW,OPEN,26,17851,23:41,,CONFIGURATION_ERROR,False,False,0.15
INC-003337,2026-01-23,SCORING_ENGINE,FORMAT_CHECK,CHECK_323,MEDIUM,CLOSED,37,191637,00:23,5.25,BUSINESS_LOGIC_ERROR,False,False,0.02
INC-003338,2025-11-01,CREDIT_BUREAU,DUPLICATE_CHECK,CHECK_687,LOW,CLOSED,2904,13019,23:54,1.48,SOURCE_SYSTEM_ERROR,False,False,22.31
INC-003339,2026-01-24,SCORING_ENGINE,FRESHNESS_CHECK,CHECK_375,LOW,OPEN,22,4935,18:06,,ETL_PIPELINE_FAILURE,False,True,0.45
INC-003340,2025-12-09,FRAUD_DETECTION,NULL_CHECK,CHECK_287,LOW,CLOSED,1589,105119,21:50,2.63,CONFIGURATION_ERROR,False,False,1.51
INC-003341,2026-02-21,PAYMENT_SYSTEM,FORMAT_CHECK,CHECK_864,MEDIUM,CLOSED,42,2127412,04:24,20.72,MANUAL_DATA_ENTRY,False,False,0.0
INC-003342,2026-01-17,CREDIT_BUREAU,RANGE_CHECK,CHECK_799,MEDIUM,CLOSED,1422,1700683,13:43,1.01,MANUAL_DATA_ENTRY,False,False,0.08
INC-003343,2025-11-24,INTERNET_BANK,NULL_CHECK,CHECK_294,LOW,RESOLVED,437,37154,05:59,24.09,API_INTEGRATION_ISSUE,False,False,1.18
INC-003344,2025-12-08,SCORING_ENGINE,REFERENTIAL_INTEGRITY,CHECK_610,HIGH,RESOLVED,73,102847,01:06,10.43,DATABASE_CORRUPTION,False,False,0.07
INC-003345,2026-03-13,CREDIT_BUREAU,SCHEMA_VALIDATION,CHECK_854,MEDIUM,CLOSED,4,583768,11:30,7.36,SOURCE_SYSTEM_ERROR,False,False,0.0
INC-003346,2026-03-09,CREDIT_BUREAU,FORMAT_CHECK,CHECK_304,LOW,RESOLVED,329,35688,05:03,9.58,CONFIGURATION_ERROR,False,False,0.92
INC-003347,2025-10-06,CREDIT_BUREAU,DUPLICATE_CHECK,CHECK_340,CRITICAL,RESOLVED,213,55416,03:32,5.66,BUSINESS_LOGIC_ERROR,False,False,0.38
INC-003348,2026-02-24,PAYMENT_SYSTEM,FORMAT_CHECK,CHECK_853,MEDIUM,CLOSED,339,11545,20:21,1.64,SCHEMA_CHANGE,False,False,2.94
INC-003349,2026-03-05,INTERNET_BANK,COMPLETENESS_CHECK,CHECK_347,MEDIUM,OPEN,436,2510392,18:27,,DATABASE_CORRUPTION,False,False,0.02
INC-003350,2025-09-21,MOBILE_APP,CONSISTENCY_CHECK,CHECK_993,LOW,CLOSED,10,92735,04:40,31.56,MANUAL_DATA_ENTRY,False,False,0.01
INC-003351,2026-01-07,LOAN_REGISTRY,FRESHNESS_CHECK,CHECK_371,HIGH,CLOSED,325,12906,23:25,35.97,SOURCE_SYSTEM_ERROR,True,False,2.52
INC-003352,2026-03-10,CREDIT_BUREAU,CONSISTENCY_CHECK,CHECK_311,LOW,CLOSED,655,6969,07:02,13.33,BUSINESS_LOGIC_ERROR,False,False,9.4
INC-003353,2025-11-28,CRM_CLIENTS,CONSISTENCY_CHECK,CHECK_334,HIGH,RESOLVED,640,536,03:15,6.34,DATABASE_CORRUPTION,True,True,119.4
INC-003354,2025-09-14,MOBILE_APP,FORMAT_CHECK,CHECK_307,HIGH,RESOLVED,12,933,12:31,7.81,MANUAL_DATA_ENTRY,False,True,1.29
INC-003355,2025-09-26,FRAUD_DETECTION,COMPLETENESS_CHECK,CHECK_954,LOW,RESOLVED,1493,5154,09:44,12.84,UNKNOWN,False,True,28.97
INC-003356,2025-12-21,PAYMENT_SYSTEM,FRESHNESS_CHECK,CHECK_355,MEDIUM,CLOSED,349,141019,19:11,20.78,SCHEMA_CHANGE,True,False,0.25
INC-003357,2025-10-30,SCORING_ENGINE,FRESHNESS_CHECK,CHECK_956,LOW,IN_PROGRESS,450,42286,20:47,,DATABASE_CORRUPTION,False,True,1.06
INC-003358,2025-09-20,PAYMENT_SYSTEM,CONSISTENCY_CHECK,CHECK_733,CRITICAL,REOPENED,24,1790,12:49,29.84,BUSINESS_LOGIC_ERROR,False,True,1.34
INC-003359,2025-11-27,SCORING_ENGINE,REFERENTIAL_INTEGRITY,CHECK_464,MEDIUM,CLOSED,674,3452,22:50,4.7,NETWORK_TIMEOUT,False,False,19.52
INC-003360,2026-02-02,PAYMENT_SYSTEM,SCHEMA_VALIDATION,CHECK_259,HIGH,CLOSED,4,38684,21:42,9.08,SCHEMA_CHANGE,False,True,0.01
INC-003361,2026-02-05,SCORING_ENGINE,COMPLETENESS_CHECK,CHECK_897,MEDIUM,RESOLVED,27,625903,02:49,39.04,NETWORK_TIMEOUT,False,False,0.0
INC-003362,2026-01-31,CREDIT_BUREAU,REFERENTIAL_INTEGRITY,CHECK_209,LOW,RESOLVED,1869,2431,14:55,33.41,API_INTEGRATION_ISSUE,False,True,76.88
INC-003363,2025-12-11,LOAN_REGISTRY,ACCURACY_CHECK,CHECK_222,LOW,CLOSED,612,55153,20:24,14.28,UNKNOWN,False,False,1.11
INC-003364,2025-11-23,SCORING_ENGINE,ACCURACY_CHECK,CHECK_180,CRITICAL,OPEN,265,9037,08:40,,DATA_DRIFT,False,False,2.93
INC-003365,2025-09-08,INTERNET_BANK,NULL_CHECK,CHECK_792,MEDIUM,IN_PROGRESS,979,9577,20:28,,CONFIGURATION_ERROR,False,False,10.22
INC-003366,2026-02-10,SCORING_ENGINE,CONSISTENCY_CHECK,CHECK_779,LOW,RESOLVED,1125,2107,11:00,1.0,DATA_DRIFT,False,True,53.39
INC-003367,2025-11-09,CRM_CLIENTS,FRESHNESS_CHECK,CHECK_604,MEDIUM,REOPENED,675,77110,03:07,14.8,SOURCE_SYSTEM_ERROR,True,True,0.88
INC-003368,2025-12-25,SCORING_ENGINE,FORMAT_CHECK,CHECK_728,HIGH,CLOSED,96,8328,02:07,8.4,MANUAL_DATA_ENTRY,False,False,1.15
INC-003369,2026-01-04,CRM_CLIENTS,FRESHNESS_CHECK,CHECK_106,LOW,CLOSED,25,10904,15:41,10.19,DATABASE_CORRUPTION,False,False,0.23
INC-003370,2025-10-29,FRAUD_DETECTION,FRESHNESS_CHECK,CHECK_882,LOW,CLOSED,39,157732,21:58,7.67,API_INTEGRATION_ISSUE,False,False,0.02
INC-003371,2025-12-01,CREDIT_BUREAU,DUPLICATE_CHECK,CHECK_977,LOW,RESOLVED,2492,175081,16:14,7.92,DATABASE_CORRUPTION,False,False,1.42
INC-003372,2026-01-20,CRM_CLIENTS,FRESHNESS_CHECK,CHECK_654,LOW,CLOSED,11,5117,00:37,10.16,NETWORK_TIMEOUT,False,False,0.21
INC-003373,2025-12-06,LOAN_REGISTRY,NULL_CHECK,CHECK_143,LOW,RESOLVED,396,39889,18:36,29.48,ETL_PIPELINE_FAILURE,False,False,0.99
INC-003374,2025-12-20,MOBILE_APP,REFERENTIAL_INTEGRITY,CHECK_968,MEDIUM,CLOSED,397,134932,15:17,0.36,DATABASE_CORRUPTION,False,False,0.29
INC-003375,2025-10-18,CREDIT_BUREAU,ACCURACY_CHECK,CHECK_593,HIGH,RESOLVED,2796,15261,22:47,19.41,SCHEMA_CHANGE,False,False,18.32
INC-003376,2026-02-22,CRM_CLIENTS,FRESHNESS_CHECK,CHECK_480,HIGH,RESOLVED,395,84188,03:50,5.94,UNKNOWN,False,False,0.47
INC-003377,2026-01-28,CREDIT_BUREAU,FRESHNESS_CHECK,CHECK_735,LOW,RESOLVED,63,11647,18:11,16.39,MANUAL_DATA_ENTRY,True,False,0.54
INC-003378,2026-02-17,INTERNET_BANK,DUPLICATE_CHECK,CHECK_422,LOW,RESOLVED,65,11022,12:30,35.6,UNKNOWN,False,False,0.59
INC-003379,2025-12-07,CREDIT_BUREAU,COMPLETENESS_CHECK,CHECK_604,LOW,CLOSED,146,3413,20:44,4.39,DATABASE_CORRUPTION,False,False,4.28
INC-003380,2025-09-22,CREDIT_BUREAU,FORMAT_CHECK,CHECK_688,LOW,RESOLVED,1429,676027,13:19,1.13,MANUAL_DATA_ENTRY,True,False,0.21
INC-003381,2026-02-06,FRAUD_DETECTION,COMPLETENESS_CHECK,CHECK_989,LOW,IN_PROGRESS,744,8360,18:08,,MANUAL_DATA_ENTRY,False,False,8.9
INC-003382,2025-11-15,LOAN_REGISTRY,FORMAT_CHECK,CHECK_381,LOW,RESOLVED,16,4436,03:20,3.01,API_INTEGRATION_ISSUE,False,False,0.36
INC-003383,2025-11-03,PAYMENT_SYSTEM,SCHEMA_VALIDATION,CHECK_602,MEDIUM,CLOSED,259,2722,02:45,16.25,NETWORK_TIMEOUT,False,False,9.52
INC-003384,2026-03-02,PAYMENT_SYSTEM,FRESHNESS_CHECK,CHECK_287,LOW,IN_PROGRESS,773,26082,17:11,,BUSINESS_LOGIC_ERROR,True,False,2.96
INC-003385,2025-09-19,CRM_CLIENTS,DUPLICATE_CHECK,CHECK_882,MEDIUM,CLOSED,92,2881,12:52,0.63,UNKNOWN,False,False,3.19
INC-003386,2025-09-22,CREDIT_BUREAU,RANGE_CHECK,CHECK_623,MEDIUM,RESOLVED,1,5297,22:01,14.19,NETWORK_TIMEOUT,False,False,0.02
INC-003387,2025-11-08,CRM_CLIENTS,CONSISTENCY_CHECK,CHECK_386,LOW,RESOLVED,100,108870,12:35,9.76,API_INTEGRATION_ISSUE,True,False,0.09
INC-003388,2025-10-10,FRAUD_DETECTION,ACCURACY_CHECK,CHECK_507,LOW,RESOLVED,7,54037,17:50,6.49,CONFIGURATION_ERROR,False,False,0.01
INC-003389,2025-12-07,FRAUD_DETECTION,REFERENTIAL_INTEGRITY,CHECK_327,HIGH,CLOSED,5,1494,16:31,10.28,SCHEMA_CHANGE,False,False,0.33
INC-003390,2026-03-02,SCORING_ENGINE,ACCURACY_CHECK,CHECK_868,CRITICAL,CLOSED,1249,93868,02:33,15.95,UNKNOWN,False,False,1.33
INC-003391,2026-02-10,INTERNET_BANK,REFERENTIAL_INTEGRITY,CHECK_690,LOW,RESOLVED,22972,23519,18:34,1.31,CONFIGURATION_ERROR,False,False,97.67
INC-003392,2025-10-10,FRAUD_DETECTION,SCHEMA_VALIDATION,CHECK_231,LOW,CLOSED,2272,214126,22:52,9.67,ETL_PIPELINE_FAILURE,False,False,1.06
INC-003393,2026-03-09,SCORING_ENGINE,COMPLETENESS_CHECK,CHECK_155,LOW,CLOSED,0,375486,20:07,20.88,UNKNOWN,False,False,0.0
INC-003394,2025-12-09,LOAN_REGISTRY,NULL_CHECK,CHECK_638,MEDIUM,RESOLVED,105,882,06:42,5.4,UNKNOWN,False,False,11.9
INC-003395,2025-11-21,CRM_CLIENTS,FRESHNESS_CHECK,CHECK_918,HIGH,CLOSED,45,101646,03:11,17.28,BUSINESS_LOGIC_ERROR,False,False,0.04
INC-003396,2025-12-02,MOBILE_APP,RANGE_CHECK,CHECK_533,MEDIUM,IN_PROGRESS,7,579327,19:44,,CONFIGURATION_ERROR,True,True,0.0
INC-003397,2025-09-28,LOAN_REGISTRY,REFERENTIAL_INTEGRITY,CHECK_589,CRITICAL,CLOSED,376,33499,05:00,20.64,UNKNOWN,False,False,1.12
INC-003398,2025-09-24,FRAUD_DETECTION,CONSISTENCY_CHECK,CHECK_653,CRITICAL,RESOLVED,102,87241,17:28,12.61,MANUAL_DATA_ENTRY,False,False,0.12
INC-003399,2025-09-02,LOAN_REGISTRY,REFERENTIAL_INTEGRITY,CHECK_133,LOW,IN_PROGRESS,14,34542,10:07,,MANUAL_DATA_ENTRY,False,False,0.04
INC-003400,2025-11-18,LOAN_REGISTRY,NULL_CHECK,CHECK_614,MEDIUM,RESOLVED,2,156193,01:08,18.6,UNKNOWN,False,False,0.0
INC-003401,2025-12-23,INTERNET_BANK,ACCURACY_CHECK,CHECK_455,MEDIUM,REOPENED,43,47428,18:13,15.88,DATA_DRIFT,False,False,0.09
INC-003402,2025-12-02,INTERNET_BANK,DUPLICATE_CHECK,CHECK_503,CRITICAL,CLOSED,150,385,20:10,7.21,DATA_DRIFT,True,False,38.96
INC-003403,2026-03-14,INTERNET_BANK,ACCURACY_CHECK,CHECK_981,MEDIUM,CLOSED,117,17285,02:35,2.08,SOURCE_SYSTEM_ERROR,False,False,0.68
INC-003404,2025-11-09,LOAN_REGISTRY,SCHEMA_VALIDATION,CHECK_802,LOW,IN_PROGRESS,1243,15189,08:54,,UNKNOWN,False,False,8.18
INC-003405,2025-09-27,FRAUD_DETECTION,DUPLICATE_CHECK,CHECK_894,LOW,RESOLVED,291,91818,01:05,2.79,MANUAL_DATA_ENTRY,True,False,0.32
INC-003406,2025-10-04,MOBILE_APP,ACCURACY_CHECK,CHECK_278,LOW,RESOLVED,74,231814,03:32,5.38,DATA_DRIFT,False,False,0.03
INC-003407,2025-09-23,CREDIT_BUREAU,CONSISTENCY_CHECK,CHECK_568,MEDIUM,OPEN,28,13969,09:23,,UNKNOWN,False,False,0.2
INC-003408,2025-10-18,LOAN_REGISTRY,ACCURACY_CHECK,CHECK_223,MEDIUM,RESOLVED,4,1901,17:10,38.34,ETL_PIPELINE_FAILURE,False,False,0.21
INC-003409,2025-12-20,SCORING_ENGINE,CONSISTENCY_CHECK,CHECK_815,MEDIUM,CLOSED,16,40636,13:42,38.47,UNKNOWN,True,False,0.04
INC-003410,2025-12-24,FRAUD_DETECTION,CONSISTENCY_CHECK,CHECK_630,MEDIUM,CLOSED,2245,4666,00:15,17.61,BUSINESS_LOGIC_ERROR,False,False,48.11
INC-003411,2026-01-21,LOAN_REGISTRY,DUPLICATE_CHECK,CHECK_571,LOW,IN_PROGRESS,836,6554,09:02,,CONFIGURATION_ERROR,False,False,12.76
INC-003412,2026-01-21,MOBILE_APP,COMPLETENESS_CHECK,CHECK_423,MEDIUM,CLOSED,264,2582281,16:57,74.67,API_INTEGRATION_ISSUE,False,False,0.01
INC-003413,2026-01-10,CREDIT_BUREAU,FORMAT_CHECK,CHECK_805,LOW,CLOSED,55,5679,09:42,25.98,DATA_DRIFT,True,False,0.97
INC-003414,2025-12-14,INTERNET_BANK,FRESHNESS_CHECK,CHECK_108,HIGH,CLOSED,1775,963,17:28,0.99,NETWORK_TIMEOUT,False,False,184.32
INC-003415,2025-09-27,FRAUD_DETECTION,REFERENTIAL_INTEGRITY,CHECK_112,LOW,CLOSED,19,73654,04:36,6.66,BUSINESS_LOGIC_ERROR,False,False,0.03
INC-003416,2025-09-07,PAYMENT_SYSTEM,FORMAT_CHECK,CHECK_790,LOW,REOPENED,20,90590,15:44,9.17,BUSINESS_LOGIC_ERROR,True,True,0.02
INC-003417,2025-09-23,CREDIT_BUREAU,NULL_CHECK,CHECK_315,LOW,CLOSED,123,127666,10:33,1.59,SOURCE_SYSTEM_ERROR,False,False,0.1
INC-003418,2025-11-30,SCORING_ENGINE,COMPLETENESS_CHECK,CHECK_488,MEDIUM,IN_PROGRESS,1,118149,11:38,,ETL_PIPELINE_FAILURE,False,False,0.0
INC-003419,2026-01-20,LOAN_REGISTRY,FORMAT_CHECK,CHECK_694,LOW,RESOLVED,18,29472,17:32,1.93,DATABASE_CORRUPTION,False,False,0.06
INC-003420,2025-09-24,MOBILE_APP,DUPLICATE_CHECK,CHECK_203,LOW,REOPENED,92,30098,06:44,5.8,UNKNOWN,False,True,0.31
INC-003421,2026-01-31,PAYMENT_SYSTEM,NULL_CHECK,CHECK_433,MEDIUM,RESOLVED,58,144223,03:42,0.86,SOURCE_SYSTEM_ERROR,False,False,0.04
INC-003422,2026-02-01,MOBILE_APP,RANGE_CHECK,CHECK_470,MEDIUM,IN_PROGRESS,20,549733,01:15,,UNKNOWN,False,False,0.0
INC-003423,2025-11-23,PAYMENT_SYSTEM,COMPLETENESS_CHECK,CHECK_727,LOW,RESOLVED,8697,1769,01:12,10.91,UNKNOWN,False,False,491.63
INC-003424,2025-12-08,FRAUD_DETECTION,FORMAT_CHECK,CHECK_982,LOW,CLOSED,2267,6525,04:19,15.94,DATA_DRIFT,False,False,34.74
INC-003425,2025-09-04,PAYMENT_SYSTEM,NULL_CHECK,CHECK_365,MEDIUM,REOPENED,4578,77332,06:08,4.98,UNKNOWN,False,False,5.92
INC-003426,2025-11-14,SCORING_ENGINE,RANGE_CHECK,CHECK_291,MEDIUM,RESOLVED,121,36672,19:35,10.71,NETWORK_TIMEOUT,False,False,0.33
INC-003427,2025-12-15,SCORING_ENGINE,ACCURACY_CHECK,CHECK_661,LOW,RESOLVED,55,613,06:37,15.9,DATABASE_CORRUPTION,False,False,8.97
INC-003428,2025-12-09,CRM_CLIENTS,NULL_CHECK,CHECK_369,HIGH,CLOSED,3653,6998,11:17,17.23,MANUAL_DATA_ENTRY,False,False,52.2
INC-003429,2025-09-22,SCORING_ENGINE,DUPLICATE_CHECK,CHECK_342,MEDIUM,RESOLVED,175,40350,04:46,4.31,ETL_PIPELINE_FAILURE,False,False,0.43
INC-003430,2026-03-05,CREDIT_BUREAU,ACCURACY_CHECK,CHECK_375,HIGH,IN_PROGRESS,17,22588,19:27,,DATA_DRIFT,False,False,0.08
INC-003431,2026-01-22,PAYMENT_SYSTEM,DUPLICATE_CHECK,CHECK_582,LOW,CLOSED,20,10744,02:35,0.46,BUSINESS_LOGIC_ERROR,False,False,0.19
INC-003432,2025-11-02,SCORING_ENGINE,FORMAT_CHECK,CHECK_727,HIGH,RESOLVED,77,2393186,08:16,17.54,UNKNOWN,False,False,0.0
INC-003433,2026-01-25,FRAUD_DETECTION,FRESHNESS_CHECK,CHECK_451,LOW,RESOLVED,142,20956,12:41,5.84,CONFIGURATION_ERROR,False,False,0.68
INC-003434,2026-01-12,MOBILE_APP,FORMAT_CHECK,CHECK_474,HIGH,CLOSED,174,34964,05:25,1.73,NETWORK_TIMEOUT,False,False,0.5
INC-003435,2025-10-14,INTERNET_BANK,ACCURACY_CHECK,CHECK_288,LOW,OPEN,102,28736,14:05,,SOURCE_SYSTEM_ERROR,False,False,0.35
INC-003436,2026-02-23,MOBILE_APP,CONSISTENCY_CHECK,CHECK_610,LOW,CLOSED,15981,33635,08:43,17.44,DATA_DRIFT,False,False,47.51
INC-003437,2025-12-07,CRM_CLIENTS,FORMAT_CHECK,CHECK_534,MEDIUM,RESOLVED,9,23752,13:44,10.96,BUSINESS_LOGIC_ERROR,False,True,0.04
INC-003438,2025-10-14,MOBILE_APP,ACCURACY_CHECK,CHECK_315,MEDIUM,RESOLVED,569,342,04:34,8.35,NETWORK_TIMEOUT,False,False,166.37
INC-003439,2025-10-06,PAYMENT_SYSTEM,NULL_CHECK,CHECK_529,MEDIUM,IN_PROGRESS,57,3039,06:04,,ETL_PIPELINE_FAILURE,False,False,1.88
INC-003440,2025-11-08,CRM_CLIENTS,SCHEMA_VALIDATION,CHECK_817,MEDIUM,RESOLVED,137,11734,20:46,1.78,API_INTEGRATION_ISSUE,True,True,1.17
INC-003441,2025-11-17,PAYMENT_SYSTEM,FORMAT_CHECK,CHECK_870,LOW,CLOSED,973,111908,08:40,4.61,BUSINESS_LOGIC_ERROR,False,False,0.87
INC-003442,2025-11-08,FRAUD_DETECTION,NULL_CHECK,CHECK_481,MEDIUM,CLOSED,4,12105,22:41,5.62,SCHEMA_CHANGE,False,False,0.03
INC-003443,2026-01-05,CRM_CLIENTS,DUPLICATE_CHECK,CHECK_473,LOW,CLOSED,22,4176,06:45,4.53,CONFIGURATION_ERROR,False,False,0.53
INC-003444,2025-10-08,LOAN_REGISTRY,COMPLETENESS_CHECK,CHECK_974,MEDIUM,RESOLVED,113,145604,11:36,23.98,ETL_PIPELINE_FAILURE,False,False,0.08
INC-003445,2025-09-17,CREDIT_BUREAU,FRESHNESS_CHECK,CHECK_510,MEDIUM,CLOSED,2842,328465,21:41,10.45,DATA_DRIFT,False,False,0.87
INC-003446,2025-10-13,CREDIT_BUREAU,DUPLICATE_CHECK,CHECK_386,MEDIUM,RESOLVED,2812,1027,16:38,15.68,NETWORK_TIMEOUT,False,False,273.81
INC-003447,2025-12-21,PAYMENT_SYSTEM,DUPLICATE_CHECK,CHECK_561,MEDIUM,CLOSED,1909,26738,05:26,3.24,SCHEMA_CHANGE,True,False,7.14
INC-003448,2025-11-10,MOBILE_APP,ACCURACY_CHECK,CHECK_284,MEDIUM,CLOSED,1,105,04:20,3.68,NETWORK_TIMEOUT,False,False,0.95
INC-003449,2025-12-17,INTERNET_BANK,CONSISTENCY_CHECK,CHECK_685,LOW,RESOLVED,18,11815,13:24,3.06,MANUAL_DATA_ENTRY,True,False,0.15
INC-003450,2025-11-16,INTERNET_BANK,REFERENTIAL_INTEGRITY,CHECK_234,MEDIUM,RESOLVED,19,954428,00:38,13.98,DATABASE_CORRUPTION,False,False,0.0
INC-003451,2026-01-02,LOAN_REGISTRY,SCHEMA_VALIDATION,CHECK_689,CRITICAL,RESOLVED,132,26473,07:04,5.15,DATABASE_CORRUPTION,False,False,0.5
INC-003452,2025-09-20,CRM_CLIENTS,CONSISTENCY_CHECK,CHECK_802,LOW,CLOSED,3,1391,08:07,6.23,MANUAL_DATA_ENTRY,False,False,0.22
INC-003453,2025-12-02,LOAN_REGISTRY,ACCURACY_CHECK,CHECK_334,LOW,REOPENED,1333,1461,17:07,14.82,NETWORK_TIMEOUT,False,False,91.24
INC-003454,2025-11-04,LOAN_REGISTRY,FRESHNESS_CHECK,CHECK_933,HIGH,IN_PROGRESS,2,3410,21:35,,UNKNOWN,False,True,0.06
INC-003455,2025-11-03,MOBILE_APP,SCHEMA_VALIDATION,CHECK_202,LOW,OPEN,1170,5748,13:04,,API_INTEGRATION_ISSUE,False,False,20.35
INC-003456,2026-03-04,INTERNET_BANK,SCHEMA_VALIDATION,CHECK_838,MEDIUM,IN_PROGRESS,846,499,10:40,,DATABASE_CORRUPTION,False,False,169.54
INC-003457,2026-02-08,CRM_CLIENTS,ACCURACY_CHECK,CHECK_376,LOW,CLOSED,16,42553,02:23,2.6,BUSINESS_LOGIC_ERROR,False,False,0.04
INC-003458,2026-01-05,FRAUD_DETECTION,RANGE_CHECK,CHECK_923,LOW,RESOLVED,1851,65364,10:49,15.93,MANUAL_DATA_ENTRY,False,False,2.83
INC-003459,2026-01-31,MOBILE_APP,DUPLICATE_CHECK,CHECK_341,LOW,IN_PROGRESS,76,10933,08:09,,NETWORK_TIMEOUT,False,False,0.7
INC-003460,2026-02-05,LOAN_REGISTRY,COMPLETENESS_CHECK,CHECK_668,LOW,RESOLVED,45,1317756,07:17,10.54,SOURCE_SYSTEM_ERROR,False,False,0.0
INC-003461,2025-10-21,LOAN_REGISTRY,RANGE_CHECK,CHECK_542,MEDIUM,CLOSED,63,9330,00:06,10.71,UNKNOWN,False,False,0.68
INC-003462,2025-12-27,FRAUD_DETECTION,ACCURACY_CHECK,CHECK_976,LOW,RESOLVED,75,244164,12:14,4.18,DATABASE_CORRUPTION,True,False,0.03
INC-003463,2025-09-28,LOAN_REGISTRY,RANGE_CHECK,CHECK_490,MEDIUM,CLOSED,91,1372,12:06,0.85,DATA_DRIFT,True,False,6.63
INC-003464,2025-10-05,LOAN_REGISTRY,COMPLETENESS_CHECK,CHECK_300,HIGH,RESOLVED,95,40130,03:11,6.11,SOURCE_SYSTEM_ERROR,False,False,0.24
INC-003465,2025-11-17,LOAN_REGISTRY,ACCURACY_CHECK,CHECK_249,MEDIUM,RESOLVED,25,54181,16:46,2.48,API_INTEGRATION_ISSUE,True,False,0.05
INC-003466,2025-09-02,CREDIT_BUREAU,ACCURACY_CHECK,CHECK_919,LOW,IN_PROGRESS,39,5317,09:37,,DATABASE_CORRUPTION,False,False,0.73
INC-003467,2025-12-11,MOBILE_APP,SCHEMA_VALIDATION,CHECK_856,LOW,OPEN,47,30774,15:06,,UNKNOWN,False,True,0.15
INC-003468,2025-11-25,SCORING_ENGINE,RANGE_CHECK,CHECK_253,HIGH,RESOLVED,4211,5210,16:22,13.42,DATA_DRIFT,True,False,80.83
INC-003469,2026-02-06,MOBILE_APP,NULL_CHECK,CHECK_584,LOW,RESOLVED,47,11803,22:36,0.94,SOURCE_SYSTEM_ERROR,False,False,0.4
INC-003470,2025-12-07,FRAUD_DETECTION,FORMAT_CHECK,CHECK_925,LOW,CLOSED,41,12508,09:35,10.36,DATA_DRIFT,False,False,0.33
INC-003471,2025-11-24,LOAN_REGISTRY,ACCURACY_CHECK,CHECK_109,MEDIUM,OPEN,3079,1324,08:38,,MANUAL_DATA_ENTRY,False,False,232.55
INC-003472,2025-12-22,MOBILE_APP,RANGE_CHECK,CHECK_280,MEDIUM,IN_PROGRESS,77,62678,03:57,,UNKNOWN,False,False,0.12
INC-003473,2025-11-25,CREDIT_BUREAU,REFERENTIAL_INTEGRITY,CHECK_531,LOW,CLOSED,25,71967,01:10,19.94,DATABASE_CORRUPTION,True,False,0.03
INC-003474,2025-12-20,INTERNET_BANK,FRESHNESS_CHECK,CHECK_611,MEDIUM,CLOSED,16,10438,10:48,19.74,BUSINESS_LOGIC_ERROR,False,False,0.15
INC-003475,2026-02-14,FRAUD_DETECTION,REFERENTIAL_INTEGRITY,CHECK_237,HIGH,CLOSED,8,35741,12:11,5.54,BUSINESS_LOGIC_ERROR,False,True,0.02
INC-003476,2026-01-31,PAYMENT_SYSTEM,RANGE_CHECK,CHECK_969,LOW,CLOSED,438,3499,11:51,10.05,SCHEMA_CHANGE,False,True,12.52
INC-003477,2025-10-05,MOBILE_APP,DUPLICATE_CHECK,CHECK_745,LOW,RESOLVED,4,1799,23:43,18.94,DATABASE_CORRUPTION,False,False,0.22
INC-003478,2025-11-16,PAYMENT_SYSTEM,DUPLICATE_CHECK,CHECK_629,LOW,CLOSED,2192,9898,17:35,0.75,UNKNOWN,False,False,22.15
INC-003479,2025-11-22,LOAN_REGISTRY,RANGE_CHECK,CHECK_646,LOW,RESOLVED,123,87731,19:56,11.17,MANUAL_DATA_ENTRY,False,False,0.14
INC-003480,2026-02-02,CREDIT_BUREAU,SCHEMA_VALIDATION,CHECK_837,MEDIUM,IN_PROGRESS,61,18942,12:30,,DATA_DRIFT,True,False,0.32
INC-003481,2026-02-25,CREDIT_BUREAU,SCHEMA_VALIDATION,CHECK_423,HIGH,RESOLVED,93,9163,18:08,5.59,MANUAL_DATA_ENTRY,False,False,1.01
INC-003482,2025-10-22,MOBILE_APP,ACCURACY_CHECK,CHECK_904,LOW,RESOLVED,374,43101,08:00,7.29,ETL_PIPELINE_FAILURE,False,False,0.87
INC-003483,2026-01-01,FRAUD_DETECTION,COMPLETENESS_CHECK,CHECK_598,MEDIUM,RESOLVED,57,3527,21:32,14.4,UNKNOWN,False,True,1.62
INC-003484,2025-11-20,FRAUD_DETECTION,FORMAT_CHECK,CHECK_407,LOW,RESOLVED,101,1895,22:09,0.84,UNKNOWN,False,False,5.33
INC-003485,2025-10-16,CREDIT_BUREAU,ACCURACY_CHECK,CHECK_356,HIGH,RESOLVED,1219,10878,21:08,5.85,UNKNOWN,True,True,11.21
INC-003486,2025-12-11,FRAUD_DETECTION,REFERENTIAL_INTEGRITY,CHECK_675,MEDIUM,IN_PROGRESS,297,4023,04:24,,API_INTEGRATION_ISSUE,False,True,7.38
INC-003487,2025-11-21,CREDIT_BUREAU,FORMAT_CHECK,CHECK_979,MEDIUM,OPEN,12,2040,18:47,,SOURCE_SYSTEM_ERROR,False,False,0.59
INC-003488,2025-11-14,MOBILE_APP,REFERENTIAL_INTEGRITY,CHECK_681,LOW,OPEN,36,134307,08:03,,API_INTEGRATION_ISSUE,True,False,0.03
INC-003489,2026-03-08,SCORING_ENGINE,SCHEMA_VALIDATION,CHECK_148,HIGH,IN_PROGRESS,4,1804894,23:40,,MANUAL_DATA_ENTRY,False,False,0.0
INC-003490,2026-02-25,CREDIT_BUREAU,RANGE_CHECK,CHECK_507,CRITICAL,RESOLVED,508,983,11:45,2.64,BUSINESS_LOGIC_ERROR,False,False,51.68
INC-003491,2026-02-10,PAYMENT_SYSTEM,COMPLETENESS_CHECK,CHECK_201,MEDIUM,CLOSED,628,9587,07:43,11.07,NETWORK_TIMEOUT,False,True,6.55
INC-003492,2026-01-04,FRAUD_DETECTION,REFERENTIAL_INTEGRITY,CHECK_807,LOW,IN_PROGRESS,22,31223,19:26,,API_INTEGRATION_ISSUE,False,False,0.07
INC-003493,2026-01-26,CREDIT_BUREAU,SCHEMA_VALIDATION,CHECK_267,MEDIUM,CLOSED,14908,705,22:29,0.48,UNKNOWN,False,True,2114.61
INC-003494,2025-11-02,CREDIT_BUREAU,COMPLETENESS_CHECK,CHECK_161,MEDIUM,CLOSED,19453,14107,05:28,3.86,NETWORK_TIMEOUT,False,False,137.9
INC-003495,2025-11-23,MOBILE_APP,ACCURACY_CHECK,CHECK_320,HIGH,RESOLVED,155,16314,11:51,0.24,CONFIGURATION_ERROR,False,False,0.95
INC-003496,2025-12-06,FRAUD_DETECTION,RANGE_CHECK,CHECK_933,LOW,CLOSED,30,57521,14:32,5.32,MANUAL_DATA_ENTRY,False,False,0.05
INC-003497,2025-11-11,SCORING_ENGINE,FRESHNESS_CHECK,CHECK_360,HIGH,RESOLVED,256,4696,09:17,3.6,SOURCE_SYSTEM_ERROR,False,False,5.45
INC-003498,2025-12-10,MOBILE_APP,DUPLICATE_CHECK,CHECK_587,MEDIUM,OPEN,28,7122,13:33,,BUSINESS_LOGIC_ERROR,False,False,0.39
INC-003499,2025-12-03,SCORING_ENGINE,CONSISTENCY_CHECK,CHECK_959,MEDIUM,CLOSED,992,153728,22:56,4.41,MANUAL_DATA_ENTRY,False,False,0.65
INC-003500,2025-09-30,INTERNET_BANK,COMPLETENESS_CHECK,CHECK_744,MEDIUM,IN_PROGRESS,206,50962,07:19,,SCHEMA_CHANGE,False,False,0.4
