monitoring_id,monitoring_date,monitoring_time,model_name,model_version,accuracy,precision,recall,f1_score,auc_roc,predictions_count,avg_inference_time_ms,data_drift_score,feature_importance_shift,null_predictions_percent,model_type,is_anomaly,alert_level
MON-000001,2025-09-01,08:00,CREDIT_SCORING_V2,v1.4,0.8423,0.8465,0.8536,0.8263,0.8931,1075,10.21,0.4081,0.2108,0.59,Classification,True,WARNING
MON-000002,2025-09-01,20:00,CREDIT_SCORING_V2,v4.5,0.8509,0.8612,0.8521,0.8156,0.8888,3079,19.21,0.1025,0.4301,0.36,Classification,False,OK
MON-000003,2025-09-02,08:00,CREDIT_SCORING_V2,v1.1,0.8373,0.8341,0.846,0.8245,0.8986,6425,28.28,0.0294,0.2507,3.7,Classification,False,OK
MON-000004,2025-09-02,20:00,CREDIT_SCORING_V2,v1.3,0.8941,0.8833,0.9191,0.8703,0.9472,1778,15.38,0.4819,0.1571,0.27,Classification,True,WARNING
MON-000005,2025-09-03,08:00,CREDIT_SCORING_V2,v1.2,0.8695,0.8768,0.8655,0.8544,0.9143,1170,29.09,0.262,0.0419,3.73,Classification,False,OK
MON-000006,2025-09-03,20:00,CREDIT_SCORING_V2,v1.1,0.8638,0.865,0.9042,0.8436,0.9191,340,12.0,0.1614,0.1163,1.95,Classification,False,OK
MON-000007,2025-09-04,08:00,CREDIT_SCORING_V2,v3.8,0.8922,0.8919,0.9194,0.8789,0.9372,4315,13.54,0.2315,0.2221,2.57,Classification,False,OK
MON-000008,2025-09-04,20:00,CREDIT_SCORING_V2,v4.0,0.884,0.8857,0.8769,0.8765,0.9321,917,14.27,0.1409,0.0819,0.33,Classification,False,OK
MON-000009,2025-09-05,08:00,CREDIT_SCORING_V2,v4.8,0.8514,0.8396,0.8821,0.8205,0.9015,4040,18.08,0.3633,0.3491,1.29,Classification,True,WARNING
MON-000010,2025-09-05,20:00,CREDIT_SCORING_V2,v2.7,0.8443,0.8418,0.8363,0.8436,0.9123,1228,8.81,0.3446,0.1762,2.17,Classification,True,WARNING
MON-000011,2025-09-06,08:00,CREDIT_SCORING_V2,v4.8,0.8441,0.8512,0.8806,0.8201,0.8828,5190,9.7,0.3289,0.1295,0.57,Classification,True,WARNING
MON-000012,2025-09-06,20:00,CREDIT_SCORING_V2,v1.6,0.839,0.839,0.8351,0.8265,0.8968,4299,9.01,0.277,0.1746,0.01,Classification,False,OK
MON-000013,2025-09-07,08:00,CREDIT_SCORING_V2,v1.9,0.8454,0.8403,0.8532,0.8197,0.8884,502,22.59,0.0546,0.205,0.25,Classification,False,OK
MON-000014,2025-09-07,20:00,CREDIT_SCORING_V2,v2.0,0.8396,0.8322,0.847,0.8239,0.9072,7138,23.76,0.2481,0.179,1.1,Classification,False,OK
MON-000015,2025-09-08,08:00,CREDIT_SCORING_V2,v4.8,0.8273,0.83,0.8215,0.8069,0.8681,4014,4.25,0.1009,0.1692,0.67,Classification,False,OK
MON-000016,2025-09-08,20:00,CREDIT_SCORING_V2,v3.3,0.8014,0.8098,0.8081,0.8046,0.8424,8806,45.67,0.4921,0.08,6.47,Classification,True,WARNING
MON-000017,2025-09-09,08:00,CREDIT_SCORING_V2,v1.9,0.8707,0.8809,0.8881,0.8455,0.9283,744,7.55,0.4862,0.2089,6.24,Classification,True,WARNING
MON-000018,2025-09-09,20:00,CREDIT_SCORING_V2,v4.2,0.7965,0.791,0.7978,0.7962,0.8465,983,31.55,0.5301,0.0722,4.03,Classification,True,WARNING
MON-000019,2025-09-10,08:00,CREDIT_SCORING_V2,v2.2,0.8568,0.8731,0.8607,0.8297,0.915,2021,34.04,0.2791,0.056,2.63,Classification,False,OK
MON-000020,2025-09-10,20:00,CREDIT_SCORING_V2,v1.5,0.8691,0.8702,0.8812,0.8673,0.9313,2547,35.49,0.2343,0.0956,0.56,Classification,False,OK
MON-000021,2025-09-11,08:00,CREDIT_SCORING_V2,v2.8,0.8585,0.8421,0.8418,0.8508,0.9104,2274,14.51,0.4491,0.4795,0.83,Classification,True,WARNING
MON-000022,2025-09-11,20:00,CREDIT_SCORING_V2,v3.0,0.8467,0.8479,0.848,0.8261,0.9069,423,21.22,0.2368,0.0104,3.61,Classification,False,OK
MON-000023,2025-09-12,08:00,CREDIT_SCORING_V2,v4.7,0.854,0.844,0.8729,0.8352,0.8845,3886,18.31,0.2042,0.0743,1.41,Classification,False,OK
MON-000024,2025-09-12,20:00,CREDIT_SCORING_V2,v4.2,0.7542,0.7583,0.7501,0.7407,0.8079,2241,49.51,0.1207,0.2068,2.34,Classification,True,WARNING
MON-000025,2025-09-13,08:00,CREDIT_SCORING_V2,v3.1,0.8478,0.8506,0.8568,0.8308,0.8958,2036,17.59,0.4512,0.239,4.45,Classification,True,WARNING
MON-000026,2025-09-13,20:00,CREDIT_SCORING_V2,v3.3,0.8433,0.8281,0.8185,0.8304,0.9084,3031,40.2,0.237,0.272,6.97,Classification,False,OK
MON-000027,2025-09-14,08:00,CREDIT_SCORING_V2,v1.4,0.8359,0.8502,0.8374,0.8203,0.8641,3801,12.1,0.4843,0.2063,0.86,Classification,True,WARNING
MON-000028,2025-09-14,20:00,CREDIT_SCORING_V2,v3.7,0.8734,0.8669,0.8713,0.8461,0.9161,2643,14.71,0.1363,0.1722,3.02,Classification,False,OK
MON-000029,2025-09-15,08:00,CREDIT_SCORING_V2,v3.4,0.867,0.8488,0.8677,0.8444,0.9038,1129,17.27,0.3714,0.2508,0.01,Classification,True,WARNING
MON-000030,2025-09-15,20:00,CREDIT_SCORING_V2,v2.0,0.8465,0.8594,0.844,0.8323,0.8987,746,20.28,0.3269,0.2403,0.31,Classification,True,WARNING
MON-000031,2025-09-16,08:00,CREDIT_SCORING_V2,v4.3,0.8505,0.8566,0.869,0.8229,0.903,7199,19.55,0.1942,0.2755,4.49,Classification,False,OK
MON-000032,2025-09-16,20:00,CREDIT_SCORING_V2,v3.8,0.8346,0.832,0.821,0.8127,0.885,1115,14.93,0.1539,0.0624,2.02,Classification,False,OK
MON-000033,2025-09-17,08:00,CREDIT_SCORING_V2,v1.7,0.8567,0.8572,0.8515,0.8447,0.9147,857,6.99,0.5887,0.1152,1.1,Classification,True,WARNING
MON-000034,2025-09-17,20:00,CREDIT_SCORING_V2,v4.0,0.8474,0.8462,0.8357,0.8328,0.9084,3044,10.68,0.3207,0.1875,1.41,Classification,True,WARNING
MON-000035,2025-09-18,08:00,CREDIT_SCORING_V2,v3.0,0.8429,0.827,0.823,0.8231,0.8965,4809,26.46,0.1554,0.1556,0.22,Classification,False,OK
MON-000036,2025-09-18,20:00,CREDIT_SCORING_V2,v4.5,0.8546,0.8406,0.8536,0.8474,0.8913,10592,31.16,0.4147,0.1764,2.59,Classification,True,WARNING
MON-000037,2025-09-19,08:00,CREDIT_SCORING_V2,v3.5,0.8511,0.8607,0.837,0.8436,0.8956,1240,17.43,0.0417,0.2106,4.47,Classification,False,OK
MON-000038,2025-09-19,20:00,CREDIT_SCORING_V2,v1.0,0.8325,0.8366,0.8362,0.81,0.8893,1429,13.4,0.2913,0.1241,1.58,Classification,False,OK
MON-000039,2025-09-20,08:00,CREDIT_SCORING_V2,v3.2,0.8674,0.8766,0.8715,0.8565,0.9199,3665,8.65,0.4135,0.1805,0.52,Classification,True,WARNING
MON-000040,2025-09-20,20:00,CREDIT_SCORING_V2,v4.5,0.8691,0.8812,0.8715,0.8429,0.9127,5656,40.16,0.2428,0.2298,3.16,Classification,False,OK
MON-000041,2025-09-21,08:00,CREDIT_SCORING_V2,v1.1,0.8358,0.8027,0.8444,0.8216,0.8961,1659,26.31,0.1289,0.14,1.67,Classification,False,OK
MON-000042,2025-09-21,20:00,CREDIT_SCORING_V2,v4.7,0.9132,0.9091,0.8782,0.8974,0.9691,5743,10.86,0.3577,0.142,0.34,Classification,True,WARNING
MON-000043,2025-09-22,08:00,CREDIT_SCORING_V2,v2.1,0.8304,0.8189,0.8529,0.8138,0.8907,1634,23.75,0.5109,0.2101,0.69,Classification,True,WARNING
MON-000044,2025-09-22,20:00,CREDIT_SCORING_V2,v2.6,0.8616,0.8604,0.8607,0.8418,0.9154,3358,20.82,0.0183,0.2021,1.86,Classification,False,OK
MON-000045,2025-09-23,08:00,CREDIT_SCORING_V2,v1.7,0.8606,0.842,0.8709,0.8439,0.9034,802,33.75,0.2857,0.1794,0.82,Classification,False,OK
MON-000046,2025-09-23,20:00,CREDIT_SCORING_V2,v1.2,0.8637,0.8697,0.8487,0.8463,0.9283,4533,21.86,0.0543,0.3629,4.5,Classification,False,OK
MON-000047,2025-09-24,08:00,CREDIT_SCORING_V2,v3.3,0.8835,0.8901,0.8643,0.8435,0.9403,4963,19.21,0.2665,0.1854,0.42,Classification,False,OK
MON-000048,2025-09-24,20:00,CREDIT_SCORING_V2,v4.6,0.8438,0.8665,0.8514,0.8405,0.8991,3639,27.32,0.2347,0.1071,0.95,Classification,False,OK
MON-000049,2025-09-25,08:00,CREDIT_SCORING_V2,v3.4,0.8501,0.8491,0.861,0.8392,0.9091,455,32.81,0.3994,0.176,1.32,Classification,True,WARNING
MON-000050,2025-09-25,20:00,CREDIT_SCORING_V2,v3.6,0.8577,0.8645,0.8393,0.836,0.9051,2001,20.19,0.1634,0.2172,1.64,Classification,False,OK
MON-000051,2025-09-26,08:00,CREDIT_SCORING_V2,v2.8,0.8155,0.8252,0.8245,0.8085,0.8713,4270,11.47,0.4942,0.0425,0.46,Classification,True,WARNING
MON-000052,2025-09-26,20:00,CREDIT_SCORING_V2,v3.1,0.8519,0.8691,0.8624,0.8298,0.9008,1347,26.82,0.1962,0.1018,0.81,Classification,False,OK
MON-000053,2025-09-27,08:00,CREDIT_SCORING_V2,v4.7,0.8572,0.8459,0.8666,0.8138,0.8998,9947,27.42,0.3512,0.063,0.05,Classification,True,WARNING
MON-000054,2025-09-27,20:00,CREDIT_SCORING_V2,v2.2,0.835,0.844,0.8373,0.8216,0.8716,29027,23.54,0.2901,0.107,0.18,Classification,False,OK
MON-000055,2025-09-28,08:00,CREDIT_SCORING_V2,v3.6,0.7495,0.7535,0.7542,0.7188,0.7794,1237,24.76,0.2456,0.1489,0.32,Classification,True,CRITICAL
MON-000056,2025-09-28,20:00,CREDIT_SCORING_V2,v1.5,0.8544,0.8382,0.88,0.8242,0.9082,5583,15.56,0.1614,0.1998,0.94,Classification,False,OK
MON-000057,2025-09-29,08:00,CREDIT_SCORING_V2,v2.1,0.8344,0.8391,0.8257,0.807,0.877,2553,21.48,0.2981,0.0315,1.13,Classification,False,OK
MON-000058,2025-09-29,20:00,CREDIT_SCORING_V2,v2.4,0.8377,0.8451,0.8508,0.8218,0.8827,4656,32.47,0.0871,0.2252,5.29,Classification,False,OK
MON-000059,2025-09-30,08:00,CREDIT_SCORING_V2,v1.2,0.8333,0.8164,0.8396,0.8182,0.8756,2659,24.86,0.3039,0.1034,3.32,Classification,True,WARNING
MON-000060,2025-09-30,20:00,CREDIT_SCORING_V2,v4.6,0.8339,0.8332,0.8134,0.8276,0.8687,2476,32.24,0.1572,0.1327,0.01,Classification,False,OK
MON-000061,2025-10-01,08:00,CREDIT_SCORING_V2,v3.0,0.8558,0.8566,0.8345,0.8266,0.9165,1879,31.93,0.1449,0.2815,1.09,Classification,False,OK
MON-000062,2025-10-01,20:00,CREDIT_SCORING_V2,v2.3,0.8576,0.8581,0.8601,0.8333,0.9279,4986,49.96,0.3667,0.2255,1.21,Classification,True,WARNING
MON-000063,2025-10-02,08:00,CREDIT_SCORING_V2,v4.4,0.858,0.8643,0.8341,0.8535,0.8901,656,35.55,0.1561,0.0655,8.29,Classification,False,OK
MON-000064,2025-10-02,20:00,CREDIT_SCORING_V2,v1.6,0.8626,0.8566,0.8266,0.8504,0.9164,1479,15.3,0.3043,0.3648,2.94,Classification,True,WARNING
MON-000065,2025-10-03,08:00,CREDIT_SCORING_V2,v4.8,0.7991,0.7881,0.8486,0.7861,0.8372,3234,16.06,0.1848,0.2739,0.09,Classification,True,WARNING
MON-000066,2025-10-03,20:00,CREDIT_SCORING_V2,v4.2,0.8925,0.8974,0.878,0.8743,0.9506,1638,8.03,0.6067,0.1148,0.76,Classification,True,WARNING
MON-000067,2025-10-04,08:00,CREDIT_SCORING_V2,v3.6,0.8671,0.8828,0.8809,0.8537,0.9312,10188,13.45,0.2771,0.2206,1.93,Classification,False,OK
MON-000068,2025-10-04,20:00,CREDIT_SCORING_V2,v4.2,0.8283,0.8433,0.8318,0.812,0.8861,5133,25.53,0.3571,0.2164,3.73,Classification,True,WARNING
MON-000069,2025-10-05,08:00,CREDIT_SCORING_V2,v1.1,0.8496,0.8735,0.8845,0.8336,0.8904,1018,31.69,0.43,0.3268,0.59,Classification,True,WARNING
MON-000070,2025-10-05,20:00,CREDIT_SCORING_V2,v1.2,0.7578,0.7541,0.7862,0.7472,0.8008,2308,12.59,0.2476,0.2132,3.89,Classification,True,WARNING
MON-000071,2025-10-06,08:00,CREDIT_SCORING_V2,v2.5,0.8493,0.8477,0.8578,0.8234,0.895,6535,30.18,0.5173,0.1011,2.04,Classification,True,WARNING
MON-000072,2025-10-06,20:00,CREDIT_SCORING_V2,v1.3,0.8207,0.7992,0.7995,0.8062,0.8777,4048,21.67,0.2078,0.2604,0.86,Classification,False,OK
MON-000073,2025-10-07,08:00,CREDIT_SCORING_V2,v1.5,0.8442,0.838,0.8672,0.8082,0.892,2629,35.61,0.2125,0.2441,3.54,Classification,False,OK
MON-000074,2025-10-07,20:00,CREDIT_SCORING_V2,v4.9,0.8467,0.8309,0.8281,0.8298,0.9036,2565,36.3,0.1548,0.1207,0.02,Classification,False,OK
MON-000075,2025-10-08,08:00,CREDIT_SCORING_V2,v1.6,0.822,0.8185,0.838,0.8006,0.8721,9627,24.53,0.1784,0.2966,1.37,Classification,False,OK
MON-000076,2025-10-08,20:00,CREDIT_SCORING_V2,v4.4,0.8491,0.8628,0.8343,0.8401,0.8985,786,17.04,0.2017,0.1157,2.64,Classification,False,OK
MON-000077,2025-10-09,08:00,CREDIT_SCORING_V2,v3.7,0.8413,0.852,0.8339,0.8108,0.8926,18628,23.44,0.3767,0.3261,1.17,Classification,True,WARNING
MON-000078,2025-10-09,20:00,CREDIT_SCORING_V2,v1.6,0.8269,0.8236,0.8618,0.8123,0.8765,3660,32.92,0.3394,0.1722,0.04,Classification,True,WARNING
MON-000079,2025-10-10,08:00,CREDIT_SCORING_V2,v2.9,0.8672,0.8615,0.8709,0.8559,0.9017,16536,37.45,0.4085,0.1351,1.48,Classification,True,WARNING
MON-000080,2025-10-10,20:00,CREDIT_SCORING_V2,v2.8,0.8418,0.8337,0.8301,0.8323,0.8823,2884,17.44,0.0758,0.4397,1.84,Classification,False,OK
MON-000081,2025-10-11,08:00,CREDIT_SCORING_V2,v2.3,0.769,0.7776,0.7657,0.7472,0.8355,35993,38.62,0.2955,0.164,5.61,Classification,True,WARNING
MON-000082,2025-10-11,20:00,CREDIT_SCORING_V2,v3.1,0.8528,0.8497,0.8564,0.8323,0.9076,1583,18.71,0.1646,0.0664,1.14,Classification,False,OK
MON-000083,2025-10-12,08:00,CREDIT_SCORING_V2,v3.3,0.8409,0.8435,0.8281,0.8282,0.9089,3220,75.54,0.2555,0.2934,0.52,Classification,False,OK
MON-000084,2025-10-12,20:00,CREDIT_SCORING_V2,v4.3,0.8294,0.8361,0.8391,0.8015,0.8705,6736,15.64,0.2289,0.3043,1.35,Classification,False,OK
MON-000085,2025-10-13,08:00,CREDIT_SCORING_V2,v4.1,0.8252,0.8326,0.813,0.8043,0.8752,6531,13.14,0.3788,0.2415,1.36,Classification,True,WARNING
MON-000086,2025-10-13,20:00,CREDIT_SCORING_V2,v2.3,0.8524,0.8246,0.8203,0.8268,0.9004,1253,31.43,0.247,0.2055,2.82,Classification,False,OK
MON-000087,2025-10-14,08:00,CREDIT_SCORING_V2,v2.3,0.8559,0.8616,0.8527,0.8211,0.8955,701,29.67,0.3127,0.2618,0.11,Classification,True,WARNING
MON-000088,2025-10-14,20:00,CREDIT_SCORING_V2,v1.2,0.8318,0.8328,0.8227,0.8296,0.865,1288,11.15,0.1257,0.1951,0.12,Classification,False,OK
MON-000089,2025-10-15,08:00,CREDIT_SCORING_V2,v4.0,0.8245,0.8064,0.8266,0.8082,0.8646,2339,19.39,0.4725,0.1704,0.01,Classification,True,WARNING
MON-000090,2025-10-15,20:00,CREDIT_SCORING_V2,v3.3,0.8626,0.8764,0.8596,0.8351,0.9231,2578,27.04,0.3193,0.051,1.1,Classification,True,WARNING
MON-000091,2025-10-16,08:00,CREDIT_SCORING_V2,v2.6,0.8635,0.8654,0.8765,0.8232,0.9087,3313,20.53,0.2732,0.0937,3.99,Classification,False,OK
MON-000092,2025-10-16,20:00,CREDIT_SCORING_V2,v1.9,0.832,0.8166,0.8428,0.8185,0.8789,6142,32.32,0.0452,0.1396,0.71,Classification,False,OK
MON-000093,2025-10-17,08:00,CREDIT_SCORING_V2,v2.1,0.8449,0.839,0.8147,0.8126,0.8948,2671,24.75,0.3117,0.0545,1.63,Classification,True,WARNING
MON-000094,2025-10-17,20:00,CREDIT_SCORING_V2,v1.6,0.8589,0.8568,0.8582,0.8351,0.9105,406,30.51,0.2916,0.0498,1.42,Classification,False,OK
MON-000095,2025-10-18,08:00,CREDIT_SCORING_V2,v4.8,0.8265,0.8526,0.8198,0.8095,0.8735,7877,22.83,0.1937,0.2684,3.15,Classification,False,OK
MON-000096,2025-10-18,20:00,CREDIT_SCORING_V2,v3.3,0.831,0.8222,0.8264,0.8022,0.8771,9526,33.38,0.1408,0.1453,0.07,Classification,False,OK
MON-000097,2025-10-19,08:00,CREDIT_SCORING_V2,v2.5,0.8649,0.858,0.838,0.8638,0.9188,4121,33.66,0.2668,0.1706,3.23,Classification,False,OK
MON-000098,2025-10-19,20:00,CREDIT_SCORING_V2,v4.7,0.8307,0.8325,0.7831,0.804,0.897,2247,22.04,0.2632,0.2265,0.71,Classification,False,OK
MON-000099,2025-10-20,08:00,CREDIT_SCORING_V2,v1.8,0.8498,0.8713,0.8723,0.8207,0.8937,3841,19.93,0.3339,0.1748,0.19,Classification,True,WARNING
MON-000100,2025-10-20,20:00,CREDIT_SCORING_V2,v4.0,0.8504,0.8481,0.8469,0.8356,0.8851,9531,16.91,0.6879,0.1353,0.7,Classification,True,WARNING
MON-000101,2025-10-21,08:00,CREDIT_SCORING_V2,v3.1,0.8245,0.82,0.8289,0.8045,0.8682,979,17.6,0.1589,0.1145,2.38,Classification,False,OK
MON-000102,2025-10-21,20:00,CREDIT_SCORING_V2,v3.5,0.8681,0.8699,0.8577,0.8696,0.9171,1606,23.59,0.2061,0.0699,0.22,Classification,False,OK
MON-000103,2025-10-22,08:00,CREDIT_SCORING_V2,v3.5,0.8172,0.8139,0.7957,0.8147,0.8488,1582,29.03,0.2179,0.1074,3.55,Classification,False,OK
MON-000104,2025-10-22,20:00,CREDIT_SCORING_V2,v4.3,0.854,0.8505,0.8458,0.8516,0.9049,970,36.03,0.3019,0.2902,2.31,Classification,True,WARNING
MON-000105,2025-10-23,08:00,CREDIT_SCORING_V2,v3.0,0.8392,0.8488,0.824,0.8278,0.8949,43001,8.58,0.5389,0.134,0.2,Classification,True,WARNING
MON-000106,2025-10-23,20:00,CREDIT_SCORING_V2,v2.0,0.8504,0.8455,0.8596,0.84,0.8901,3380,6.4,0.3868,0.1763,3.06,Classification,True,WARNING
MON-000107,2025-10-24,08:00,CREDIT_SCORING_V2,v1.0,0.7413,0.7378,0.7463,0.7228,0.7883,963,18.7,0.191,0.0385,0.11,Classification,True,CRITICAL
MON-000108,2025-10-24,20:00,CREDIT_SCORING_V2,v3.3,0.8257,0.8357,0.8356,0.8158,0.8825,751,21.48,0.7138,0.2546,0.3,Classification,True,WARNING
MON-000109,2025-10-25,08:00,CREDIT_SCORING_V2,v3.7,0.8423,0.828,0.8481,0.819,0.892,6911,7.59,0.2776,0.2062,0.26,Classification,False,OK
MON-000110,2025-10-25,20:00,CREDIT_SCORING_V2,v3.9,0.8578,0.8544,0.8287,0.8394,0.9094,9357,22.49,0.4361,0.2422,2.58,Classification,True,WARNING
MON-000111,2025-10-26,08:00,CREDIT_SCORING_V2,v1.6,0.8434,0.8268,0.838,0.8129,0.8924,7748,11.48,0.2321,0.1319,6.53,Classification,False,OK
MON-000112,2025-10-26,20:00,CREDIT_SCORING_V2,v2.4,0.8387,0.8337,0.8264,0.8177,0.8896,19451,21.49,0.2553,0.1783,0.25,Classification,False,OK
MON-000113,2025-10-27,08:00,CREDIT_SCORING_V2,v4.5,0.8086,0.8051,0.8111,0.7979,0.8744,1920,7.7,0.2221,0.0513,4.66,Classification,False,OK
MON-000114,2025-10-27,20:00,CREDIT_SCORING_V2,v3.4,0.7019,0.6985,0.692,0.6985,0.7576,824,15.22,0.3881,0.2079,2.3,Classification,True,CRITICAL
MON-000115,2025-10-28,08:00,CREDIT_SCORING_V2,v1.1,0.6877,0.6838,0.6923,0.6783,0.7173,38967,22.92,0.1419,0.1123,1.24,Classification,True,CRITICAL
MON-000116,2025-10-28,20:00,CREDIT_SCORING_V2,v1.8,0.865,0.8678,0.8703,0.8611,0.9166,1505,26.82,0.1806,0.122,1.58,Classification,False,OK
MON-000117,2025-10-29,08:00,CREDIT_SCORING_V2,v2.5,0.8404,0.8292,0.8366,0.8097,0.9081,5640,21.19,0.3525,0.0494,0.39,Classification,True,WARNING
MON-000118,2025-10-29,20:00,CREDIT_SCORING_V2,v3.5,0.8583,0.8622,0.8625,0.8463,0.9088,1287,11.67,0.4198,0.5133,0.18,Classification,True,WARNING
MON-000119,2025-10-30,08:00,CREDIT_SCORING_V2,v3.3,0.8326,0.8276,0.8383,0.8073,0.8645,8706,24.37,0.4348,0.3018,1.57,Classification,True,WARNING
MON-000120,2025-10-30,20:00,CREDIT_SCORING_V2,v3.3,0.8069,0.8144,0.8087,0.7948,0.8466,830,13.1,0.1175,0.0806,0.7,Classification,False,OK
MON-000121,2025-10-31,08:00,CREDIT_SCORING_V2,v4.1,0.8678,0.8672,0.8731,0.8425,0.9168,38651,25.25,0.4898,0.1106,4.45,Classification,True,WARNING
MON-000122,2025-10-31,20:00,CREDIT_SCORING_V2,v1.2,0.8327,0.8268,0.8426,0.8105,0.8748,4396,46.38,0.7548,0.3817,0.95,Classification,True,WARNING
MON-000123,2025-11-01,08:00,CREDIT_SCORING_V2,v1.0,0.8668,0.8536,0.8613,0.8578,0.933,776,17.18,0.5573,0.3745,1.28,Classification,True,WARNING
MON-000124,2025-11-01,20:00,CREDIT_SCORING_V2,v2.3,0.8437,0.8467,0.8326,0.8292,0.8831,355,56.97,0.2189,0.1048,0.15,Classification,False,OK
MON-000125,2025-11-02,08:00,CREDIT_SCORING_V2,v4.1,0.8757,0.8737,0.8809,0.85,0.9252,2773,27.29,0.6111,0.18,4.77,Classification,True,WARNING
MON-000126,2025-11-02,20:00,CREDIT_SCORING_V2,v1.8,0.9117,0.9263,0.903,0.8787,0.9617,8956,17.79,0.089,0.3807,2.19,Classification,False,OK
MON-000127,2025-11-03,08:00,CREDIT_SCORING_V2,v3.4,0.8569,0.8723,0.8568,0.8312,0.9224,1878,51.86,0.5838,0.1801,1.18,Classification,True,WARNING
MON-000128,2025-11-03,20:00,CREDIT_SCORING_V2,v4.3,0.8207,0.8158,0.8187,0.8036,0.8698,10862,20.1,0.4275,0.1542,3.78,Classification,True,WARNING
MON-000129,2025-11-04,08:00,CREDIT_SCORING_V2,v2.0,0.859,0.8354,0.8843,0.8299,0.9204,1079,12.97,0.2082,0.1516,2.65,Classification,False,OK
MON-000130,2025-11-04,20:00,CREDIT_SCORING_V2,v2.3,0.8555,0.8644,0.8669,0.8408,0.903,6391,14.77,0.1945,0.3273,2.98,Classification,False,OK
MON-000131,2025-11-05,08:00,CREDIT_SCORING_V2,v4.8,0.8233,0.818,0.8418,0.7961,0.8721,2256,20.9,0.3199,0.2907,5.75,Classification,True,WARNING
MON-000132,2025-11-05,20:00,CREDIT_SCORING_V2,v3.8,0.8348,0.8313,0.8409,0.8162,0.881,6167,14.2,0.227,0.2497,6.69,Classification,False,OK
MON-000133,2025-11-06,08:00,CREDIT_SCORING_V2,v3.5,0.8391,0.8511,0.8434,0.8255,0.8717,1309,16.77,0.202,0.202,0.87,Classification,False,OK
MON-000134,2025-11-06,20:00,CREDIT_SCORING_V2,v4.1,0.855,0.8585,0.8612,0.8331,0.9151,1671,14.87,0.2361,0.1928,0.77,Classification,False,OK
MON-000135,2025-11-07,08:00,CREDIT_SCORING_V2,v4.1,0.8296,0.8381,0.8227,0.8234,0.8868,748,26.76,0.1167,0.0963,1.35,Classification,False,OK
MON-000136,2025-11-07,20:00,CREDIT_SCORING_V2,v4.6,0.8271,0.8377,0.81,0.8142,0.8769,9578,54.16,0.2183,0.0671,0.49,Classification,False,OK
MON-000137,2025-11-08,08:00,CREDIT_SCORING_V2,v1.2,0.8244,0.8227,0.8331,0.7988,0.8697,1824,18.84,0.0999,0.1112,2.74,Classification,False,OK
MON-000138,2025-11-08,20:00,CREDIT_SCORING_V2,v3.2,0.8104,0.8173,0.8181,0.7831,0.8481,1834,12.85,0.5196,0.2029,1.03,Classification,True,WARNING
MON-000139,2025-11-09,08:00,CREDIT_SCORING_V2,v3.0,0.8604,0.8615,0.8818,0.8584,0.905,1788,19.38,0.2635,0.3687,0.74,Classification,False,OK
MON-000140,2025-11-09,20:00,CREDIT_SCORING_V2,v1.3,0.8495,0.8549,0.8624,0.8433,0.8991,5140,12.34,0.4077,0.0991,1.62,Classification,True,WARNING
MON-000141,2025-11-10,08:00,CREDIT_SCORING_V2,v4.7,0.8636,0.8652,0.8571,0.8428,0.9168,315,96.27,0.2402,0.3954,2.35,Classification,False,OK
MON-000142,2025-11-10,20:00,CREDIT_SCORING_V2,v1.2,0.8335,0.8471,0.8168,0.8197,0.8882,828,34.62,0.321,0.261,4.75,Classification,True,WARNING
MON-000143,2025-11-11,08:00,CREDIT_SCORING_V2,v4.8,0.8329,0.8201,0.8381,0.8134,0.8737,11555,43.67,0.0152,0.0263,0.28,Classification,False,OK
MON-000144,2025-11-11,20:00,CREDIT_SCORING_V2,v4.8,0.8546,0.8503,0.855,0.8439,0.8959,3755,30.58,0.227,0.053,1.31,Classification,False,OK
MON-000145,2025-11-12,08:00,CREDIT_SCORING_V2,v4.6,0.8655,0.8646,0.8571,0.8498,0.9148,1627,11.1,0.2929,0.1094,0.15,Classification,False,OK
MON-000146,2025-11-12,20:00,CREDIT_SCORING_V2,v3.3,0.8674,0.8686,0.8756,0.8303,0.914,7209,24.73,0.2867,0.2052,1.58,Classification,False,OK
MON-000147,2025-11-13,08:00,CREDIT_SCORING_V2,v2.0,0.8254,0.8126,0.8076,0.8201,0.8822,3657,24.77,0.1382,0.1278,0.66,Classification,False,OK
MON-000148,2025-11-13,20:00,CREDIT_SCORING_V2,v2.9,0.8666,0.8592,0.8573,0.8625,0.9026,11525,34.65,0.1999,0.0878,2.12,Classification,False,OK
MON-000149,2025-11-14,08:00,CREDIT_SCORING_V2,v2.9,0.8778,0.8781,0.9205,0.8556,0.9335,1621,24.09,0.2881,0.5085,1.62,Classification,False,OK
MON-000150,2025-11-14,20:00,CREDIT_SCORING_V2,v1.8,0.8561,0.8507,0.8413,0.842,0.9067,1341,13.28,0.0668,0.2042,1.07,Classification,False,OK
MON-000151,2025-11-15,08:00,CREDIT_SCORING_V2,v4.8,0.8708,0.8537,0.8774,0.864,0.9146,746,56.22,0.2172,0.3382,0.79,Classification,False,OK
MON-000152,2025-11-15,20:00,CREDIT_SCORING_V2,v3.4,0.8581,0.8545,0.8732,0.8742,0.9113,8829,30.81,0.6547,0.0999,0.06,Classification,True,WARNING
MON-000153,2025-11-16,08:00,CREDIT_SCORING_V2,v2.4,0.8252,0.8131,0.8379,0.8139,0.8811,8678,17.08,0.5165,0.0755,0.51,Classification,True,WARNING
MON-000154,2025-11-16,20:00,CREDIT_SCORING_V2,v3.8,0.8663,0.8723,0.8764,0.8524,0.8973,6000,20.14,0.1938,0.2617,0.3,Classification,False,OK
MON-000155,2025-11-17,08:00,CREDIT_SCORING_V2,v1.2,0.8554,0.8583,0.8621,0.8467,0.9248,1110,25.83,0.0744,0.3941,0.8,Classification,False,OK
MON-000156,2025-11-17,20:00,CREDIT_SCORING_V2,v2.0,0.8272,0.8362,0.8269,0.82,0.8767,713,17.09,0.3135,0.1894,2.68,Classification,True,WARNING
MON-000157,2025-11-18,08:00,CREDIT_SCORING_V2,v2.4,0.8362,0.8383,0.8578,0.8247,0.8908,7321,21.42,0.2427,0.1549,4.54,Classification,False,OK
MON-000158,2025-11-18,20:00,CREDIT_SCORING_V2,v1.2,0.8558,0.8451,0.8765,0.826,0.9101,3810,23.82,0.3336,0.0419,0.58,Classification,True,WARNING
MON-000159,2025-11-19,08:00,CREDIT_SCORING_V2,v3.2,0.8955,0.864,0.9105,0.8793,0.9472,1189,18.44,0.6806,0.1366,1.84,Classification,True,WARNING
MON-000160,2025-11-19,20:00,CREDIT_SCORING_V2,v3.0,0.8835,0.8949,0.9075,0.8687,0.9283,5574,28.98,0.4016,0.0298,4.32,Classification,True,WARNING
MON-000161,2025-11-20,08:00,CREDIT_SCORING_V2,v2.3,0.8075,0.8032,0.8218,0.777,0.8584,19341,17.25,0.0298,0.1444,1.85,Classification,False,OK
MON-000162,2025-11-20,20:00,CREDIT_SCORING_V2,v1.0,0.8475,0.8252,0.8425,0.8368,0.8975,2104,14.77,0.4113,0.1017,2.28,Classification,True,WARNING
MON-000163,2025-11-21,08:00,CREDIT_SCORING_V2,v3.9,0.8772,0.8929,0.8669,0.8486,0.9301,2740,33.14,0.3872,0.1465,8.18,Classification,True,WARNING
MON-000164,2025-11-21,20:00,CREDIT_SCORING_V2,v3.5,0.8394,0.8452,0.8449,0.8355,0.9047,7650,27.71,0.2135,0.2153,0.05,Classification,False,OK
MON-000165,2025-11-22,08:00,CREDIT_SCORING_V2,v1.8,0.8373,0.8529,0.8417,0.8127,0.8843,10285,19.9,0.1351,0.1894,3.84,Classification,False,OK
MON-000166,2025-11-22,20:00,CREDIT_SCORING_V2,v3.2,0.8366,0.8409,0.8436,0.8292,0.8775,3155,14.52,0.3106,0.3265,1.72,Classification,True,WARNING
MON-000167,2025-11-23,08:00,CREDIT_SCORING_V2,v4.9,0.8096,0.8163,0.8326,0.7867,0.8601,512,30.86,0.1755,0.055,0.22,Classification,False,OK
MON-000168,2025-11-23,20:00,CREDIT_SCORING_V2,v3.5,0.8551,0.85,0.8494,0.8504,0.8977,8630,19.6,0.2844,0.3121,7.59,Classification,False,OK
MON-000169,2025-11-24,08:00,CREDIT_SCORING_V2,v1.0,0.858,0.8652,0.8558,0.8544,0.8969,1551,17.89,0.4296,0.1034,6.0,Classification,True,WARNING
MON-000170,2025-11-24,20:00,CREDIT_SCORING_V2,v3.3,0.8434,0.8628,0.8479,0.8321,0.886,4537,15.07,0.1799,0.2302,2.11,Classification,False,OK
MON-000171,2025-11-25,08:00,CREDIT_SCORING_V2,v3.2,0.8823,0.8906,0.8801,0.8585,0.9184,9309,11.09,0.3078,0.2009,6.66,Classification,True,WARNING
MON-000172,2025-11-25,20:00,CREDIT_SCORING_V2,v3.0,0.8411,0.8375,0.8136,0.8284,0.8782,5940,33.37,0.437,0.0122,0.06,Classification,True,WARNING
MON-000173,2025-11-26,08:00,CREDIT_SCORING_V2,v1.6,0.8649,0.8518,0.858,0.8405,0.9295,3315,13.01,0.1202,0.2867,1.87,Classification,False,OK
MON-000174,2025-11-26,20:00,CREDIT_SCORING_V2,v3.9,0.8058,0.8172,0.791,0.7785,0.8663,2871,10.13,0.1028,0.059,0.21,Classification,False,OK
MON-000175,2025-11-27,08:00,CREDIT_SCORING_V2,v2.7,0.8465,0.8471,0.867,0.8246,0.8962,1415,19.21,0.2183,0.0048,1.48,Classification,False,OK
MON-000176,2025-11-27,20:00,CREDIT_SCORING_V2,v2.5,0.8379,0.8389,0.8255,0.8206,0.877,3861,23.25,0.2033,0.1455,3.1,Classification,False,OK
MON-000177,2025-11-28,08:00,CREDIT_SCORING_V2,v3.3,0.8493,0.8295,0.8487,0.8261,0.8805,1026,42.82,0.2218,0.1492,0.77,Classification,False,OK
MON-000178,2025-11-28,20:00,CREDIT_SCORING_V2,v4.2,0.8148,0.7942,0.8155,0.7959,0.8619,6938,23.51,0.1683,0.1763,1.8,Classification,False,OK
MON-000179,2025-11-29,08:00,CREDIT_SCORING_V2,v4.3,0.8799,0.8808,0.8874,0.8569,0.9364,7572,7.31,0.1777,0.2855,7.07,Classification,False,OK
MON-000180,2025-11-29,20:00,CREDIT_SCORING_V2,v4.5,0.8505,0.8415,0.8544,0.8337,0.8993,2800,12.31,0.5192,0.3758,0.75,Classification,True,WARNING
MON-000181,2025-11-30,08:00,CREDIT_SCORING_V2,v2.7,0.8922,0.8943,0.8969,0.8721,0.9516,1483,43.05,0.3392,0.1674,0.52,Classification,True,WARNING
MON-000182,2025-11-30,20:00,CREDIT_SCORING_V2,v1.7,0.8629,0.8724,0.8497,0.8307,0.9086,520,19.85,0.4921,0.1141,2.56,Classification,True,WARNING
MON-000183,2025-12-01,08:00,CREDIT_SCORING_V2,v2.7,0.8525,0.8468,0.8483,0.835,0.8996,1314,11.79,0.1107,0.1007,1.68,Classification,False,OK
MON-000184,2025-12-01,20:00,CREDIT_SCORING_V2,v2.2,0.8475,0.8498,0.8267,0.8227,0.9028,1478,10.27,0.4717,0.0606,3.08,Classification,True,WARNING
MON-000185,2025-12-02,08:00,CREDIT_SCORING_V2,v2.9,0.8604,0.8592,0.8661,0.8343,0.897,3190,27.06,0.1188,0.2993,2.45,Classification,False,OK
MON-000186,2025-12-02,20:00,CREDIT_SCORING_V2,v4.2,0.8623,0.8918,0.8507,0.8361,0.9143,1229,12.69,0.1374,0.0752,3.28,Classification,False,OK
MON-000187,2025-12-03,08:00,CREDIT_SCORING_V2,v3.0,0.8572,0.8519,0.8774,0.8418,0.9087,7247,19.11,0.1497,0.2423,1.03,Classification,False,OK
MON-000188,2025-12-03,20:00,CREDIT_SCORING_V2,v3.2,0.8923,0.8854,0.8627,0.8784,0.94,12419,16.54,0.358,0.2049,0.37,Classification,True,WARNING
MON-000189,2025-12-04,08:00,CREDIT_SCORING_V2,v2.6,0.8702,0.8657,0.8991,0.8541,0.9336,3365,48.48,0.0911,0.1591,0.34,Classification,False,OK
MON-000190,2025-12-04,20:00,CREDIT_SCORING_V2,v2.1,0.8344,0.846,0.8379,0.8248,0.8913,769,11.67,0.4303,0.3318,0.01,Classification,True,WARNING
MON-000191,2025-12-05,08:00,CREDIT_SCORING_V2,v2.1,0.8312,0.8262,0.8266,0.8145,0.8653,315,40.35,0.4329,0.0395,1.1,Classification,True,WARNING
MON-000192,2025-12-05,20:00,CREDIT_SCORING_V2,v4.3,0.8559,0.8633,0.8641,0.84,0.9021,3154,61.73,0.0782,0.1959,3.56,Classification,False,OK
MON-000193,2025-12-06,08:00,CREDIT_SCORING_V2,v4.6,0.8507,0.8511,0.8727,0.8253,0.8938,2002,11.89,0.2609,0.0356,2.48,Classification,False,OK
MON-000194,2025-12-06,20:00,CREDIT_SCORING_V2,v1.8,0.8526,0.8532,0.8808,0.8403,0.9014,1064,9.83,0.3365,0.185,0.19,Classification,True,WARNING
MON-000195,2025-12-07,08:00,CREDIT_SCORING_V2,v2.0,0.8145,0.8305,0.8145,0.7968,0.8546,2244,23.42,0.1916,0.143,0.85,Classification,False,OK
MON-000196,2025-12-07,20:00,CREDIT_SCORING_V2,v1.6,0.8648,0.8467,0.8349,0.8536,0.9042,34400,20.77,0.5455,0.239,4.71,Classification,True,WARNING
MON-000197,2025-12-08,08:00,CREDIT_SCORING_V2,v4.0,0.8395,0.8408,0.8382,0.8217,0.8878,18329,39.53,0.215,0.1279,0.61,Classification,False,OK
MON-000198,2025-12-08,20:00,CREDIT_SCORING_V2,v1.0,0.8914,0.8984,0.8835,0.8736,0.9423,17439,11.06,0.2569,0.2988,0.96,Classification,False,OK
MON-000199,2025-12-09,08:00,CREDIT_SCORING_V2,v1.2,0.8516,0.8555,0.8614,0.8268,0.8934,1904,22.47,0.442,0.1789,1.8,Classification,True,WARNING
MON-000200,2025-12-09,20:00,CREDIT_SCORING_V2,v2.1,0.8447,0.83,0.8385,0.8262,0.8853,2221,25.09,0.3542,0.1996,4.03,Classification,True,WARNING
MON-000201,2025-12-10,08:00,CREDIT_SCORING_V2,v3.2,0.8567,0.8453,0.8397,0.8595,0.8909,7943,21.29,0.1123,0.3359,2.57,Classification,False,OK
MON-000202,2025-12-10,20:00,CREDIT_SCORING_V2,v1.0,0.8337,0.8365,0.8259,0.7989,0.8869,3147,16.41,0.433,0.0603,0.19,Classification,True,WARNING
MON-000203,2025-12-11,08:00,CREDIT_SCORING_V2,v1.8,0.8804,0.857,0.9008,0.8583,0.9264,5376,19.62,0.0962,0.2414,0.86,Classification,False,OK
MON-000204,2025-12-11,20:00,CREDIT_SCORING_V2,v3.1,0.8943,0.889,0.8963,0.8841,0.9384,843,94.51,0.0031,0.453,4.32,Classification,False,OK
MON-000205,2025-12-12,08:00,CREDIT_SCORING_V2,v2.2,0.8614,0.8491,0.8762,0.8372,0.9198,4620,8.6,0.1513,0.2223,0.05,Classification,False,OK
MON-000206,2025-12-12,20:00,CREDIT_SCORING_V2,v4.9,0.8601,0.8621,0.8539,0.844,0.8846,666,62.9,0.227,0.1005,0.92,Classification,False,OK
MON-000207,2025-12-13,08:00,CREDIT_SCORING_V2,v4.2,0.835,0.8335,0.8527,0.8174,0.8903,282,15.69,0.1314,0.1534,0.64,Classification,False,OK
MON-000208,2025-12-13,20:00,CREDIT_SCORING_V2,v3.5,0.8466,0.8504,0.8336,0.838,0.9108,2029,11.34,0.0369,0.2611,1.16,Classification,False,OK
MON-000209,2025-12-14,08:00,CREDIT_SCORING_V2,v4.2,0.8576,0.849,0.8463,0.8381,0.8867,7722,11.73,0.4595,0.3484,0.61,Classification,True,WARNING
MON-000210,2025-12-14,20:00,CREDIT_SCORING_V2,v2.0,0.8238,0.8264,0.8443,0.7912,0.8542,4345,18.75,0.1494,0.1002,1.95,Classification,False,OK
MON-000211,2025-12-15,08:00,CREDIT_SCORING_V2,v3.8,0.8783,0.8783,0.8981,0.8773,0.9138,2493,21.48,0.0925,0.3788,8.37,Classification,False,OK
MON-000212,2025-12-15,20:00,CREDIT_SCORING_V2,v1.0,0.816,0.8074,0.7874,0.7984,0.854,361,20.89,0.1713,0.0319,2.05,Classification,False,OK
MON-000213,2025-12-16,08:00,CREDIT_SCORING_V2,v1.1,0.8053,0.8163,0.8202,0.7908,0.8653,591,16.51,0.1665,0.464,0.1,Classification,False,OK
MON-000214,2025-12-16,20:00,CREDIT_SCORING_V2,v3.1,0.8815,0.8885,0.8614,0.8595,0.9288,2241,45.08,0.5235,0.038,0.2,Classification,True,WARNING
MON-000215,2025-12-17,08:00,CREDIT_SCORING_V2,v4.2,0.8622,0.8558,0.8782,0.8466,0.9325,2109,11.38,0.2949,0.0982,2.6,Classification,False,OK
MON-000216,2025-12-17,20:00,CREDIT_SCORING_V2,v1.3,0.8278,0.8199,0.8433,0.8208,0.874,2815,16.74,0.224,0.2748,2.7,Classification,False,OK
MON-000217,2025-12-18,08:00,CREDIT_SCORING_V2,v1.3,0.8497,0.859,0.8734,0.8313,0.8968,18018,19.79,0.0552,0.0768,0.18,Classification,False,OK
MON-000218,2025-12-18,20:00,CREDIT_SCORING_V2,v4.6,0.8513,0.8352,0.8769,0.8267,0.9146,3435,19.64,0.4609,0.2873,3.25,Classification,True,WARNING
MON-000219,2025-12-19,08:00,CREDIT_SCORING_V2,v2.5,0.8487,0.8357,0.8522,0.8189,0.8731,11410,11.53,0.5585,0.2026,1.76,Classification,True,WARNING
MON-000220,2025-12-19,20:00,CREDIT_SCORING_V2,v3.3,0.8259,0.8307,0.8222,0.8209,0.877,1449,21.09,0.2466,0.2946,1.63,Classification,False,OK
MON-000221,2025-12-20,08:00,CREDIT_SCORING_V2,v4.1,0.8529,0.871,0.8526,0.8315,0.9083,316,24.43,0.589,0.2887,0.52,Classification,True,WARNING
MON-000222,2025-12-20,20:00,CREDIT_SCORING_V2,v4.2,0.8698,0.8638,0.8679,0.8578,0.931,8731,24.65,0.247,0.1546,0.76,Classification,False,OK
MON-000223,2025-12-21,08:00,CREDIT_SCORING_V2,v1.3,0.812,0.8071,0.8081,0.8025,0.8709,11244,24.95,0.408,0.1903,0.03,Classification,True,WARNING
MON-000224,2025-12-21,20:00,CREDIT_SCORING_V2,v1.4,0.7556,0.7534,0.7528,0.7382,0.8082,12880,13.88,0.3285,0.5153,6.24,Classification,True,WARNING
MON-000225,2025-12-22,08:00,CREDIT_SCORING_V2,v3.1,0.8233,0.8186,0.8402,0.8061,0.8862,1160,11.52,0.2482,0.3761,0.9,Classification,False,OK
MON-000226,2025-12-22,20:00,CREDIT_SCORING_V2,v3.1,0.8312,0.8269,0.8118,0.8147,0.8949,1662,12.79,0.1113,0.1919,2.75,Classification,False,OK
MON-000227,2025-12-23,08:00,CREDIT_SCORING_V2,v3.1,0.854,0.8479,0.8702,0.8449,0.9105,1709,13.47,0.4628,0.2016,1.34,Classification,True,WARNING
MON-000228,2025-12-23,20:00,CREDIT_SCORING_V2,v1.9,0.8205,0.8224,0.8204,0.7961,0.8604,4955,6.23,0.0768,0.1568,6.36,Classification,False,OK
MON-000229,2025-12-24,08:00,CREDIT_SCORING_V2,v2.2,0.8812,0.8881,0.8591,0.8615,0.9327,1157,18.06,0.101,0.0883,3.93,Classification,False,OK
MON-000230,2025-12-24,20:00,CREDIT_SCORING_V2,v4.8,0.8478,0.8494,0.8567,0.8337,0.906,4137,18.76,0.3431,0.2,1.71,Classification,True,WARNING
MON-000231,2025-12-25,08:00,CREDIT_SCORING_V2,v3.9,0.8387,0.837,0.8154,0.825,0.8859,7451,12.02,0.2257,0.4131,1.8,Classification,False,OK
MON-000232,2025-12-25,20:00,CREDIT_SCORING_V2,v2.6,0.8085,0.8024,0.8098,0.7984,0.8655,6052,25.71,0.1418,0.0534,0.22,Classification,False,OK
MON-000233,2025-12-26,08:00,CREDIT_SCORING_V2,v2.4,0.8492,0.8375,0.881,0.8192,0.8985,1094,17.8,0.2051,0.1999,13.17,Classification,False,OK
MON-000234,2025-12-26,20:00,CREDIT_SCORING_V2,v3.5,0.8475,0.8345,0.8407,0.8273,0.8918,7807,25.43,0.3327,0.134,3.39,Classification,True,WARNING
MON-000235,2025-12-27,08:00,CREDIT_SCORING_V2,v1.4,0.8198,0.8049,0.8142,0.8075,0.8713,3196,15.24,0.0225,0.0493,1.28,Classification,False,OK
MON-000236,2025-12-27,20:00,CREDIT_SCORING_V2,v4.5,0.8265,0.8328,0.8383,0.7972,0.8628,1675,15.29,0.1289,0.04,9.26,Classification,False,OK
MON-000237,2025-12-28,08:00,CREDIT_SCORING_V2,v3.1,0.8807,0.8749,0.8903,0.8803,0.9333,8324,30.1,0.3803,0.0228,1.91,Classification,True,WARNING
MON-000238,2025-12-28,20:00,CREDIT_SCORING_V2,v1.2,0.8385,0.8425,0.848,0.8066,0.8813,3185,9.4,0.4223,0.0472,0.44,Classification,True,WARNING
MON-000239,2025-12-29,08:00,CREDIT_SCORING_V2,v2.5,0.8472,0.84,0.8403,0.8191,0.9029,12268,19.97,0.0837,0.2259,2.17,Classification,False,OK
MON-000240,2025-12-29,20:00,CREDIT_SCORING_V2,v2.6,0.8573,0.8566,0.8644,0.8332,0.896,8572,24.77,0.122,0.3621,4.8,Classification,False,OK
MON-000241,2025-12-30,08:00,CREDIT_SCORING_V2,v4.7,0.8432,0.8398,0.8346,0.8182,0.9123,5936,35.08,0.4861,0.0612,0.92,Classification,True,WARNING
MON-000242,2025-12-30,20:00,CREDIT_SCORING_V2,v1.1,0.8733,0.889,0.8803,0.8607,0.9131,2864,23.62,0.2279,0.3935,2.59,Classification,False,OK
MON-000243,2025-12-31,08:00,CREDIT_SCORING_V2,v4.4,0.8316,0.8268,0.8296,0.8158,0.8901,716,12.09,0.398,0.3305,2.32,Classification,True,WARNING
MON-000244,2025-12-31,20:00,CREDIT_SCORING_V2,v2.1,0.8377,0.8461,0.8491,0.8122,0.8862,679,15.44,0.0517,0.11,4.2,Classification,False,OK
MON-000245,2026-01-01,08:00,CREDIT_SCORING_V2,v3.2,0.838,0.824,0.8515,0.8415,0.8932,39491,8.04,0.2955,0.261,2.02,Classification,False,OK
MON-000246,2026-01-01,20:00,CREDIT_SCORING_V2,v2.6,0.8303,0.8438,0.8368,0.821,0.8876,5081,14.36,0.0719,0.2221,2.47,Classification,False,OK
MON-000247,2026-01-02,08:00,CREDIT_SCORING_V2,v3.5,0.8286,0.8369,0.8171,0.8146,0.8766,11194,34.37,0.235,0.351,1.71,Classification,False,OK
MON-000248,2026-01-02,20:00,CREDIT_SCORING_V2,v4.6,0.8467,0.8409,0.8241,0.8368,0.8951,3482,38.77,0.1174,0.1488,0.0,Classification,False,OK
MON-000249,2026-01-03,08:00,CREDIT_SCORING_V2,v4.6,0.8731,0.8671,0.8561,0.8596,0.9212,2687,17.52,0.4143,0.1546,1.1,Classification,True,WARNING
MON-000250,2026-01-03,20:00,CREDIT_SCORING_V2,v3.2,0.8225,0.8345,0.8079,0.808,0.8529,3274,49.61,0.0653,0.1145,3.47,Classification,False,OK
MON-000251,2026-01-04,08:00,CREDIT_SCORING_V2,v2.6,0.8423,0.8516,0.8872,0.8304,0.9007,3739,14.61,0.2112,0.5828,0.48,Classification,False,OK
MON-000252,2026-01-04,20:00,CREDIT_SCORING_V2,v4.8,0.8613,0.859,0.8712,0.8437,0.9118,3118,22.1,0.6472,0.116,1.83,Classification,True,WARNING
MON-000253,2026-01-05,08:00,CREDIT_SCORING_V2,v4.8,0.8856,0.8771,0.889,0.8745,0.9322,15259,7.07,0.0206,0.1122,0.61,Classification,False,OK
MON-000254,2026-01-05,20:00,CREDIT_SCORING_V2,v4.8,0.8648,0.8756,0.8565,0.8483,0.9135,7078,19.28,0.4591,0.2274,0.27,Classification,True,WARNING
MON-000255,2026-01-06,08:00,CREDIT_SCORING_V2,v2.6,0.8419,0.8372,0.856,0.8224,0.8875,4430,20.75,0.1298,0.41,2.56,Classification,False,OK
MON-000256,2026-01-06,20:00,CREDIT_SCORING_V2,v1.9,0.8348,0.8382,0.8319,0.8341,0.8644,7048,14.5,0.6622,0.0764,0.56,Classification,True,WARNING
MON-000257,2026-01-07,08:00,CREDIT_SCORING_V2,v4.8,0.8686,0.8629,0.8737,0.852,0.9142,7850,35.53,0.5543,0.2406,0.75,Classification,True,WARNING
MON-000258,2026-01-07,20:00,CREDIT_SCORING_V2,v2.1,0.8636,0.8614,0.8726,0.8439,0.9136,4248,8.33,0.2719,0.107,0.87,Classification,False,OK
MON-000259,2026-01-08,08:00,CREDIT_SCORING_V2,v2.5,0.8463,0.8653,0.8525,0.8209,0.8882,5491,8.21,0.109,0.3234,2.93,Classification,False,OK
MON-000260,2026-01-08,20:00,CREDIT_SCORING_V2,v1.3,0.8418,0.841,0.8428,0.8152,0.8923,6280,21.17,0.3476,0.1936,0.85,Classification,True,WARNING
MON-000261,2026-01-09,08:00,CREDIT_SCORING_V2,v1.5,0.8863,0.9007,0.8711,0.869,0.9448,5999,6.62,0.0478,0.0801,2.16,Classification,False,OK
MON-000262,2026-01-09,20:00,CREDIT_SCORING_V2,v4.2,0.8832,0.868,0.8841,0.862,0.9272,2942,28.96,0.4471,0.1424,0.53,Classification,True,WARNING
MON-000263,2026-01-10,08:00,CREDIT_SCORING_V2,v1.0,0.8537,0.8364,0.87,0.8294,0.8894,6738,18.14,0.1802,0.0891,1.6,Classification,False,OK
MON-000264,2026-01-10,20:00,CREDIT_SCORING_V2,v3.5,0.85,0.8558,0.8613,0.8457,0.9005,1034,28.38,0.4113,0.1553,0.32,Classification,True,WARNING
MON-000265,2026-01-11,08:00,CREDIT_SCORING_V2,v2.4,0.8229,0.8152,0.8277,0.8166,0.8772,3493,20.88,0.4727,0.4987,0.19,Classification,True,WARNING
MON-000266,2026-01-11,20:00,CREDIT_SCORING_V2,v4.2,0.8468,0.8465,0.859,0.8201,0.9139,3003,23.5,0.2555,0.2179,0.13,Classification,False,OK
MON-000267,2026-01-12,08:00,CREDIT_SCORING_V2,v4.3,0.87,0.8488,0.852,0.8492,0.9152,6329,19.17,0.3475,0.2516,0.35,Classification,True,WARNING
MON-000268,2026-01-12,20:00,CREDIT_SCORING_V2,v2.3,0.8072,0.7869,0.8048,0.7751,0.8575,1498,36.57,0.2047,0.1011,3.67,Classification,False,OK
MON-000269,2026-01-13,08:00,CREDIT_SCORING_V2,v1.2,0.8579,0.858,0.8572,0.8359,0.92,1743,34.26,0.2811,0.1889,2.21,Classification,False,OK
MON-000270,2026-01-13,20:00,CREDIT_SCORING_V2,v1.2,0.8596,0.8547,0.8435,0.8357,0.901,1301,24.33,0.5213,0.1562,8.7,Classification,True,WARNING
MON-000271,2026-01-14,08:00,CREDIT_SCORING_V2,v4.0,0.8596,0.8562,0.8673,0.8408,0.9152,5694,23.28,0.2419,0.1898,0.78,Classification,False,OK
MON-000272,2026-01-14,20:00,CREDIT_SCORING_V2,v4.5,0.8327,0.8494,0.8429,0.8074,0.8879,544,28.54,0.3026,0.0524,2.25,Classification,True,WARNING
MON-000273,2026-01-15,08:00,CREDIT_SCORING_V2,v1.1,0.8393,0.8441,0.8418,0.8051,0.8955,1197,18.7,0.5812,0.0931,2.76,Classification,True,WARNING
MON-000274,2026-01-15,20:00,CREDIT_SCORING_V2,v1.7,0.8333,0.8548,0.8363,0.8113,0.8775,400,23.93,0.3027,0.4138,0.02,Classification,True,WARNING
MON-000275,2026-01-16,08:00,CREDIT_SCORING_V2,v2.0,0.8855,0.8863,0.8766,0.8801,0.9263,1500,14.28,0.3261,0.1897,6.93,Classification,True,WARNING
MON-000276,2026-01-16,20:00,CREDIT_SCORING_V2,v2.5,0.8769,0.8918,0.8681,0.8531,0.9243,3083,10.45,0.1268,0.5665,1.99,Classification,False,OK
MON-000277,2026-01-17,08:00,CREDIT_SCORING_V2,v2.1,0.8531,0.863,0.8327,0.8551,0.903,9946,19.05,0.2674,0.0858,0.84,Classification,False,OK
MON-000278,2026-01-17,20:00,CREDIT_SCORING_V2,v2.1,0.8463,0.8413,0.8436,0.8212,0.8829,11326,33.26,0.1502,0.1503,0.51,Classification,False,OK
MON-000279,2026-01-18,08:00,CREDIT_SCORING_V2,v1.9,0.8455,0.8438,0.8365,0.8294,0.9007,738,28.36,0.1682,0.3251,1.98,Classification,False,OK
MON-000280,2026-01-18,20:00,CREDIT_SCORING_V2,v4.2,0.8394,0.8358,0.8273,0.8258,0.8978,2041,11.7,0.5682,0.3612,4.17,Classification,True,WARNING
MON-000281,2026-01-19,08:00,CREDIT_SCORING_V2,v2.7,0.808,0.8188,0.8089,0.7817,0.8455,4548,14.15,0.0642,0.1369,0.39,Classification,False,OK
MON-000282,2026-01-19,20:00,CREDIT_SCORING_V2,v2.8,0.8464,0.8492,0.8408,0.8133,0.9054,2154,16.5,0.5192,0.038,2.4,Classification,True,WARNING
MON-000283,2026-01-20,08:00,CREDIT_SCORING_V2,v3.7,0.8861,0.8769,0.865,0.8791,0.9245,1300,9.93,0.4121,0.1141,0.66,Classification,True,WARNING
MON-000284,2026-01-20,20:00,CREDIT_SCORING_V2,v4.5,0.8514,0.8386,0.8431,0.8451,0.8942,515,13.82,0.4324,0.2188,2.76,Classification,True,WARNING
MON-000285,2026-01-21,08:00,CREDIT_SCORING_V2,v4.0,0.8332,0.8207,0.8312,0.8302,0.8835,981,10.68,0.221,0.0515,1.97,Classification,False,OK
MON-000286,2026-01-21,20:00,CREDIT_SCORING_V2,v3.1,0.8507,0.8418,0.8343,0.8257,0.9017,10706,16.86,0.3187,0.2104,0.46,Classification,True,WARNING
MON-000287,2026-01-22,08:00,CREDIT_SCORING_V2,v2.0,0.8411,0.8316,0.8464,0.8279,0.9047,9267,15.71,0.7591,0.2088,1.0,Classification,True,WARNING
MON-000288,2026-01-22,20:00,CREDIT_SCORING_V2,v1.9,0.8256,0.8135,0.8267,0.8095,0.8819,44138,30.4,0.0032,0.0766,0.32,Classification,False,OK
MON-000289,2026-01-23,08:00,CREDIT_SCORING_V2,v2.8,0.8231,0.8343,0.81,0.8057,0.8759,7270,23.02,0.3198,0.1998,1.24,Classification,True,WARNING
MON-000290,2026-01-23,20:00,CREDIT_SCORING_V2,v2.0,0.8462,0.8309,0.8579,0.8255,0.8895,1119,34.34,0.09,0.0669,2.8,Classification,False,OK
MON-000291,2026-01-24,08:00,CREDIT_SCORING_V2,v4.6,0.8162,0.8203,0.8371,0.8075,0.8612,4770,6.91,0.2391,0.0524,2.72,Classification,False,OK
MON-000292,2026-01-24,20:00,CREDIT_SCORING_V2,v4.8,0.8458,0.8686,0.8447,0.8546,0.8862,5188,11.67,0.4169,0.1367,2.67,Classification,True,WARNING
MON-000293,2026-01-25,08:00,CREDIT_SCORING_V2,v3.9,0.8437,0.8446,0.8406,0.8296,0.8889,5772,23.88,0.1825,0.1239,3.55,Classification,False,OK
MON-000294,2026-01-25,20:00,CREDIT_SCORING_V2,v3.3,0.8598,0.8607,0.855,0.8444,0.9271,2540,23.03,0.3673,0.2003,4.34,Classification,True,WARNING
MON-000295,2026-01-26,08:00,CREDIT_SCORING_V2,v4.2,0.8422,0.8445,0.8343,0.8189,0.8911,2245,17.03,0.3446,0.1676,1.17,Classification,True,WARNING
MON-000296,2026-01-26,20:00,CREDIT_SCORING_V2,v3.1,0.8243,0.8096,0.8103,0.8145,0.8762,4840,32.53,0.3014,0.0994,1.7,Classification,True,WARNING
MON-000297,2026-01-27,08:00,CREDIT_SCORING_V2,v4.2,0.8485,0.8528,0.8502,0.8074,0.8941,1278,19.6,0.4411,0.2462,0.53,Classification,True,WARNING
MON-000298,2026-01-27,20:00,CREDIT_SCORING_V2,v2.6,0.8662,0.8696,0.8548,0.8457,0.9069,8929,62.89,0.3438,0.1257,0.86,Classification,True,WARNING
MON-000299,2026-01-28,08:00,CREDIT_SCORING_V2,v1.3,0.8348,0.8344,0.7958,0.8216,0.8862,1015,21.13,0.6665,0.1531,1.17,Classification,True,WARNING
MON-000300,2026-01-28,20:00,CREDIT_SCORING_V2,v4.2,0.747,0.7301,0.7775,0.7345,0.7985,914,14.67,0.4245,0.1928,2.31,Classification,True,CRITICAL
MON-000301,2026-01-29,08:00,CREDIT_SCORING_V2,v1.7,0.8476,0.8665,0.8731,0.8297,0.9092,2001,43.99,0.399,0.1312,1.75,Classification,True,WARNING
MON-000302,2026-01-29,20:00,CREDIT_SCORING_V2,v4.5,0.8381,0.8405,0.8398,0.8033,0.8832,5188,20.29,0.2245,0.3308,0.13,Classification,False,OK
MON-000303,2026-01-30,08:00,CREDIT_SCORING_V2,v4.6,0.8328,0.8205,0.8133,0.8308,0.8784,8214,27.32,0.2656,0.3142,5.03,Classification,False,OK
MON-000304,2026-01-30,20:00,CREDIT_SCORING_V2,v2.0,0.8492,0.8391,0.8837,0.8344,0.8914,4712,12.43,0.3067,0.2073,0.82,Classification,True,WARNING
MON-000305,2026-01-31,08:00,CREDIT_SCORING_V2,v3.6,0.8434,0.8356,0.8512,0.8263,0.8956,1619,24.03,0.4815,0.0415,0.73,Classification,True,WARNING
MON-000306,2026-01-31,20:00,CREDIT_SCORING_V2,v2.4,0.8195,0.8354,0.814,0.8155,0.8802,2548,19.58,0.2985,0.1029,3.45,Classification,False,OK
MON-000307,2026-02-01,08:00,CREDIT_SCORING_V2,v1.1,0.8771,0.8758,0.8997,0.8714,0.9374,1907,28.12,0.0832,0.109,1.11,Classification,False,OK
MON-000308,2026-02-01,20:00,CREDIT_SCORING_V2,v1.5,0.8385,0.8372,0.8235,0.8196,0.9056,8616,16.87,0.2906,0.1879,0.15,Classification,False,OK
MON-000309,2026-02-02,08:00,CREDIT_SCORING_V2,v3.0,0.8769,0.8716,0.8457,0.8568,0.9142,3675,8.75,0.4068,0.1049,4.49,Classification,True,WARNING
MON-000310,2026-02-02,20:00,CREDIT_SCORING_V2,v2.4,0.8233,0.8336,0.8135,0.8115,0.8767,11989,28.64,0.4148,0.2009,2.99,Classification,True,WARNING
MON-000311,2026-02-03,08:00,CREDIT_SCORING_V2,v2.8,0.8644,0.8752,0.8752,0.8592,0.9189,6432,19.96,0.2865,0.2801,5.61,Classification,False,OK
MON-000312,2026-02-03,20:00,CREDIT_SCORING_V2,v1.1,0.8723,0.8571,0.9064,0.8645,0.9075,2273,14.4,0.2242,0.3728,0.38,Classification,False,OK
MON-000313,2026-02-04,08:00,CREDIT_SCORING_V2,v2.9,0.8706,0.8696,0.8599,0.8437,0.9302,2621,21.5,0.3237,0.0981,0.35,Classification,True,WARNING
MON-000314,2026-02-04,20:00,CREDIT_SCORING_V2,v1.4,0.8531,0.851,0.8356,0.8254,0.8802,3235,21.81,0.3282,0.1065,0.54,Classification,True,WARNING
MON-000315,2026-02-05,08:00,CREDIT_SCORING_V2,v2.8,0.865,0.8555,0.8655,0.8393,0.9126,2811,24.97,0.1911,0.2735,8.04,Classification,False,OK
MON-000316,2026-02-05,20:00,CREDIT_SCORING_V2,v2.0,0.8544,0.8486,0.8543,0.8427,0.8879,6395,24.61,0.3843,0.5015,2.96,Classification,True,WARNING
MON-000317,2026-02-06,08:00,CREDIT_SCORING_V2,v2.4,0.8245,0.8215,0.8527,0.8042,0.9046,4550,40.41,0.0872,0.4811,1.64,Classification,False,OK
MON-000318,2026-02-06,20:00,CREDIT_SCORING_V2,v1.9,0.8533,0.8432,0.8571,0.8411,0.9022,1724,17.16,0.3362,0.1465,1.02,Classification,True,WARNING
MON-000319,2026-02-07,08:00,CREDIT_SCORING_V2,v1.9,0.8232,0.8261,0.8549,0.794,0.8827,23069,33.32,0.0279,0.1028,7.28,Classification,False,OK
MON-000320,2026-02-07,20:00,CREDIT_SCORING_V2,v4.0,0.8205,0.8232,0.8411,0.796,0.8708,3672,16.56,0.3128,0.0706,0.89,Classification,True,WARNING
MON-000321,2026-02-08,08:00,CREDIT_SCORING_V2,v1.5,0.8506,0.8558,0.8644,0.8384,0.8935,1133,9.32,0.5534,0.1115,0.2,Classification,True,WARNING
MON-000322,2026-02-08,20:00,CREDIT_SCORING_V2,v1.4,0.8332,0.8285,0.8112,0.8013,0.8942,5538,38.06,0.3371,0.2563,0.72,Classification,True,WARNING
MON-000323,2026-02-09,08:00,CREDIT_SCORING_V2,v1.5,0.8768,0.8553,0.8708,0.8767,0.9264,1037,13.17,0.185,0.2105,2.48,Classification,False,OK
MON-000324,2026-02-09,20:00,CREDIT_SCORING_V2,v3.6,0.8786,0.8715,0.8825,0.872,0.9168,4087,30.06,0.2,0.1107,0.53,Classification,False,OK
MON-000325,2026-02-10,08:00,CREDIT_SCORING_V2,v2.5,0.8997,0.8892,0.8604,0.8953,0.9434,2821,20.9,0.7031,0.302,1.27,Classification,True,WARNING
MON-000326,2026-02-10,20:00,CREDIT_SCORING_V2,v4.5,0.8176,0.8159,0.8076,0.8088,0.8576,3176,22.46,0.5371,0.0925,4.25,Classification,True,WARNING
MON-000327,2026-02-11,08:00,CREDIT_SCORING_V2,v2.1,0.8223,0.828,0.8175,0.7875,0.8714,1284,35.17,0.2529,0.1428,0.26,Classification,False,OK
MON-000328,2026-02-11,20:00,CREDIT_SCORING_V2,v3.6,0.8623,0.8812,0.8505,0.856,0.9095,2643,6.75,0.3763,0.0453,2.52,Classification,True,WARNING
MON-000329,2026-02-12,08:00,CREDIT_SCORING_V2,v1.8,0.8386,0.8295,0.8703,0.8289,0.8865,2688,30.21,0.3504,0.2716,1.51,Classification,True,WARNING
MON-000330,2026-02-12,20:00,CREDIT_SCORING_V2,v2.0,0.8304,0.8317,0.8378,0.8105,0.8852,2948,27.83,0.3184,0.1578,7.32,Classification,True,WARNING
MON-000331,2026-02-13,08:00,CREDIT_SCORING_V2,v4.7,0.8372,0.8389,0.8341,0.816,0.914,19002,12.82,0.5289,0.1375,0.01,Classification,True,WARNING
MON-000332,2026-02-13,20:00,CREDIT_SCORING_V2,v1.4,0.8434,0.8578,0.8158,0.8342,0.8941,1707,20.18,0.0297,0.0645,0.31,Classification,False,OK
MON-000333,2026-02-14,08:00,CREDIT_SCORING_V2,v2.2,0.8581,0.8603,0.8501,0.8254,0.8999,3710,31.08,0.393,0.0628,1.68,Classification,True,WARNING
MON-000334,2026-02-14,20:00,CREDIT_SCORING_V2,v4.1,0.8085,0.8049,0.8325,0.8014,0.8812,803,11.77,0.0831,0.1271,0.53,Classification,False,OK
MON-000335,2026-02-15,08:00,CREDIT_SCORING_V2,v1.3,0.8529,0.8525,0.8438,0.8296,0.9177,376,18.23,0.1318,0.0431,0.17,Classification,False,OK
MON-000336,2026-02-15,20:00,CREDIT_SCORING_V2,v2.2,0.8409,0.8444,0.835,0.8257,0.8964,2161,34.75,0.3158,0.1522,0.34,Classification,True,WARNING
MON-000337,2026-02-16,08:00,CREDIT_SCORING_V2,v2.8,0.8289,0.8363,0.8094,0.8143,0.8803,12301,9.92,0.2356,0.0685,1.75,Classification,False,OK
MON-000338,2026-02-16,20:00,CREDIT_SCORING_V2,v3.7,0.8725,0.8895,0.875,0.8418,0.9265,846,22.93,0.233,0.1792,2.1,Classification,False,OK
MON-000339,2026-02-17,08:00,CREDIT_SCORING_V2,v2.5,0.8361,0.8521,0.8409,0.8036,0.8627,6123,23.06,0.2815,0.1291,4.31,Classification,False,OK
MON-000340,2026-02-17,20:00,CREDIT_SCORING_V2,v3.5,0.8378,0.8302,0.8406,0.8235,0.8719,9758,22.28,0.5024,0.2757,0.3,Classification,True,WARNING
MON-000341,2026-02-18,08:00,CREDIT_SCORING_V2,v4.0,0.8391,0.8241,0.8214,0.8218,0.8978,12462,10.79,0.5064,0.1935,5.22,Classification,True,WARNING
MON-000342,2026-02-18,20:00,CREDIT_SCORING_V2,v4.3,0.8759,0.8634,0.8836,0.8611,0.9403,5814,19.56,0.442,0.0312,0.47,Classification,True,WARNING
MON-000343,2026-02-19,08:00,CREDIT_SCORING_V2,v2.9,0.8468,0.8492,0.8407,0.8199,0.8788,1341,20.21,0.1361,0.0736,0.11,Classification,False,OK
MON-000344,2026-02-19,20:00,CREDIT_SCORING_V2,v1.2,0.8433,0.8545,0.8468,0.835,0.8845,881,18.42,0.3031,0.4047,4.6,Classification,True,WARNING
MON-000345,2026-02-20,08:00,CREDIT_SCORING_V2,v4.1,0.8623,0.8599,0.8742,0.8569,0.9057,452,29.99,0.25,0.1856,1.08,Classification,False,OK
MON-000346,2026-02-20,20:00,CREDIT_SCORING_V2,v1.2,0.7999,0.7904,0.8062,0.7812,0.8406,19308,20.04,0.1878,0.1604,0.76,Classification,True,WARNING
MON-000347,2026-02-21,08:00,CREDIT_SCORING_V2,v3.8,0.8487,0.834,0.8585,0.8204,0.9017,7101,22.37,0.312,0.0701,1.25,Classification,True,WARNING
MON-000348,2026-02-21,20:00,CREDIT_SCORING_V2,v1.7,0.8489,0.8648,0.8593,0.8264,0.9064,5659,10.05,0.5419,0.1197,1.46,Classification,True,WARNING
MON-000349,2026-02-22,08:00,CREDIT_SCORING_V2,v1.7,0.8611,0.8563,0.8742,0.8467,0.9009,275,12.76,0.5274,0.1013,0.28,Classification,True,WARNING
MON-000350,2026-02-22,20:00,CREDIT_SCORING_V2,v3.2,0.8504,0.835,0.865,0.8378,0.8862,5591,14.42,0.2993,0.0439,4.48,Classification,False,OK
MON-000351,2026-02-23,08:00,CREDIT_SCORING_V2,v3.2,0.8219,0.8217,0.8399,0.8246,0.8602,3641,15.03,0.3247,0.0716,0.72,Classification,True,WARNING
MON-000352,2026-02-23,20:00,CREDIT_SCORING_V2,v1.4,0.8113,0.8114,0.8179,0.8032,0.8568,4146,20.27,0.5648,0.1695,0.63,Classification,True,WARNING
MON-000353,2026-02-24,08:00,CREDIT_SCORING_V2,v3.5,0.8573,0.8661,0.8699,0.8376,0.9231,1961,12.89,0.3268,0.3176,1.16,Classification,True,WARNING
MON-000354,2026-02-24,20:00,CREDIT_SCORING_V2,v1.1,0.8347,0.8227,0.8372,0.8232,0.8853,3511,10.84,0.0626,0.1515,1.01,Classification,False,OK
MON-000355,2026-02-25,08:00,CREDIT_SCORING_V2,v2.7,0.8379,0.8495,0.8482,0.8244,0.9072,1045,21.18,0.4688,0.0815,3.42,Classification,True,WARNING
MON-000356,2026-02-25,20:00,CREDIT_SCORING_V2,v3.7,0.8273,0.8405,0.8204,0.8112,0.8852,3219,19.46,0.1825,0.117,0.85,Classification,False,OK
MON-000357,2026-02-26,08:00,CREDIT_SCORING_V2,v3.7,0.8447,0.8456,0.8183,0.8441,0.8885,833,23.3,0.269,0.2435,0.63,Classification,False,OK
MON-000358,2026-02-26,20:00,CREDIT_SCORING_V2,v2.1,0.843,0.849,0.8647,0.82,0.8943,8273,58.74,0.2013,0.1556,2.1,Classification,False,OK
MON-000359,2026-02-27,08:00,CREDIT_SCORING_V2,v4.0,0.82,0.8281,0.8229,0.8095,0.8647,6950,10.65,0.327,0.2161,10.09,Classification,True,WARNING
MON-000360,2026-02-27,20:00,CREDIT_SCORING_V2,v3.4,0.8598,0.8538,0.8623,0.8483,0.8989,6160,20.42,0.1344,0.1063,2.15,Classification,False,OK
MON-000361,2026-02-28,08:00,CREDIT_SCORING_V2,v4.6,0.6814,0.6675,0.6949,0.6856,0.7283,659,19.61,0.5252,0.2221,2.1,Classification,True,CRITICAL
MON-000362,2026-02-28,20:00,CREDIT_SCORING_V2,v2.7,0.8729,0.867,0.8629,0.8352,0.9308,3259,21.15,0.2099,0.1086,10.48,Classification,False,OK
MON-000363,2026-03-01,08:00,CREDIT_SCORING_V2,v3.8,0.8486,0.831,0.847,0.8435,0.8928,6146,57.73,0.4689,0.0582,1.18,Classification,True,WARNING
MON-000364,2026-03-01,20:00,CREDIT_SCORING_V2,v3.5,0.8426,0.8473,0.8338,0.8149,0.8902,6398,5.46,0.6337,0.1268,1.24,Classification,True,WARNING
MON-000365,2026-03-02,08:00,CREDIT_SCORING_V2,v1.6,0.8141,0.8301,0.8113,0.7829,0.8582,17576,16.49,0.304,0.1454,1.89,Classification,True,WARNING
MON-000366,2026-03-02,20:00,CREDIT_SCORING_V2,v4.4,0.8551,0.8465,0.8492,0.8287,0.9186,1137,20.0,0.1963,0.0488,0.24,Classification,False,OK
MON-000367,2026-03-03,08:00,CREDIT_SCORING_V2,v1.9,0.8435,0.8389,0.8352,0.8121,0.8917,2198,25.99,0.4893,0.1362,0.67,Classification,True,WARNING
MON-000368,2026-03-03,20:00,CREDIT_SCORING_V2,v1.3,0.8477,0.8452,0.8535,0.8424,0.8945,4598,28.45,0.0225,0.2184,0.13,Classification,False,OK
MON-000369,2026-03-04,08:00,CREDIT_SCORING_V2,v1.2,0.8706,0.8912,0.8427,0.869,0.9176,3528,8.45,0.5281,0.2374,4.71,Classification,True,WARNING
MON-000370,2026-03-04,20:00,CREDIT_SCORING_V2,v1.4,0.8616,0.8571,0.8814,0.8375,0.9149,7015,18.29,0.3322,0.0308,0.62,Classification,True,WARNING
MON-000371,2026-03-05,08:00,CREDIT_SCORING_V2,v4.2,0.8665,0.8777,0.8558,0.8471,0.9174,468,12.47,0.4252,0.2348,0.94,Classification,True,WARNING
MON-000372,2026-03-05,20:00,CREDIT_SCORING_V2,v4.1,0.796,0.7963,0.8033,0.7911,0.8556,2147,23.99,0.3066,0.1603,1.22,Classification,True,WARNING
MON-000373,2026-03-06,08:00,CREDIT_SCORING_V2,v2.6,0.84,0.8083,0.8481,0.8396,0.8862,2163,21.65,0.1038,0.0579,1.29,Classification,False,OK
MON-000374,2026-03-06,20:00,CREDIT_SCORING_V2,v4.1,0.8123,0.8073,0.8079,0.7976,0.8801,6521,14.95,0.2881,0.3067,1.89,Classification,False,OK
MON-000375,2026-03-07,08:00,CREDIT_SCORING_V2,v3.7,0.8536,0.8624,0.8601,0.8322,0.8964,9916,48.85,0.2739,0.1796,4.01,Classification,False,OK
MON-000376,2026-03-07,20:00,CREDIT_SCORING_V2,v4.8,0.8065,0.8015,0.7903,0.7765,0.8577,4123,17.31,0.1627,0.3783,0.12,Classification,False,OK
MON-000377,2026-03-08,08:00,CREDIT_SCORING_V2,v4.1,0.8652,0.8703,0.857,0.8361,0.9199,22025,17.02,0.1002,0.496,3.56,Classification,False,OK
MON-000378,2026-03-08,20:00,CREDIT_SCORING_V2,v1.2,0.8755,0.8928,0.8719,0.874,0.9253,2796,12.77,0.4306,0.1489,3.17,Classification,True,WARNING
MON-000379,2026-03-09,08:00,CREDIT_SCORING_V2,v1.6,0.8404,0.8456,0.8472,0.812,0.8906,1611,4.49,0.3215,0.1732,2.08,Classification,True,WARNING
MON-000380,2026-03-09,20:00,CREDIT_SCORING_V2,v4.3,0.8509,0.8446,0.8458,0.8377,0.8921,15193,20.68,0.1595,0.2216,1.1,Classification,False,OK
MON-000381,2026-03-10,08:00,CREDIT_SCORING_V2,v4.5,0.8751,0.8822,0.8727,0.8552,0.9318,2512,12.88,0.5775,0.1624,0.92,Classification,True,WARNING
MON-000382,2026-03-10,20:00,CREDIT_SCORING_V2,v1.5,0.8858,0.8907,0.8983,0.8647,0.9374,1417,22.04,0.1588,0.1306,1.01,Classification,False,OK
MON-000383,2026-03-11,08:00,CREDIT_SCORING_V2,v3.9,0.8778,0.8875,0.8837,0.845,0.928,8215,88.49,0.0398,0.2026,3.08,Classification,False,OK
MON-000384,2026-03-11,20:00,CREDIT_SCORING_V2,v4.3,0.8548,0.8539,0.8899,0.8355,0.8858,1452,22.22,0.3023,0.0705,2.83,Classification,True,WARNING
MON-000385,2026-03-12,08:00,CREDIT_SCORING_V2,v4.1,0.8763,0.8682,0.8627,0.8747,0.9319,5179,22.03,0.1229,0.2256,2.31,Classification,False,OK
MON-000386,2026-03-12,20:00,CREDIT_SCORING_V2,v3.7,0.8247,0.83,0.8054,0.8081,0.8809,11759,32.99,0.2701,0.0427,0.14,Classification,False,OK
MON-000387,2026-03-13,08:00,CREDIT_SCORING_V2,v1.8,0.8303,0.836,0.859,0.8192,0.8527,2990,39.27,0.2351,0.0546,0.38,Classification,False,OK
MON-000388,2026-03-13,20:00,CREDIT_SCORING_V2,v2.7,0.8627,0.8574,0.8666,0.831,0.9191,11013,22.23,0.079,0.1391,0.5,Classification,False,OK
MON-000389,2026-03-14,08:00,CREDIT_SCORING_V2,v2.3,0.8445,0.8291,0.8645,0.8265,0.8922,4528,22.06,0.0988,0.1139,0.28,Classification,False,OK
MON-000390,2026-03-14,20:00,CREDIT_SCORING_V2,v3.9,0.8574,0.8528,0.8423,0.8385,0.8908,643,15.25,0.4919,0.0821,8.42,Classification,True,WARNING
MON-000391,2026-03-15,08:00,CREDIT_SCORING_V2,v1.9,0.8622,0.8504,0.8549,0.8438,0.9025,7704,26.46,0.3614,0.1122,2.43,Classification,True,WARNING
MON-000392,2026-03-15,20:00,CREDIT_SCORING_V2,v4.0,0.8625,0.8598,0.8645,0.8495,0.9001,14095,27.09,0.1073,0.1731,5.79,Classification,False,OK
MON-000393,2026-03-16,08:00,CREDIT_SCORING_V2,v3.6,0.8068,0.8146,0.8068,0.7931,0.8483,4999,20.48,0.2296,0.1778,0.46,Classification,False,OK
MON-000394,2026-03-16,20:00,CREDIT_SCORING_V2,v4.3,0.8575,0.8374,0.8563,0.8307,0.9129,2154,11.03,0.215,0.2664,0.66,Classification,False,OK
MON-000395,2026-03-17,08:00,CREDIT_SCORING_V2,v1.3,0.8312,0.8343,0.8075,0.8074,0.8871,4063,22.11,0.1681,0.1484,2.26,Classification,False,OK
MON-000396,2026-03-17,20:00,CREDIT_SCORING_V2,v1.6,0.8489,0.8531,0.8472,0.832,0.9047,1785,29.57,0.1101,0.0662,0.95,Classification,False,OK
MON-000397,2026-03-18,08:00,CREDIT_SCORING_V2,v3.4,0.8349,0.8257,0.84,0.839,0.8823,12466,12.43,0.1037,0.1961,0.37,Classification,False,OK
MON-000398,2026-03-18,20:00,CREDIT_SCORING_V2,v2.1,0.8353,0.8388,0.8303,0.8113,0.9116,3948,22.86,0.2586,0.143,1.02,Classification,False,OK
MON-000399,2026-03-19,08:00,CREDIT_SCORING_V2,v2.1,0.8314,0.8431,0.8461,0.8102,0.8568,4367,29.29,0.3376,0.1259,0.67,Classification,True,WARNING
MON-000400,2026-03-19,20:00,CREDIT_SCORING_V2,v3.6,0.859,0.8633,0.8737,0.8385,0.8989,2634,23.61,0.335,0.1823,0.48,Classification,True,WARNING
MON-000401,2025-09-01,08:00,FRAUD_DETECTOR_V3,v1.4,0.8404,0.861,0.8437,0.8268,0.8929,9067,49.62,0.4498,0.1255,2.66,Classification,True,WARNING
MON-000402,2025-09-01,20:00,FRAUD_DETECTOR_V3,v4.6,0.8388,0.8396,0.8279,0.8314,0.8821,1241,14.13,0.4139,0.1914,2.9,Classification,True,WARNING
MON-000403,2025-09-02,08:00,FRAUD_DETECTOR_V3,v2.4,0.8371,0.8471,0.8424,0.8241,0.8843,33171,11.95,0.1809,0.1063,1.7,Classification,False,OK
MON-000404,2025-09-02,20:00,FRAUD_DETECTOR_V3,v2.0,0.8554,0.8758,0.8629,0.8282,0.9059,3224,12.67,0.2736,0.2425,0.07,Classification,False,OK
MON-000405,2025-09-03,08:00,FRAUD_DETECTOR_V3,v1.6,0.8266,0.8317,0.8281,0.8162,0.8736,3873,15.07,0.1951,0.2691,1.48,Classification,False,OK
MON-000406,2025-09-03,20:00,FRAUD_DETECTOR_V3,v3.4,0.8755,0.893,0.8643,0.8728,0.9117,1202,14.16,0.1425,0.6704,14.49,Classification,False,OK
MON-000407,2025-09-04,08:00,FRAUD_DETECTOR_V3,v2.3,0.7516,0.7562,0.7643,0.737,0.8099,16354,30.11,0.4985,0.1361,1.45,Classification,True,WARNING
MON-000408,2025-09-04,20:00,FRAUD_DETECTOR_V3,v3.6,0.8349,0.8494,0.8413,0.8156,0.8932,4885,7.74,0.2908,0.1428,0.16,Classification,False,OK
MON-000409,2025-09-05,08:00,FRAUD_DETECTOR_V3,v4.7,0.844,0.8329,0.8381,0.8443,0.9098,6777,14.05,0.1755,0.048,0.61,Classification,False,OK
MON-000410,2025-09-05,20:00,FRAUD_DETECTOR_V3,v2.6,0.8531,0.8537,0.8554,0.8232,0.8842,1763,32.34,0.2288,0.3684,0.14,Classification,False,OK
MON-000411,2025-09-06,08:00,FRAUD_DETECTOR_V3,v3.9,0.8399,0.8646,0.8261,0.8244,0.8976,11972,18.27,0.4911,0.3196,0.32,Classification,True,WARNING
MON-000412,2025-09-06,20:00,FRAUD_DETECTOR_V3,v4.0,0.8389,0.8207,0.8106,0.8255,0.8802,1675,10.76,0.2174,0.1788,0.11,Classification,False,OK
MON-000413,2025-09-07,08:00,FRAUD_DETECTOR_V3,v2.1,0.8652,0.8575,0.8423,0.8508,0.914,7684,15.69,0.3879,0.1655,2.11,Classification,True,WARNING
MON-000414,2025-09-07,20:00,FRAUD_DETECTOR_V3,v2.5,0.7981,0.8199,0.802,0.7884,0.8416,2096,38.32,0.3,0.3418,0.69,Classification,True,WARNING
MON-000415,2025-09-08,08:00,FRAUD_DETECTOR_V3,v3.0,0.832,0.8309,0.8275,0.8038,0.8724,930,18.29,0.3297,0.2045,0.39,Classification,True,WARNING
MON-000416,2025-09-08,20:00,FRAUD_DETECTOR_V3,v2.7,0.827,0.8259,0.8333,0.8078,0.8832,1877,23.42,0.1499,0.0804,0.62,Classification,False,OK
MON-000417,2025-09-09,08:00,FRAUD_DETECTOR_V3,v2.7,0.8354,0.8446,0.8479,0.815,0.9022,971,18.17,0.2538,0.0851,1.69,Classification,False,OK
MON-000418,2025-09-09,20:00,FRAUD_DETECTOR_V3,v3.1,0.8713,0.8839,0.8766,0.843,0.9411,2882,44.78,0.3088,0.2735,3.94,Classification,True,WARNING
MON-000419,2025-09-10,08:00,FRAUD_DETECTOR_V3,v4.4,0.8298,0.8261,0.8202,0.799,0.8902,14745,17.14,0.2728,0.1018,1.56,Classification,False,OK
MON-000420,2025-09-10,20:00,FRAUD_DETECTOR_V3,v1.7,0.8416,0.8252,0.8477,0.8371,0.8804,18305,15.12,0.2016,0.15,0.86,Classification,False,OK
MON-000421,2025-09-11,08:00,FRAUD_DETECTOR_V3,v2.7,0.8544,0.8451,0.8486,0.8389,0.9031,36147,28.73,0.0861,0.0799,0.72,Classification,False,OK
MON-000422,2025-09-11,20:00,FRAUD_DETECTOR_V3,v1.0,0.8277,0.8221,0.8229,0.802,0.8772,2389,26.97,0.2257,0.2285,1.44,Classification,False,OK
MON-000423,2025-09-12,08:00,FRAUD_DETECTOR_V3,v2.3,0.7977,0.7859,0.8134,0.7725,0.853,2780,18.47,0.6633,0.1201,1.21,Classification,True,WARNING
MON-000424,2025-09-12,20:00,FRAUD_DETECTOR_V3,v4.8,0.7922,0.7836,0.8008,0.776,0.8496,3959,22.13,0.4392,0.3462,0.76,Classification,True,WARNING
MON-000425,2025-09-13,08:00,FRAUD_DETECTOR_V3,v2.9,0.87,0.8701,0.8638,0.8615,0.9154,585,28.37,0.1804,0.2199,1.12,Classification,False,OK
MON-000426,2025-09-13,20:00,FRAUD_DETECTOR_V3,v4.3,0.8524,0.8439,0.8402,0.8267,0.9149,1709,15.17,0.2096,0.238,0.77,Classification,False,OK
MON-000427,2025-09-14,08:00,FRAUD_DETECTOR_V3,v3.3,0.8368,0.8544,0.8576,0.8255,0.9103,1663,29.98,0.2719,0.1204,3.67,Classification,False,OK
MON-000428,2025-09-14,20:00,FRAUD_DETECTOR_V3,v2.9,0.8365,0.8324,0.8358,0.8339,0.8901,1244,20.99,0.3345,0.0793,1.0,Classification,True,WARNING
MON-000429,2025-09-15,08:00,FRAUD_DETECTOR_V3,v1.5,0.8263,0.811,0.8091,0.8151,0.8706,2138,23.2,0.211,0.116,2.65,Classification,False,OK
MON-000430,2025-09-15,20:00,FRAUD_DETECTOR_V3,v3.0,0.8465,0.8583,0.8399,0.8217,0.9073,725,15.1,0.1731,0.17,0.05,Classification,False,OK
MON-000431,2025-09-16,08:00,FRAUD_DETECTOR_V3,v3.4,0.8577,0.89,0.8315,0.8395,0.9189,3303,19.99,0.4674,0.2446,3.99,Classification,True,WARNING
MON-000432,2025-09-16,20:00,FRAUD_DETECTOR_V3,v1.7,0.8254,0.8221,0.7862,0.8059,0.8823,614,13.0,0.4716,0.2874,2.47,Classification,True,WARNING
MON-000433,2025-09-17,08:00,FRAUD_DETECTOR_V3,v4.6,0.8484,0.851,0.8627,0.8268,0.8984,1649,15.35,0.4312,0.0743,4.92,Classification,True,WARNING
MON-000434,2025-09-17,20:00,FRAUD_DETECTOR_V3,v4.5,0.826,0.839,0.8128,0.8092,0.89,556,35.3,0.1298,0.334,1.87,Classification,False,OK
MON-000435,2025-09-18,08:00,FRAUD_DETECTOR_V3,v3.8,0.8414,0.8376,0.8231,0.8195,0.8818,9398,11.83,0.1997,0.0582,0.98,Classification,False,OK
MON-000436,2025-09-18,20:00,FRAUD_DETECTOR_V3,v4.8,0.832,0.8507,0.8235,0.8061,0.8813,22158,14.97,0.4272,0.1241,1.07,Classification,True,WARNING
MON-000437,2025-09-19,08:00,FRAUD_DETECTOR_V3,v3.1,0.8614,0.8453,0.8563,0.8487,0.9304,1746,13.17,0.1031,0.0479,0.6,Classification,False,OK
MON-000438,2025-09-19,20:00,FRAUD_DETECTOR_V3,v2.7,0.8433,0.8421,0.8344,0.8357,0.8931,1266,24.31,0.0913,0.1934,4.84,Classification,False,OK
MON-000439,2025-09-20,08:00,FRAUD_DETECTOR_V3,v4.5,0.8201,0.812,0.8065,0.8138,0.8704,5769,40.63,0.2245,0.2398,5.31,Classification,False,OK
MON-000440,2025-09-20,20:00,FRAUD_DETECTOR_V3,v2.8,0.8415,0.8302,0.8409,0.8146,0.8937,1606,17.82,0.285,0.2157,1.22,Classification,False,OK
MON-000441,2025-09-21,08:00,FRAUD_DETECTOR_V3,v2.8,0.8629,0.855,0.8593,0.8555,0.9038,894,7.41,0.2511,0.205,1.39,Classification,False,OK
MON-000442,2025-09-21,20:00,FRAUD_DETECTOR_V3,v4.6,0.8189,0.8241,0.8444,0.8182,0.8575,528,28.49,0.2508,0.0918,0.84,Classification,False,OK
MON-000443,2025-09-22,08:00,FRAUD_DETECTOR_V3,v3.6,0.8376,0.8468,0.8321,0.8106,0.8822,858,19.02,0.185,0.2567,0.41,Classification,False,OK
MON-000444,2025-09-22,20:00,FRAUD_DETECTOR_V3,v3.9,0.8351,0.8422,0.8345,0.8097,0.8833,9670,25.24,0.2823,0.1078,0.37,Classification,False,OK
MON-000445,2025-09-23,08:00,FRAUD_DETECTOR_V3,v1.1,0.8473,0.8325,0.8335,0.818,0.909,10173,28.34,0.4825,0.0518,1.28,Classification,True,WARNING
MON-000446,2025-09-23,20:00,FRAUD_DETECTOR_V3,v1.1,0.8388,0.8443,0.8485,0.8113,0.8914,1801,14.82,0.2745,0.1273,2.22,Classification,False,OK
MON-000447,2025-09-24,08:00,FRAUD_DETECTOR_V3,v1.9,0.8504,0.8492,0.8753,0.8474,0.9155,4715,11.44,0.6597,0.2005,0.5,Classification,True,WARNING
MON-000448,2025-09-24,20:00,FRAUD_DETECTOR_V3,v4.1,0.8287,0.8229,0.8272,0.8033,0.8841,10850,11.15,0.3131,0.3708,7.51,Classification,True,WARNING
MON-000449,2025-09-25,08:00,FRAUD_DETECTOR_V3,v4.9,0.8395,0.8374,0.8301,0.8298,0.8982,817,50.35,0.5288,0.1587,0.22,Classification,True,WARNING
MON-000450,2025-09-25,20:00,FRAUD_DETECTOR_V3,v1.7,0.8389,0.8555,0.8416,0.807,0.8952,3786,15.46,0.1037,0.1289,0.16,Classification,False,OK
MON-000451,2025-09-26,08:00,FRAUD_DETECTOR_V3,v1.4,0.8788,0.876,0.8859,0.8478,0.9447,510,16.0,0.4746,0.1685,0.44,Classification,True,WARNING
MON-000452,2025-09-26,20:00,FRAUD_DETECTOR_V3,v4.3,0.8492,0.8568,0.8926,0.8244,0.8998,2417,26.69,0.1368,0.0275,0.27,Classification,False,OK
MON-000453,2025-09-27,08:00,FRAUD_DETECTOR_V3,v2.7,0.8598,0.8702,0.8576,0.8483,0.9108,6502,19.46,0.1395,0.1604,0.87,Classification,False,OK
MON-000454,2025-09-27,20:00,FRAUD_DETECTOR_V3,v4.1,0.8797,0.8885,0.8746,0.8602,0.9191,12096,6.45,0.4064,0.3817,1.18,Classification,True,WARNING
MON-000455,2025-09-28,08:00,FRAUD_DETECTOR_V3,v2.7,0.8479,0.8434,0.8306,0.8303,0.9069,5682,11.77,0.1259,0.1827,4.16,Classification,False,OK
MON-000456,2025-09-28,20:00,FRAUD_DETECTOR_V3,v1.5,0.8383,0.8343,0.8338,0.8138,0.8834,314,22.11,0.4362,0.0684,1.33,Classification,True,WARNING
MON-000457,2025-09-29,08:00,FRAUD_DETECTOR_V3,v4.6,0.8231,0.8259,0.8168,0.8013,0.8804,984,12.44,0.1573,0.2063,0.02,Classification,False,OK
MON-000458,2025-09-29,20:00,FRAUD_DETECTOR_V3,v4.0,0.8182,0.8127,0.8264,0.7906,0.8701,2327,44.01,0.0728,0.2473,1.29,Classification,False,OK
MON-000459,2025-09-30,08:00,FRAUD_DETECTOR_V3,v3.3,0.6949,0.6864,0.6909,0.6877,0.7334,3875,10.66,0.1693,0.0544,0.53,Classification,True,CRITICAL
MON-000460,2025-09-30,20:00,FRAUD_DETECTOR_V3,v3.4,0.8605,0.8615,0.8452,0.8467,0.9115,3586,11.47,0.6308,0.0431,1.61,Classification,True,WARNING
MON-000461,2025-10-01,08:00,FRAUD_DETECTOR_V3,v3.4,0.852,0.8439,0.8361,0.832,0.8977,1479,11.89,0.2803,0.3264,1.52,Classification,False,OK
MON-000462,2025-10-01,20:00,FRAUD_DETECTOR_V3,v4.3,0.8381,0.8338,0.8318,0.8181,0.8738,8139,25.85,0.1636,0.2403,0.47,Classification,False,OK
MON-000463,2025-10-02,08:00,FRAUD_DETECTOR_V3,v1.6,0.8376,0.8349,0.8489,0.8235,0.891,3191,10.91,0.2857,0.1184,1.3,Classification,False,OK
MON-000464,2025-10-02,20:00,FRAUD_DETECTOR_V3,v1.0,0.8228,0.8172,0.8254,0.8156,0.8899,962,43.61,0.3611,0.3311,0.37,Classification,True,WARNING
MON-000465,2025-10-03,08:00,FRAUD_DETECTOR_V3,v1.2,0.8527,0.8501,0.8597,0.8293,0.8929,1656,37.7,0.172,0.0899,0.44,Classification,False,OK
MON-000466,2025-10-03,20:00,FRAUD_DETECTOR_V3,v3.8,0.8307,0.8264,0.8309,0.8207,0.8539,45318,31.58,0.617,0.1368,4.63,Classification,True,WARNING
MON-000467,2025-10-04,08:00,FRAUD_DETECTOR_V3,v3.5,0.8375,0.8579,0.8434,0.8144,0.9078,10989,8.75,0.7389,0.2526,2.24,Classification,True,WARNING
MON-000468,2025-10-04,20:00,FRAUD_DETECTOR_V3,v2.9,0.8205,0.8382,0.8152,0.8018,0.8544,7559,22.86,0.2113,0.1942,1.71,Classification,False,OK
MON-000469,2025-10-05,08:00,FRAUD_DETECTOR_V3,v4.3,0.824,0.8197,0.8111,0.8056,0.8916,4102,6.8,0.5335,0.1554,3.64,Classification,True,WARNING
MON-000470,2025-10-05,20:00,FRAUD_DETECTOR_V3,v4.3,0.8613,0.8567,0.8487,0.855,0.9245,1106,40.84,0.1902,0.2433,2.65,Classification,False,OK
MON-000471,2025-10-06,08:00,FRAUD_DETECTOR_V3,v4.0,0.8649,0.8627,0.8516,0.8429,0.9157,2764,23.44,0.3344,0.3424,0.57,Classification,True,WARNING
MON-000472,2025-10-06,20:00,FRAUD_DETECTOR_V3,v4.2,0.8179,0.8203,0.8369,0.7813,0.8615,1548,25.82,0.3717,0.0358,0.17,Classification,True,WARNING
MON-000473,2025-10-07,08:00,FRAUD_DETECTOR_V3,v4.2,0.8545,0.8535,0.8692,0.8279,0.9159,2654,16.16,0.1827,0.0627,3.19,Classification,False,OK
MON-000474,2025-10-07,20:00,FRAUD_DETECTOR_V3,v4.5,0.8278,0.828,0.8214,0.8303,0.8794,1186,21.25,0.289,0.3382,1.75,Classification,False,OK
MON-000475,2025-10-08,08:00,FRAUD_DETECTOR_V3,v2.6,0.8326,0.8405,0.8351,0.7998,0.901,5177,20.37,0.5479,0.143,1.07,Classification,True,WARNING
MON-000476,2025-10-08,20:00,FRAUD_DETECTOR_V3,v2.1,0.8666,0.8579,0.8771,0.8308,0.922,1388,22.26,0.7892,0.3949,4.07,Classification,True,WARNING
MON-000477,2025-10-09,08:00,FRAUD_DETECTOR_V3,v2.8,0.8368,0.8309,0.828,0.828,0.9046,1530,26.81,0.1475,0.321,0.53,Classification,False,OK
MON-000478,2025-10-09,20:00,FRAUD_DETECTOR_V3,v1.9,0.8367,0.8222,0.8348,0.8267,0.8947,4656,9.39,0.2618,0.141,0.82,Classification,False,OK
MON-000479,2025-10-10,08:00,FRAUD_DETECTOR_V3,v4.4,0.8097,0.8057,0.7955,0.7899,0.8729,21688,21.77,0.3448,0.085,7.32,Classification,True,WARNING
MON-000480,2025-10-10,20:00,FRAUD_DETECTOR_V3,v2.5,0.8358,0.8361,0.8227,0.8242,0.8894,1045,38.96,0.3271,0.115,3.58,Classification,True,WARNING
MON-000481,2025-10-11,08:00,FRAUD_DETECTOR_V3,v2.1,0.83,0.8304,0.8401,0.8091,0.8794,1504,16.1,0.2278,0.1688,0.12,Classification,False,OK
MON-000482,2025-10-11,20:00,FRAUD_DETECTOR_V3,v1.0,0.8517,0.8642,0.8526,0.8251,0.8975,3159,40.6,0.1426,0.1623,3.06,Classification,False,OK
MON-000483,2025-10-12,08:00,FRAUD_DETECTOR_V3,v4.0,0.8316,0.8229,0.8321,0.8317,0.8725,1847,9.17,0.1314,0.3748,2.37,Classification,False,OK
MON-000484,2025-10-12,20:00,FRAUD_DETECTOR_V3,v2.0,0.8669,0.8506,0.884,0.843,0.9158,329,49.74,0.3351,0.2619,3.3,Classification,True,WARNING
MON-000485,2025-10-13,08:00,FRAUD_DETECTOR_V3,v1.9,0.8504,0.8513,0.8439,0.8201,0.8903,14906,10.66,0.1257,0.0266,0.16,Classification,False,OK
MON-000486,2025-10-13,20:00,FRAUD_DETECTOR_V3,v4.0,0.8464,0.8445,0.8571,0.8129,0.8923,1036,21.18,0.3652,0.3953,2.38,Classification,True,WARNING
MON-000487,2025-10-14,08:00,FRAUD_DETECTOR_V3,v2.7,0.8565,0.865,0.8441,0.8522,0.9088,4124,23.24,0.1975,0.1819,2.93,Classification,False,OK
MON-000488,2025-10-14,20:00,FRAUD_DETECTOR_V3,v3.2,0.8464,0.8472,0.8401,0.8312,0.9017,6321,20.7,0.2031,0.0425,0.53,Classification,False,OK
MON-000489,2025-10-15,08:00,FRAUD_DETECTOR_V3,v2.3,0.8569,0.8697,0.8461,0.848,0.9206,992,13.8,0.4092,0.1921,1.81,Classification,True,WARNING
MON-000490,2025-10-15,20:00,FRAUD_DETECTOR_V3,v3.3,0.8394,0.838,0.8275,0.8408,0.892,3951,34.89,0.2575,0.3643,1.78,Classification,False,OK
MON-000491,2025-10-16,08:00,FRAUD_DETECTOR_V3,v2.6,0.8406,0.8354,0.8673,0.8188,0.8954,5721,13.03,0.1863,0.0845,2.33,Classification,False,OK
MON-000492,2025-10-16,20:00,FRAUD_DETECTOR_V3,v3.0,0.8262,0.8333,0.8072,0.8305,0.8741,387,73.74,0.5165,0.1636,2.65,Classification,True,WARNING
MON-000493,2025-10-17,08:00,FRAUD_DETECTOR_V3,v3.1,0.828,0.8329,0.8175,0.8103,0.8781,2484,12.2,0.2674,0.0568,1.58,Classification,False,OK
MON-000494,2025-10-17,20:00,FRAUD_DETECTOR_V3,v2.0,0.8683,0.8612,0.8376,0.8517,0.9191,4470,33.7,0.4169,0.4523,1.24,Classification,True,WARNING
MON-000495,2025-10-18,08:00,FRAUD_DETECTOR_V3,v1.1,0.8516,0.8571,0.8438,0.8483,0.9226,7818,9.86,0.4162,0.0881,1.08,Classification,True,WARNING
MON-000496,2025-10-18,20:00,FRAUD_DETECTOR_V3,v4.9,0.8115,0.8159,0.8088,0.7957,0.8657,520,14.0,0.1058,0.126,0.28,Classification,False,OK
MON-000497,2025-10-19,08:00,FRAUD_DETECTOR_V3,v1.1,0.8634,0.8629,0.8761,0.8543,0.9015,3295,4.19,0.2031,0.0732,3.63,Classification,False,OK
MON-000498,2025-10-19,20:00,FRAUD_DETECTOR_V3,v2.4,0.8447,0.8559,0.8372,0.8231,0.8971,7544,37.63,0.5074,0.0664,6.49,Classification,True,WARNING
MON-000499,2025-10-20,08:00,FRAUD_DETECTOR_V3,v3.2,0.8264,0.8409,0.8089,0.8138,0.8679,4121,26.98,0.0624,0.1686,0.31,Classification,False,OK
MON-000500,2025-10-20,20:00,FRAUD_DETECTOR_V3,v1.1,0.8779,0.8721,0.8703,0.8741,0.9214,6257,6.97,0.2462,0.546,0.35,Classification,False,OK
MON-000501,2025-10-21,08:00,FRAUD_DETECTOR_V3,v4.5,0.8674,0.8722,0.8713,0.8559,0.9179,6139,10.83,0.2268,0.1897,0.33,Classification,False,OK
MON-000502,2025-10-21,20:00,FRAUD_DETECTOR_V3,v2.6,0.8573,0.858,0.8687,0.8361,0.9117,1212,7.45,0.2547,0.0957,0.24,Classification,False,OK
MON-000503,2025-10-22,08:00,FRAUD_DETECTOR_V3,v1.7,0.8453,0.8408,0.8358,0.8292,0.8992,7561,17.05,0.1323,0.3366,0.28,Classification,False,OK
MON-000504,2025-10-22,20:00,FRAUD_DETECTOR_V3,v1.6,0.8489,0.8477,0.8348,0.828,0.8922,6317,16.76,0.5001,0.1252,0.58,Classification,True,WARNING
MON-000505,2025-10-23,08:00,FRAUD_DETECTOR_V3,v1.7,0.7988,0.7811,0.793,0.782,0.8334,1825,33.95,0.1553,0.1283,3.21,Classification,True,WARNING
MON-000506,2025-10-23,20:00,FRAUD_DETECTOR_V3,v1.3,0.8571,0.8678,0.8622,0.8547,0.9058,2780,18.79,0.3972,0.344,3.21,Classification,True,WARNING
MON-000507,2025-10-24,08:00,FRAUD_DETECTOR_V3,v4.6,0.8457,0.8536,0.8577,0.8301,0.8951,6800,47.61,0.1753,0.08,1.45,Classification,False,OK
MON-000508,2025-10-24,20:00,FRAUD_DETECTOR_V3,v3.7,0.8469,0.8277,0.8316,0.8384,0.896,10778,10.62,0.293,0.2338,2.81,Classification,False,OK
MON-000509,2025-10-25,08:00,FRAUD_DETECTOR_V3,v2.2,0.8465,0.8446,0.8357,0.8345,0.8986,2489,16.95,0.3394,0.1006,2.87,Classification,True,WARNING
MON-000510,2025-10-25,20:00,FRAUD_DETECTOR_V3,v3.0,0.8327,0.836,0.8011,0.8288,0.8784,4405,14.82,0.1627,0.2451,0.18,Classification,False,OK
MON-000511,2025-10-26,08:00,FRAUD_DETECTOR_V3,v2.9,0.823,0.8316,0.7922,0.7963,0.8822,11629,15.03,0.1347,0.2473,8.12,Classification,False,OK
MON-000512,2025-10-26,20:00,FRAUD_DETECTOR_V3,v1.1,0.8439,0.8412,0.8272,0.829,0.9006,1788,29.69,0.4093,0.0969,0.88,Classification,True,WARNING
MON-000513,2025-10-27,08:00,FRAUD_DETECTOR_V3,v3.5,0.8153,0.8129,0.8005,0.8172,0.8736,13967,27.49,0.1658,0.4072,0.27,Classification,False,OK
MON-000514,2025-10-27,20:00,FRAUD_DETECTOR_V3,v4.9,0.8476,0.8513,0.8404,0.8242,0.9123,1249,9.61,0.2921,0.2263,0.92,Classification,False,OK
MON-000515,2025-10-28,08:00,FRAUD_DETECTOR_V3,v1.2,0.8214,0.8146,0.8259,0.8264,0.8762,2510,18.91,0.0073,0.1223,1.49,Classification,False,OK
MON-000516,2025-10-28,20:00,FRAUD_DETECTOR_V3,v3.1,0.8613,0.8779,0.86,0.8358,0.9118,6394,21.87,0.4142,0.1491,0.64,Classification,True,WARNING
MON-000517,2025-10-29,08:00,FRAUD_DETECTOR_V3,v2.9,0.8134,0.8144,0.8176,0.7945,0.8624,9810,39.93,0.3437,0.0079,0.61,Classification,True,WARNING
MON-000518,2025-10-29,20:00,FRAUD_DETECTOR_V3,v1.8,0.841,0.843,0.8546,0.8321,0.8981,3681,46.0,0.1735,0.4819,2.2,Classification,False,OK
MON-000519,2025-10-30,08:00,FRAUD_DETECTOR_V3,v1.8,0.8434,0.8569,0.8471,0.828,0.8942,472,24.93,0.0763,0.2472,1.83,Classification,False,OK
MON-000520,2025-10-30,20:00,FRAUD_DETECTOR_V3,v2.3,0.8663,0.866,0.8633,0.8291,0.898,2452,21.7,0.2263,0.1046,0.15,Classification,False,OK
MON-000521,2025-10-31,08:00,FRAUD_DETECTOR_V3,v3.1,0.847,0.8606,0.8539,0.8341,0.891,2379,25.33,0.2624,0.1177,1.06,Classification,False,OK
MON-000522,2025-10-31,20:00,FRAUD_DETECTOR_V3,v2.0,0.8256,0.8095,0.7972,0.8104,0.8904,2624,12.15,0.3953,0.1478,1.67,Classification,True,WARNING
MON-000523,2025-11-01,08:00,FRAUD_DETECTOR_V3,v3.2,0.824,0.8355,0.8201,0.8022,0.8554,10138,15.19,0.1565,0.0531,3.9,Classification,False,OK
MON-000524,2025-11-01,20:00,FRAUD_DETECTOR_V3,v2.1,0.735,0.7454,0.7447,0.7179,0.7885,975,12.45,0.5089,0.0991,0.42,Classification,True,CRITICAL
MON-000525,2025-11-02,08:00,FRAUD_DETECTOR_V3,v2.4,0.8411,0.8205,0.8389,0.804,0.8965,2734,35.19,0.7622,0.1594,0.74,Classification,True,WARNING
MON-000526,2025-11-02,20:00,FRAUD_DETECTOR_V3,v3.7,0.8379,0.8347,0.8413,0.8158,0.887,2518,16.71,0.015,0.1227,8.46,Classification,False,OK
MON-000527,2025-11-03,08:00,FRAUD_DETECTOR_V3,v2.1,0.8279,0.8319,0.8249,0.8185,0.8711,2378,17.75,0.1965,0.248,5.49,Classification,False,OK
MON-000528,2025-11-03,20:00,FRAUD_DETECTOR_V3,v3.8,0.8175,0.8256,0.8266,0.8029,0.8569,1190,22.01,0.2958,0.0489,1.82,Classification,False,OK
MON-000529,2025-11-04,08:00,FRAUD_DETECTOR_V3,v3.7,0.8798,0.8929,0.8931,0.8721,0.9317,3764,25.46,0.2117,0.2206,1.46,Classification,False,OK
MON-000530,2025-11-04,20:00,FRAUD_DETECTOR_V3,v4.6,0.843,0.828,0.8115,0.8444,0.8899,2027,50.6,0.2285,0.0547,2.49,Classification,False,OK
MON-000531,2025-11-05,08:00,FRAUD_DETECTOR_V3,v4.3,0.8197,0.8205,0.8098,0.7952,0.8851,1531,21.12,0.0741,0.2614,1.11,Classification,False,OK
MON-000532,2025-11-05,20:00,FRAUD_DETECTOR_V3,v3.2,0.8565,0.8471,0.8262,0.8307,0.9113,1828,18.94,0.2857,0.2456,0.42,Classification,False,OK
MON-000533,2025-11-06,08:00,FRAUD_DETECTOR_V3,v2.4,0.8536,0.8465,0.7942,0.8459,0.8997,1670,36.86,0.2044,0.1089,1.32,Classification,False,OK
MON-000534,2025-11-06,20:00,FRAUD_DETECTOR_V3,v4.1,0.8167,0.8247,0.8254,0.7988,0.8697,1140,19.47,0.4889,0.2226,3.45,Classification,True,WARNING
MON-000535,2025-11-07,08:00,FRAUD_DETECTOR_V3,v3.2,0.83,0.822,0.8419,0.8116,0.8732,1366,12.4,0.3361,0.2663,5.53,Classification,True,WARNING
MON-000536,2025-11-07,20:00,FRAUD_DETECTOR_V3,v2.7,0.8508,0.8508,0.8432,0.8603,0.899,674,6.72,0.1707,0.2707,3.82,Classification,False,OK
MON-000537,2025-11-08,08:00,FRAUD_DETECTOR_V3,v4.7,0.8561,0.8517,0.8458,0.8512,0.8883,17280,24.15,0.3278,0.1712,1.45,Classification,True,WARNING
MON-000538,2025-11-08,20:00,FRAUD_DETECTOR_V3,v4.9,0.8264,0.8364,0.8237,0.8114,0.8728,3614,18.75,0.4679,0.4218,1.27,Classification,True,WARNING
MON-000539,2025-11-09,08:00,FRAUD_DETECTOR_V3,v3.5,0.8043,0.7859,0.8463,0.7932,0.8597,2679,45.02,0.1658,0.1982,1.24,Classification,False,OK
MON-000540,2025-11-09,20:00,FRAUD_DETECTOR_V3,v1.9,0.8465,0.8589,0.8308,0.8317,0.8948,8172,17.98,0.0977,0.3551,1.86,Classification,False,OK
MON-000541,2025-11-10,08:00,FRAUD_DETECTOR_V3,v4.6,0.8587,0.8736,0.8384,0.8286,0.9176,3905,11.95,0.2817,0.2672,0.12,Classification,False,OK
MON-000542,2025-11-10,20:00,FRAUD_DETECTOR_V3,v2.9,0.8404,0.8463,0.8494,0.827,0.903,5511,29.49,0.4476,0.163,0.32,Classification,True,WARNING
MON-000543,2025-11-11,08:00,FRAUD_DETECTOR_V3,v3.5,0.8354,0.8377,0.8452,0.8173,0.8926,3534,21.03,0.1339,0.2417,4.63,Classification,False,OK
MON-000544,2025-11-11,20:00,FRAUD_DETECTOR_V3,v1.7,0.8732,0.8528,0.879,0.8494,0.9431,17226,30.73,0.2054,0.2717,3.22,Classification,False,OK
MON-000545,2025-11-12,08:00,FRAUD_DETECTOR_V3,v2.0,0.8013,0.8077,0.8024,0.7815,0.8616,39263,22.46,0.2739,0.16,1.15,Classification,False,OK
MON-000546,2025-11-12,20:00,FRAUD_DETECTOR_V3,v3.9,0.856,0.866,0.8513,0.8266,0.9063,19385,22.64,0.1146,0.187,5.64,Classification,False,OK
MON-000547,2025-11-13,08:00,FRAUD_DETECTOR_V3,v4.4,0.8571,0.8581,0.8346,0.8249,0.9051,135,21.72,0.1221,0.1335,2.43,Classification,False,OK
MON-000548,2025-11-13,20:00,FRAUD_DETECTOR_V3,v3.6,0.826,0.8195,0.8539,0.8027,0.8719,1631,15.05,0.1216,0.1616,1.07,Classification,False,OK
MON-000549,2025-11-14,08:00,FRAUD_DETECTOR_V3,v1.1,0.7952,0.8098,0.8241,0.7711,0.8381,1724,20.92,0.297,0.4461,1.6,Classification,True,WARNING
MON-000550,2025-11-14,20:00,FRAUD_DETECTOR_V3,v2.5,0.8566,0.8479,0.8491,0.8583,0.9099,11355,20.68,0.3431,0.2635,0.22,Classification,True,WARNING
MON-000551,2025-11-15,08:00,FRAUD_DETECTOR_V3,v4.2,0.8478,0.8591,0.8689,0.8446,0.8942,1993,46.08,0.3506,0.2237,0.07,Classification,True,WARNING
MON-000552,2025-11-15,20:00,FRAUD_DETECTOR_V3,v3.3,0.8698,0.8751,0.8749,0.848,0.9064,2156,20.51,0.1419,0.3155,1.77,Classification,False,OK
MON-000553,2025-11-16,08:00,FRAUD_DETECTOR_V3,v1.3,0.8301,0.8283,0.8036,0.8187,0.8881,1844,17.44,0.1688,0.0562,1.83,Classification,False,OK
MON-000554,2025-11-16,20:00,FRAUD_DETECTOR_V3,v3.5,0.8448,0.8692,0.8197,0.8279,0.889,2159,34.45,0.4186,0.0443,1.13,Classification,True,WARNING
MON-000555,2025-11-17,08:00,FRAUD_DETECTOR_V3,v2.5,0.8078,0.8126,0.8192,0.7864,0.8427,2915,12.88,0.1081,0.2068,1.03,Classification,False,OK
MON-000556,2025-11-17,20:00,FRAUD_DETECTOR_V3,v1.0,0.8558,0.8616,0.8751,0.8295,0.917,5276,26.17,0.2868,0.0543,6.72,Classification,False,OK
MON-000557,2025-11-18,08:00,FRAUD_DETECTOR_V3,v3.0,0.8107,0.8158,0.816,0.7913,0.8722,2703,11.3,0.1142,0.2525,1.23,Classification,False,OK
MON-000558,2025-11-18,20:00,FRAUD_DETECTOR_V3,v3.3,0.8406,0.8436,0.8444,0.819,0.8791,2592,8.19,0.0284,0.204,1.74,Classification,False,OK
MON-000559,2025-11-19,08:00,FRAUD_DETECTOR_V3,v4.9,0.8205,0.8195,0.8073,0.8025,0.8651,1844,35.42,0.2324,0.3435,3.1,Classification,False,OK
MON-000560,2025-11-19,20:00,FRAUD_DETECTOR_V3,v3.3,0.848,0.8556,0.8311,0.8512,0.89,3765,16.83,0.6246,0.117,2.29,Classification,True,WARNING
MON-000561,2025-11-20,08:00,FRAUD_DETECTOR_V3,v1.6,0.7351,0.7361,0.7467,0.7195,0.7787,458,6.84,0.2584,0.1222,3.14,Classification,True,CRITICAL
MON-000562,2025-11-20,20:00,FRAUD_DETECTOR_V3,v3.9,0.8367,0.8184,0.8374,0.8077,0.8659,528,13.42,0.2783,0.0979,1.21,Classification,False,OK
MON-000563,2025-11-21,08:00,FRAUD_DETECTOR_V3,v2.8,0.84,0.8317,0.8382,0.8212,0.8858,1093,18.32,0.3439,0.2152,0.27,Classification,True,WARNING
MON-000564,2025-11-21,20:00,FRAUD_DETECTOR_V3,v2.1,0.8418,0.8534,0.8607,0.8364,0.8881,5537,65.58,0.445,0.3572,1.84,Classification,True,WARNING
MON-000565,2025-11-22,08:00,FRAUD_DETECTOR_V3,v3.9,0.8693,0.8781,0.8947,0.8719,0.9351,560,6.06,0.2513,0.0791,1.33,Classification,False,OK
MON-000566,2025-11-22,20:00,FRAUD_DETECTOR_V3,v1.9,0.8506,0.8402,0.8593,0.8203,0.902,7753,30.9,0.1763,0.3313,1.58,Classification,False,OK
MON-000567,2025-11-23,08:00,FRAUD_DETECTOR_V3,v4.6,0.75,0.7445,0.736,0.7354,0.7946,3347,15.4,0.5658,0.019,4.83,Classification,True,WARNING
MON-000568,2025-11-23,20:00,FRAUD_DETECTOR_V3,v3.5,0.829,0.8229,0.8298,0.816,0.8813,996,19.64,0.2614,0.1817,0.19,Classification,False,OK
MON-000569,2025-11-24,08:00,FRAUD_DETECTOR_V3,v2.3,0.7506,0.7651,0.7442,0.7454,0.7871,4963,13.87,0.2784,0.1384,2.68,Classification,True,WARNING
MON-000570,2025-11-24,20:00,FRAUD_DETECTOR_V3,v1.7,0.8197,0.8043,0.8176,0.8016,0.8705,1168,33.14,0.3716,0.0745,0.4,Classification,True,WARNING
MON-000571,2025-11-25,08:00,FRAUD_DETECTOR_V3,v4.0,0.8413,0.8352,0.8233,0.8246,0.8847,3015,22.79,0.1891,0.2295,1.36,Classification,False,OK
MON-000572,2025-11-25,20:00,FRAUD_DETECTOR_V3,v3.6,0.8073,0.8081,0.8261,0.7871,0.8586,1777,12.85,0.3222,0.2478,1.35,Classification,True,WARNING
MON-000573,2025-11-26,08:00,FRAUD_DETECTOR_V3,v1.1,0.7476,0.7332,0.7405,0.7199,0.8022,8033,31.51,0.3456,0.2175,3.23,Classification,True,CRITICAL
MON-000574,2025-11-26,20:00,FRAUD_DETECTOR_V3,v4.2,0.819,0.8198,0.843,0.8119,0.8635,6751,41.1,0.2694,0.1633,2.96,Classification,False,OK
MON-000575,2025-11-27,08:00,FRAUD_DETECTOR_V3,v3.9,0.828,0.8176,0.8261,0.8022,0.8808,8139,35.63,0.2462,0.5162,1.31,Classification,False,OK
MON-000576,2025-11-27,20:00,FRAUD_DETECTOR_V3,v4.3,0.8448,0.8364,0.8376,0.8125,0.8879,10335,67.03,0.4426,0.0523,8.95,Classification,True,WARNING
MON-000577,2025-11-28,08:00,FRAUD_DETECTOR_V3,v1.4,0.8531,0.8479,0.8431,0.8315,0.8925,6225,34.84,0.4412,0.1768,4.24,Classification,True,WARNING
MON-000578,2025-11-28,20:00,FRAUD_DETECTOR_V3,v1.9,0.8267,0.8249,0.8168,0.7937,0.8858,3990,21.37,0.405,0.3923,0.17,Classification,True,WARNING
MON-000579,2025-11-29,08:00,FRAUD_DETECTOR_V3,v1.7,0.8634,0.8578,0.8667,0.8422,0.9237,472,14.98,0.1336,0.2704,3.8,Classification,False,OK
MON-000580,2025-11-29,20:00,FRAUD_DETECTOR_V3,v3.2,0.8173,0.8182,0.8164,0.7964,0.8693,3080,31.99,0.4705,0.2412,0.3,Classification,True,WARNING
MON-000581,2025-11-30,08:00,FRAUD_DETECTOR_V3,v4.0,0.8566,0.869,0.8686,0.8386,0.9144,389,14.43,0.2085,0.16,0.33,Classification,False,OK
MON-000582,2025-11-30,20:00,FRAUD_DETECTOR_V3,v1.5,0.8326,0.8412,0.821,0.8112,0.8671,839,36.96,0.312,0.2366,3.09,Classification,True,WARNING
MON-000583,2025-12-01,08:00,FRAUD_DETECTOR_V3,v1.1,0.86,0.8752,0.8635,0.8434,0.9182,6438,18.24,0.2918,0.2303,0.48,Classification,False,OK
MON-000584,2025-12-01,20:00,FRAUD_DETECTOR_V3,v4.1,0.8325,0.8318,0.8507,0.8342,0.8968,907,24.22,0.2505,0.0686,0.32,Classification,False,OK
MON-000585,2025-12-02,08:00,FRAUD_DETECTOR_V3,v4.4,0.827,0.8263,0.8477,0.786,0.883,4760,11.17,0.3373,0.3823,0.64,Classification,True,WARNING
MON-000586,2025-12-02,20:00,FRAUD_DETECTOR_V3,v3.5,0.853,0.8551,0.8421,0.851,0.9018,2459,17.71,0.1941,0.0537,2.26,Classification,False,OK
MON-000587,2025-12-03,08:00,FRAUD_DETECTOR_V3,v3.6,0.8497,0.8343,0.8445,0.8186,0.8863,2463,12.29,0.4481,0.3107,0.63,Classification,True,WARNING
MON-000588,2025-12-03,20:00,FRAUD_DETECTOR_V3,v1.8,0.83,0.8403,0.8207,0.8178,0.8854,2091,46.67,0.4566,0.2389,3.74,Classification,True,WARNING
MON-000589,2025-12-04,08:00,FRAUD_DETECTOR_V3,v3.7,0.8516,0.8479,0.8387,0.8471,0.9072,4886,17.42,0.2846,0.0516,1.65,Classification,False,OK
MON-000590,2025-12-04,20:00,FRAUD_DETECTOR_V3,v1.6,0.8381,0.8377,0.8482,0.8195,0.8991,2166,19.42,0.324,0.1998,4.09,Classification,True,WARNING
MON-000591,2025-12-05,08:00,FRAUD_DETECTOR_V3,v3.7,0.8437,0.848,0.8269,0.8288,0.8905,1930,11.75,0.2715,0.3742,0.61,Classification,False,OK
MON-000592,2025-12-05,20:00,FRAUD_DETECTOR_V3,v4.1,0.8475,0.8398,0.8799,0.8378,0.8918,4408,9.34,0.3189,0.2185,0.47,Classification,True,WARNING
MON-000593,2025-12-06,08:00,FRAUD_DETECTOR_V3,v3.9,0.8126,0.8052,0.8161,0.8066,0.855,2744,13.0,0.197,0.0458,0.69,Classification,False,OK
MON-000594,2025-12-06,20:00,FRAUD_DETECTOR_V3,v1.0,0.8408,0.8447,0.8381,0.8125,0.8815,947,13.06,0.2566,0.0174,0.3,Classification,False,OK
MON-000595,2025-12-07,08:00,FRAUD_DETECTOR_V3,v2.0,0.8115,0.8158,0.8417,0.7993,0.8664,2708,12.91,0.1937,0.0907,1.23,Classification,False,OK
MON-000596,2025-12-07,20:00,FRAUD_DETECTOR_V3,v1.2,0.8197,0.8426,0.8,0.8027,0.8694,814,12.76,0.2862,0.2853,1.41,Classification,False,OK
MON-000597,2025-12-08,08:00,FRAUD_DETECTOR_V3,v1.5,0.8385,0.8409,0.8269,0.8266,0.8932,2980,29.11,0.1636,0.1851,1.02,Classification,False,OK
MON-000598,2025-12-08,20:00,FRAUD_DETECTOR_V3,v4.3,0.8602,0.8656,0.8414,0.8478,0.9118,10094,15.96,0.181,0.1778,3.25,Classification,False,OK
MON-000599,2025-12-09,08:00,FRAUD_DETECTOR_V3,v2.1,0.836,0.8592,0.8356,0.8187,0.8818,1166,26.88,0.091,0.082,2.57,Classification,False,OK
MON-000600,2025-12-09,20:00,FRAUD_DETECTOR_V3,v2.5,0.8335,0.837,0.824,0.817,0.8748,6924,15.83,0.3536,0.1784,2.84,Classification,True,WARNING
MON-000601,2025-12-10,08:00,FRAUD_DETECTOR_V3,v1.0,0.8316,0.8359,0.8121,0.8203,0.8948,5513,22.68,0.1718,0.0533,0.82,Classification,False,OK
MON-000602,2025-12-10,20:00,FRAUD_DETECTOR_V3,v3.0,0.8484,0.8193,0.8307,0.8271,0.9007,641,28.05,0.3458,0.0958,0.05,Classification,True,WARNING
MON-000603,2025-12-11,08:00,FRAUD_DETECTOR_V3,v1.0,0.8182,0.8143,0.8232,0.8093,0.8801,3305,14.03,0.1677,0.1122,0.9,Classification,False,OK
MON-000604,2025-12-11,20:00,FRAUD_DETECTOR_V3,v3.1,0.8125,0.8145,0.822,0.789,0.8672,9620,37.21,0.7322,0.2403,2.96,Classification,True,WARNING
MON-000605,2025-12-12,08:00,FRAUD_DETECTOR_V3,v3.5,0.8676,0.86,0.8469,0.8697,0.914,1641,20.7,0.2928,0.2587,2.65,Classification,False,OK
MON-000606,2025-12-12,20:00,FRAUD_DETECTOR_V3,v4.4,0.8488,0.851,0.8459,0.8366,0.8947,1574,11.09,0.1859,0.4534,1.36,Classification,False,OK
MON-000607,2025-12-13,08:00,FRAUD_DETECTOR_V3,v2.2,0.8265,0.8337,0.8203,0.8125,0.8685,1292,14.51,0.1611,0.1502,1.35,Classification,False,OK
MON-000608,2025-12-13,20:00,FRAUD_DETECTOR_V3,v4.1,0.8277,0.8369,0.8178,0.8056,0.8904,3814,16.79,0.1348,0.2656,0.84,Classification,False,OK
MON-000609,2025-12-14,08:00,FRAUD_DETECTOR_V3,v2.5,0.8294,0.8283,0.8535,0.8116,0.8934,589,15.92,0.2728,0.5064,1.43,Classification,False,OK
MON-000610,2025-12-14,20:00,FRAUD_DETECTOR_V3,v2.9,0.8144,0.7988,0.8136,0.8023,0.8613,899,5.95,0.408,0.3456,0.29,Classification,True,WARNING
MON-000611,2025-12-15,08:00,FRAUD_DETECTOR_V3,v4.7,0.8342,0.8351,0.8367,0.8297,0.8908,1246,11.33,0.0243,0.3857,0.14,Classification,False,OK
MON-000612,2025-12-15,20:00,FRAUD_DETECTOR_V3,v1.8,0.8409,0.8367,0.8511,0.8129,0.8874,446,28.01,0.2953,0.2717,5.5,Classification,False,OK
MON-000613,2025-12-16,08:00,FRAUD_DETECTOR_V3,v2.9,0.8675,0.8599,0.8688,0.837,0.9027,566,17.9,0.3988,0.0475,2.5,Classification,True,WARNING
MON-000614,2025-12-16,20:00,FRAUD_DETECTOR_V3,v4.7,0.8425,0.8397,0.8422,0.8212,0.8868,1213,22.99,0.126,0.2255,0.28,Classification,False,OK
MON-000615,2025-12-17,08:00,FRAUD_DETECTOR_V3,v3.5,0.8552,0.8518,0.8676,0.8342,0.9125,2113,22.52,0.2199,0.0344,1.08,Classification,False,OK
MON-000616,2025-12-17,20:00,FRAUD_DETECTOR_V3,v4.3,0.8346,0.8324,0.8259,0.8135,0.8947,10683,17.8,0.5524,0.3141,0.55,Classification,True,WARNING
MON-000617,2025-12-18,08:00,FRAUD_DETECTOR_V3,v1.4,0.8312,0.8266,0.8244,0.8193,0.8812,8434,13.79,0.1795,0.1864,7.04,Classification,False,OK
MON-000618,2025-12-18,20:00,FRAUD_DETECTOR_V3,v3.1,0.8402,0.8546,0.8253,0.8257,0.8834,4684,14.92,0.072,0.3498,1.44,Classification,False,OK
MON-000619,2025-12-19,08:00,FRAUD_DETECTOR_V3,v3.8,0.8575,0.8601,0.8787,0.8381,0.8962,24971,21.68,0.0374,0.1548,2.65,Classification,False,OK
MON-000620,2025-12-19,20:00,FRAUD_DETECTOR_V3,v2.3,0.8283,0.8311,0.8367,0.8251,0.8752,2777,11.63,0.2891,0.1171,0.71,Classification,False,OK
MON-000621,2025-12-20,08:00,FRAUD_DETECTOR_V3,v1.1,0.8448,0.8489,0.8482,0.8504,0.8923,6699,24.48,0.2486,0.1872,0.46,Classification,False,OK
MON-000622,2025-12-20,20:00,FRAUD_DETECTOR_V3,v4.0,0.8442,0.8305,0.8676,0.8327,0.8917,1968,40.21,0.4648,0.1627,0.27,Classification,True,WARNING
MON-000623,2025-12-21,08:00,FRAUD_DETECTOR_V3,v2.0,0.8398,0.8499,0.8214,0.8273,0.8781,5686,6.49,0.191,0.3204,1.44,Classification,False,OK
MON-000624,2025-12-21,20:00,FRAUD_DETECTOR_V3,v2.7,0.8575,0.89,0.8563,0.8411,0.9111,1566,26.25,0.2486,0.202,0.64,Classification,False,OK
MON-000625,2025-12-22,08:00,FRAUD_DETECTOR_V3,v4.3,0.8411,0.8315,0.8188,0.8133,0.8921,456,18.21,0.3964,0.5103,3.63,Classification,True,WARNING
MON-000626,2025-12-22,20:00,FRAUD_DETECTOR_V3,v4.1,0.8374,0.8307,0.8163,0.8304,0.8846,2249,25.92,0.0829,0.3592,1.19,Classification,False,OK
MON-000627,2025-12-23,08:00,FRAUD_DETECTOR_V3,v3.3,0.8391,0.8337,0.856,0.8201,0.8892,10945,15.07,0.1802,0.2775,0.15,Classification,False,OK
MON-000628,2025-12-23,20:00,FRAUD_DETECTOR_V3,v3.4,0.7978,0.8008,0.8232,0.7813,0.8532,506,40.08,0.5205,0.4562,0.12,Classification,True,WARNING
MON-000629,2025-12-24,08:00,FRAUD_DETECTOR_V3,v4.2,0.837,0.8356,0.8308,0.8216,0.8925,1074,18.27,0.4685,0.3252,2.29,Classification,True,WARNING
MON-000630,2025-12-24,20:00,FRAUD_DETECTOR_V3,v1.2,0.8189,0.8137,0.8127,0.7907,0.8815,3793,21.93,0.2405,0.1631,1.97,Classification,False,OK
MON-000631,2025-12-25,08:00,FRAUD_DETECTOR_V3,v2.5,0.836,0.8419,0.8294,0.8322,0.8988,5333,24.58,0.6889,0.1481,2.03,Classification,True,WARNING
MON-000632,2025-12-25,20:00,FRAUD_DETECTOR_V3,v4.7,0.8397,0.8435,0.865,0.8311,0.8948,7735,21.48,0.3918,0.3906,2.31,Classification,True,WARNING
MON-000633,2025-12-26,08:00,FRAUD_DETECTOR_V3,v2.6,0.8493,0.8615,0.8405,0.8243,0.8977,8250,21.96,0.0416,0.0788,4.45,Classification,False,OK
MON-000634,2025-12-26,20:00,FRAUD_DETECTOR_V3,v2.1,0.8804,0.8818,0.9054,0.8526,0.9239,2959,23.12,0.3043,0.5628,0.91,Classification,True,WARNING
MON-000635,2025-12-27,08:00,FRAUD_DETECTOR_V3,v3.6,0.867,0.8666,0.8677,0.8419,0.9256,856,15.71,0.6314,0.3339,4.12,Classification,True,WARNING
MON-000636,2025-12-27,20:00,FRAUD_DETECTOR_V3,v2.4,0.8399,0.8355,0.8326,0.8152,0.878,7866,17.38,0.1386,0.1344,0.53,Classification,False,OK
MON-000637,2025-12-28,08:00,FRAUD_DETECTOR_V3,v1.2,0.8512,0.8536,0.8553,0.8232,0.9021,1254,33.68,0.1777,0.2854,3.05,Classification,False,OK
MON-000638,2025-12-28,20:00,FRAUD_DETECTOR_V3,v4.1,0.832,0.8216,0.8604,0.8185,0.8727,1136,9.28,0.5033,0.2833,3.75,Classification,True,WARNING
MON-000639,2025-12-29,08:00,FRAUD_DETECTOR_V3,v1.3,0.8439,0.8547,0.8463,0.83,0.9036,14898,13.38,0.2776,0.2306,1.52,Classification,False,OK
MON-000640,2025-12-29,20:00,FRAUD_DETECTOR_V3,v1.7,0.8443,0.8505,0.8414,0.8152,0.9024,2156,8.52,0.1286,0.1696,1.57,Classification,False,OK
MON-000641,2025-12-30,08:00,FRAUD_DETECTOR_V3,v2.4,0.8204,0.8226,0.8284,0.824,0.8707,3844,8.61,0.1919,0.094,7.69,Classification,False,OK
MON-000642,2025-12-30,20:00,FRAUD_DETECTOR_V3,v1.7,0.8308,0.8267,0.8273,0.8043,0.9097,7567,12.21,0.1848,0.4815,0.98,Classification,False,OK
MON-000643,2025-12-31,08:00,FRAUD_DETECTOR_V3,v4.5,0.806,0.8224,0.7891,0.7701,0.8486,3279,17.94,0.158,0.276,10.69,Classification,False,OK
MON-000644,2025-12-31,20:00,FRAUD_DETECTOR_V3,v3.1,0.8364,0.831,0.8353,0.826,0.8909,3286,26.19,0.3612,0.1477,3.3,Classification,True,WARNING
MON-000645,2026-01-01,08:00,FRAUD_DETECTOR_V3,v1.5,0.8392,0.8307,0.8523,0.8223,0.8948,14804,24.3,0.5435,0.0427,0.94,Classification,True,WARNING
MON-000646,2026-01-01,20:00,FRAUD_DETECTOR_V3,v4.3,0.8385,0.8354,0.8451,0.8179,0.8908,1132,27.27,0.7952,0.1921,1.2,Classification,True,WARNING
MON-000647,2026-01-02,08:00,FRAUD_DETECTOR_V3,v2.6,0.8199,0.8281,0.8006,0.8048,0.8671,3464,14.68,0.2473,0.2407,1.86,Classification,False,OK
MON-000648,2026-01-02,20:00,FRAUD_DETECTOR_V3,v4.8,0.8383,0.8526,0.8503,0.8211,0.8894,4398,52.9,0.4215,0.2751,4.57,Classification,True,WARNING
MON-000649,2026-01-03,08:00,FRAUD_DETECTOR_V3,v3.0,0.8431,0.8537,0.8508,0.8331,0.9109,337,19.75,0.3373,0.3266,1.54,Classification,True,WARNING
MON-000650,2026-01-03,20:00,FRAUD_DETECTOR_V3,v4.4,0.8491,0.836,0.851,0.8301,0.8996,1463,39.47,0.2436,0.1253,0.68,Classification,False,OK
MON-000651,2026-01-04,08:00,FRAUD_DETECTOR_V3,v3.1,0.8452,0.8446,0.8615,0.8235,0.9017,838,16.33,0.0406,0.1412,0.48,Classification,False,OK
MON-000652,2026-01-04,20:00,FRAUD_DETECTOR_V3,v1.6,0.8336,0.8288,0.8473,0.819,0.8675,7303,14.24,0.1234,0.1387,1.71,Classification,False,OK
MON-000653,2026-01-05,08:00,FRAUD_DETECTOR_V3,v4.3,0.837,0.8409,0.8502,0.828,0.8855,3284,23.11,0.2343,0.1474,7.55,Classification,False,OK
MON-000654,2026-01-05,20:00,FRAUD_DETECTOR_V3,v3.3,0.8449,0.842,0.8186,0.8271,0.9178,2534,10.58,0.3139,0.2621,1.17,Classification,True,WARNING
MON-000655,2026-01-06,08:00,FRAUD_DETECTOR_V3,v4.2,0.8313,0.839,0.8409,0.8142,0.8763,2377,10.52,0.4844,0.2493,2.73,Classification,True,WARNING
MON-000656,2026-01-06,20:00,FRAUD_DETECTOR_V3,v3.8,0.8227,0.8181,0.8183,0.8189,0.8672,9065,37.07,0.1886,0.1426,1.49,Classification,False,OK
MON-000657,2026-01-07,08:00,FRAUD_DETECTOR_V3,v4.8,0.8322,0.8237,0.8372,0.816,0.8996,2662,21.17,0.1271,0.0995,0.08,Classification,False,OK
MON-000658,2026-01-07,20:00,FRAUD_DETECTOR_V3,v4.1,0.8475,0.8605,0.8334,0.8162,0.8914,4026,17.24,0.0779,0.1778,0.41,Classification,False,OK
MON-000659,2026-01-08,08:00,FRAUD_DETECTOR_V3,v1.3,0.8541,0.8538,0.8679,0.8378,0.8969,1319,39.37,0.5616,0.146,1.37,Classification,True,WARNING
MON-000660,2026-01-08,20:00,FRAUD_DETECTOR_V3,v1.3,0.8583,0.8672,0.8744,0.8412,0.9154,7189,13.96,0.1981,0.0865,3.51,Classification,False,OK
MON-000661,2026-01-09,08:00,FRAUD_DETECTOR_V3,v1.0,0.8227,0.8112,0.8213,0.8088,0.8965,8509,75.19,0.1606,0.2184,1.39,Classification,False,OK
MON-000662,2026-01-09,20:00,FRAUD_DETECTOR_V3,v1.9,0.812,0.8025,0.7865,0.798,0.8712,582,18.49,0.3202,0.4523,0.27,Classification,True,WARNING
MON-000663,2026-01-10,08:00,FRAUD_DETECTOR_V3,v3.3,0.8255,0.8128,0.8335,0.8092,0.8762,1766,13.7,0.0498,0.18,1.01,Classification,False,OK
MON-000664,2026-01-10,20:00,FRAUD_DETECTOR_V3,v1.8,0.8351,0.8274,0.8381,0.8216,0.8985,1114,33.26,0.1423,0.2764,0.53,Classification,False,OK
MON-000665,2026-01-11,08:00,FRAUD_DETECTOR_V3,v1.4,0.8634,0.8566,0.8347,0.8343,0.9115,3623,14.05,0.3864,0.3096,0.34,Classification,True,WARNING
MON-000666,2026-01-11,20:00,FRAUD_DETECTOR_V3,v2.9,0.8063,0.7986,0.8062,0.8123,0.8513,3404,20.8,0.2196,0.2581,0.13,Classification,False,OK
MON-000667,2026-01-12,08:00,FRAUD_DETECTOR_V3,v4.6,0.8422,0.8418,0.8544,0.8261,0.9072,5505,55.35,0.1172,0.1391,2.04,Classification,False,OK
MON-000668,2026-01-12,20:00,FRAUD_DETECTOR_V3,v4.1,0.8338,0.8238,0.8002,0.8067,0.8971,1505,16.9,0.2274,0.2369,2.3,Classification,False,OK
MON-000669,2026-01-13,08:00,FRAUD_DETECTOR_V3,v2.4,0.8117,0.8041,0.8126,0.781,0.8581,2721,20.08,0.328,0.3409,2.03,Classification,True,WARNING
MON-000670,2026-01-13,20:00,FRAUD_DETECTOR_V3,v4.3,0.8119,0.8141,0.8153,0.8002,0.8723,1962,22.09,0.4803,0.2545,2.8,Classification,True,WARNING
MON-000671,2026-01-14,08:00,FRAUD_DETECTOR_V3,v2.3,0.862,0.8816,0.8654,0.8408,0.925,743,36.85,0.1008,0.0467,0.87,Classification,False,OK
MON-000672,2026-01-14,20:00,FRAUD_DETECTOR_V3,v3.4,0.8498,0.8546,0.8464,0.8358,0.8983,943,17.78,0.3367,0.252,0.76,Classification,True,WARNING
MON-000673,2026-01-15,08:00,FRAUD_DETECTOR_V3,v3.0,0.8585,0.8623,0.8607,0.8621,0.9101,422,44.82,0.6253,0.1764,0.48,Classification,True,WARNING
MON-000674,2026-01-15,20:00,FRAUD_DETECTOR_V3,v1.2,0.8187,0.816,0.8155,0.8026,0.8568,10523,17.85,0.1895,0.2073,0.52,Classification,False,OK
MON-000675,2026-01-16,08:00,FRAUD_DETECTOR_V3,v4.4,0.8452,0.8254,0.8411,0.839,0.8951,853,30.11,0.3568,0.2563,0.63,Classification,True,WARNING
MON-000676,2026-01-16,20:00,FRAUD_DETECTOR_V3,v2.2,0.8846,0.8826,0.8917,0.8573,0.9287,2019,15.16,0.1989,0.3795,2.37,Classification,False,OK
MON-000677,2026-01-17,08:00,FRAUD_DETECTOR_V3,v3.1,0.8347,0.8245,0.8731,0.8206,0.8826,13949,22.15,0.1759,0.0684,0.53,Classification,False,OK
MON-000678,2026-01-17,20:00,FRAUD_DETECTOR_V3,v2.2,0.8404,0.8507,0.8397,0.8153,0.8773,1724,26.63,0.0709,0.0377,0.02,Classification,False,OK
MON-000679,2026-01-18,08:00,FRAUD_DETECTOR_V3,v3.7,0.8396,0.8553,0.8293,0.8115,0.9028,6999,20.08,0.4442,0.0111,0.07,Classification,True,WARNING
MON-000680,2026-01-18,20:00,FRAUD_DETECTOR_V3,v2.0,0.8372,0.8281,0.8353,0.8223,0.898,1952,12.93,0.4994,0.3436,3.08,Classification,True,WARNING
MON-000681,2026-01-19,08:00,FRAUD_DETECTOR_V3,v4.6,0.8238,0.8236,0.8224,0.8218,0.8869,3949,16.72,0.3289,0.0883,0.18,Classification,True,WARNING
MON-000682,2026-01-19,20:00,FRAUD_DETECTOR_V3,v3.0,0.8402,0.8266,0.8303,0.8329,0.8906,2273,32.4,0.1527,0.1553,1.59,Classification,False,OK
MON-000683,2026-01-20,08:00,FRAUD_DETECTOR_V3,v2.4,0.8719,0.8802,0.8619,0.8811,0.9188,857,16.13,0.0572,0.0862,0.88,Classification,False,OK
MON-000684,2026-01-20,20:00,FRAUD_DETECTOR_V3,v1.2,0.8383,0.8508,0.8256,0.821,0.8914,19772,57.0,0.6905,0.0349,1.74,Classification,True,WARNING
MON-000685,2026-01-21,08:00,FRAUD_DETECTOR_V3,v1.9,0.8637,0.8694,0.8552,0.8498,0.9174,7978,21.62,0.2525,0.2861,0.05,Classification,False,OK
MON-000686,2026-01-21,20:00,FRAUD_DETECTOR_V3,v3.7,0.8964,0.8996,0.8975,0.885,0.9614,2384,21.62,0.1515,0.2421,5.7,Classification,False,OK
MON-000687,2026-01-22,08:00,FRAUD_DETECTOR_V3,v1.7,0.823,0.8226,0.8216,0.8077,0.8748,1167,23.44,0.346,0.4,0.21,Classification,True,WARNING
MON-000688,2026-01-22,20:00,FRAUD_DETECTOR_V3,v2.7,0.8501,0.855,0.8671,0.8418,0.9012,1248,21.54,0.2951,0.0821,2.1,Classification,False,OK
MON-000689,2026-01-23,08:00,FRAUD_DETECTOR_V3,v1.0,0.816,0.8132,0.7853,0.7943,0.874,2161,47.25,0.2029,0.2319,5.42,Classification,False,OK
MON-000690,2026-01-23,20:00,FRAUD_DETECTOR_V3,v1.9,0.8364,0.8327,0.8338,0.8129,0.8678,1138,16.91,0.3721,0.0965,0.55,Classification,True,WARNING
MON-000691,2026-01-24,08:00,FRAUD_DETECTOR_V3,v3.3,0.7496,0.7622,0.741,0.7296,0.8145,2892,25.02,0.3621,0.1769,1.88,Classification,True,CRITICAL
MON-000692,2026-01-24,20:00,FRAUD_DETECTOR_V3,v2.2,0.8521,0.86,0.8339,0.8252,0.9097,10490,34.33,0.5073,0.031,3.79,Classification,True,WARNING
MON-000693,2026-01-25,08:00,FRAUD_DETECTOR_V3,v1.1,0.8453,0.8396,0.833,0.8119,0.8999,1750,46.52,0.1859,0.3804,4.07,Classification,False,OK
MON-000694,2026-01-25,20:00,FRAUD_DETECTOR_V3,v3.5,0.8155,0.8336,0.7881,0.7977,0.8719,11334,24.34,0.1161,0.1727,8.44,Classification,False,OK
MON-000695,2026-01-26,08:00,FRAUD_DETECTOR_V3,v4.7,0.8271,0.8201,0.8247,0.7886,0.8864,989,10.47,0.2923,0.0987,2.01,Classification,False,OK
MON-000696,2026-01-26,20:00,FRAUD_DETECTOR_V3,v3.8,0.8224,0.8418,0.8225,0.802,0.899,8347,9.88,0.3278,0.0167,0.8,Classification,True,WARNING
MON-000697,2026-01-27,08:00,FRAUD_DETECTOR_V3,v3.7,0.8185,0.8055,0.7975,0.7819,0.865,9034,24.9,0.0285,0.0663,1.38,Classification,False,OK
MON-000698,2026-01-27,20:00,FRAUD_DETECTOR_V3,v3.5,0.8557,0.8542,0.8548,0.8543,0.9173,8542,25.9,0.3115,0.1879,0.48,Classification,True,WARNING
MON-000699,2026-01-28,08:00,FRAUD_DETECTOR_V3,v4.0,0.8529,0.8574,0.854,0.8319,0.9073,4612,21.3,0.298,0.3311,1.05,Classification,False,OK
MON-000700,2026-01-28,20:00,FRAUD_DETECTOR_V3,v3.4,0.8358,0.8393,0.8219,0.7915,0.8782,2765,17.66,0.3892,0.3173,4.41,Classification,True,WARNING
MON-000701,2026-01-29,08:00,FRAUD_DETECTOR_V3,v3.8,0.8281,0.83,0.8295,0.8119,0.8898,7533,19.51,0.0953,0.093,1.29,Classification,False,OK
MON-000702,2026-01-29,20:00,FRAUD_DETECTOR_V3,v4.1,0.8536,0.8663,0.8543,0.8391,0.9074,3468,19.28,0.2923,0.2529,0.81,Classification,False,OK
MON-000703,2026-01-30,08:00,FRAUD_DETECTOR_V3,v3.8,0.8727,0.8771,0.8698,0.8494,0.9267,3318,18.91,0.3986,0.0285,5.48,Classification,True,WARNING
MON-000704,2026-01-30,20:00,FRAUD_DETECTOR_V3,v1.2,0.8588,0.864,0.8706,0.8575,0.9115,1132,24.55,0.2751,0.255,0.52,Classification,False,OK
MON-000705,2026-01-31,08:00,FRAUD_DETECTOR_V3,v4.3,0.8412,0.8351,0.8569,0.8301,0.8961,1172,20.42,0.2932,0.0302,2.81,Classification,False,OK
MON-000706,2026-01-31,20:00,FRAUD_DETECTOR_V3,v2.5,0.8574,0.8656,0.8738,0.8379,0.9163,4929,14.22,0.3404,0.1176,0.35,Classification,True,WARNING
MON-000707,2026-02-01,08:00,FRAUD_DETECTOR_V3,v4.0,0.8583,0.8539,0.8454,0.8463,0.9044,2086,16.9,0.2729,0.1448,0.51,Classification,False,OK
MON-000708,2026-02-01,20:00,FRAUD_DETECTOR_V3,v2.9,0.842,0.8534,0.8392,0.8403,0.8917,6220,10.1,0.1387,0.3234,0.97,Classification,False,OK
MON-000709,2026-02-02,08:00,FRAUD_DETECTOR_V3,v4.5,0.842,0.8564,0.8124,0.8132,0.903,7733,6.99,0.3704,0.1169,0.15,Classification,True,WARNING
MON-000710,2026-02-02,20:00,FRAUD_DETECTOR_V3,v2.1,0.8284,0.8291,0.8386,0.8038,0.8691,765,20.63,0.2872,0.2334,1.13,Classification,False,OK
MON-000711,2026-02-03,08:00,FRAUD_DETECTOR_V3,v2.6,0.8555,0.8607,0.8682,0.8386,0.9165,1450,22.95,0.5465,0.207,2.4,Classification,True,WARNING
MON-000712,2026-02-03,20:00,FRAUD_DETECTOR_V3,v1.4,0.8355,0.8384,0.8522,0.8024,0.886,1360,11.33,0.1501,0.0213,2.14,Classification,False,OK
MON-000713,2026-02-04,08:00,FRAUD_DETECTOR_V3,v4.8,0.8193,0.8186,0.8472,0.8057,0.8803,13605,25.59,0.2392,0.192,0.28,Classification,False,OK
MON-000714,2026-02-04,20:00,FRAUD_DETECTOR_V3,v2.4,0.82,0.8178,0.836,0.8197,0.8759,2595,23.19,0.1331,0.5553,1.16,Classification,False,OK
MON-000715,2026-02-05,08:00,FRAUD_DETECTOR_V3,v3.5,0.838,0.8267,0.8461,0.82,0.8842,4225,14.37,0.197,0.074,0.94,Classification,False,OK
MON-000716,2026-02-05,20:00,FRAUD_DETECTOR_V3,v4.9,0.8199,0.8133,0.8214,0.788,0.866,1351,19.19,0.2223,0.1253,1.56,Classification,False,OK
MON-000717,2026-02-06,08:00,FRAUD_DETECTOR_V3,v4.4,0.8932,0.8942,0.9322,0.8832,0.9368,3150,10.37,0.2721,0.4192,0.57,Classification,False,OK
MON-000718,2026-02-06,20:00,FRAUD_DETECTOR_V3,v3.3,0.8485,0.8629,0.8525,0.8477,0.8875,1687,26.82,0.0379,0.0671,2.51,Classification,False,OK
MON-000719,2026-02-07,08:00,FRAUD_DETECTOR_V3,v1.9,0.8289,0.8323,0.8651,0.7857,0.8806,491,7.41,0.1129,0.238,2.58,Classification,False,OK
MON-000720,2026-02-07,20:00,FRAUD_DETECTOR_V3,v3.9,0.8424,0.8538,0.8322,0.8308,0.8949,1637,18.29,0.3469,0.1394,3.09,Classification,True,WARNING
MON-000721,2026-02-08,08:00,FRAUD_DETECTOR_V3,v1.6,0.8535,0.836,0.8488,0.8427,0.9103,3760,37.65,0.4393,0.2482,0.15,Classification,True,WARNING
MON-000722,2026-02-08,20:00,FRAUD_DETECTOR_V3,v4.9,0.8431,0.8567,0.8545,0.8309,0.8909,89787,19.7,0.0619,0.4788,5.98,Classification,False,OK
MON-000723,2026-02-09,08:00,FRAUD_DETECTOR_V3,v3.4,0.8195,0.8261,0.7744,0.8054,0.876,819,15.67,0.3305,0.2238,1.24,Classification,True,WARNING
MON-000724,2026-02-09,20:00,FRAUD_DETECTOR_V3,v1.0,0.8365,0.8469,0.8329,0.8209,0.8982,2689,10.15,0.3756,0.193,5.42,Classification,True,WARNING
MON-000725,2026-02-10,08:00,FRAUD_DETECTOR_V3,v4.2,0.8339,0.8145,0.8519,0.8147,0.9034,3828,58.59,0.0588,0.3244,1.98,Classification,False,OK
MON-000726,2026-02-10,20:00,FRAUD_DETECTOR_V3,v4.2,0.8296,0.8256,0.8239,0.8275,0.8714,6822,10.35,0.1276,0.0617,0.44,Classification,False,OK
MON-000727,2026-02-11,08:00,FRAUD_DETECTOR_V3,v3.9,0.8221,0.8116,0.8221,0.8065,0.8858,2055,37.39,0.42,0.3637,5.02,Classification,True,WARNING
MON-000728,2026-02-11,20:00,FRAUD_DETECTOR_V3,v2.4,0.8561,0.8633,0.8325,0.8626,0.9107,1691,16.36,0.0876,0.0471,3.49,Classification,False,OK
MON-000729,2026-02-12,08:00,FRAUD_DETECTOR_V3,v4.4,0.848,0.8531,0.8419,0.8404,0.9019,6293,21.93,0.0767,0.2275,1.95,Classification,False,OK
MON-000730,2026-02-12,20:00,FRAUD_DETECTOR_V3,v1.4,0.8479,0.8572,0.8355,0.832,0.8952,6095,18.69,0.4044,0.0662,5.41,Classification,True,WARNING
MON-000731,2026-02-13,08:00,FRAUD_DETECTOR_V3,v1.7,0.8015,0.7978,0.8128,0.7765,0.8643,7149,10.91,0.1657,0.2116,2.16,Classification,False,OK
MON-000732,2026-02-13,20:00,FRAUD_DETECTOR_V3,v1.3,0.8306,0.8388,0.8427,0.8195,0.8844,5883,13.48,0.4403,0.073,1.96,Classification,True,WARNING
MON-000733,2026-02-14,08:00,FRAUD_DETECTOR_V3,v3.9,0.8636,0.8636,0.8516,0.8381,0.9021,610,37.95,0.6695,0.5527,3.05,Classification,True,WARNING
MON-000734,2026-02-14,20:00,FRAUD_DETECTOR_V3,v1.0,0.8464,0.8581,0.8322,0.823,0.8802,6228,6.86,0.2662,0.3577,0.96,Classification,False,OK
MON-000735,2026-02-15,08:00,FRAUD_DETECTOR_V3,v4.4,0.8153,0.8221,0.8387,0.7954,0.8669,3467,18.45,0.1932,0.249,1.61,Classification,False,OK
MON-000736,2026-02-15,20:00,FRAUD_DETECTOR_V3,v1.6,0.8719,0.8646,0.8521,0.8419,0.9278,319,47.68,0.1204,0.1045,0.16,Classification,False,OK
MON-000737,2026-02-16,08:00,FRAUD_DETECTOR_V3,v3.0,0.79,0.7929,0.8017,0.7915,0.8344,5461,25.26,0.2657,0.0423,1.07,Classification,True,WARNING
MON-000738,2026-02-16,20:00,FRAUD_DETECTOR_V3,v1.4,0.841,0.8272,0.8416,0.8124,0.8886,1929,25.25,0.315,0.4534,0.18,Classification,True,WARNING
MON-000739,2026-02-17,08:00,FRAUD_DETECTOR_V3,v2.5,0.8728,0.8847,0.8895,0.858,0.9343,8265,25.65,0.2188,0.1392,1.12,Classification,False,OK
MON-000740,2026-02-17,20:00,FRAUD_DETECTOR_V3,v3.8,0.8071,0.8137,0.8101,0.7831,0.8549,2361,19.49,0.4693,0.3261,2.35,Classification,True,WARNING
MON-000741,2026-02-18,08:00,FRAUD_DETECTOR_V3,v2.1,0.8289,0.8359,0.821,0.7983,0.8849,5310,16.26,0.436,0.3699,1.88,Classification,True,WARNING
MON-000742,2026-02-18,20:00,FRAUD_DETECTOR_V3,v3.2,0.8103,0.8195,0.7928,0.7919,0.8562,4843,35.97,0.3846,0.5248,0.01,Classification,True,WARNING
MON-000743,2026-02-19,08:00,FRAUD_DETECTOR_V3,v2.6,0.8666,0.8688,0.8495,0.8479,0.9291,1023,11.23,0.3496,0.1771,2.57,Classification,True,WARNING
MON-000744,2026-02-19,20:00,FRAUD_DETECTOR_V3,v1.4,0.822,0.8074,0.8031,0.8205,0.8763,11291,25.94,0.1981,0.2387,1.28,Classification,False,OK
MON-000745,2026-02-20,08:00,FRAUD_DETECTOR_V3,v2.0,0.8583,0.8679,0.8566,0.8452,0.9106,1316,12.68,0.2191,0.2392,1.75,Classification,False,OK
MON-000746,2026-02-20,20:00,FRAUD_DETECTOR_V3,v4.5,0.8661,0.8588,0.8783,0.8509,0.931,1189,14.53,0.1387,0.0824,3.45,Classification,False,OK
MON-000747,2026-02-21,08:00,FRAUD_DETECTOR_V3,v2.6,0.8126,0.8044,0.7989,0.8039,0.8494,8138,35.72,0.1838,0.3283,0.15,Classification,False,OK
MON-000748,2026-02-21,20:00,FRAUD_DETECTOR_V3,v4.6,0.8084,0.8159,0.7929,0.7895,0.866,3558,17.15,0.2069,0.1517,3.71,Classification,False,OK
MON-000749,2026-02-22,08:00,FRAUD_DETECTOR_V3,v1.4,0.8479,0.8427,0.8506,0.8249,0.8837,26370,14.66,0.3184,0.1311,0.18,Classification,True,WARNING
MON-000750,2026-02-22,20:00,FRAUD_DETECTOR_V3,v3.9,0.8538,0.8555,0.8747,0.8303,0.9063,969,46.57,0.1618,0.0399,8.85,Classification,False,OK
MON-000751,2026-02-23,08:00,FRAUD_DETECTOR_V3,v3.2,0.7581,0.7653,0.7697,0.7359,0.8102,5837,12.17,0.1733,0.0606,4.33,Classification,True,WARNING
MON-000752,2026-02-23,20:00,FRAUD_DETECTOR_V3,v4.5,0.8388,0.8457,0.8374,0.8249,0.8938,4639,53.4,0.1891,0.0944,10.32,Classification,False,OK
MON-000753,2026-02-24,08:00,FRAUD_DETECTOR_V3,v2.3,0.8678,0.8789,0.8524,0.8362,0.9022,10593,22.7,0.4169,0.2603,1.09,Classification,True,WARNING
MON-000754,2026-02-24,20:00,FRAUD_DETECTOR_V3,v3.2,0.8334,0.8279,0.8342,0.8145,0.8874,12784,35.9,0.7756,0.1616,0.65,Classification,True,WARNING
MON-000755,2026-02-25,08:00,FRAUD_DETECTOR_V3,v4.8,0.8657,0.8627,0.879,0.8614,0.9296,6294,13.75,0.338,0.1367,0.4,Classification,True,WARNING
MON-000756,2026-02-25,20:00,FRAUD_DETECTOR_V3,v2.4,0.8267,0.8302,0.8354,0.8131,0.8722,5042,32.4,0.1627,0.1907,0.23,Classification,False,OK
MON-000757,2026-02-26,08:00,FRAUD_DETECTOR_V3,v3.1,0.8861,0.8733,0.89,0.8674,0.931,2981,31.34,0.5559,0.225,4.56,Classification,True,WARNING
MON-000758,2026-02-26,20:00,FRAUD_DETECTOR_V3,v3.9,0.8205,0.8124,0.8371,0.7989,0.8669,3053,15.07,0.0325,0.3175,0.4,Classification,False,OK
MON-000759,2026-02-27,08:00,FRAUD_DETECTOR_V3,v4.8,0.8618,0.853,0.8843,0.8362,0.9218,7316,16.59,0.0986,0.1993,0.45,Classification,False,OK
MON-000760,2026-02-27,20:00,FRAUD_DETECTOR_V3,v2.6,0.8188,0.7978,0.8313,0.8148,0.8623,5371,9.39,0.2302,0.0246,1.84,Classification,False,OK
MON-000761,2026-02-28,08:00,FRAUD_DETECTOR_V3,v4.1,0.8539,0.8485,0.8238,0.8378,0.9017,5353,11.73,0.461,0.1682,1.75,Classification,True,WARNING
MON-000762,2026-02-28,20:00,FRAUD_DETECTOR_V3,v2.8,0.838,0.8381,0.8525,0.8162,0.8976,2774,29.93,0.0465,0.1354,3.61,Classification,False,OK
MON-000763,2026-03-01,08:00,FRAUD_DETECTOR_V3,v4.5,0.8436,0.8453,0.8414,0.8238,0.887,755,18.53,0.2766,0.2362,0.37,Classification,False,OK
MON-000764,2026-03-01,20:00,FRAUD_DETECTOR_V3,v3.7,0.8514,0.8468,0.8534,0.8257,0.9126,1588,10.23,0.1179,0.2003,0.08,Classification,False,OK
MON-000765,2026-03-02,08:00,FRAUD_DETECTOR_V3,v3.6,0.843,0.8344,0.8392,0.8272,0.8889,1694,25.28,0.2849,0.0346,6.69,Classification,False,OK
MON-000766,2026-03-02,20:00,FRAUD_DETECTOR_V3,v4.6,0.8412,0.84,0.831,0.8254,0.8913,3784,39.62,0.1343,0.2515,2.14,Classification,False,OK
MON-000767,2026-03-03,08:00,FRAUD_DETECTOR_V3,v4.7,0.8009,0.7958,0.7653,0.7908,0.861,8987,34.05,0.2267,0.2323,0.66,Classification,False,OK
MON-000768,2026-03-03,20:00,FRAUD_DETECTOR_V3,v1.8,0.8656,0.842,0.8701,0.8334,0.9254,2762,35.2,0.2084,0.2156,1.03,Classification,False,OK
MON-000769,2026-03-04,08:00,FRAUD_DETECTOR_V3,v1.6,0.8686,0.8599,0.849,0.8525,0.9159,1250,7.71,0.0468,0.0051,0.51,Classification,False,OK
MON-000770,2026-03-04,20:00,FRAUD_DETECTOR_V3,v1.2,0.8358,0.8389,0.8437,0.8246,0.8782,495,25.3,0.0348,0.0904,1.45,Classification,False,OK
MON-000771,2026-03-05,08:00,FRAUD_DETECTOR_V3,v3.3,0.8491,0.849,0.8432,0.8305,0.9146,1926,7.88,0.3628,0.5981,1.25,Classification,True,WARNING
MON-000772,2026-03-05,20:00,FRAUD_DETECTOR_V3,v3.2,0.8653,0.8672,0.8821,0.8612,0.9143,1125,10.87,0.3756,0.2099,1.54,Classification,True,WARNING
MON-000773,2026-03-06,08:00,FRAUD_DETECTOR_V3,v3.0,0.85,0.8561,0.8761,0.8393,0.9055,6823,32.35,0.2156,0.1095,3.8,Classification,False,OK
MON-000774,2026-03-06,20:00,FRAUD_DETECTOR_V3,v4.2,0.8273,0.83,0.8254,0.8214,0.8855,5967,24.27,0.4221,0.204,6.86,Classification,True,WARNING
MON-000775,2026-03-07,08:00,FRAUD_DETECTOR_V3,v4.0,0.8139,0.8148,0.8061,0.7871,0.8578,1374,39.51,0.1396,0.2215,2.93,Classification,False,OK
MON-000776,2026-03-07,20:00,FRAUD_DETECTOR_V3,v4.8,0.8506,0.8465,0.8397,0.8157,0.8886,4201,18.49,0.4315,0.2697,1.41,Classification,True,WARNING
MON-000777,2026-03-08,08:00,FRAUD_DETECTOR_V3,v4.0,0.8407,0.8338,0.8474,0.8266,0.8978,3291,37.43,0.3061,0.2338,1.91,Classification,True,WARNING
MON-000778,2026-03-08,20:00,FRAUD_DETECTOR_V3,v1.0,0.8377,0.8384,0.8291,0.8011,0.8747,1073,23.23,0.3872,0.1527,0.09,Classification,True,WARNING
MON-000779,2026-03-09,08:00,FRAUD_DETECTOR_V3,v3.1,0.8226,0.8124,0.8222,0.8003,0.8638,4367,12.75,0.1966,0.1206,1.72,Classification,False,OK
MON-000780,2026-03-09,20:00,FRAUD_DETECTOR_V3,v3.9,0.831,0.8381,0.817,0.8141,0.8886,3220,32.59,0.4213,0.1801,0.59,Classification,True,WARNING
MON-000781,2026-03-10,08:00,FRAUD_DETECTOR_V3,v1.4,0.8445,0.835,0.8453,0.835,0.8994,6820,20.03,0.3433,0.3175,1.28,Classification,True,WARNING
MON-000782,2026-03-10,20:00,FRAUD_DETECTOR_V3,v4.5,0.8319,0.8459,0.8569,0.8162,0.8863,2705,22.93,0.263,0.331,0.44,Classification,False,OK
MON-000783,2026-03-11,08:00,FRAUD_DETECTOR_V3,v1.1,0.8384,0.8379,0.8274,0.8359,0.8844,12657,34.99,0.192,0.1085,4.2,Classification,False,OK
MON-000784,2026-03-11,20:00,FRAUD_DETECTOR_V3,v1.3,0.8371,0.8485,0.8374,0.8136,0.9003,1675,64.52,0.2457,0.3047,6.26,Classification,False,OK
MON-000785,2026-03-12,08:00,FRAUD_DETECTOR_V3,v2.8,0.8509,0.8402,0.8583,0.825,0.8926,740,16.92,0.2698,0.188,2.67,Classification,False,OK
MON-000786,2026-03-12,20:00,FRAUD_DETECTOR_V3,v4.2,0.809,0.8255,0.829,0.815,0.8396,3678,27.12,0.3996,0.1264,0.3,Classification,True,WARNING
MON-000787,2026-03-13,08:00,FRAUD_DETECTOR_V3,v2.2,0.8306,0.8198,0.8479,0.8125,0.8641,9927,19.0,0.0314,0.1107,0.21,Classification,False,OK
MON-000788,2026-03-13,20:00,FRAUD_DETECTOR_V3,v3.4,0.8157,0.8151,0.8266,0.8006,0.8675,986,14.3,0.1906,0.155,0.38,Classification,False,OK
MON-000789,2026-03-14,08:00,FRAUD_DETECTOR_V3,v1.7,0.8408,0.8278,0.8469,0.8185,0.8909,2309,18.94,0.5363,0.2289,0.88,Classification,True,WARNING
MON-000790,2026-03-14,20:00,FRAUD_DETECTOR_V3,v2.1,0.8215,0.8217,0.8645,0.7964,0.8791,5369,30.13,0.6906,0.1341,2.66,Classification,True,WARNING
MON-000791,2026-03-15,08:00,FRAUD_DETECTOR_V3,v1.0,0.8564,0.855,0.8671,0.8378,0.9131,326,29.64,0.5568,0.2748,0.63,Classification,True,WARNING
MON-000792,2026-03-15,20:00,FRAUD_DETECTOR_V3,v2.9,0.8294,0.8065,0.8337,0.8231,0.8792,26874,9.67,0.5944,0.3286,4.33,Classification,True,WARNING
MON-000793,2026-03-16,08:00,FRAUD_DETECTOR_V3,v1.8,0.8261,0.8275,0.8442,0.8074,0.8627,3928,17.59,0.1313,0.3511,0.75,Classification,False,OK
MON-000794,2026-03-16,20:00,FRAUD_DETECTOR_V3,v1.3,0.8209,0.8261,0.8296,0.7801,0.8656,1968,46.77,0.3562,0.6246,0.5,Classification,True,WARNING
MON-000795,2026-03-17,08:00,FRAUD_DETECTOR_V3,v2.1,0.8426,0.834,0.8808,0.815,0.888,6952,9.44,0.1335,0.1173,2.28,Classification,False,OK
MON-000796,2026-03-17,20:00,FRAUD_DETECTOR_V3,v4.0,0.8122,0.8093,0.8038,0.8144,0.8784,3100,10.3,0.457,0.6346,1.51,Classification,True,WARNING
MON-000797,2026-03-18,08:00,FRAUD_DETECTOR_V3,v4.6,0.8357,0.8335,0.835,0.7942,0.8847,1781,35.81,0.2787,0.1938,0.57,Classification,False,OK
MON-000798,2026-03-18,20:00,FRAUD_DETECTOR_V3,v1.1,0.8352,0.8517,0.8152,0.8114,0.8955,6495,17.59,0.1516,0.0994,2.04,Classification,False,OK
MON-000799,2026-03-19,08:00,FRAUD_DETECTOR_V3,v3.6,0.8271,0.8291,0.8254,0.8149,0.8792,4358,7.47,0.4164,0.2401,0.05,Classification,True,WARNING
MON-000800,2026-03-19,20:00,FRAUD_DETECTOR_V3,v4.2,0.8419,0.8364,0.8242,0.8296,0.8912,434,18.3,0.2534,0.2572,0.46,Classification,False,OK
MON-000801,2025-09-01,08:00,CHURN_PREDICTION_V1,v2.8,0.8282,0.8173,0.8301,0.8164,0.8736,2081,15.05,0.388,0.4454,2.59,Classification,True,WARNING
MON-000802,2025-09-01,20:00,CHURN_PREDICTION_V1,v3.9,0.8432,0.8261,0.8328,0.8351,0.8984,1735,13.17,0.2153,0.195,2.57,Classification,False,OK
MON-000803,2025-09-02,08:00,CHURN_PREDICTION_V1,v4.9,0.8266,0.8253,0.8384,0.8079,0.8664,2106,63.16,0.5666,0.2284,0.47,Classification,True,WARNING
MON-000804,2025-09-02,20:00,CHURN_PREDICTION_V1,v1.6,0.8226,0.8237,0.8152,0.7961,0.8723,4111,8.22,0.5537,0.0779,0.43,Classification,True,WARNING
MON-000805,2025-09-03,08:00,CHURN_PREDICTION_V1,v2.0,0.8426,0.8304,0.8532,0.8236,0.8937,324,14.49,0.1262,0.0401,2.76,Classification,False,OK
MON-000806,2025-09-03,20:00,CHURN_PREDICTION_V1,v2.2,0.8536,0.8394,0.8504,0.8482,0.9056,7842,22.04,0.5052,0.2485,0.39,Classification,True,WARNING
MON-000807,2025-09-04,08:00,CHURN_PREDICTION_V1,v2.2,0.8945,0.8993,0.9124,0.8604,0.9362,1719,9.12,0.3287,0.1058,1.88,Classification,True,WARNING
MON-000808,2025-09-04,20:00,CHURN_PREDICTION_V1,v2.7,0.8306,0.8404,0.8292,0.8095,0.8768,6417,36.73,0.2166,0.2244,2.42,Classification,False,OK
MON-000809,2025-09-05,08:00,CHURN_PREDICTION_V1,v4.4,0.8528,0.8499,0.8463,0.8359,0.906,1702,13.29,0.145,0.1136,0.26,Classification,False,OK
MON-000810,2025-09-05,20:00,CHURN_PREDICTION_V1,v3.1,0.8285,0.8335,0.8012,0.8055,0.8807,2169,11.08,0.1875,0.1125,0.4,Classification,False,OK
MON-000811,2025-09-06,08:00,CHURN_PREDICTION_V1,v4.5,0.8525,0.8514,0.8322,0.8303,0.915,19604,27.47,0.3153,0.369,1.44,Classification,True,WARNING
MON-000812,2025-09-06,20:00,CHURN_PREDICTION_V1,v3.6,0.8634,0.8894,0.8746,0.8501,0.9113,1056,26.94,0.3182,0.2075,2.36,Classification,True,WARNING
MON-000813,2025-09-07,08:00,CHURN_PREDICTION_V1,v4.1,0.8399,0.8391,0.8206,0.8244,0.8781,1771,19.96,0.1788,0.0428,2.94,Classification,False,OK
MON-000814,2025-09-07,20:00,CHURN_PREDICTION_V1,v4.6,0.8515,0.8653,0.8659,0.8438,0.8969,1547,12.4,0.5188,0.1824,2.26,Classification,True,WARNING
MON-000815,2025-09-08,08:00,CHURN_PREDICTION_V1,v4.2,0.8462,0.8518,0.8397,0.8347,0.8857,14907,15.72,0.4899,0.1903,2.25,Classification,True,WARNING
MON-000816,2025-09-08,20:00,CHURN_PREDICTION_V1,v1.4,0.8375,0.8321,0.8373,0.8309,0.9033,795,20.4,0.2757,0.0624,0.14,Classification,False,OK
MON-000817,2025-09-09,08:00,CHURN_PREDICTION_V1,v4.1,0.8287,0.8346,0.8371,0.8058,0.8868,7107,13.07,0.2875,0.2171,1.53,Classification,False,OK
MON-000818,2025-09-09,20:00,CHURN_PREDICTION_V1,v4.0,0.8302,0.8296,0.8464,0.8392,0.8838,589,40.45,0.1551,0.4716,0.92,Classification,False,OK
MON-000819,2025-09-10,08:00,CHURN_PREDICTION_V1,v3.0,0.8108,0.8006,0.7889,0.7781,0.8647,835,49.98,0.3356,0.1671,3.91,Classification,True,WARNING
MON-000820,2025-09-10,20:00,CHURN_PREDICTION_V1,v4.0,0.858,0.8589,0.8372,0.8487,0.9072,1350,10.18,0.2293,0.079,1.46,Classification,False,OK
MON-000821,2025-09-11,08:00,CHURN_PREDICTION_V1,v3.2,0.8746,0.8703,0.8707,0.8472,0.911,2126,45.9,0.2806,0.4183,1.78,Classification,False,OK
MON-000822,2025-09-11,20:00,CHURN_PREDICTION_V1,v4.7,0.809,0.8085,0.8269,0.7767,0.8546,8302,18.11,0.3947,0.1053,1.03,Classification,True,WARNING
MON-000823,2025-09-12,08:00,CHURN_PREDICTION_V1,v3.0,0.8579,0.8572,0.8582,0.8571,0.8839,2347,10.01,0.0096,0.2158,0.26,Classification,False,OK
MON-000824,2025-09-12,20:00,CHURN_PREDICTION_V1,v2.5,0.8362,0.834,0.8536,0.8159,0.8932,4986,25.62,0.2002,0.0572,5.61,Classification,False,OK
MON-000825,2025-09-13,08:00,CHURN_PREDICTION_V1,v2.5,0.8243,0.8148,0.7995,0.7953,0.8757,1545,17.13,0.5093,0.2178,1.87,Classification,True,WARNING
MON-000826,2025-09-13,20:00,CHURN_PREDICTION_V1,v4.8,0.84,0.8522,0.8315,0.8192,0.8907,3175,24.72,0.4094,0.0808,0.79,Classification,True,WARNING
MON-000827,2025-09-14,08:00,CHURN_PREDICTION_V1,v1.2,0.821,0.8203,0.8221,0.7979,0.8639,8395,31.79,0.3978,0.0218,2.2,Classification,True,WARNING
MON-000828,2025-09-14,20:00,CHURN_PREDICTION_V1,v2.5,0.8418,0.844,0.8257,0.8233,0.8908,5606,28.09,0.108,0.2815,1.56,Classification,False,OK
MON-000829,2025-09-15,08:00,CHURN_PREDICTION_V1,v3.7,0.8312,0.8292,0.8139,0.8113,0.8872,5216,13.97,0.2271,0.359,0.49,Classification,False,OK
MON-000830,2025-09-15,20:00,CHURN_PREDICTION_V1,v2.4,0.8302,0.8261,0.8181,0.8002,0.8841,467,48.17,0.1129,0.2402,0.33,Classification,False,OK
MON-000831,2025-09-16,08:00,CHURN_PREDICTION_V1,v3.6,0.8606,0.8625,0.8548,0.844,0.8996,1607,16.8,0.272,0.2318,1.02,Classification,False,OK
MON-000832,2025-09-16,20:00,CHURN_PREDICTION_V1,v1.7,0.802,0.8161,0.7849,0.7858,0.8451,3388,29.72,0.2344,0.1833,0.61,Classification,False,OK
MON-000833,2025-09-17,08:00,CHURN_PREDICTION_V1,v4.7,0.8256,0.8101,0.8439,0.825,0.8823,2407,29.09,0.541,0.4309,2.3,Classification,True,WARNING
MON-000834,2025-09-17,20:00,CHURN_PREDICTION_V1,v2.9,0.7974,0.7865,0.8004,0.7956,0.8447,1764,24.13,0.2239,0.1751,5.56,Classification,True,WARNING
MON-000835,2025-09-18,08:00,CHURN_PREDICTION_V1,v3.2,0.8396,0.8363,0.8443,0.8228,0.9077,1254,24.91,0.1761,0.123,0.04,Classification,False,OK
MON-000836,2025-09-18,20:00,CHURN_PREDICTION_V1,v3.9,0.827,0.8192,0.8313,0.815,0.8674,7991,12.35,0.2656,0.4002,1.75,Classification,False,OK
MON-000837,2025-09-19,08:00,CHURN_PREDICTION_V1,v3.9,0.7595,0.7796,0.7832,0.734,0.8076,4184,16.87,0.4012,0.2815,1.45,Classification,True,WARNING
MON-000838,2025-09-19,20:00,CHURN_PREDICTION_V1,v4.1,0.8426,0.8391,0.8729,0.8322,0.8888,7149,12.08,0.1694,0.2491,1.18,Classification,False,OK
MON-000839,2025-09-20,08:00,CHURN_PREDICTION_V1,v1.0,0.8491,0.8539,0.845,0.8589,0.897,31900,32.08,0.1079,0.2811,0.71,Classification,False,OK
MON-000840,2025-09-20,20:00,CHURN_PREDICTION_V1,v2.3,0.8605,0.8577,0.8685,0.8321,0.9007,463,15.72,0.33,0.0893,2.49,Classification,True,WARNING
MON-000841,2025-09-21,08:00,CHURN_PREDICTION_V1,v1.1,0.8955,0.8701,0.891,0.8716,0.927,3876,16.36,0.2533,0.2928,0.09,Classification,False,OK
MON-000842,2025-09-21,20:00,CHURN_PREDICTION_V1,v4.7,0.8255,0.8214,0.8387,0.8114,0.8812,2354,15.29,0.2257,0.1216,1.48,Classification,False,OK
MON-000843,2025-09-22,08:00,CHURN_PREDICTION_V1,v3.3,0.8233,0.8116,0.8446,0.8087,0.8883,9673,15.64,0.5274,0.0712,0.78,Classification,True,WARNING
MON-000844,2025-09-22,20:00,CHURN_PREDICTION_V1,v2.1,0.8369,0.8402,0.8368,0.8213,0.8823,8032,18.69,0.4972,0.263,0.76,Classification,True,WARNING
MON-000845,2025-09-23,08:00,CHURN_PREDICTION_V1,v2.6,0.8385,0.8356,0.8527,0.8151,0.8914,2575,16.73,0.1433,0.4739,0.75,Classification,False,OK
MON-000846,2025-09-23,20:00,CHURN_PREDICTION_V1,v4.1,0.8715,0.8638,0.8666,0.8403,0.9198,3411,22.04,0.2092,0.1904,2.32,Classification,False,OK
MON-000847,2025-09-24,08:00,CHURN_PREDICTION_V1,v1.9,0.8472,0.8461,0.8646,0.8219,0.8955,8276,18.23,0.3301,0.1741,0.27,Classification,True,WARNING
MON-000848,2025-09-24,20:00,CHURN_PREDICTION_V1,v3.1,0.8179,0.8136,0.8045,0.8097,0.8618,6132,10.26,0.1884,0.1657,1.52,Classification,False,OK
MON-000849,2025-09-25,08:00,CHURN_PREDICTION_V1,v1.1,0.8167,0.8269,0.8006,0.8203,0.8737,18511,29.73,0.1444,0.2145,1.67,Classification,False,OK
MON-000850,2025-09-25,20:00,CHURN_PREDICTION_V1,v4.5,0.8504,0.856,0.8594,0.8386,0.9029,3903,23.11,0.3006,0.172,0.13,Classification,True,WARNING
MON-000851,2025-09-26,08:00,CHURN_PREDICTION_V1,v1.2,0.8326,0.8499,0.8497,0.8126,0.876,2138,28.95,0.5883,0.2609,4.14,Classification,True,WARNING
MON-000852,2025-09-26,20:00,CHURN_PREDICTION_V1,v3.1,0.865,0.8722,0.8748,0.8558,0.9228,1248,20.54,0.3343,0.1527,0.82,Classification,True,WARNING
MON-000853,2025-09-27,08:00,CHURN_PREDICTION_V1,v4.6,0.847,0.8519,0.8629,0.8168,0.9113,3666,25.4,0.2719,0.0275,0.44,Classification,False,OK
MON-000854,2025-09-27,20:00,CHURN_PREDICTION_V1,v2.9,0.8158,0.8217,0.803,0.7992,0.8775,1171,11.11,0.2953,0.1605,4.64,Classification,False,OK
MON-000855,2025-09-28,08:00,CHURN_PREDICTION_V1,v2.3,0.8131,0.8205,0.8121,0.791,0.8616,3356,16.01,0.0122,0.3328,1.09,Classification,False,OK
MON-000856,2025-09-28,20:00,CHURN_PREDICTION_V1,v3.7,0.8435,0.8255,0.8199,0.8239,0.8851,16865,26.93,0.1892,0.0854,1.89,Classification,False,OK
MON-000857,2025-09-29,08:00,CHURN_PREDICTION_V1,v4.4,0.8298,0.835,0.8119,0.8077,0.8711,7899,15.97,0.3571,0.4418,2.88,Classification,True,WARNING
MON-000858,2025-09-29,20:00,CHURN_PREDICTION_V1,v2.3,0.8594,0.8434,0.8812,0.8313,0.9046,756,39.01,0.4132,0.4568,2.55,Classification,True,WARNING
MON-000859,2025-09-30,08:00,CHURN_PREDICTION_V1,v2.6,0.8434,0.8243,0.8378,0.8432,0.8893,478,41.68,0.4035,0.2463,1.42,Classification,True,WARNING
MON-000860,2025-09-30,20:00,CHURN_PREDICTION_V1,v2.1,0.843,0.8318,0.8708,0.82,0.9017,541,23.04,0.2979,0.2598,2.29,Classification,False,OK
MON-000861,2025-10-01,08:00,CHURN_PREDICTION_V1,v1.1,0.812,0.8145,0.8145,0.7896,0.8433,1645,20.75,0.2764,0.204,0.94,Classification,False,OK
MON-000862,2025-10-01,20:00,CHURN_PREDICTION_V1,v2.0,0.827,0.814,0.8237,0.8099,0.8764,2146,55.73,0.0624,0.0443,0.32,Classification,False,OK
MON-000863,2025-10-02,08:00,CHURN_PREDICTION_V1,v2.0,0.8356,0.8407,0.8318,0.8209,0.8804,9130,5.61,0.4078,0.2237,0.63,Classification,True,WARNING
MON-000864,2025-10-02,20:00,CHURN_PREDICTION_V1,v3.6,0.799,0.8154,0.8141,0.7989,0.8418,6673,23.97,0.203,0.2287,0.25,Classification,True,WARNING
MON-000865,2025-10-03,08:00,CHURN_PREDICTION_V1,v1.5,0.849,0.8459,0.8472,0.8336,0.9041,5280,33.49,0.0443,0.4451,3.03,Classification,False,OK
MON-000866,2025-10-03,20:00,CHURN_PREDICTION_V1,v2.8,0.8536,0.8556,0.8542,0.8419,0.8969,1627,8.49,0.2726,0.2574,1.36,Classification,False,OK
MON-000867,2025-10-04,08:00,CHURN_PREDICTION_V1,v4.3,0.8259,0.8189,0.8306,0.7913,0.8745,1697,13.14,0.1847,0.3334,2.99,Classification,False,OK
MON-000868,2025-10-04,20:00,CHURN_PREDICTION_V1,v2.9,0.8618,0.8496,0.8417,0.8476,0.9205,1521,32.39,0.1737,0.091,0.22,Classification,False,OK
MON-000869,2025-10-05,08:00,CHURN_PREDICTION_V1,v4.8,0.8609,0.859,0.8624,0.8363,0.9081,12123,18.61,0.3569,0.2155,1.43,Classification,True,WARNING
MON-000870,2025-10-05,20:00,CHURN_PREDICTION_V1,v3.5,0.8469,0.8391,0.8461,0.8227,0.9094,1602,25.83,0.2681,0.229,4.23,Classification,False,OK
MON-000871,2025-10-06,08:00,CHURN_PREDICTION_V1,v2.1,0.8352,0.8306,0.842,0.8068,0.8772,685,7.5,0.5267,0.4329,4.07,Classification,True,WARNING
MON-000872,2025-10-06,20:00,CHURN_PREDICTION_V1,v4.6,0.8563,0.849,0.8712,0.8359,0.8777,2511,9.66,0.2254,0.1147,2.1,Classification,False,OK
MON-000873,2025-10-07,08:00,CHURN_PREDICTION_V1,v4.1,0.8066,0.7932,0.803,0.7942,0.8615,14152,15.63,0.1611,0.2011,0.51,Classification,False,OK
MON-000874,2025-10-07,20:00,CHURN_PREDICTION_V1,v1.2,0.8379,0.8367,0.8454,0.8253,0.891,2782,37.48,0.1121,0.3611,9.41,Classification,False,OK
MON-000875,2025-10-08,08:00,CHURN_PREDICTION_V1,v3.1,0.8195,0.8002,0.7991,0.805,0.8797,2808,28.5,0.2949,0.1457,1.37,Classification,False,OK
MON-000876,2025-10-08,20:00,CHURN_PREDICTION_V1,v1.7,0.8231,0.8281,0.853,0.8005,0.8774,791,12.45,0.519,0.1901,0.34,Classification,True,WARNING
MON-000877,2025-10-09,08:00,CHURN_PREDICTION_V1,v2.0,0.8453,0.8284,0.8684,0.8213,0.9103,5120,13.16,0.2162,0.0284,2.52,Classification,False,OK
MON-000878,2025-10-09,20:00,CHURN_PREDICTION_V1,v3.0,0.7614,0.7555,0.7564,0.7421,0.8145,8057,27.28,0.4663,0.4584,0.62,Classification,True,WARNING
MON-000879,2025-10-10,08:00,CHURN_PREDICTION_V1,v2.4,0.8057,0.8174,0.8073,0.7906,0.8659,2496,21.19,0.4441,0.094,0.61,Classification,True,WARNING
MON-000880,2025-10-10,20:00,CHURN_PREDICTION_V1,v3.6,0.8807,0.8878,0.848,0.8477,0.9391,6280,24.57,0.3125,0.111,2.98,Classification,True,WARNING
MON-000881,2025-10-11,08:00,CHURN_PREDICTION_V1,v3.1,0.8242,0.8241,0.8342,0.8052,0.8683,148,16.17,0.1433,0.2511,0.72,Classification,False,OK
MON-000882,2025-10-11,20:00,CHURN_PREDICTION_V1,v2.4,0.8194,0.8413,0.8083,0.7993,0.8649,14793,15.32,0.2908,0.1875,0.27,Classification,False,OK
MON-000883,2025-10-12,08:00,CHURN_PREDICTION_V1,v1.8,0.8601,0.861,0.8357,0.8464,0.9077,3333,19.63,0.146,0.1372,2.3,Classification,False,OK
MON-000884,2025-10-12,20:00,CHURN_PREDICTION_V1,v2.8,0.8242,0.8347,0.8293,0.8354,0.8957,1489,13.76,0.199,0.2901,2.05,Classification,False,OK
MON-000885,2025-10-13,08:00,CHURN_PREDICTION_V1,v3.6,0.8108,0.8045,0.7972,0.7945,0.8551,1992,13.74,0.2952,0.3642,1.35,Classification,False,OK
MON-000886,2025-10-13,20:00,CHURN_PREDICTION_V1,v1.8,0.8179,0.789,0.8024,0.8016,0.8721,26228,8.13,0.405,0.2189,2.15,Classification,True,WARNING
MON-000887,2025-10-14,08:00,CHURN_PREDICTION_V1,v1.9,0.8275,0.8298,0.8392,0.8174,0.8786,3723,15.45,0.395,0.3126,2.53,Classification,True,WARNING
MON-000888,2025-10-14,20:00,CHURN_PREDICTION_V1,v4.4,0.8147,0.8192,0.8392,0.7964,0.867,4344,11.07,0.3193,0.2418,0.17,Classification,True,WARNING
MON-000889,2025-10-15,08:00,CHURN_PREDICTION_V1,v1.0,0.8195,0.8236,0.8236,0.8073,0.87,3136,14.38,0.3201,0.3759,2.37,Classification,True,WARNING
MON-000890,2025-10-15,20:00,CHURN_PREDICTION_V1,v3.6,0.8272,0.8127,0.846,0.8234,0.8735,1720,18.63,0.2068,0.0951,0.49,Classification,False,OK
MON-000891,2025-10-16,08:00,CHURN_PREDICTION_V1,v3.3,0.8555,0.8853,0.8504,0.8355,0.8943,693,29.69,0.1615,0.0946,0.3,Classification,False,OK
MON-000892,2025-10-16,20:00,CHURN_PREDICTION_V1,v3.0,0.8775,0.8665,0.8864,0.8749,0.9182,6336,17.61,0.2681,0.1207,1.08,Classification,False,OK
MON-000893,2025-10-17,08:00,CHURN_PREDICTION_V1,v2.3,0.8582,0.8593,0.8619,0.843,0.9157,2099,20.91,0.3304,0.213,2.24,Classification,True,WARNING
MON-000894,2025-10-17,20:00,CHURN_PREDICTION_V1,v3.0,0.8315,0.834,0.8383,0.8227,0.8862,2706,16.43,0.2781,0.1089,0.1,Classification,False,OK
MON-000895,2025-10-18,08:00,CHURN_PREDICTION_V1,v2.7,0.8078,0.816,0.7937,0.8017,0.8599,8690,21.6,0.3542,0.1864,1.39,Classification,True,WARNING
MON-000896,2025-10-18,20:00,CHURN_PREDICTION_V1,v1.9,0.85,0.8431,0.8136,0.846,0.9181,6353,19.03,0.2509,0.1523,0.25,Classification,False,OK
MON-000897,2025-10-19,08:00,CHURN_PREDICTION_V1,v1.5,0.8155,0.8208,0.8365,0.8104,0.89,1922,7.25,0.0479,0.1467,0.58,Classification,False,OK
MON-000898,2025-10-19,20:00,CHURN_PREDICTION_V1,v1.6,0.8286,0.8448,0.8248,0.8257,0.8692,4949,18.17,0.1935,0.1627,1.26,Classification,False,OK
MON-000899,2025-10-20,08:00,CHURN_PREDICTION_V1,v1.8,0.8683,0.8637,0.8403,0.8526,0.9324,6240,18.97,0.1751,0.2002,2.96,Classification,False,OK
MON-000900,2025-10-20,20:00,CHURN_PREDICTION_V1,v4.2,0.87,0.865,0.8698,0.8457,0.908,1418,23.14,0.0673,0.3077,4.28,Classification,False,OK
MON-000901,2025-10-21,08:00,CHURN_PREDICTION_V1,v3.0,0.8395,0.8294,0.8451,0.8237,0.8851,1965,13.4,0.5045,0.012,0.65,Classification,True,WARNING
MON-000902,2025-10-21,20:00,CHURN_PREDICTION_V1,v1.0,0.8605,0.8629,0.8612,0.8327,0.9121,4047,16.49,0.3367,0.2967,1.71,Classification,True,WARNING
MON-000903,2025-10-22,08:00,CHURN_PREDICTION_V1,v4.8,0.8597,0.8509,0.8637,0.8393,0.9181,6385,28.7,0.0744,0.4698,0.8,Classification,False,OK
MON-000904,2025-10-22,20:00,CHURN_PREDICTION_V1,v2.5,0.849,0.8559,0.8505,0.8263,0.8864,4467,13.73,0.3009,0.2233,2.67,Classification,True,WARNING
MON-000905,2025-10-23,08:00,CHURN_PREDICTION_V1,v4.7,0.8304,0.8256,0.8256,0.7992,0.8812,4434,14.86,0.5773,0.1144,2.02,Classification,True,WARNING
MON-000906,2025-10-23,20:00,CHURN_PREDICTION_V1,v3.3,0.8247,0.8223,0.8274,0.8173,0.8759,1955,40.06,0.4833,0.5125,4.65,Classification,True,WARNING
MON-000907,2025-10-24,08:00,CHURN_PREDICTION_V1,v1.0,0.8367,0.8268,0.8344,0.8331,0.8721,1199,12.27,0.3594,0.3405,3.14,Classification,True,WARNING
MON-000908,2025-10-24,20:00,CHURN_PREDICTION_V1,v1.3,0.8102,0.8317,0.8131,0.7868,0.8645,4927,8.09,0.4172,0.1514,3.43,Classification,True,WARNING
MON-000909,2025-10-25,08:00,CHURN_PREDICTION_V1,v4.0,0.8263,0.8273,0.8322,0.816,0.875,1503,30.68,0.421,0.2233,2.21,Classification,True,WARNING
MON-000910,2025-10-25,20:00,CHURN_PREDICTION_V1,v4.0,0.8478,0.8362,0.8565,0.8569,0.9035,1889,9.18,0.5111,0.2209,1.19,Classification,True,WARNING
MON-000911,2025-10-26,08:00,CHURN_PREDICTION_V1,v4.6,0.8232,0.8259,0.8157,0.8184,0.8685,485,17.98,0.1126,0.2165,1.52,Classification,False,OK
MON-000912,2025-10-26,20:00,CHURN_PREDICTION_V1,v2.6,0.8667,0.8497,0.8769,0.8393,0.9129,1659,23.72,0.3118,0.2033,0.46,Classification,True,WARNING
MON-000913,2025-10-27,08:00,CHURN_PREDICTION_V1,v4.8,0.8407,0.8341,0.8473,0.8326,0.9135,1963,30.55,0.3564,0.1555,0.78,Classification,True,WARNING
MON-000914,2025-10-27,20:00,CHURN_PREDICTION_V1,v2.1,0.8514,0.8556,0.8698,0.8327,0.8936,1118,26.61,0.2618,0.2309,0.28,Classification,False,OK
MON-000915,2025-10-28,08:00,CHURN_PREDICTION_V1,v4.1,0.8315,0.8367,0.8344,0.8234,0.8796,1215,12.12,0.0225,0.131,0.33,Classification,False,OK
MON-000916,2025-10-28,20:00,CHURN_PREDICTION_V1,v3.5,0.8483,0.8573,0.8635,0.854,0.8932,3250,43.25,0.3571,0.0415,12.36,Classification,True,WARNING
MON-000917,2025-10-29,08:00,CHURN_PREDICTION_V1,v2.5,0.8131,0.8261,0.7798,0.7962,0.8644,5098,16.83,0.0768,0.4326,4.76,Classification,False,OK
MON-000918,2025-10-29,20:00,CHURN_PREDICTION_V1,v4.0,0.8441,0.8424,0.8283,0.8411,0.8971,5179,13.06,0.0394,0.1812,1.27,Classification,False,OK
MON-000919,2025-10-30,08:00,CHURN_PREDICTION_V1,v2.3,0.846,0.8549,0.8627,0.8217,0.9081,5605,31.86,0.0793,0.1305,1.31,Classification,False,OK
MON-000920,2025-10-30,20:00,CHURN_PREDICTION_V1,v1.9,0.8613,0.8693,0.8663,0.8394,0.9058,8165,12.45,0.407,0.1289,1.99,Classification,True,WARNING
MON-000921,2025-10-31,08:00,CHURN_PREDICTION_V1,v1.3,0.7955,0.8039,0.7797,0.7602,0.843,10367,24.01,0.0711,0.3618,1.26,Classification,True,WARNING
MON-000922,2025-10-31,20:00,CHURN_PREDICTION_V1,v4.8,0.7667,0.7519,0.7695,0.7673,0.8192,2522,16.6,0.2295,0.2906,1.05,Classification,True,WARNING
MON-000923,2025-11-01,08:00,CHURN_PREDICTION_V1,v1.0,0.8,0.8026,0.816,0.7677,0.832,1885,16.65,0.165,0.1781,1.5,Classification,False,OK
MON-000924,2025-11-01,20:00,CHURN_PREDICTION_V1,v2.0,0.8188,0.8159,0.8003,0.7913,0.8805,6315,66.95,0.2899,0.0882,2.38,Classification,False,OK
MON-000925,2025-11-02,08:00,CHURN_PREDICTION_V1,v1.0,0.7471,0.7601,0.7513,0.7344,0.7647,708,21.34,0.2536,0.171,1.16,Classification,True,CRITICAL
MON-000926,2025-11-02,20:00,CHURN_PREDICTION_V1,v2.7,0.8473,0.8484,0.8802,0.8505,0.9045,2718,6.51,0.1158,0.207,0.04,Classification,False,OK
MON-000927,2025-11-03,08:00,CHURN_PREDICTION_V1,v2.4,0.8805,0.8765,0.8684,0.8442,0.9652,1279,9.16,0.1151,0.0871,5.33,Classification,False,OK
MON-000928,2025-11-03,20:00,CHURN_PREDICTION_V1,v1.5,0.8625,0.8594,0.8489,0.8489,0.9186,1350,22.64,0.6603,0.0584,0.27,Classification,True,WARNING
MON-000929,2025-11-04,08:00,CHURN_PREDICTION_V1,v3.9,0.8257,0.8221,0.7889,0.7953,0.8827,1743,9.78,0.5503,0.1178,0.51,Classification,True,WARNING
MON-000930,2025-11-04,20:00,CHURN_PREDICTION_V1,v2.4,0.8499,0.8515,0.8444,0.8493,0.901,6026,14.59,0.5023,0.158,0.33,Classification,True,WARNING
MON-000931,2025-11-05,08:00,CHURN_PREDICTION_V1,v2.9,0.86,0.8632,0.8739,0.8444,0.9016,25444,29.99,0.2992,0.1782,1.43,Classification,False,OK
MON-000932,2025-11-05,20:00,CHURN_PREDICTION_V1,v4.7,0.8335,0.8314,0.8257,0.832,0.8913,6466,18.35,0.1094,0.1345,0.16,Classification,False,OK
MON-000933,2025-11-06,08:00,CHURN_PREDICTION_V1,v1.1,0.8342,0.8309,0.8732,0.81,0.8701,465,28.61,0.4091,0.0655,6.27,Classification,True,WARNING
MON-000934,2025-11-06,20:00,CHURN_PREDICTION_V1,v1.4,0.8308,0.8213,0.8819,0.8097,0.869,2399,37.12,0.41,0.3803,0.06,Classification,True,WARNING
MON-000935,2025-11-07,08:00,CHURN_PREDICTION_V1,v2.7,0.8451,0.8595,0.8721,0.819,0.8905,1562,28.34,0.0299,0.2057,0.11,Classification,False,OK
MON-000936,2025-11-07,20:00,CHURN_PREDICTION_V1,v3.3,0.8437,0.8409,0.8329,0.841,0.8989,1067,12.54,0.1794,0.0334,1.36,Classification,False,OK
MON-000937,2025-11-08,08:00,CHURN_PREDICTION_V1,v4.4,0.8382,0.8406,0.8429,0.8354,0.8758,2490,30.24,0.2084,0.1405,0.44,Classification,False,OK
MON-000938,2025-11-08,20:00,CHURN_PREDICTION_V1,v3.8,0.8701,0.8743,0.8613,0.8463,0.9268,1443,29.84,0.1762,0.3349,2.98,Classification,False,OK
MON-000939,2025-11-09,08:00,CHURN_PREDICTION_V1,v3.3,0.8554,0.8581,0.8457,0.8479,0.9098,1325,19.46,0.091,0.1741,1.26,Classification,False,OK
MON-000940,2025-11-09,20:00,CHURN_PREDICTION_V1,v3.5,0.8029,0.7983,0.8081,0.7859,0.8537,5924,12.7,0.2242,0.0295,0.24,Classification,False,OK
MON-000941,2025-11-10,08:00,CHURN_PREDICTION_V1,v1.0,0.7993,0.8053,0.7836,0.7643,0.8327,3587,20.32,0.2278,0.1483,0.9,Classification,True,WARNING
MON-000942,2025-11-10,20:00,CHURN_PREDICTION_V1,v3.6,0.8436,0.8579,0.8152,0.8317,0.9029,15142,21.54,0.4853,0.1345,1.43,Classification,True,WARNING
MON-000943,2025-11-11,08:00,CHURN_PREDICTION_V1,v4.4,0.8332,0.84,0.8123,0.825,0.8808,876,11.13,0.2143,0.4402,3.98,Classification,False,OK
MON-000944,2025-11-11,20:00,CHURN_PREDICTION_V1,v1.3,0.8003,0.8046,0.8043,0.7951,0.8496,699,30.94,0.3384,0.0472,0.3,Classification,True,WARNING
MON-000945,2025-11-12,08:00,CHURN_PREDICTION_V1,v2.8,0.7972,0.8037,0.8257,0.782,0.8423,2157,16.5,0.1629,0.1705,6.42,Classification,True,WARNING
MON-000946,2025-11-12,20:00,CHURN_PREDICTION_V1,v2.4,0.8302,0.8309,0.8443,0.8103,0.8646,1815,19.74,0.3771,0.1027,1.54,Classification,True,WARNING
MON-000947,2025-11-13,08:00,CHURN_PREDICTION_V1,v2.1,0.8404,0.8376,0.8387,0.8187,0.8805,5733,24.12,0.1252,0.1413,3.98,Classification,False,OK
MON-000948,2025-11-13,20:00,CHURN_PREDICTION_V1,v3.2,0.8411,0.8602,0.8525,0.8331,0.9006,4523,22.08,0.3075,0.1532,0.46,Classification,True,WARNING
MON-000949,2025-11-14,08:00,CHURN_PREDICTION_V1,v1.3,0.8231,0.8384,0.822,0.8107,0.889,5367,18.95,0.3182,0.2572,5.55,Classification,True,WARNING
MON-000950,2025-11-14,20:00,CHURN_PREDICTION_V1,v4.7,0.824,0.8192,0.84,0.8013,0.8796,629,12.26,0.1325,0.2411,2.98,Classification,False,OK
MON-000951,2025-11-15,08:00,CHURN_PREDICTION_V1,v1.0,0.7516,0.763,0.7629,0.7393,0.8091,2296,42.02,0.1711,0.1844,0.33,Classification,True,WARNING
MON-000952,2025-11-15,20:00,CHURN_PREDICTION_V1,v4.0,0.845,0.8497,0.8091,0.8352,0.9116,448,39.96,0.5532,0.0741,3.96,Classification,True,WARNING
MON-000953,2025-11-16,08:00,CHURN_PREDICTION_V1,v3.4,0.8045,0.8058,0.7948,0.7957,0.8709,8628,34.42,0.1595,0.1212,2.1,Classification,False,OK
MON-000954,2025-11-16,20:00,CHURN_PREDICTION_V1,v4.4,0.8355,0.8506,0.8457,0.8188,0.8914,1295,20.1,0.3596,0.2338,2.91,Classification,True,WARNING
MON-000955,2025-11-17,08:00,CHURN_PREDICTION_V1,v1.0,0.8555,0.8566,0.8677,0.8506,0.8995,2892,26.4,0.1101,0.3808,2.61,Classification,False,OK
MON-000956,2025-11-17,20:00,CHURN_PREDICTION_V1,v3.9,0.828,0.8306,0.8211,0.8038,0.8583,678,11.7,0.0725,0.0893,0.5,Classification,False,OK
MON-000957,2025-11-18,08:00,CHURN_PREDICTION_V1,v4.7,0.8383,0.8432,0.8062,0.822,0.8889,1317,19.77,0.5527,0.6317,0.14,Classification,True,WARNING
MON-000958,2025-11-18,20:00,CHURN_PREDICTION_V1,v1.6,0.8434,0.831,0.8465,0.8356,0.8951,2183,8.49,0.5962,0.1132,4.65,Classification,True,WARNING
MON-000959,2025-11-19,08:00,CHURN_PREDICTION_V1,v4.7,0.8219,0.8246,0.7989,0.8085,0.898,2663,14.91,0.0933,0.2072,2.41,Classification,False,OK
MON-000960,2025-11-19,20:00,CHURN_PREDICTION_V1,v1.3,0.7231,0.7092,0.7106,0.7094,0.7797,3260,26.35,0.2775,0.3597,1.25,Classification,True,CRITICAL
MON-000961,2025-11-20,08:00,CHURN_PREDICTION_V1,v2.6,0.809,0.8148,0.8301,0.7855,0.8611,6023,33.09,0.4828,0.3071,1.16,Classification,True,WARNING
MON-000962,2025-11-20,20:00,CHURN_PREDICTION_V1,v2.6,0.8447,0.8501,0.8378,0.8152,0.8858,8429,12.55,0.3908,0.1276,0.13,Classification,True,WARNING
MON-000963,2025-11-21,08:00,CHURN_PREDICTION_V1,v1.4,0.8382,0.85,0.8276,0.8147,0.8891,5790,13.44,0.2559,0.1572,9.6,Classification,False,OK
MON-000964,2025-11-21,20:00,CHURN_PREDICTION_V1,v1.8,0.8583,0.8645,0.8564,0.8526,0.9208,3351,24.32,0.5002,0.0733,1.45,Classification,True,WARNING
MON-000965,2025-11-22,08:00,CHURN_PREDICTION_V1,v3.0,0.8525,0.8783,0.8661,0.829,0.9004,1582,8.11,0.0664,0.2273,0.31,Classification,False,OK
MON-000966,2025-11-22,20:00,CHURN_PREDICTION_V1,v3.4,0.8585,0.8444,0.8548,0.8414,0.8957,2260,41.17,0.2664,0.5471,0.61,Classification,False,OK
MON-000967,2025-11-23,08:00,CHURN_PREDICTION_V1,v2.0,0.8595,0.8593,0.8815,0.8618,0.9009,2858,12.77,0.1213,0.1564,0.27,Classification,False,OK
MON-000968,2025-11-23,20:00,CHURN_PREDICTION_V1,v3.9,0.8204,0.8309,0.8066,0.8141,0.8568,4206,18.4,0.1069,0.1329,1.63,Classification,False,OK
MON-000969,2025-11-24,08:00,CHURN_PREDICTION_V1,v4.6,0.8445,0.8559,0.8288,0.8261,0.8876,1277,27.78,0.3634,0.1064,1.51,Classification,True,WARNING
MON-000970,2025-11-24,20:00,CHURN_PREDICTION_V1,v1.1,0.8483,0.8426,0.8554,0.829,0.887,2597,17.92,0.1281,0.3963,1.57,Classification,False,OK
MON-000971,2025-11-25,08:00,CHURN_PREDICTION_V1,v4.4,0.8224,0.8342,0.8119,0.82,0.8779,7114,16.55,0.2782,0.1517,0.91,Classification,False,OK
MON-000972,2025-11-25,20:00,CHURN_PREDICTION_V1,v4.6,0.8595,0.8449,0.8667,0.8389,0.9163,7804,25.2,0.549,0.3412,1.98,Classification,True,WARNING
MON-000973,2025-11-26,08:00,CHURN_PREDICTION_V1,v3.2,0.8326,0.8246,0.867,0.8161,0.8977,1966,15.4,0.4143,0.1943,0.01,Classification,True,WARNING
MON-000974,2025-11-26,20:00,CHURN_PREDICTION_V1,v4.7,0.8476,0.8517,0.8286,0.8288,0.8971,1712,22.95,0.303,0.3551,7.97,Classification,True,WARNING
MON-000975,2025-11-27,08:00,CHURN_PREDICTION_V1,v2.2,0.8568,0.8596,0.8618,0.8558,0.9062,3355,19.65,0.5226,0.347,1.18,Classification,True,WARNING
MON-000976,2025-11-27,20:00,CHURN_PREDICTION_V1,v1.4,0.8433,0.8559,0.8572,0.8264,0.8968,2777,10.81,0.5428,0.3304,1.06,Classification,True,WARNING
MON-000977,2025-11-28,08:00,CHURN_PREDICTION_V1,v3.1,0.871,0.8799,0.8611,0.8504,0.9154,483,37.11,0.3096,0.1012,0.3,Classification,True,WARNING
MON-000978,2025-11-28,20:00,CHURN_PREDICTION_V1,v2.8,0.8831,0.8787,0.8833,0.8722,0.9218,16895,16.54,0.5584,0.2362,0.01,Classification,True,WARNING
MON-000979,2025-11-29,08:00,CHURN_PREDICTION_V1,v3.5,0.8351,0.8477,0.8006,0.8375,0.8761,1526,25.07,0.8318,0.1732,0.32,Classification,True,WARNING
MON-000980,2025-11-29,20:00,CHURN_PREDICTION_V1,v4.0,0.8538,0.8594,0.8538,0.8248,0.9099,1858,13.2,0.4305,0.315,0.58,Classification,True,WARNING
MON-000981,2025-11-30,08:00,CHURN_PREDICTION_V1,v3.5,0.8821,0.8903,0.8671,0.8678,0.9412,849,7.62,0.588,0.2421,2.38,Classification,True,WARNING
MON-000982,2025-11-30,20:00,CHURN_PREDICTION_V1,v3.4,0.8223,0.8303,0.8076,0.7977,0.8962,8211,34.08,0.3091,0.3286,1.37,Classification,True,WARNING
MON-000983,2025-12-01,08:00,CHURN_PREDICTION_V1,v1.1,0.7789,0.7765,0.7758,0.7774,0.8186,1491,19.94,0.0976,0.154,0.04,Classification,True,WARNING
MON-000984,2025-12-01,20:00,CHURN_PREDICTION_V1,v3.9,0.8539,0.8638,0.8472,0.8259,0.8932,4512,21.76,0.12,0.0207,0.88,Classification,False,OK
MON-000985,2025-12-02,08:00,CHURN_PREDICTION_V1,v3.4,0.8269,0.8303,0.8083,0.8183,0.8579,5598,20.45,0.485,0.2594,6.68,Classification,True,WARNING
MON-000986,2025-12-02,20:00,CHURN_PREDICTION_V1,v2.7,0.8106,0.8196,0.834,0.7871,0.8621,1575,57.5,0.0267,0.2612,0.47,Classification,False,OK
MON-000987,2025-12-03,08:00,CHURN_PREDICTION_V1,v4.0,0.8203,0.8352,0.8226,0.82,0.8757,1388,29.37,0.2631,0.3116,3.29,Classification,False,OK
MON-000988,2025-12-03,20:00,CHURN_PREDICTION_V1,v4.0,0.8034,0.8024,0.8093,0.811,0.847,3842,27.52,0.2292,0.224,4.85,Classification,False,OK
MON-000989,2025-12-04,08:00,CHURN_PREDICTION_V1,v4.0,0.8685,0.8789,0.8601,0.8632,0.9033,406,14.93,0.296,0.2162,1.21,Classification,False,OK
MON-000990,2025-12-04,20:00,CHURN_PREDICTION_V1,v3.7,0.8636,0.8602,0.8627,0.8459,0.9336,5813,18.3,0.2941,0.1658,1.05,Classification,False,OK
MON-000991,2025-12-05,08:00,CHURN_PREDICTION_V1,v2.6,0.8299,0.8253,0.7987,0.8015,0.8836,2308,20.05,0.2884,0.3572,0.13,Classification,False,OK
MON-000992,2025-12-05,20:00,CHURN_PREDICTION_V1,v1.9,0.8316,0.8315,0.8152,0.8169,0.8694,1432,27.11,0.1586,0.069,0.16,Classification,False,OK
MON-000993,2025-12-06,08:00,CHURN_PREDICTION_V1,v1.4,0.8384,0.8383,0.8608,0.8242,0.8848,1717,17.35,0.11,0.3204,1.32,Classification,False,OK
MON-000994,2025-12-06,20:00,CHURN_PREDICTION_V1,v3.1,0.8679,0.8726,0.8772,0.8734,0.9408,2365,16.81,0.3489,0.1568,0.32,Classification,True,WARNING
MON-000995,2025-12-07,08:00,CHURN_PREDICTION_V1,v4.2,0.8133,0.802,0.806,0.7983,0.8727,1970,29.88,0.3247,0.2063,1.93,Classification,True,WARNING
MON-000996,2025-12-07,20:00,CHURN_PREDICTION_V1,v3.4,0.8311,0.8368,0.837,0.8075,0.8778,11933,44.3,0.3669,0.1156,0.92,Classification,True,WARNING
MON-000997,2025-12-08,08:00,CHURN_PREDICTION_V1,v3.7,0.8594,0.8579,0.8332,0.8442,0.8998,943,6.76,0.3347,0.3435,2.85,Classification,True,WARNING
MON-000998,2025-12-08,20:00,CHURN_PREDICTION_V1,v2.3,0.8277,0.8088,0.8217,0.8074,0.8913,1152,30.74,0.6813,0.209,0.4,Classification,True,WARNING
MON-000999,2025-12-09,08:00,CHURN_PREDICTION_V1,v2.2,0.8177,0.8217,0.8178,0.8004,0.8534,3052,17.5,0.1841,0.1764,0.28,Classification,False,OK
MON-001000,2025-12-09,20:00,CHURN_PREDICTION_V1,v1.3,0.8377,0.8519,0.8495,0.8422,0.8927,9141,27.05,0.2673,0.3536,0.11,Classification,False,OK
MON-001001,2025-12-10,08:00,CHURN_PREDICTION_V1,v1.0,0.7987,0.8094,0.7866,0.7744,0.8535,2044,18.58,0.4119,0.1968,2.12,Classification,True,WARNING
MON-001002,2025-12-10,20:00,CHURN_PREDICTION_V1,v2.8,0.8418,0.8418,0.8424,0.8344,0.9028,1155,16.57,0.3989,0.2748,3.18,Classification,True,WARNING
MON-001003,2025-12-11,08:00,CHURN_PREDICTION_V1,v4.9,0.8293,0.825,0.8256,0.8096,0.8849,3222,20.95,0.0878,0.0543,5.57,Classification,False,OK
MON-001004,2025-12-11,20:00,CHURN_PREDICTION_V1,v3.0,0.7276,0.7363,0.7333,0.7127,0.7839,5828,9.82,0.6652,0.0189,0.01,Classification,True,CRITICAL
MON-001005,2025-12-12,08:00,CHURN_PREDICTION_V1,v2.0,0.8204,0.8161,0.824,0.8039,0.8738,5509,11.95,0.2209,0.2286,7.42,Classification,False,OK
MON-001006,2025-12-12,20:00,CHURN_PREDICTION_V1,v3.4,0.8433,0.8429,0.8427,0.817,0.8964,782,15.85,0.318,0.2366,5.03,Classification,True,WARNING
MON-001007,2025-12-13,08:00,CHURN_PREDICTION_V1,v1.5,0.8385,0.8642,0.8436,0.8275,0.9072,5505,20.37,0.4055,0.4048,0.7,Classification,True,WARNING
MON-001008,2025-12-13,20:00,CHURN_PREDICTION_V1,v1.9,0.8106,0.8255,0.8016,0.7723,0.8608,1907,36.99,0.1416,0.1442,0.52,Classification,False,OK
MON-001009,2025-12-14,08:00,CHURN_PREDICTION_V1,v2.5,0.8154,0.8136,0.8075,0.7961,0.874,701,29.65,0.44,0.2096,1.99,Classification,True,WARNING
MON-001010,2025-12-14,20:00,CHURN_PREDICTION_V1,v1.1,0.7474,0.7542,0.7239,0.7353,0.7934,7628,17.97,0.1256,0.0601,2.02,Classification,True,CRITICAL
MON-001011,2025-12-15,08:00,CHURN_PREDICTION_V1,v4.1,0.8534,0.8693,0.8639,0.842,0.8931,595,11.35,0.3332,0.3601,0.45,Classification,True,WARNING
MON-001012,2025-12-15,20:00,CHURN_PREDICTION_V1,v1.3,0.7996,0.8043,0.7976,0.7888,0.8448,758,20.34,0.2887,0.1013,1.03,Classification,True,WARNING
MON-001013,2025-12-16,08:00,CHURN_PREDICTION_V1,v2.5,0.8255,0.8146,0.8093,0.7979,0.873,8258,25.17,0.1172,0.4875,3.11,Classification,False,OK
MON-001014,2025-12-16,20:00,CHURN_PREDICTION_V1,v3.6,0.8405,0.8439,0.8286,0.8196,0.88,693,15.73,0.3706,0.3575,0.98,Classification,True,WARNING
MON-001015,2025-12-17,08:00,CHURN_PREDICTION_V1,v1.6,0.8448,0.8425,0.8696,0.8293,0.8799,1563,17.48,0.0952,0.3124,0.25,Classification,False,OK
MON-001016,2025-12-17,20:00,CHURN_PREDICTION_V1,v3.2,0.8396,0.8376,0.8357,0.8155,0.9016,1180,36.01,0.2883,0.5327,2.88,Classification,False,OK
MON-001017,2025-12-18,08:00,CHURN_PREDICTION_V1,v1.5,0.7505,0.7438,0.7569,0.7373,0.7945,2398,21.72,0.2031,0.1346,3.15,Classification,True,WARNING
MON-001018,2025-12-18,20:00,CHURN_PREDICTION_V1,v3.5,0.8269,0.8159,0.8192,0.8157,0.8741,1440,20.17,0.1872,0.1056,1.77,Classification,False,OK
MON-001019,2025-12-19,08:00,CHURN_PREDICTION_V1,v4.5,0.8376,0.8319,0.8203,0.8155,0.8818,1077,19.58,0.2099,0.2432,2.63,Classification,False,OK
MON-001020,2025-12-19,20:00,CHURN_PREDICTION_V1,v4.4,0.8145,0.8221,0.8151,0.8045,0.8413,4628,38.49,0.5888,0.222,0.3,Classification,True,WARNING
MON-001021,2025-12-20,08:00,CHURN_PREDICTION_V1,v1.2,0.8267,0.8366,0.8432,0.8077,0.8931,5654,7.81,0.2276,0.1068,2.12,Classification,False,OK
MON-001022,2025-12-20,20:00,CHURN_PREDICTION_V1,v3.0,0.6735,0.6949,0.6957,0.6521,0.7143,1246,24.72,0.0793,0.1463,0.08,Classification,True,CRITICAL
MON-001023,2025-12-21,08:00,CHURN_PREDICTION_V1,v3.2,0.8129,0.8081,0.8333,0.8096,0.873,4281,7.85,0.0955,0.1375,4.07,Classification,False,OK
MON-001024,2025-12-21,20:00,CHURN_PREDICTION_V1,v1.1,0.6988,0.6911,0.7086,0.6801,0.7389,37306,15.76,0.3515,0.1625,2.46,Classification,True,CRITICAL
MON-001025,2025-12-22,08:00,CHURN_PREDICTION_V1,v2.5,0.8174,0.8263,0.8259,0.787,0.8697,2918,8.56,0.7152,0.0866,2.92,Classification,True,WARNING
MON-001026,2025-12-22,20:00,CHURN_PREDICTION_V1,v3.3,0.8486,0.8339,0.8349,0.8266,0.9081,2970,24.33,0.0786,0.1487,0.17,Classification,False,OK
MON-001027,2025-12-23,08:00,CHURN_PREDICTION_V1,v4.9,0.8025,0.7827,0.8037,0.7889,0.8407,2737,7.02,0.2807,0.296,4.07,Classification,False,OK
MON-001028,2025-12-23,20:00,CHURN_PREDICTION_V1,v1.2,0.8212,0.8297,0.8362,0.808,0.8671,3101,9.3,0.4757,0.1351,2.02,Classification,True,WARNING
MON-001029,2025-12-24,08:00,CHURN_PREDICTION_V1,v4.1,0.8468,0.8377,0.8684,0.8192,0.8906,2817,19.48,0.0493,0.0678,1.36,Classification,False,OK
MON-001030,2025-12-24,20:00,CHURN_PREDICTION_V1,v1.3,0.8074,0.8007,0.8064,0.7974,0.8529,492,20.23,0.4582,0.1008,1.98,Classification,True,WARNING
MON-001031,2025-12-25,08:00,CHURN_PREDICTION_V1,v4.8,0.8593,0.8657,0.8531,0.8417,0.917,4003,43.96,0.1853,0.2317,0.11,Classification,False,OK
MON-001032,2025-12-25,20:00,CHURN_PREDICTION_V1,v1.8,0.8375,0.8383,0.8237,0.8065,0.9013,1542,46.1,0.4046,0.2954,0.63,Classification,True,WARNING
MON-001033,2025-12-26,08:00,CHURN_PREDICTION_V1,v1.9,0.8477,0.8451,0.8476,0.8143,0.8941,1000,9.86,0.1364,0.1366,1.76,Classification,False,OK
MON-001034,2025-12-26,20:00,CHURN_PREDICTION_V1,v4.8,0.815,0.8021,0.8326,0.8007,0.8677,728,14.84,0.1942,0.1038,2.26,Classification,False,OK
MON-001035,2025-12-27,08:00,CHURN_PREDICTION_V1,v4.5,0.7465,0.7412,0.7392,0.7284,0.7834,949,16.04,0.0172,0.1738,1.35,Classification,True,CRITICAL
MON-001036,2025-12-27,20:00,CHURN_PREDICTION_V1,v3.3,0.831,0.8261,0.841,0.8057,0.9057,15796,32.85,0.2581,0.2585,4.83,Classification,False,OK
MON-001037,2025-12-28,08:00,CHURN_PREDICTION_V1,v3.3,0.85,0.8461,0.8675,0.827,0.905,1611,16.64,0.3053,0.3608,1.54,Classification,True,WARNING
MON-001038,2025-12-28,20:00,CHURN_PREDICTION_V1,v3.3,0.8494,0.8556,0.8435,0.8315,0.9078,1764,7.69,0.3543,0.1323,0.41,Classification,True,WARNING
MON-001039,2025-12-29,08:00,CHURN_PREDICTION_V1,v3.3,0.8417,0.8451,0.8391,0.8237,0.8869,7627,29.84,0.3516,0.2935,0.86,Classification,True,WARNING
MON-001040,2025-12-29,20:00,CHURN_PREDICTION_V1,v4.5,0.8294,0.8273,0.8485,0.8116,0.8901,6905,15.4,0.4275,0.0451,1.14,Classification,True,WARNING
MON-001041,2025-12-30,08:00,CHURN_PREDICTION_V1,v1.3,0.8184,0.8197,0.8239,0.8005,0.8697,1634,43.71,0.4298,0.2163,9.13,Classification,True,WARNING
MON-001042,2025-12-30,20:00,CHURN_PREDICTION_V1,v4.6,0.8548,0.8727,0.8792,0.857,0.9144,1085,24.5,0.1546,0.1956,1.13,Classification,False,OK
MON-001043,2025-12-31,08:00,CHURN_PREDICTION_V1,v3.1,0.8266,0.8304,0.8275,0.8051,0.8674,13182,30.02,0.0815,0.2633,0.13,Classification,False,OK
MON-001044,2025-12-31,20:00,CHURN_PREDICTION_V1,v3.8,0.8029,0.8175,0.8205,0.794,0.8547,4883,28.28,0.0642,0.3213,0.18,Classification,False,OK
MON-001045,2026-01-01,08:00,CHURN_PREDICTION_V1,v1.5,0.8145,0.8089,0.7974,0.8041,0.8442,1619,12.11,0.174,0.2074,3.53,Classification,False,OK
MON-001046,2026-01-01,20:00,CHURN_PREDICTION_V1,v4.9,0.8196,0.8177,0.8314,0.7975,0.8758,12708,7.05,0.1807,0.2894,5.23,Classification,False,OK
MON-001047,2026-01-02,08:00,CHURN_PREDICTION_V1,v2.7,0.8268,0.8236,0.8211,0.7936,0.8824,1966,45.44,0.3219,0.4591,1.16,Classification,True,WARNING
MON-001048,2026-01-02,20:00,CHURN_PREDICTION_V1,v4.3,0.8322,0.8361,0.8131,0.8114,0.8637,1446,28.08,0.0834,0.0583,0.17,Classification,False,OK
MON-001049,2026-01-03,08:00,CHURN_PREDICTION_V1,v2.8,0.8063,0.8111,0.7994,0.7739,0.8449,1002,11.8,0.6004,0.0428,1.53,Classification,True,WARNING
MON-001050,2026-01-03,20:00,CHURN_PREDICTION_V1,v2.6,0.8239,0.8294,0.8219,0.7897,0.8657,786,5.46,0.0841,0.2516,0.06,Classification,False,OK
MON-001051,2026-01-04,08:00,CHURN_PREDICTION_V1,v2.9,0.8264,0.8031,0.8353,0.8049,0.8814,3475,40.88,0.1442,0.2736,2.13,Classification,False,OK
MON-001052,2026-01-04,20:00,CHURN_PREDICTION_V1,v3.4,0.8295,0.8207,0.8281,0.8137,0.8514,113,22.28,0.3184,0.3506,1.19,Classification,True,WARNING
MON-001053,2026-01-05,08:00,CHURN_PREDICTION_V1,v3.5,0.818,0.8206,0.7897,0.7995,0.8875,852,36.73,0.464,0.3189,0.1,Classification,True,WARNING
MON-001054,2026-01-05,20:00,CHURN_PREDICTION_V1,v1.1,0.883,0.9017,0.8783,0.8493,0.9255,2804,25.01,0.1398,0.2573,4.97,Classification,False,OK
MON-001055,2026-01-06,08:00,CHURN_PREDICTION_V1,v4.6,0.8264,0.8214,0.8265,0.798,0.9063,9540,14.53,0.2453,0.0405,0.12,Classification,False,OK
MON-001056,2026-01-06,20:00,CHURN_PREDICTION_V1,v2.9,0.8216,0.8439,0.8314,0.8066,0.8717,5412,14.7,0.2896,0.1205,2.28,Classification,False,OK
MON-001057,2026-01-07,08:00,CHURN_PREDICTION_V1,v4.3,0.8115,0.7982,0.8256,0.8014,0.838,10218,19.22,0.3409,0.0499,0.22,Classification,True,WARNING
MON-001058,2026-01-07,20:00,CHURN_PREDICTION_V1,v2.7,0.8487,0.8512,0.8381,0.8236,0.8829,2593,19.36,0.1142,0.008,4.04,Classification,False,OK
MON-001059,2026-01-08,08:00,CHURN_PREDICTION_V1,v1.2,0.7964,0.7948,0.7855,0.7802,0.8466,22955,11.81,0.5051,0.0617,1.93,Classification,True,WARNING
MON-001060,2026-01-08,20:00,CHURN_PREDICTION_V1,v1.6,0.7979,0.7929,0.7859,0.7839,0.8342,563,18.81,0.1923,0.2755,0.33,Classification,True,WARNING
MON-001061,2026-01-09,08:00,CHURN_PREDICTION_V1,v3.8,0.8328,0.8418,0.8182,0.833,0.8728,1390,30.09,0.1381,0.2267,3.5,Classification,False,OK
MON-001062,2026-01-09,20:00,CHURN_PREDICTION_V1,v4.1,0.8427,0.842,0.8184,0.8414,0.868,6718,20.15,0.3467,0.0907,0.95,Classification,True,WARNING
MON-001063,2026-01-10,08:00,CHURN_PREDICTION_V1,v2.0,0.8316,0.8166,0.8389,0.8208,0.8771,3449,27.38,0.0957,0.1039,0.01,Classification,False,OK
MON-001064,2026-01-10,20:00,CHURN_PREDICTION_V1,v4.0,0.874,0.8544,0.9133,0.8364,0.9387,1251,23.54,0.3045,0.2227,2.52,Classification,True,WARNING
MON-001065,2026-01-11,08:00,CHURN_PREDICTION_V1,v2.1,0.823,0.8124,0.836,0.821,0.8658,3948,36.14,0.1703,0.2004,1.67,Classification,False,OK
MON-001066,2026-01-11,20:00,CHURN_PREDICTION_V1,v2.8,0.8273,0.8336,0.8419,0.8154,0.8826,1604,25.48,0.202,0.2616,1.74,Classification,False,OK
MON-001067,2026-01-12,08:00,CHURN_PREDICTION_V1,v4.6,0.8325,0.8305,0.8395,0.8095,0.8718,1867,12.51,0.2109,0.2117,0.59,Classification,False,OK
MON-001068,2026-01-12,20:00,CHURN_PREDICTION_V1,v3.2,0.8342,0.8445,0.8139,0.8368,0.8943,19615,9.7,0.254,0.2952,0.31,Classification,False,OK
MON-001069,2026-01-13,08:00,CHURN_PREDICTION_V1,v4.8,0.7463,0.7448,0.7416,0.7282,0.7912,8147,50.42,0.1555,0.2396,0.78,Classification,True,CRITICAL
MON-001070,2026-01-13,20:00,CHURN_PREDICTION_V1,v2.4,0.8298,0.8326,0.8403,0.8343,0.8823,5563,12.44,0.1364,0.3135,3.12,Classification,False,OK
MON-001071,2026-01-14,08:00,CHURN_PREDICTION_V1,v1.5,0.8072,0.8223,0.788,0.78,0.8493,5199,17.61,0.6063,0.4414,0.22,Classification,True,WARNING
MON-001072,2026-01-14,20:00,CHURN_PREDICTION_V1,v3.9,0.847,0.8452,0.8398,0.8259,0.8936,967,19.5,0.1485,0.2657,0.29,Classification,False,OK
MON-001073,2026-01-15,08:00,CHURN_PREDICTION_V1,v1.0,0.8528,0.8724,0.8332,0.8156,0.8895,1134,14.73,0.1695,0.2239,1.59,Classification,False,OK
MON-001074,2026-01-15,20:00,CHURN_PREDICTION_V1,v1.5,0.8238,0.8306,0.8163,0.8028,0.8899,5475,34.85,0.4544,0.1475,4.82,Classification,True,WARNING
MON-001075,2026-01-16,08:00,CHURN_PREDICTION_V1,v4.6,0.8323,0.8229,0.8621,0.8275,0.8828,7654,20.41,0.3321,0.1401,6.26,Classification,True,WARNING
MON-001076,2026-01-16,20:00,CHURN_PREDICTION_V1,v4.6,0.8643,0.8522,0.8886,0.8416,0.9063,7899,9.21,0.128,0.0508,2.31,Classification,False,OK
MON-001077,2026-01-17,08:00,CHURN_PREDICTION_V1,v3.7,0.8181,0.8037,0.8206,0.7936,0.8654,1858,23.33,0.196,0.2409,0.58,Classification,False,OK
MON-001078,2026-01-17,20:00,CHURN_PREDICTION_V1,v2.2,0.718,0.7184,0.7414,0.7159,0.7722,1227,18.46,0.2451,0.1592,0.75,Classification,True,CRITICAL
MON-001079,2026-01-18,08:00,CHURN_PREDICTION_V1,v1.2,0.8351,0.8188,0.8452,0.82,0.8919,4546,26.15,0.1508,0.0407,1.0,Classification,False,OK
MON-001080,2026-01-18,20:00,CHURN_PREDICTION_V1,v1.9,0.8652,0.8829,0.8614,0.8493,0.9094,697,52.65,0.4585,0.2698,4.43,Classification,True,WARNING
MON-001081,2026-01-19,08:00,CHURN_PREDICTION_V1,v3.7,0.8703,0.8927,0.8518,0.8421,0.9273,1856,13.82,0.3683,0.5754,0.61,Classification,True,WARNING
MON-001082,2026-01-19,20:00,CHURN_PREDICTION_V1,v4.5,0.849,0.833,0.8438,0.8221,0.8989,9233,10.57,0.1534,0.2513,1.3,Classification,False,OK
MON-001083,2026-01-20,08:00,CHURN_PREDICTION_V1,v4.2,0.9039,0.9065,0.8996,0.8834,0.9457,1684,86.57,0.3306,0.3339,1.79,Classification,True,WARNING
MON-001084,2026-01-20,20:00,CHURN_PREDICTION_V1,v3.1,0.6841,0.6645,0.6782,0.6515,0.7302,6125,11.29,0.4396,0.227,3.1,Classification,True,CRITICAL
MON-001085,2026-01-21,08:00,CHURN_PREDICTION_V1,v2.4,0.7437,0.7509,0.7421,0.7367,0.7875,370,51.65,0.0686,0.1898,5.11,Classification,True,CRITICAL
MON-001086,2026-01-21,20:00,CHURN_PREDICTION_V1,v4.5,0.7419,0.7513,0.7263,0.7331,0.8107,2396,55.79,0.2901,0.1678,1.27,Classification,True,CRITICAL
MON-001087,2026-01-22,08:00,CHURN_PREDICTION_V1,v1.9,0.824,0.824,0.8046,0.8116,0.8752,959,16.91,0.267,0.1364,10.06,Classification,False,OK
MON-001088,2026-01-22,20:00,CHURN_PREDICTION_V1,v4.4,0.864,0.867,0.8437,0.8338,0.9214,415,36.31,0.1631,0.0611,0.38,Classification,False,OK
MON-001089,2026-01-23,08:00,CHURN_PREDICTION_V1,v3.6,0.8293,0.8227,0.8359,0.8196,0.8913,1484,11.84,0.1734,0.2343,3.17,Classification,False,OK
MON-001090,2026-01-23,20:00,CHURN_PREDICTION_V1,v3.2,0.8595,0.8599,0.8452,0.8339,0.9104,2647,26.47,0.2187,0.4868,4.3,Classification,False,OK
MON-001091,2026-01-24,08:00,CHURN_PREDICTION_V1,v2.0,0.8491,0.8562,0.8522,0.8442,0.9085,2079,32.5,0.2105,0.3275,0.7,Classification,False,OK
MON-001092,2026-01-24,20:00,CHURN_PREDICTION_V1,v2.6,0.8388,0.837,0.8395,0.8191,0.8891,3424,11.94,0.4443,0.2888,0.08,Classification,True,WARNING
MON-001093,2026-01-25,08:00,CHURN_PREDICTION_V1,v3.9,0.841,0.8532,0.8462,0.8249,0.89,4918,38.06,0.1337,0.2518,2.17,Classification,False,OK
MON-001094,2026-01-25,20:00,CHURN_PREDICTION_V1,v3.1,0.8386,0.8317,0.8334,0.828,0.8854,4286,32.2,0.2288,0.4414,1.21,Classification,False,OK
MON-001095,2026-01-26,08:00,CHURN_PREDICTION_V1,v3.4,0.8557,0.8525,0.8392,0.8415,0.9011,2810,47.93,0.2286,0.1309,1.04,Classification,False,OK
MON-001096,2026-01-26,20:00,CHURN_PREDICTION_V1,v2.1,0.8279,0.8072,0.8539,0.7799,0.8831,4110,22.51,0.448,0.0661,3.99,Classification,True,WARNING
MON-001097,2026-01-27,08:00,CHURN_PREDICTION_V1,v3.4,0.8252,0.8485,0.8147,0.7918,0.8646,698,6.18,0.5091,0.0491,1.45,Classification,True,WARNING
MON-001098,2026-01-27,20:00,CHURN_PREDICTION_V1,v4.7,0.8411,0.8212,0.8701,0.8165,0.8794,829,22.63,0.2121,0.2073,0.3,Classification,False,OK
MON-001099,2026-01-28,08:00,CHURN_PREDICTION_V1,v2.2,0.8367,0.8479,0.8167,0.824,0.8956,982,18.82,0.2026,0.0521,3.78,Classification,False,OK
MON-001100,2026-01-28,20:00,CHURN_PREDICTION_V1,v3.4,0.8287,0.8329,0.8134,0.8289,0.8903,3015,35.43,0.078,0.4306,1.71,Classification,False,OK
MON-001101,2026-01-29,08:00,CHURN_PREDICTION_V1,v1.3,0.8765,0.8765,0.8496,0.856,0.9434,6840,10.73,0.1669,0.3026,0.92,Classification,False,OK
MON-001102,2026-01-29,20:00,CHURN_PREDICTION_V1,v3.2,0.8471,0.8382,0.8483,0.8381,0.893,15533,67.92,0.1142,0.1769,3.42,Classification,False,OK
MON-001103,2026-01-30,08:00,CHURN_PREDICTION_V1,v1.3,0.8216,0.817,0.8314,0.8118,0.8543,4500,22.41,0.3611,0.2004,5.97,Classification,True,WARNING
MON-001104,2026-01-30,20:00,CHURN_PREDICTION_V1,v2.0,0.8447,0.8408,0.8226,0.8147,0.8758,581,42.84,0.056,0.2441,1.06,Classification,False,OK
MON-001105,2026-01-31,08:00,CHURN_PREDICTION_V1,v1.8,0.8139,0.8087,0.8144,0.7976,0.8772,4088,8.66,0.1146,0.2705,5.5,Classification,False,OK
MON-001106,2026-01-31,20:00,CHURN_PREDICTION_V1,v2.0,0.8098,0.7886,0.8036,0.7877,0.8685,6488,18.15,0.5056,0.1028,8.21,Classification,True,WARNING
MON-001107,2026-02-01,08:00,CHURN_PREDICTION_V1,v4.0,0.8487,0.8546,0.8176,0.8228,0.9034,1761,51.66,0.4174,0.011,1.04,Classification,True,WARNING
MON-001108,2026-02-01,20:00,CHURN_PREDICTION_V1,v3.3,0.8155,0.8221,0.814,0.8159,0.8719,2170,13.39,0.1518,0.1579,0.2,Classification,False,OK
MON-001109,2026-02-02,08:00,CHURN_PREDICTION_V1,v3.9,0.8335,0.83,0.8473,0.8206,0.8904,7394,10.4,0.336,0.418,2.25,Classification,True,WARNING
MON-001110,2026-02-02,20:00,CHURN_PREDICTION_V1,v4.7,0.8119,0.8114,0.8338,0.7875,0.8808,2556,20.42,0.4901,0.1215,0.67,Classification,True,WARNING
MON-001111,2026-02-03,08:00,CHURN_PREDICTION_V1,v2.7,0.8269,0.8326,0.8018,0.8045,0.8659,3293,33.37,0.269,0.2198,0.07,Classification,False,OK
MON-001112,2026-02-03,20:00,CHURN_PREDICTION_V1,v3.1,0.824,0.8102,0.8393,0.8088,0.8652,2061,16.81,0.469,0.4188,0.02,Classification,True,WARNING
MON-001113,2026-02-04,08:00,CHURN_PREDICTION_V1,v1.7,0.8307,0.8145,0.8427,0.8178,0.8856,9022,18.78,0.189,0.1265,2.96,Classification,False,OK
MON-001114,2026-02-04,20:00,CHURN_PREDICTION_V1,v4.7,0.8788,0.8788,0.8732,0.842,0.9364,656,21.12,0.0996,0.0687,0.04,Classification,False,OK
MON-001115,2026-02-05,08:00,CHURN_PREDICTION_V1,v3.1,0.8582,0.8549,0.8324,0.8541,0.8962,2285,17.29,0.2341,0.2049,2.39,Classification,False,OK
MON-001116,2026-02-05,20:00,CHURN_PREDICTION_V1,v2.4,0.8303,0.8261,0.8353,0.8157,0.8886,1839,26.87,0.2068,0.1637,0.87,Classification,False,OK
MON-001117,2026-02-06,08:00,CHURN_PREDICTION_V1,v1.5,0.8284,0.8345,0.803,0.8028,0.874,1674,10.36,0.3747,0.099,4.02,Classification,True,WARNING
MON-001118,2026-02-06,20:00,CHURN_PREDICTION_V1,v1.3,0.8184,0.8145,0.8232,0.8257,0.8736,935,10.94,0.208,0.052,0.35,Classification,False,OK
MON-001119,2026-02-07,08:00,CHURN_PREDICTION_V1,v1.5,0.8118,0.8162,0.8029,0.7998,0.8489,11167,24.17,0.2326,0.0916,1.28,Classification,False,OK
MON-001120,2026-02-07,20:00,CHURN_PREDICTION_V1,v2.8,0.8295,0.8473,0.8168,0.8281,0.8602,2077,15.15,0.2018,0.2974,1.93,Classification,False,OK
MON-001121,2026-02-08,08:00,CHURN_PREDICTION_V1,v3.4,0.8592,0.8801,0.8634,0.8542,0.9149,1447,34.25,0.2572,0.044,0.57,Classification,False,OK
MON-001122,2026-02-08,20:00,CHURN_PREDICTION_V1,v4.8,0.7693,0.778,0.8039,0.7737,0.8393,6590,16.34,0.1683,0.0902,2.37,Classification,True,WARNING
MON-001123,2026-02-09,08:00,CHURN_PREDICTION_V1,v1.5,0.8529,0.8291,0.8748,0.8462,0.9033,2959,26.1,0.1162,0.3447,0.37,Classification,False,OK
MON-001124,2026-02-09,20:00,CHURN_PREDICTION_V1,v1.6,0.8554,0.8617,0.8553,0.8475,0.9237,531,26.8,0.506,0.074,0.13,Classification,True,WARNING
MON-001125,2026-02-10,08:00,CHURN_PREDICTION_V1,v1.8,0.7898,0.8053,0.7942,0.7815,0.826,433,16.09,0.5467,0.1669,1.67,Classification,True,WARNING
MON-001126,2026-02-10,20:00,CHURN_PREDICTION_V1,v3.3,0.8332,0.8358,0.8315,0.8306,0.8743,2587,19.62,0.3615,0.0395,5.78,Classification,True,WARNING
MON-001127,2026-02-11,08:00,CHURN_PREDICTION_V1,v1.0,0.8237,0.817,0.8193,0.8017,0.8786,5075,20.9,0.2938,0.1101,0.76,Classification,False,OK
MON-001128,2026-02-11,20:00,CHURN_PREDICTION_V1,v2.2,0.8291,0.825,0.8532,0.8165,0.8844,2715,12.19,0.1752,0.0405,0.16,Classification,False,OK
MON-001129,2026-02-12,08:00,CHURN_PREDICTION_V1,v4.3,0.8367,0.849,0.8409,0.8145,0.8816,713,34.22,0.3178,0.2486,2.51,Classification,True,WARNING
MON-001130,2026-02-12,20:00,CHURN_PREDICTION_V1,v2.4,0.8387,0.8334,0.8466,0.8311,0.8946,7558,16.01,0.5131,0.2186,2.67,Classification,True,WARNING
MON-001131,2026-02-13,08:00,CHURN_PREDICTION_V1,v4.2,0.8049,0.7954,0.811,0.7859,0.8495,1347,12.8,0.4831,0.2926,0.33,Classification,True,WARNING
MON-001132,2026-02-13,20:00,CHURN_PREDICTION_V1,v4.2,0.8649,0.8583,0.864,0.8454,0.916,25138,21.56,0.2246,0.1639,0.57,Classification,False,OK
MON-001133,2026-02-14,08:00,CHURN_PREDICTION_V1,v4.4,0.8228,0.8234,0.8071,0.7877,0.8763,2529,38.87,0.1443,0.1875,0.73,Classification,False,OK
MON-001134,2026-02-14,20:00,CHURN_PREDICTION_V1,v2.3,0.8849,0.8827,0.8719,0.8867,0.9534,4889,19.22,0.0391,0.248,1.21,Classification,False,OK
MON-001135,2026-02-15,08:00,CHURN_PREDICTION_V1,v1.8,0.8134,0.7973,0.8182,0.785,0.8546,9105,18.57,0.6162,0.2862,3.14,Classification,True,WARNING
MON-001136,2026-02-15,20:00,CHURN_PREDICTION_V1,v2.0,0.8111,0.8068,0.8201,0.7991,0.8671,3904,21.88,0.0395,0.1227,3.09,Classification,False,OK
MON-001137,2026-02-16,08:00,CHURN_PREDICTION_V1,v4.1,0.8387,0.8577,0.8207,0.828,0.8972,2805,17.86,0.0609,0.0948,4.04,Classification,False,OK
MON-001138,2026-02-16,20:00,CHURN_PREDICTION_V1,v4.8,0.8502,0.8521,0.8398,0.847,0.9231,6193,13.27,0.1573,0.1276,0.15,Classification,False,OK
MON-001139,2026-02-17,08:00,CHURN_PREDICTION_V1,v2.2,0.8046,0.8107,0.7964,0.7837,0.8698,2204,21.46,0.1804,0.3176,3.76,Classification,False,OK
MON-001140,2026-02-17,20:00,CHURN_PREDICTION_V1,v1.6,0.8124,0.7982,0.7983,0.7829,0.8693,3630,17.7,0.2648,0.1124,6.15,Classification,False,OK
MON-001141,2026-02-18,08:00,CHURN_PREDICTION_V1,v3.9,0.8255,0.8322,0.7947,0.8184,0.8561,2471,10.08,0.0678,0.3028,2.66,Classification,False,OK
MON-001142,2026-02-18,20:00,CHURN_PREDICTION_V1,v4.9,0.8695,0.8845,0.8498,0.8635,0.9243,3090,17.82,0.2707,0.1567,0.01,Classification,False,OK
MON-001143,2026-02-19,08:00,CHURN_PREDICTION_V1,v2.5,0.8248,0.828,0.8241,0.8119,0.8859,6865,17.33,0.3978,0.3705,1.73,Classification,True,WARNING
MON-001144,2026-02-19,20:00,CHURN_PREDICTION_V1,v4.8,0.8499,0.8379,0.8584,0.8334,0.8891,889,18.23,0.0277,0.1261,1.4,Classification,False,OK
MON-001145,2026-02-20,08:00,CHURN_PREDICTION_V1,v2.4,0.7942,0.8006,0.7839,0.778,0.8356,1878,11.0,0.2143,0.1335,3.62,Classification,True,WARNING
MON-001146,2026-02-20,20:00,CHURN_PREDICTION_V1,v2.4,0.7998,0.808,0.8067,0.773,0.868,1798,27.33,0.0425,0.1118,1.73,Classification,True,WARNING
MON-001147,2026-02-21,08:00,CHURN_PREDICTION_V1,v4.7,0.8514,0.8444,0.8528,0.8124,0.9139,7948,35.53,0.5882,0.2951,1.3,Classification,True,WARNING
MON-001148,2026-02-21,20:00,CHURN_PREDICTION_V1,v4.9,0.8291,0.8398,0.8395,0.8288,0.8639,2613,19.46,0.3846,0.0969,0.6,Classification,True,WARNING
MON-001149,2026-02-22,08:00,CHURN_PREDICTION_V1,v3.8,0.8472,0.8517,0.8719,0.8304,0.8974,1178,17.32,0.5223,0.1697,0.31,Classification,True,WARNING
MON-001150,2026-02-22,20:00,CHURN_PREDICTION_V1,v4.4,0.8195,0.7996,0.8063,0.8111,0.8694,414,23.01,0.0827,0.2685,1.62,Classification,False,OK
MON-001151,2026-02-23,08:00,CHURN_PREDICTION_V1,v1.3,0.7989,0.793,0.7917,0.7795,0.8648,9335,22.86,0.3371,0.2961,1.89,Classification,True,WARNING
MON-001152,2026-02-23,20:00,CHURN_PREDICTION_V1,v1.4,0.8339,0.8305,0.8154,0.8137,0.9005,2933,14.53,0.2747,0.3098,1.73,Classification,False,OK
MON-001153,2026-02-24,08:00,CHURN_PREDICTION_V1,v4.7,0.8041,0.8035,0.8267,0.7834,0.8571,2451,27.71,0.1089,0.1257,0.24,Classification,False,OK
MON-001154,2026-02-24,20:00,CHURN_PREDICTION_V1,v3.3,0.8345,0.8344,0.8279,0.8159,0.8744,2722,14.42,0.0448,0.0486,0.39,Classification,False,OK
MON-001155,2026-02-25,08:00,CHURN_PREDICTION_V1,v4.1,0.8126,0.8205,0.8162,0.8074,0.8584,9082,11.21,0.0702,0.2064,1.71,Classification,False,OK
MON-001156,2026-02-25,20:00,CHURN_PREDICTION_V1,v2.7,0.845,0.8532,0.8547,0.8294,0.8769,4605,17.98,0.39,0.3065,3.8,Classification,True,WARNING
MON-001157,2026-02-26,08:00,CHURN_PREDICTION_V1,v3.1,0.8265,0.8427,0.848,0.8265,0.861,451,22.15,0.3963,0.2789,3.59,Classification,True,WARNING
MON-001158,2026-02-26,20:00,CHURN_PREDICTION_V1,v3.6,0.8259,0.8293,0.8036,0.7983,0.9029,5384,17.85,0.4738,0.2078,0.36,Classification,True,WARNING
MON-001159,2026-02-27,08:00,CHURN_PREDICTION_V1,v2.7,0.8387,0.8535,0.8528,0.8202,0.8857,501,28.6,0.1046,0.1724,3.26,Classification,False,OK
MON-001160,2026-02-27,20:00,CHURN_PREDICTION_V1,v4.9,0.8505,0.8598,0.8212,0.8329,0.8975,6086,19.33,0.1204,0.1411,0.06,Classification,False,OK
MON-001161,2026-02-28,08:00,CHURN_PREDICTION_V1,v4.3,0.8355,0.8478,0.8184,0.826,0.8842,1876,37.93,0.1024,0.1045,3.63,Classification,False,OK
MON-001162,2026-02-28,20:00,CHURN_PREDICTION_V1,v1.4,0.8675,0.8835,0.8642,0.8433,0.9186,6218,31.43,0.2518,0.3605,1.43,Classification,False,OK
MON-001163,2026-03-01,08:00,CHURN_PREDICTION_V1,v3.8,0.8667,0.8633,0.8664,0.8606,0.9209,6655,9.08,0.2414,0.2133,1.15,Classification,False,OK
MON-001164,2026-03-01,20:00,CHURN_PREDICTION_V1,v2.6,0.8178,0.817,0.8406,0.8077,0.8584,1590,15.97,0.27,0.3435,3.73,Classification,False,OK
MON-001165,2026-03-02,08:00,CHURN_PREDICTION_V1,v1.8,0.8095,0.7885,0.8102,0.809,0.8746,2933,13.32,0.0655,0.2388,0.01,Classification,False,OK
MON-001166,2026-03-02,20:00,CHURN_PREDICTION_V1,v3.4,0.8073,0.8184,0.8068,0.7862,0.8508,3746,26.35,0.4133,0.0924,0.37,Classification,True,WARNING
MON-001167,2026-03-03,08:00,CHURN_PREDICTION_V1,v3.6,0.8678,0.8781,0.8707,0.8342,0.9007,1445,28.83,0.2252,0.4156,0.09,Classification,False,OK
MON-001168,2026-03-03,20:00,CHURN_PREDICTION_V1,v4.7,0.8074,0.8088,0.8245,0.8007,0.8436,1433,28.13,0.2273,0.4715,0.04,Classification,False,OK
MON-001169,2026-03-04,08:00,CHURN_PREDICTION_V1,v4.6,0.824,0.8319,0.8132,0.8182,0.8738,4685,10.23,0.3022,0.4975,1.66,Classification,True,WARNING
MON-001170,2026-03-04,20:00,CHURN_PREDICTION_V1,v3.0,0.832,0.8426,0.8073,0.7926,0.8912,10724,17.64,0.0808,0.1319,0.35,Classification,False,OK
MON-001171,2026-03-05,08:00,CHURN_PREDICTION_V1,v3.7,0.8671,0.8673,0.8686,0.8553,0.9251,929,33.11,0.1642,0.2205,0.28,Classification,False,OK
MON-001172,2026-03-05,20:00,CHURN_PREDICTION_V1,v2.5,0.8055,0.8098,0.8068,0.7924,0.8683,4963,24.13,0.4705,0.0923,0.85,Classification,True,WARNING
MON-001173,2026-03-06,08:00,CHURN_PREDICTION_V1,v1.4,0.8534,0.8533,0.8507,0.831,0.8908,2353,5.96,0.1375,0.0722,0.16,Classification,False,OK
MON-001174,2026-03-06,20:00,CHURN_PREDICTION_V1,v4.6,0.745,0.7441,0.7697,0.7454,0.8082,5862,50.46,0.3733,0.3497,6.67,Classification,True,CRITICAL
MON-001175,2026-03-07,08:00,CHURN_PREDICTION_V1,v2.9,0.8291,0.8223,0.8418,0.8084,0.8841,4724,20.4,0.1676,0.045,2.87,Classification,False,OK
MON-001176,2026-03-07,20:00,CHURN_PREDICTION_V1,v2.8,0.8311,0.8171,0.8026,0.8312,0.8779,4060,24.48,0.1689,0.1296,3.46,Classification,False,OK
MON-001177,2026-03-08,08:00,CHURN_PREDICTION_V1,v2.1,0.8175,0.8047,0.81,0.8104,0.8601,707,20.11,0.3016,0.0561,6.98,Classification,True,WARNING
MON-001178,2026-03-08,20:00,CHURN_PREDICTION_V1,v3.2,0.8233,0.8226,0.8308,0.8139,0.8641,19359,15.39,0.3736,0.2291,0.13,Classification,True,WARNING
MON-001179,2026-03-09,08:00,CHURN_PREDICTION_V1,v1.0,0.8171,0.8059,0.8234,0.8055,0.8724,2702,8.26,0.6216,0.1682,0.85,Classification,True,WARNING
MON-001180,2026-03-09,20:00,CHURN_PREDICTION_V1,v4.1,0.8053,0.7959,0.8219,0.7964,0.856,2257,15.9,0.7966,0.1588,2.86,Classification,True,WARNING
MON-001181,2026-03-10,08:00,CHURN_PREDICTION_V1,v3.5,0.808,0.7998,0.8307,0.786,0.8398,5915,25.46,0.4513,0.0946,1.27,Classification,True,WARNING
MON-001182,2026-03-10,20:00,CHURN_PREDICTION_V1,v1.0,0.8552,0.8524,0.8612,0.8264,0.9022,472,18.17,0.4614,0.3291,1.6,Classification,True,WARNING
MON-001183,2026-03-11,08:00,CHURN_PREDICTION_V1,v2.5,0.8245,0.8358,0.8337,0.8247,0.8703,6510,24.2,0.5328,0.0847,1.78,Classification,True,WARNING
MON-001184,2026-03-11,20:00,CHURN_PREDICTION_V1,v2.2,0.7748,0.7535,0.7542,0.7538,0.8367,7920,15.51,0.1161,0.1783,0.91,Classification,True,WARNING
MON-001185,2026-03-12,08:00,CHURN_PREDICTION_V1,v4.3,0.8279,0.8284,0.8177,0.8093,0.8814,871,17.63,0.0963,0.3022,0.88,Classification,False,OK
MON-001186,2026-03-12,20:00,CHURN_PREDICTION_V1,v3.2,0.8276,0.8183,0.8193,0.7979,0.8734,4514,24.97,0.2092,0.2394,0.91,Classification,False,OK
MON-001187,2026-03-13,08:00,CHURN_PREDICTION_V1,v3.5,0.8299,0.8295,0.8087,0.8194,0.872,2768,18.29,0.3533,0.1007,0.05,Classification,True,WARNING
MON-001188,2026-03-13,20:00,CHURN_PREDICTION_V1,v4.3,0.8461,0.8398,0.8574,0.8187,0.8987,4378,16.27,0.0447,0.3166,0.42,Classification,False,OK
MON-001189,2026-03-14,08:00,CHURN_PREDICTION_V1,v2.0,0.8177,0.8159,0.8196,0.8054,0.8614,667,27.08,0.0903,0.2034,0.05,Classification,False,OK
MON-001190,2026-03-14,20:00,CHURN_PREDICTION_V1,v1.0,0.8283,0.8129,0.8558,0.8086,0.8638,10396,19.21,0.1879,0.2185,2.25,Classification,False,OK
MON-001191,2026-03-15,08:00,CHURN_PREDICTION_V1,v1.8,0.8495,0.8536,0.8593,0.8348,0.903,6003,13.08,0.3201,0.0463,2.83,Classification,True,WARNING
MON-001192,2026-03-15,20:00,CHURN_PREDICTION_V1,v4.7,0.8531,0.8537,0.8579,0.8526,0.9023,1050,18.66,0.5352,0.3202,0.7,Classification,True,WARNING
MON-001193,2026-03-16,08:00,CHURN_PREDICTION_V1,v1.2,0.8611,0.8626,0.8845,0.8327,0.9092,1811,16.46,0.3106,0.252,0.23,Classification,True,WARNING
MON-001194,2026-03-16,20:00,CHURN_PREDICTION_V1,v3.4,0.8121,0.8218,0.8013,0.7908,0.8628,8290,12.46,0.2897,0.372,0.9,Classification,False,OK
MON-001195,2026-03-17,08:00,CHURN_PREDICTION_V1,v1.3,0.8185,0.8044,0.7913,0.7946,0.874,4298,53.96,0.1164,0.4128,0.69,Classification,False,OK
MON-001196,2026-03-17,20:00,CHURN_PREDICTION_V1,v2.0,0.8273,0.8164,0.8414,0.8156,0.8642,1555,14.29,0.7857,0.097,5.31,Classification,True,WARNING
MON-001197,2026-03-18,08:00,CHURN_PREDICTION_V1,v3.1,0.805,0.8216,0.8112,0.793,0.8467,3693,22.9,0.4432,0.1138,2.48,Classification,True,WARNING
MON-001198,2026-03-18,20:00,CHURN_PREDICTION_V1,v4.6,0.8487,0.8542,0.8467,0.8296,0.9135,2012,17.71,0.0543,0.0667,0.54,Classification,False,OK
MON-001199,2026-03-19,08:00,CHURN_PREDICTION_V1,v2.4,0.837,0.8178,0.8298,0.8318,0.8982,885,36.66,0.4029,0.1081,0.42,Classification,True,WARNING
MON-001200,2026-03-19,20:00,CHURN_PREDICTION_V1,v1.1,0.8282,0.8264,0.8173,0.8119,0.8985,2362,38.12,0.1546,0.1515,0.61,Classification,False,OK
MON-001201,2025-09-01,08:00,LTV_FORECAST_V2,v1.8,0.8518,0.8625,0.8517,0.8288,0.9098,4812,25.72,0.1131,0.1135,4.0,Regression,False,OK
MON-001202,2025-09-01,20:00,LTV_FORECAST_V2,v4.0,0.8161,0.837,0.8193,0.8127,0.8732,1538,29.72,0.2239,0.2807,4.16,Regression,False,OK
MON-001203,2025-09-02,08:00,LTV_FORECAST_V2,v1.8,0.8538,0.8694,0.8643,0.8344,0.9029,5028,8.89,0.6675,0.2126,1.48,Regression,True,WARNING
MON-001204,2025-09-02,20:00,LTV_FORECAST_V2,v2.1,0.866,0.8615,0.8445,0.8471,0.9011,7514,37.0,0.371,0.2393,0.93,Regression,True,WARNING
MON-001205,2025-09-03,08:00,LTV_FORECAST_V2,v4.3,0.8373,0.8361,0.854,0.8198,0.8941,6258,28.37,0.3269,0.3681,0.7,Regression,True,WARNING
MON-001206,2025-09-03,20:00,LTV_FORECAST_V2,v3.5,0.831,0.8129,0.8281,0.8166,0.8802,4772,14.31,0.2093,0.1153,0.68,Regression,False,OK
MON-001207,2025-09-04,08:00,LTV_FORECAST_V2,v4.8,0.8345,0.8355,0.8355,0.8295,0.8676,884,14.84,0.2158,0.3096,2.06,Regression,False,OK
MON-001208,2025-09-04,20:00,LTV_FORECAST_V2,v1.4,0.8034,0.8054,0.7922,0.796,0.8592,2295,18.57,0.3535,0.1955,1.91,Regression,True,WARNING
MON-001209,2025-09-05,08:00,LTV_FORECAST_V2,v3.7,0.8272,0.8363,0.8341,0.8167,0.8884,3637,58.09,0.4351,0.1195,9.1,Regression,True,WARNING
MON-001210,2025-09-05,20:00,LTV_FORECAST_V2,v2.1,0.8723,0.8503,0.8998,0.8453,0.9142,2832,17.51,0.2032,0.2638,1.88,Regression,False,OK
MON-001211,2025-09-06,08:00,LTV_FORECAST_V2,v3.9,0.8736,0.8643,0.8854,0.8559,0.9199,6559,14.12,0.6002,0.1392,0.85,Regression,True,WARNING
MON-001212,2025-09-06,20:00,LTV_FORECAST_V2,v4.6,0.8329,0.8306,0.8263,0.8149,0.8866,2708,14.17,0.3748,0.039,0.1,Regression,True,WARNING
MON-001213,2025-09-07,08:00,LTV_FORECAST_V2,v3.6,0.8202,0.8289,0.7939,0.8093,0.8613,8463,7.71,0.3985,0.1467,0.95,Regression,True,WARNING
MON-001214,2025-09-07,20:00,LTV_FORECAST_V2,v1.3,0.8516,0.8476,0.8424,0.8327,0.9001,7257,29.08,0.5037,0.337,0.69,Regression,True,WARNING
MON-001215,2025-09-08,08:00,LTV_FORECAST_V2,v4.8,0.8303,0.8539,0.8221,0.8278,0.8826,1824,29.53,0.1609,0.0983,2.51,Regression,False,OK
MON-001216,2025-09-08,20:00,LTV_FORECAST_V2,v3.7,0.736,0.7252,0.7422,0.7276,0.794,935,4.66,0.6883,0.3842,0.71,Regression,True,CRITICAL
MON-001217,2025-09-09,08:00,LTV_FORECAST_V2,v3.8,0.8161,0.8112,0.8063,0.8056,0.866,6961,41.95,0.1922,0.2151,1.41,Regression,False,OK
MON-001218,2025-09-09,20:00,LTV_FORECAST_V2,v2.6,0.8371,0.8262,0.8253,0.8108,0.8924,10581,18.32,0.0433,0.0478,1.31,Regression,False,OK
MON-001219,2025-09-10,08:00,LTV_FORECAST_V2,v1.7,0.6957,0.6936,0.6903,0.6747,0.7436,2121,14.63,0.3505,0.1812,2.57,Regression,True,CRITICAL
MON-001220,2025-09-10,20:00,LTV_FORECAST_V2,v4.5,0.8308,0.8356,0.8301,0.8091,0.8823,4559,9.13,0.0973,0.109,0.4,Regression,False,OK
MON-001221,2025-09-11,08:00,LTV_FORECAST_V2,v1.7,0.8195,0.8213,0.8147,0.8032,0.8731,7618,10.48,0.2657,0.1918,0.68,Regression,False,OK
MON-001222,2025-09-11,20:00,LTV_FORECAST_V2,v2.9,0.8281,0.8195,0.822,0.8232,0.8534,706,24.62,0.4835,0.1692,3.47,Regression,True,WARNING
MON-001223,2025-09-12,08:00,LTV_FORECAST_V2,v1.6,0.837,0.8492,0.8166,0.8128,0.8802,13667,31.84,0.3839,0.0925,0.04,Regression,True,WARNING
MON-001224,2025-09-12,20:00,LTV_FORECAST_V2,v2.7,0.8448,0.8586,0.8515,0.812,0.9061,2100,11.79,0.2985,0.2754,0.36,Regression,False,OK
MON-001225,2025-09-13,08:00,LTV_FORECAST_V2,v3.7,0.6803,0.6733,0.6648,0.6807,0.71,14466,7.91,0.2657,0.1296,0.14,Regression,True,CRITICAL
MON-001226,2025-09-13,20:00,LTV_FORECAST_V2,v1.4,0.8599,0.8907,0.8735,0.8381,0.9138,6369,17.72,0.0131,0.3055,0.73,Regression,False,OK
MON-001227,2025-09-14,08:00,LTV_FORECAST_V2,v3.2,0.8051,0.7941,0.8218,0.7884,0.869,4211,11.97,0.3024,0.1317,0.68,Regression,True,WARNING
MON-001228,2025-09-14,20:00,LTV_FORECAST_V2,v1.1,0.8009,0.8013,0.7824,0.7948,0.8623,16228,20.86,0.2649,0.2087,2.68,Regression,False,OK
MON-001229,2025-09-15,08:00,LTV_FORECAST_V2,v2.3,0.8189,0.8193,0.8449,0.814,0.8773,4192,32.01,0.5964,0.2363,0.56,Regression,True,WARNING
MON-001230,2025-09-15,20:00,LTV_FORECAST_V2,v4.9,0.831,0.8198,0.8475,0.8054,0.8983,10583,12.05,0.4832,0.5157,5.25,Regression,True,WARNING
MON-001231,2025-09-16,08:00,LTV_FORECAST_V2,v2.1,0.8633,0.8652,0.8657,0.8486,0.9255,6441,25.02,0.0919,0.188,0.24,Regression,False,OK
MON-001232,2025-09-16,20:00,LTV_FORECAST_V2,v2.6,0.827,0.8258,0.8122,0.8242,0.8732,1896,35.75,0.3478,0.196,0.34,Regression,True,WARNING
MON-001233,2025-09-17,08:00,LTV_FORECAST_V2,v4.8,0.8118,0.816,0.7734,0.796,0.869,1054,21.78,0.1264,0.1988,3.48,Regression,False,OK
MON-001234,2025-09-17,20:00,LTV_FORECAST_V2,v2.0,0.8179,0.8179,0.8179,0.8124,0.854,11813,25.41,0.1821,0.213,1.5,Regression,False,OK
MON-001235,2025-09-18,08:00,LTV_FORECAST_V2,v4.4,0.8323,0.8403,0.8343,0.8173,0.8921,3382,13.8,0.111,0.1672,0.52,Regression,False,OK
MON-001236,2025-09-18,20:00,LTV_FORECAST_V2,v4.4,0.8092,0.8152,0.8225,0.8038,0.8585,5798,38.45,0.4238,0.334,0.16,Regression,True,WARNING
MON-001237,2025-09-19,08:00,LTV_FORECAST_V2,v3.2,0.8693,0.8594,0.8398,0.8649,0.9301,4733,25.56,0.4598,0.3682,2.35,Regression,True,WARNING
MON-001238,2025-09-19,20:00,LTV_FORECAST_V2,v1.5,0.7838,0.7808,0.7987,0.7852,0.8366,4981,12.13,0.2298,0.018,2.24,Regression,True,WARNING
MON-001239,2025-09-20,08:00,LTV_FORECAST_V2,v4.0,0.8154,0.8072,0.8323,0.8037,0.8754,6320,49.05,0.1696,0.3702,0.59,Regression,False,OK
MON-001240,2025-09-20,20:00,LTV_FORECAST_V2,v3.3,0.7076,0.7243,0.714,0.6896,0.7591,2840,6.53,0.5517,0.0739,0.64,Regression,True,CRITICAL
MON-001241,2025-09-21,08:00,LTV_FORECAST_V2,v4.8,0.8111,0.8207,0.7909,0.7976,0.8586,13302,34.9,0.3211,0.0944,2.0,Regression,True,WARNING
MON-001242,2025-09-21,20:00,LTV_FORECAST_V2,v4.5,0.8441,0.8474,0.8406,0.8304,0.8971,10094,10.97,0.0906,0.2395,0.15,Regression,False,OK
MON-001243,2025-09-22,08:00,LTV_FORECAST_V2,v2.5,0.8175,0.8228,0.8002,0.8012,0.8521,1920,20.57,0.2724,0.3747,0.47,Regression,False,OK
MON-001244,2025-09-22,20:00,LTV_FORECAST_V2,v4.7,0.843,0.8418,0.8233,0.8333,0.892,1905,36.75,0.1023,0.2431,0.68,Regression,False,OK
MON-001245,2025-09-23,08:00,LTV_FORECAST_V2,v1.1,0.8621,0.8637,0.8446,0.8505,0.9077,1012,10.18,0.2137,0.0044,0.39,Regression,False,OK
MON-001246,2025-09-23,20:00,LTV_FORECAST_V2,v4.1,0.8553,0.8478,0.8586,0.841,0.8915,19230,24.15,0.4675,0.382,3.63,Regression,True,WARNING
MON-001247,2025-09-24,08:00,LTV_FORECAST_V2,v4.2,0.8337,0.8271,0.8213,0.8386,0.8767,2212,7.47,0.1381,0.2553,1.29,Regression,False,OK
MON-001248,2025-09-24,20:00,LTV_FORECAST_V2,v1.2,0.8305,0.8367,0.827,0.806,0.8676,5047,17.41,0.0723,0.1641,0.2,Regression,False,OK
MON-001249,2025-09-25,08:00,LTV_FORECAST_V2,v1.2,0.8482,0.8374,0.8582,0.8348,0.8828,1941,41.18,0.1491,0.1045,4.23,Regression,False,OK
MON-001250,2025-09-25,20:00,LTV_FORECAST_V2,v2.7,0.8248,0.8177,0.8247,0.8084,0.869,4508,18.09,0.2142,0.0157,0.58,Regression,False,OK
MON-001251,2025-09-26,08:00,LTV_FORECAST_V2,v1.0,0.8207,0.8184,0.8148,0.7862,0.8758,6762,31.92,0.266,0.0487,0.04,Regression,False,OK
MON-001252,2025-09-26,20:00,LTV_FORECAST_V2,v4.7,0.8106,0.7955,0.8085,0.7883,0.8457,10089,30.23,0.2049,0.3676,1.49,Regression,False,OK
MON-001253,2025-09-27,08:00,LTV_FORECAST_V2,v2.8,0.8366,0.8466,0.8606,0.806,0.8861,8188,10.54,0.4119,0.0832,3.44,Regression,True,WARNING
MON-001254,2025-09-27,20:00,LTV_FORECAST_V2,v4.2,0.8093,0.8159,0.8287,0.8013,0.8613,710,9.56,0.4797,0.0588,2.51,Regression,True,WARNING
MON-001255,2025-09-28,08:00,LTV_FORECAST_V2,v4.6,0.8162,0.8205,0.7795,0.7876,0.8651,6269,27.78,0.3352,0.2189,0.61,Regression,True,WARNING
MON-001256,2025-09-28,20:00,LTV_FORECAST_V2,v1.4,0.8725,0.8686,0.8652,0.8415,0.9308,19858,24.82,0.3149,0.0743,2.04,Regression,True,WARNING
MON-001257,2025-09-29,08:00,LTV_FORECAST_V2,v1.6,0.8438,0.8556,0.8441,0.825,0.9249,2207,12.51,0.1162,0.3374,2.08,Regression,False,OK
MON-001258,2025-09-29,20:00,LTV_FORECAST_V2,v3.4,0.8384,0.8425,0.8693,0.8183,0.9049,10722,17.13,0.414,0.5096,2.78,Regression,True,WARNING
MON-001259,2025-09-30,08:00,LTV_FORECAST_V2,v3.9,0.8159,0.8258,0.8131,0.7957,0.8595,1135,22.49,0.2493,0.1182,4.4,Regression,False,OK
MON-001260,2025-09-30,20:00,LTV_FORECAST_V2,v3.9,0.8457,0.8562,0.8397,0.8182,0.8861,5221,14.3,0.2106,0.1572,3.47,Regression,False,OK
MON-001261,2025-10-01,08:00,LTV_FORECAST_V2,v2.2,0.7313,0.7265,0.7277,0.7254,0.7766,3048,32.04,0.3058,0.0315,2.17,Regression,True,CRITICAL
MON-001262,2025-10-01,20:00,LTV_FORECAST_V2,v3.8,0.7998,0.7909,0.798,0.7821,0.855,448,20.04,0.017,0.1963,1.83,Regression,True,WARNING
MON-001263,2025-10-02,08:00,LTV_FORECAST_V2,v2.9,0.8192,0.8092,0.8224,0.8124,0.8696,1746,18.17,0.1888,0.1042,2.65,Regression,False,OK
MON-001264,2025-10-02,20:00,LTV_FORECAST_V2,v3.8,0.8067,0.8073,0.8121,0.7809,0.8572,8406,16.49,0.4307,0.1517,0.96,Regression,True,WARNING
MON-001265,2025-10-03,08:00,LTV_FORECAST_V2,v3.7,0.8395,0.8123,0.8366,0.8165,0.8905,5233,25.42,0.419,0.1662,0.86,Regression,True,WARNING
MON-001266,2025-10-03,20:00,LTV_FORECAST_V2,v4.3,0.8375,0.8268,0.8652,0.8122,0.8883,2768,18.99,0.0876,0.1556,1.29,Regression,False,OK
MON-001267,2025-10-04,08:00,LTV_FORECAST_V2,v3.2,0.8348,0.8278,0.8353,0.8178,0.8874,6687,7.85,0.1604,0.0436,0.02,Regression,False,OK
MON-001268,2025-10-04,20:00,LTV_FORECAST_V2,v2.8,0.8419,0.8357,0.8592,0.8184,0.9013,680,49.54,0.3843,0.0493,2.15,Regression,True,WARNING
MON-001269,2025-10-05,08:00,LTV_FORECAST_V2,v4.0,0.841,0.8469,0.8421,0.8347,0.8945,2456,6.71,0.3167,0.4706,0.39,Regression,True,WARNING
MON-001270,2025-10-05,20:00,LTV_FORECAST_V2,v3.6,0.8166,0.8023,0.8104,0.7782,0.8557,1242,40.37,0.469,0.4645,4.35,Regression,True,WARNING
MON-001271,2025-10-06,08:00,LTV_FORECAST_V2,v2.2,0.8397,0.8228,0.8468,0.8395,0.899,512,12.97,0.1063,0.1814,0.6,Regression,False,OK
MON-001272,2025-10-06,20:00,LTV_FORECAST_V2,v4.1,0.8364,0.8197,0.8003,0.8167,0.8973,7260,15.1,0.29,0.2911,2.47,Regression,False,OK
MON-001273,2025-10-07,08:00,LTV_FORECAST_V2,v1.4,0.8178,0.8231,0.8154,0.7939,0.8663,4714,51.14,0.3309,0.0539,4.71,Regression,True,WARNING
MON-001274,2025-10-07,20:00,LTV_FORECAST_V2,v2.3,0.8229,0.8171,0.7792,0.8245,0.876,2230,6.08,0.2658,0.13,2.74,Regression,False,OK
MON-001275,2025-10-08,08:00,LTV_FORECAST_V2,v1.8,0.8471,0.841,0.8287,0.8292,0.8925,1821,19.02,0.3748,0.2216,2.31,Regression,True,WARNING
MON-001276,2025-10-08,20:00,LTV_FORECAST_V2,v4.5,0.8038,0.8212,0.7918,0.7848,0.846,728,38.84,0.3819,0.2254,1.78,Regression,True,WARNING
MON-001277,2025-10-09,08:00,LTV_FORECAST_V2,v1.0,0.8367,0.8411,0.8364,0.8139,0.8802,2554,14.75,0.2769,0.3125,2.72,Regression,False,OK
MON-001278,2025-10-09,20:00,LTV_FORECAST_V2,v4.9,0.8279,0.8206,0.8329,0.8087,0.872,5522,24.04,0.2341,0.5055,0.11,Regression,False,OK
MON-001279,2025-10-10,08:00,LTV_FORECAST_V2,v2.1,0.8295,0.8156,0.8044,0.8176,0.8939,1663,35.61,0.0816,0.5099,0.72,Regression,False,OK
MON-001280,2025-10-10,20:00,LTV_FORECAST_V2,v3.8,0.8243,0.8431,0.8169,0.8129,0.8736,9679,18.87,0.6258,0.1123,4.9,Regression,True,WARNING
MON-001281,2025-10-11,08:00,LTV_FORECAST_V2,v2.5,0.8384,0.8408,0.8332,0.81,0.8802,676,40.01,0.523,0.0357,0.36,Regression,True,WARNING
MON-001282,2025-10-11,20:00,LTV_FORECAST_V2,v1.3,0.7984,0.7941,0.8292,0.771,0.846,398,19.72,0.3454,0.2547,6.59,Regression,True,WARNING
MON-001283,2025-10-12,08:00,LTV_FORECAST_V2,v3.4,0.835,0.837,0.8339,0.8284,0.8916,3206,15.14,0.1489,0.029,0.28,Regression,False,OK
MON-001284,2025-10-12,20:00,LTV_FORECAST_V2,v4.9,0.809,0.8048,0.7899,0.7876,0.8735,5696,25.26,0.4049,0.1321,2.64,Regression,True,WARNING
MON-001285,2025-10-13,08:00,LTV_FORECAST_V2,v3.5,0.8506,0.8556,0.8634,0.833,0.906,4996,35.61,0.3337,0.1438,7.19,Regression,True,WARNING
MON-001286,2025-10-13,20:00,LTV_FORECAST_V2,v4.4,0.8041,0.7871,0.8,0.7892,0.8538,803,13.88,0.5741,0.1967,4.0,Regression,True,WARNING
MON-001287,2025-10-14,08:00,LTV_FORECAST_V2,v2.1,0.782,0.778,0.7932,0.7807,0.8493,2391,17.6,0.4743,0.3109,2.4,Regression,True,WARNING
MON-001288,2025-10-14,20:00,LTV_FORECAST_V2,v2.1,0.7959,0.7854,0.811,0.793,0.8437,4024,11.2,0.6043,0.1539,0.21,Regression,True,WARNING
MON-001289,2025-10-15,08:00,LTV_FORECAST_V2,v2.4,0.8287,0.8279,0.8159,0.8155,0.8759,6765,16.55,0.2913,0.1595,6.35,Regression,False,OK
MON-001290,2025-10-15,20:00,LTV_FORECAST_V2,v2.4,0.7988,0.7892,0.7927,0.7762,0.8373,462,15.4,0.1296,0.2375,0.11,Regression,True,WARNING
MON-001291,2025-10-16,08:00,LTV_FORECAST_V2,v1.2,0.8037,0.7977,0.798,0.8103,0.8476,2917,22.83,0.2968,0.2645,0.24,Regression,False,OK
MON-001292,2025-10-16,20:00,LTV_FORECAST_V2,v4.5,0.8159,0.8104,0.8291,0.8064,0.8543,4041,8.12,0.4758,0.0728,0.08,Regression,True,WARNING
MON-001293,2025-10-17,08:00,LTV_FORECAST_V2,v3.9,0.8404,0.843,0.8647,0.837,0.8773,1044,18.07,0.1558,0.2031,3.93,Regression,False,OK
MON-001294,2025-10-17,20:00,LTV_FORECAST_V2,v4.3,0.8144,0.8106,0.8393,0.7958,0.8636,3798,29.41,0.2554,0.2155,3.74,Regression,False,OK
MON-001295,2025-10-18,08:00,LTV_FORECAST_V2,v2.0,0.8256,0.8154,0.8224,0.7977,0.8706,1384,25.26,0.1461,0.2862,0.2,Regression,False,OK
MON-001296,2025-10-18,20:00,LTV_FORECAST_V2,v2.3,0.8252,0.8294,0.8483,0.8137,0.8873,6043,30.29,0.0753,0.3445,0.47,Regression,False,OK
MON-001297,2025-10-19,08:00,LTV_FORECAST_V2,v1.9,0.8008,0.8217,0.8064,0.785,0.8539,9987,28.53,0.2272,0.2034,2.7,Regression,False,OK
MON-001298,2025-10-19,20:00,LTV_FORECAST_V2,v2.2,0.8379,0.8343,0.8324,0.8373,0.8948,1104,29.24,0.3094,0.2156,0.44,Regression,True,WARNING
MON-001299,2025-10-20,08:00,LTV_FORECAST_V2,v2.7,0.8747,0.8878,0.8629,0.8563,0.9295,1108,11.99,0.3995,0.3174,0.58,Regression,True,WARNING
MON-001300,2025-10-20,20:00,LTV_FORECAST_V2,v1.5,0.7951,0.7797,0.8023,0.7749,0.8343,9522,13.64,0.2132,0.0702,0.23,Regression,True,WARNING
MON-001301,2025-10-21,08:00,LTV_FORECAST_V2,v1.0,0.812,0.8044,0.836,0.8084,0.86,4369,30.51,0.4315,0.1085,4.74,Regression,True,WARNING
MON-001302,2025-10-21,20:00,LTV_FORECAST_V2,v2.8,0.8042,0.8172,0.8226,0.784,0.8584,4696,7.16,0.1979,0.2298,0.9,Regression,False,OK
MON-001303,2025-10-22,08:00,LTV_FORECAST_V2,v4.6,0.8257,0.8279,0.8138,0.8065,0.8583,932,8.14,0.4436,0.3246,1.73,Regression,True,WARNING
MON-001304,2025-10-22,20:00,LTV_FORECAST_V2,v4.5,0.8006,0.7934,0.8058,0.7695,0.833,4530,17.17,0.3194,0.0702,0.13,Regression,True,WARNING
MON-001305,2025-10-23,08:00,LTV_FORECAST_V2,v3.8,0.8547,0.863,0.8419,0.8486,0.9065,3170,19.43,0.1763,0.1659,2.99,Regression,False,OK
MON-001306,2025-10-23,20:00,LTV_FORECAST_V2,v1.3,0.8579,0.8475,0.861,0.839,0.9054,7417,14.92,0.3933,0.0698,2.24,Regression,True,WARNING
MON-001307,2025-10-24,08:00,LTV_FORECAST_V2,v4.6,0.8434,0.8441,0.8504,0.815,0.8586,5751,7.89,0.3063,0.0659,3.51,Regression,True,WARNING
MON-001308,2025-10-24,20:00,LTV_FORECAST_V2,v4.7,0.8483,0.8577,0.853,0.8427,0.8803,2464,35.36,0.3108,0.1813,0.24,Regression,True,WARNING
MON-001309,2025-10-25,08:00,LTV_FORECAST_V2,v3.4,0.8319,0.8355,0.8467,0.8126,0.8721,1529,14.4,0.2196,0.2984,1.46,Regression,False,OK
MON-001310,2025-10-25,20:00,LTV_FORECAST_V2,v3.8,0.8511,0.8762,0.8404,0.8519,0.9061,6423,9.7,0.1591,0.3535,0.18,Regression,False,OK
MON-001311,2025-10-26,08:00,LTV_FORECAST_V2,v1.9,0.8235,0.8178,0.8435,0.8195,0.8685,4712,5.19,0.1117,0.3005,0.34,Regression,False,OK
MON-001312,2025-10-26,20:00,LTV_FORECAST_V2,v2.2,0.8188,0.8257,0.8132,0.7906,0.8803,604,30.6,0.0968,0.3748,1.11,Regression,False,OK
MON-001313,2025-10-27,08:00,LTV_FORECAST_V2,v3.2,0.8428,0.8516,0.8257,0.833,0.8855,1269,19.16,0.1116,0.0416,1.6,Regression,False,OK
MON-001314,2025-10-27,20:00,LTV_FORECAST_V2,v4.8,0.8218,0.8196,0.8368,0.8156,0.8662,7090,12.86,0.1413,0.0444,0.58,Regression,False,OK
MON-001315,2025-10-28,08:00,LTV_FORECAST_V2,v4.7,0.8722,0.8629,0.8791,0.8384,0.9454,484,30.38,0.5396,0.0263,1.37,Regression,True,WARNING
MON-001316,2025-10-28,20:00,LTV_FORECAST_V2,v3.1,0.8505,0.8621,0.8651,0.831,0.909,1181,26.7,0.4616,0.2937,0.06,Regression,True,WARNING
MON-001317,2025-10-29,08:00,LTV_FORECAST_V2,v4.5,0.8183,0.8132,0.8206,0.7967,0.8788,8702,21.55,0.3515,0.2322,0.43,Regression,True,WARNING
MON-001318,2025-10-29,20:00,LTV_FORECAST_V2,v2.0,0.826,0.8325,0.7933,0.8202,0.8686,1191,19.91,0.0552,0.0603,4.34,Regression,False,OK
MON-001319,2025-10-30,08:00,LTV_FORECAST_V2,v3.7,0.8266,0.8309,0.814,0.8012,0.8742,558,16.17,0.1799,0.074,0.3,Regression,False,OK
MON-001320,2025-10-30,20:00,LTV_FORECAST_V2,v3.6,0.8144,0.8156,0.8161,0.8007,0.8647,1415,26.08,0.402,0.1453,0.42,Regression,True,WARNING
MON-001321,2025-10-31,08:00,LTV_FORECAST_V2,v2.9,0.8471,0.8606,0.8463,0.8492,0.8949,1465,8.06,0.6931,0.1204,0.84,Regression,True,WARNING
MON-001322,2025-10-31,20:00,LTV_FORECAST_V2,v2.6,0.8119,0.8153,0.8389,0.7758,0.8636,1713,16.56,0.3966,0.181,0.26,Regression,True,WARNING
MON-001323,2025-11-01,08:00,LTV_FORECAST_V2,v3.2,0.8275,0.8337,0.8155,0.8119,0.879,2123,9.51,0.4068,0.0674,2.05,Regression,True,WARNING
MON-001324,2025-11-01,20:00,LTV_FORECAST_V2,v1.3,0.8139,0.818,0.8269,0.7989,0.862,4482,23.02,0.5609,0.3632,8.08,Regression,True,WARNING
MON-001325,2025-11-02,08:00,LTV_FORECAST_V2,v4.5,0.8184,0.8191,0.8271,0.7777,0.8658,11458,30.88,0.7437,0.3864,0.9,Regression,True,WARNING
MON-001326,2025-11-02,20:00,LTV_FORECAST_V2,v2.0,0.8447,0.8409,0.8086,0.8114,0.9085,919,20.5,0.5415,0.4154,0.11,Regression,True,WARNING
MON-001327,2025-11-03,08:00,LTV_FORECAST_V2,v3.5,0.8428,0.8426,0.8426,0.8345,0.8842,1067,17.83,0.1466,0.2724,7.9,Regression,False,OK
MON-001328,2025-11-03,20:00,LTV_FORECAST_V2,v1.5,0.8223,0.8284,0.8239,0.8053,0.8677,7231,9.4,0.1039,0.0921,0.02,Regression,False,OK
MON-001329,2025-11-04,08:00,LTV_FORECAST_V2,v3.8,0.852,0.8567,0.8717,0.8369,0.8876,14455,23.7,0.362,0.2016,1.25,Regression,True,WARNING
MON-001330,2025-11-04,20:00,LTV_FORECAST_V2,v1.9,0.8407,0.8467,0.8149,0.8224,0.8815,718,30.49,0.0721,0.142,1.61,Regression,False,OK
MON-001331,2025-11-05,08:00,LTV_FORECAST_V2,v3.0,0.8316,0.8693,0.8432,0.8271,0.8768,3464,18.86,0.3454,0.0739,0.26,Regression,True,WARNING
MON-001332,2025-11-05,20:00,LTV_FORECAST_V2,v3.7,0.8474,0.8424,0.8533,0.854,0.8984,5009,14.85,0.562,0.287,0.2,Regression,True,WARNING
MON-001333,2025-11-06,08:00,LTV_FORECAST_V2,v4.0,0.8576,0.8417,0.8773,0.8513,0.9159,2647,12.6,0.1036,0.3796,1.16,Regression,False,OK
MON-001334,2025-11-06,20:00,LTV_FORECAST_V2,v3.4,0.838,0.8339,0.8285,0.7982,0.8965,559,36.1,0.4975,0.0541,4.59,Regression,True,WARNING
MON-001335,2025-11-07,08:00,LTV_FORECAST_V2,v1.9,0.8346,0.8311,0.8462,0.8176,0.8981,14503,50.75,0.1071,0.0768,6.86,Regression,False,OK
MON-001336,2025-11-07,20:00,LTV_FORECAST_V2,v1.7,0.7907,0.7951,0.7741,0.7888,0.8308,258,19.44,0.0904,0.1395,2.75,Regression,True,WARNING
MON-001337,2025-11-08,08:00,LTV_FORECAST_V2,v4.7,0.8344,0.8318,0.8653,0.8135,0.8758,313,19.35,0.1253,0.3182,3.12,Regression,False,OK
MON-001338,2025-11-08,20:00,LTV_FORECAST_V2,v2.7,0.8384,0.8457,0.832,0.8356,0.8775,4086,22.28,0.3434,0.1185,4.02,Regression,True,WARNING
MON-001339,2025-11-09,08:00,LTV_FORECAST_V2,v1.0,0.8354,0.8277,0.8131,0.8154,0.9032,2052,30.84,0.268,0.2171,4.63,Regression,False,OK
MON-001340,2025-11-09,20:00,LTV_FORECAST_V2,v3.0,0.811,0.8168,0.798,0.7826,0.8666,6743,30.68,0.0753,0.2431,1.08,Regression,False,OK
MON-001341,2025-11-10,08:00,LTV_FORECAST_V2,v2.2,0.8153,0.8008,0.8299,0.8061,0.8742,547,39.28,0.1742,0.3123,5.0,Regression,False,OK
MON-001342,2025-11-10,20:00,LTV_FORECAST_V2,v2.1,0.8435,0.8434,0.843,0.8311,0.882,3686,22.01,0.4191,0.2948,0.36,Regression,True,WARNING
MON-001343,2025-11-11,08:00,LTV_FORECAST_V2,v4.1,0.8213,0.8132,0.8364,0.7989,0.8712,18723,61.23,0.2518,0.3381,0.75,Regression,False,OK
MON-001344,2025-11-11,20:00,LTV_FORECAST_V2,v1.7,0.8326,0.829,0.8563,0.8287,0.8881,1539,27.72,0.1572,0.2839,4.3,Regression,False,OK
MON-001345,2025-11-12,08:00,LTV_FORECAST_V2,v1.5,0.7869,0.7664,0.8015,0.753,0.8227,6132,19.22,0.1282,0.2238,5.84,Regression,True,WARNING
MON-001346,2025-11-12,20:00,LTV_FORECAST_V2,v1.8,0.8287,0.8372,0.8427,0.8224,0.8737,5472,37.49,0.1685,0.3098,1.4,Regression,False,OK
MON-001347,2025-11-13,08:00,LTV_FORECAST_V2,v3.3,0.8451,0.8413,0.8301,0.8228,0.8994,2347,70.65,0.6658,0.0772,0.91,Regression,True,WARNING
MON-001348,2025-11-13,20:00,LTV_FORECAST_V2,v1.5,0.835,0.8339,0.8235,0.8355,0.8633,16332,14.81,0.2537,0.0632,0.18,Regression,False,OK
MON-001349,2025-11-14,08:00,LTV_FORECAST_V2,v3.2,0.8261,0.8303,0.8084,0.8176,0.891,3069,17.26,0.2543,0.5424,4.26,Regression,False,OK
MON-001350,2025-11-14,20:00,LTV_FORECAST_V2,v3.8,0.8079,0.8006,0.8084,0.7884,0.8646,1715,22.73,0.4363,0.3216,1.61,Regression,True,WARNING
MON-001351,2025-11-15,08:00,LTV_FORECAST_V2,v1.6,0.793,0.7881,0.8219,0.7677,0.8316,3201,13.81,0.3328,0.0892,5.95,Regression,True,WARNING
MON-001352,2025-11-15,20:00,LTV_FORECAST_V2,v4.0,0.8133,0.7956,0.8095,0.7811,0.8628,277,32.95,0.2561,0.1881,3.26,Regression,False,OK
MON-001353,2025-11-16,08:00,LTV_FORECAST_V2,v1.3,0.8497,0.8464,0.876,0.8319,0.9044,444,16.61,0.3505,0.0705,4.32,Regression,True,WARNING
MON-001354,2025-11-16,20:00,LTV_FORECAST_V2,v2.4,0.8278,0.8432,0.8038,0.8118,0.8791,2769,15.87,0.2088,0.1131,0.67,Regression,False,OK
MON-001355,2025-11-17,08:00,LTV_FORECAST_V2,v1.2,0.8427,0.8454,0.8359,0.8361,0.8921,5124,26.41,0.116,0.1421,0.68,Regression,False,OK
MON-001356,2025-11-17,20:00,LTV_FORECAST_V2,v4.0,0.8575,0.8425,0.8437,0.8333,0.9064,983,48.15,0.1409,0.1302,1.71,Regression,False,OK
MON-001357,2025-11-18,08:00,LTV_FORECAST_V2,v3.9,0.8313,0.8355,0.8379,0.8182,0.889,473,11.45,0.2543,0.2413,2.33,Regression,False,OK
MON-001358,2025-11-18,20:00,LTV_FORECAST_V2,v2.8,0.8457,0.8585,0.8511,0.8253,0.9039,1569,11.08,0.4338,0.2671,1.8,Regression,True,WARNING
MON-001359,2025-11-19,08:00,LTV_FORECAST_V2,v4.2,0.8515,0.8414,0.8266,0.8491,0.9085,2454,21.0,0.3181,0.4681,0.47,Regression,True,WARNING
MON-001360,2025-11-19,20:00,LTV_FORECAST_V2,v1.4,0.8008,0.7986,0.7883,0.7835,0.8578,20602,9.63,0.7056,0.3497,0.99,Regression,True,WARNING
MON-001361,2025-11-20,08:00,LTV_FORECAST_V2,v3.8,0.8135,0.8117,0.8309,0.7901,0.8683,4684,14.68,0.0148,0.4511,0.97,Regression,False,OK
MON-001362,2025-11-20,20:00,LTV_FORECAST_V2,v3.1,0.795,0.7963,0.8095,0.7674,0.851,5553,18.63,0.0602,0.3323,0.5,Regression,True,WARNING
MON-001363,2025-11-21,08:00,LTV_FORECAST_V2,v3.7,0.7923,0.7935,0.7797,0.772,0.8591,15432,32.76,0.2174,0.1505,1.31,Regression,True,WARNING
MON-001364,2025-11-21,20:00,LTV_FORECAST_V2,v1.9,0.8187,0.825,0.8076,0.8001,0.8676,21587,10.35,0.0762,0.1221,0.44,Regression,False,OK
MON-001365,2025-11-22,08:00,LTV_FORECAST_V2,v4.1,0.8236,0.8223,0.8218,0.8052,0.8566,7025,17.83,0.4261,0.1524,1.76,Regression,True,WARNING
MON-001366,2025-11-22,20:00,LTV_FORECAST_V2,v1.1,0.7912,0.8036,0.7781,0.7796,0.8536,7130,14.03,0.1295,0.2744,3.14,Regression,True,WARNING
MON-001367,2025-11-23,08:00,LTV_FORECAST_V2,v2.1,0.8377,0.8185,0.8438,0.8177,0.8923,1440,12.73,0.2286,0.1438,5.42,Regression,False,OK
MON-001368,2025-11-23,20:00,LTV_FORECAST_V2,v2.5,0.8189,0.8074,0.8159,0.7944,0.8742,2197,21.92,0.1692,0.1594,3.85,Regression,False,OK
MON-001369,2025-11-24,08:00,LTV_FORECAST_V2,v1.2,0.8573,0.8722,0.8719,0.8361,0.8986,1452,25.38,0.0864,0.1968,0.41,Regression,False,OK
MON-001370,2025-11-24,20:00,LTV_FORECAST_V2,v1.3,0.8323,0.8275,0.8286,0.8135,0.8657,6036,18.86,0.3565,0.1349,1.74,Regression,True,WARNING
MON-001371,2025-11-25,08:00,LTV_FORECAST_V2,v3.7,0.8321,0.8377,0.8454,0.8099,0.885,4974,24.49,0.4876,0.2708,1.67,Regression,True,WARNING
MON-001372,2025-11-25,20:00,LTV_FORECAST_V2,v1.3,0.8245,0.8232,0.8167,0.7922,0.8719,10539,11.58,0.0356,0.3656,0.02,Regression,False,OK
MON-001373,2025-11-26,08:00,LTV_FORECAST_V2,v3.3,0.7627,0.7722,0.7553,0.7326,0.8125,7883,25.68,0.5121,0.2485,3.25,Regression,True,WARNING
MON-001374,2025-11-26,20:00,LTV_FORECAST_V2,v2.4,0.8359,0.8401,0.8352,0.8001,0.8807,2014,27.17,0.694,0.093,3.2,Regression,True,WARNING
MON-001375,2025-11-27,08:00,LTV_FORECAST_V2,v1.6,0.8466,0.873,0.8234,0.8314,0.8972,4647,27.63,0.1878,0.1754,0.18,Regression,False,OK
MON-001376,2025-11-27,20:00,LTV_FORECAST_V2,v3.2,0.8019,0.8016,0.8007,0.7902,0.8451,19566,7.02,0.1938,0.3343,0.79,Regression,False,OK
MON-001377,2025-11-28,08:00,LTV_FORECAST_V2,v3.2,0.8117,0.8076,0.8282,0.7873,0.8767,2645,28.62,0.1628,0.2609,2.33,Regression,False,OK
MON-001378,2025-11-28,20:00,LTV_FORECAST_V2,v3.6,0.8344,0.8471,0.8172,0.8224,0.8824,3332,25.35,0.1489,0.1357,2.87,Regression,False,OK
MON-001379,2025-11-29,08:00,LTV_FORECAST_V2,v2.3,0.8277,0.8345,0.8426,0.8074,0.8863,2335,36.71,0.1144,0.1899,1.52,Regression,False,OK
MON-001380,2025-11-29,20:00,LTV_FORECAST_V2,v3.3,0.8443,0.8362,0.8454,0.826,0.899,3628,11.29,0.4297,0.1778,0.56,Regression,True,WARNING
MON-001381,2025-11-30,08:00,LTV_FORECAST_V2,v2.4,0.815,0.8237,0.8177,0.7859,0.878,3951,23.66,0.6107,0.1561,1.58,Regression,True,WARNING
MON-001382,2025-11-30,20:00,LTV_FORECAST_V2,v3.7,0.8537,0.8557,0.8598,0.8488,0.9055,7973,16.67,0.4783,0.172,3.59,Regression,True,WARNING
MON-001383,2025-12-01,08:00,LTV_FORECAST_V2,v3.1,0.8181,0.8189,0.8136,0.8173,0.8773,1728,8.45,0.2321,0.1569,0.11,Regression,False,OK
MON-001384,2025-12-01,20:00,LTV_FORECAST_V2,v4.5,0.6808,0.6851,0.686,0.6703,0.738,3883,21.02,0.5666,0.1454,0.84,Regression,True,CRITICAL
MON-001385,2025-12-02,08:00,LTV_FORECAST_V2,v3.5,0.7739,0.782,0.7704,0.751,0.8394,870,7.96,0.3277,0.2029,0.45,Regression,True,WARNING
MON-001386,2025-12-02,20:00,LTV_FORECAST_V2,v4.2,0.8398,0.8417,0.831,0.8239,0.8969,932,17.56,0.088,0.2989,0.16,Regression,False,OK
MON-001387,2025-12-03,08:00,LTV_FORECAST_V2,v1.9,0.868,0.8653,0.8857,0.843,0.9102,8033,18.56,0.3093,0.1538,0.35,Regression,True,WARNING
MON-001388,2025-12-03,20:00,LTV_FORECAST_V2,v4.2,0.8473,0.8682,0.8286,0.8172,0.8955,710,14.51,0.1031,0.3773,2.94,Regression,False,OK
MON-001389,2025-12-04,08:00,LTV_FORECAST_V2,v2.6,0.8541,0.8537,0.8467,0.8439,0.8919,5060,22.6,0.2811,0.1862,1.19,Regression,False,OK
MON-001390,2025-12-04,20:00,LTV_FORECAST_V2,v3.4,0.8224,0.8357,0.8348,0.7961,0.8692,1260,9.91,0.1958,0.088,1.06,Regression,False,OK
MON-001391,2025-12-05,08:00,LTV_FORECAST_V2,v2.5,0.8543,0.8487,0.8406,0.8289,0.8906,831,12.94,0.2279,0.101,2.44,Regression,False,OK
MON-001392,2025-12-05,20:00,LTV_FORECAST_V2,v3.1,0.8296,0.8212,0.827,0.7913,0.8872,4649,46.47,0.1438,0.0192,1.07,Regression,False,OK
MON-001393,2025-12-06,08:00,LTV_FORECAST_V2,v2.4,0.7838,0.7935,0.7632,0.7786,0.8159,30774,15.1,0.3397,0.1974,1.2,Regression,True,WARNING
MON-001394,2025-12-06,20:00,LTV_FORECAST_V2,v2.7,0.8377,0.8352,0.8314,0.8357,0.877,4711,15.27,0.4525,0.264,1.48,Regression,True,WARNING
MON-001395,2025-12-07,08:00,LTV_FORECAST_V2,v3.0,0.8394,0.82,0.8178,0.8298,0.8926,1973,13.13,0.461,0.0846,1.32,Regression,True,WARNING
MON-001396,2025-12-07,20:00,LTV_FORECAST_V2,v1.8,0.8064,0.8043,0.7955,0.7982,0.8644,1550,33.55,0.1802,0.3266,1.28,Regression,False,OK
MON-001397,2025-12-08,08:00,LTV_FORECAST_V2,v2.7,0.8354,0.8404,0.8379,0.8055,0.8653,1230,24.38,0.1651,0.222,1.28,Regression,False,OK
MON-001398,2025-12-08,20:00,LTV_FORECAST_V2,v2.7,0.8305,0.8235,0.8296,0.8113,0.8842,2401,11.8,0.1531,0.0327,0.18,Regression,False,OK
MON-001399,2025-12-09,08:00,LTV_FORECAST_V2,v3.5,0.8524,0.8442,0.8688,0.8425,0.9089,7174,22.68,0.313,0.216,2.17,Regression,True,WARNING
MON-001400,2025-12-09,20:00,LTV_FORECAST_V2,v4.9,0.7198,0.7217,0.7306,0.6958,0.7529,3359,33.94,0.1222,0.161,0.69,Regression,True,CRITICAL
MON-001401,2025-12-10,08:00,LTV_FORECAST_V2,v1.5,0.8281,0.8167,0.8226,0.8076,0.8602,2485,27.24,0.389,0.3965,1.84,Regression,True,WARNING
MON-001402,2025-12-10,20:00,LTV_FORECAST_V2,v1.5,0.8015,0.8046,0.8158,0.7694,0.8516,575,30.87,0.1376,0.2578,0.6,Regression,False,OK
MON-001403,2025-12-11,08:00,LTV_FORECAST_V2,v1.2,0.7888,0.7991,0.7867,0.77,0.8434,815,45.97,0.1288,0.1966,1.61,Regression,True,WARNING
MON-001404,2025-12-11,20:00,LTV_FORECAST_V2,v4.7,0.8534,0.8664,0.8432,0.8345,0.8987,1032,10.67,0.3008,0.1754,3.05,Regression,True,WARNING
MON-001405,2025-12-12,08:00,LTV_FORECAST_V2,v3.5,0.8359,0.8294,0.8174,0.8241,0.888,2086,25.72,0.5307,0.2229,5.85,Regression,True,WARNING
MON-001406,2025-12-12,20:00,LTV_FORECAST_V2,v1.2,0.8232,0.841,0.8452,0.7905,0.8733,2715,13.69,0.1028,0.1473,1.99,Regression,False,OK
MON-001407,2025-12-13,08:00,LTV_FORECAST_V2,v3.4,0.8391,0.845,0.8582,0.8059,0.9091,16020,13.38,0.2127,0.0893,0.43,Regression,False,OK
MON-001408,2025-12-13,20:00,LTV_FORECAST_V2,v2.7,0.8233,0.8165,0.8202,0.8189,0.8509,3725,21.75,0.2234,0.6738,2.02,Regression,False,OK
MON-001409,2025-12-14,08:00,LTV_FORECAST_V2,v2.0,0.788,0.7838,0.7867,0.7827,0.8333,1995,11.8,0.0108,0.1772,2.11,Regression,True,WARNING
MON-001410,2025-12-14,20:00,LTV_FORECAST_V2,v4.9,0.8482,0.8413,0.8447,0.825,0.8943,6848,18.38,0.2595,0.3886,0.32,Regression,False,OK
MON-001411,2025-12-15,08:00,LTV_FORECAST_V2,v4.9,0.8508,0.8302,0.8222,0.8487,0.8837,7768,38.49,0.2376,0.2242,0.8,Regression,False,OK
MON-001412,2025-12-15,20:00,LTV_FORECAST_V2,v4.6,0.8214,0.8356,0.8197,0.8066,0.8749,3370,29.95,0.5072,0.0942,4.32,Regression,True,WARNING
MON-001413,2025-12-16,08:00,LTV_FORECAST_V2,v4.3,0.8271,0.8293,0.795,0.8217,0.8715,2517,10.36,0.3098,0.0263,8.9,Regression,True,WARNING
MON-001414,2025-12-16,20:00,LTV_FORECAST_V2,v3.5,0.8157,0.8222,0.7979,0.7965,0.8567,12209,9.2,0.217,0.2796,0.47,Regression,False,OK
MON-001415,2025-12-17,08:00,LTV_FORECAST_V2,v3.7,0.8648,0.8658,0.8646,0.8506,0.9023,3687,17.81,0.2885,0.2869,4.25,Regression,False,OK
MON-001416,2025-12-17,20:00,LTV_FORECAST_V2,v4.4,0.852,0.8368,0.8641,0.8316,0.9029,877,14.72,0.1272,0.18,0.19,Regression,False,OK
MON-001417,2025-12-18,08:00,LTV_FORECAST_V2,v1.3,0.8116,0.8151,0.7865,0.8118,0.8665,2102,26.56,0.6866,0.0645,5.47,Regression,True,WARNING
MON-001418,2025-12-18,20:00,LTV_FORECAST_V2,v1.6,0.84,0.8495,0.8375,0.8216,0.8882,4403,11.87,0.1074,0.1674,5.35,Regression,False,OK
MON-001419,2025-12-19,08:00,LTV_FORECAST_V2,v4.4,0.8103,0.8198,0.8092,0.7932,0.8694,2010,22.61,0.5809,0.3638,1.55,Regression,True,WARNING
MON-001420,2025-12-19,20:00,LTV_FORECAST_V2,v4.9,0.8116,0.8225,0.8091,0.7795,0.8653,5149,24.41,0.14,0.2912,6.78,Regression,False,OK
MON-001421,2025-12-20,08:00,LTV_FORECAST_V2,v1.2,0.8189,0.8195,0.8239,0.8014,0.8871,684,19.14,0.3677,0.2648,3.5,Regression,True,WARNING
MON-001422,2025-12-20,20:00,LTV_FORECAST_V2,v2.4,0.8156,0.792,0.8272,0.8164,0.8547,7132,20.62,0.2542,0.0993,0.6,Regression,False,OK
MON-001423,2025-12-21,08:00,LTV_FORECAST_V2,v2.9,0.7966,0.8034,0.7973,0.7939,0.8324,2011,53.17,0.1378,0.2136,0.15,Regression,True,WARNING
MON-001424,2025-12-21,20:00,LTV_FORECAST_V2,v2.2,0.8543,0.855,0.8774,0.8354,0.9103,1690,18.54,0.2814,0.425,1.47,Regression,False,OK
MON-001425,2025-12-22,08:00,LTV_FORECAST_V2,v3.0,0.832,0.8519,0.8287,0.8144,0.8792,6838,30.53,0.1722,0.0592,2.19,Regression,False,OK
MON-001426,2025-12-22,20:00,LTV_FORECAST_V2,v1.4,0.8588,0.8778,0.8436,0.8294,0.8954,2825,11.44,0.1248,0.3766,1.9,Regression,False,OK
MON-001427,2025-12-23,08:00,LTV_FORECAST_V2,v2.5,0.8244,0.8354,0.8516,0.8113,0.8645,1675,14.77,0.1375,0.3594,1.79,Regression,False,OK
MON-001428,2025-12-23,20:00,LTV_FORECAST_V2,v4.6,0.7983,0.7846,0.835,0.7856,0.8558,2581,13.21,0.3293,0.0821,3.03,Regression,True,WARNING
MON-001429,2025-12-24,08:00,LTV_FORECAST_V2,v2.7,0.8482,0.8371,0.8572,0.8364,0.9077,2574,32.2,0.4417,0.0461,0.97,Regression,True,WARNING
MON-001430,2025-12-24,20:00,LTV_FORECAST_V2,v1.2,0.8329,0.8381,0.7987,0.8007,0.8906,1791,25.27,0.2215,0.1713,6.43,Regression,False,OK
MON-001431,2025-12-25,08:00,LTV_FORECAST_V2,v2.2,0.8223,0.8107,0.8263,0.8173,0.8733,4129,30.03,0.2701,0.1068,0.04,Regression,False,OK
MON-001432,2025-12-25,20:00,LTV_FORECAST_V2,v3.4,0.8517,0.8606,0.8413,0.8324,0.8994,2752,19.25,0.5897,0.1903,3.17,Regression,True,WARNING
MON-001433,2025-12-26,08:00,LTV_FORECAST_V2,v1.2,0.8008,0.81,0.8231,0.7968,0.8489,6833,9.06,0.3905,0.3171,3.16,Regression,True,WARNING
MON-001434,2025-12-26,20:00,LTV_FORECAST_V2,v2.3,0.8472,0.8628,0.847,0.8323,0.8998,587,25.77,0.1698,0.289,1.47,Regression,False,OK
MON-001435,2025-12-27,08:00,LTV_FORECAST_V2,v4.1,0.8419,0.8529,0.8318,0.8391,0.8937,3148,23.59,0.3902,0.238,2.01,Regression,True,WARNING
MON-001436,2025-12-27,20:00,LTV_FORECAST_V2,v2.2,0.8322,0.8283,0.8373,0.8219,0.8724,11375,35.11,0.2068,0.2289,0.13,Regression,False,OK
MON-001437,2025-12-28,08:00,LTV_FORECAST_V2,v3.0,0.798,0.7974,0.8173,0.7738,0.8582,1756,26.57,0.1246,0.1054,0.37,Regression,True,WARNING
MON-001438,2025-12-28,20:00,LTV_FORECAST_V2,v4.2,0.8463,0.8378,0.8341,0.8374,0.8968,2395,21.92,0.3585,0.0864,0.99,Regression,True,WARNING
MON-001439,2025-12-29,08:00,LTV_FORECAST_V2,v3.1,0.8424,0.8451,0.854,0.8355,0.8703,11622,24.85,0.4959,0.2042,0.01,Regression,True,WARNING
MON-001440,2025-12-29,20:00,LTV_FORECAST_V2,v4.8,0.8328,0.8111,0.8045,0.8182,0.8703,288,31.48,0.6323,0.1991,2.05,Regression,True,WARNING
MON-001441,2025-12-30,08:00,LTV_FORECAST_V2,v4.3,0.8264,0.8235,0.8251,0.8071,0.8723,14348,30.69,0.0651,0.0502,4.58,Regression,False,OK
MON-001442,2025-12-30,20:00,LTV_FORECAST_V2,v4.6,0.8049,0.8119,0.7842,0.7979,0.857,5048,16.12,0.6454,0.364,2.56,Regression,True,WARNING
MON-001443,2025-12-31,08:00,LTV_FORECAST_V2,v4.3,0.8051,0.8112,0.7923,0.8003,0.8551,2982,9.91,0.427,0.0995,3.74,Regression,True,WARNING
MON-001444,2025-12-31,20:00,LTV_FORECAST_V2,v1.6,0.8119,0.8206,0.8298,0.7828,0.855,7745,28.66,0.0682,0.2499,0.58,Regression,False,OK
MON-001445,2026-01-01,08:00,LTV_FORECAST_V2,v2.5,0.7959,0.7853,0.7907,0.7813,0.8583,2235,20.18,0.1288,0.1223,1.14,Regression,True,WARNING
MON-001446,2026-01-01,20:00,LTV_FORECAST_V2,v2.6,0.7966,0.7837,0.7856,0.7787,0.8541,1030,18.08,0.2721,0.2504,1.02,Regression,True,WARNING
MON-001447,2026-01-02,08:00,LTV_FORECAST_V2,v3.4,0.8185,0.8245,0.8361,0.8207,0.8682,2112,34.28,0.1097,0.3142,4.66,Regression,False,OK
MON-001448,2026-01-02,20:00,LTV_FORECAST_V2,v4.9,0.8007,0.7912,0.8094,0.7777,0.8351,2051,17.91,0.2247,0.0271,3.21,Regression,False,OK
MON-001449,2026-01-03,08:00,LTV_FORECAST_V2,v4.8,0.8227,0.811,0.7946,0.8117,0.8697,1936,24.81,0.4087,0.0897,0.26,Regression,True,WARNING
MON-001450,2026-01-03,20:00,LTV_FORECAST_V2,v1.5,0.8287,0.8308,0.8276,0.8189,0.8749,3884,39.6,0.3898,0.1525,0.51,Regression,True,WARNING
MON-001451,2026-01-04,08:00,LTV_FORECAST_V2,v4.9,0.7984,0.7981,0.7993,0.783,0.8315,3206,25.36,0.0596,0.2309,2.83,Regression,True,WARNING
MON-001452,2026-01-04,20:00,LTV_FORECAST_V2,v1.3,0.8439,0.8678,0.8556,0.8405,0.8991,3686,14.01,0.4841,0.0509,4.41,Regression,True,WARNING
MON-001453,2026-01-05,08:00,LTV_FORECAST_V2,v2.3,0.8475,0.8512,0.8433,0.8296,0.8994,12618,17.08,0.2174,0.0418,3.33,Regression,False,OK
MON-001454,2026-01-05,20:00,LTV_FORECAST_V2,v3.5,0.7836,0.7853,0.8127,0.7559,0.8239,2236,20.73,0.3986,0.1446,0.94,Regression,True,WARNING
MON-001455,2026-01-06,08:00,LTV_FORECAST_V2,v3.8,0.8543,0.8487,0.8586,0.8516,0.9068,12172,27.71,0.3677,0.0594,1.45,Regression,True,WARNING
MON-001456,2026-01-06,20:00,LTV_FORECAST_V2,v1.9,0.8384,0.8467,0.8147,0.8173,0.8982,10724,25.9,0.0669,0.0689,3.18,Regression,False,OK
MON-001457,2026-01-07,08:00,LTV_FORECAST_V2,v4.1,0.8291,0.8288,0.8235,0.8135,0.8842,377,14.75,0.1219,0.1867,1.09,Regression,False,OK
MON-001458,2026-01-07,20:00,LTV_FORECAST_V2,v2.2,0.8565,0.8513,0.8728,0.8378,0.9006,911,26.1,0.2844,0.1283,3.01,Regression,False,OK
MON-001459,2026-01-08,08:00,LTV_FORECAST_V2,v4.3,0.8293,0.8273,0.8249,0.8035,0.9033,850,109.62,0.197,0.0885,0.2,Regression,False,OK
MON-001460,2026-01-08,20:00,LTV_FORECAST_V2,v1.3,0.8116,0.8083,0.8132,0.7864,0.866,14521,23.47,0.5863,0.2533,2.1,Regression,True,WARNING
MON-001461,2026-01-09,08:00,LTV_FORECAST_V2,v3.6,0.7973,0.7965,0.7968,0.7663,0.8411,2844,15.29,0.178,0.2187,0.6,Regression,True,WARNING
MON-001462,2026-01-09,20:00,LTV_FORECAST_V2,v1.5,0.8248,0.8474,0.7883,0.8134,0.8911,1951,37.67,0.1684,0.2003,0.17,Regression,False,OK
MON-001463,2026-01-10,08:00,LTV_FORECAST_V2,v4.2,0.7593,0.7657,0.7532,0.7511,0.7913,826,14.13,0.145,0.1551,0.73,Regression,True,WARNING
MON-001464,2026-01-10,20:00,LTV_FORECAST_V2,v4.2,0.7931,0.7912,0.7862,0.7796,0.8314,8277,40.22,0.2439,0.0151,0.95,Regression,True,WARNING
MON-001465,2026-01-11,08:00,LTV_FORECAST_V2,v3.4,0.82,0.8194,0.8447,0.8095,0.865,2060,18.46,0.3362,0.0985,2.2,Regression,True,WARNING
MON-001466,2026-01-11,20:00,LTV_FORECAST_V2,v4.7,0.8578,0.8439,0.8777,0.8394,0.9176,364,27.18,0.1648,0.3821,5.21,Regression,False,OK
MON-001467,2026-01-12,08:00,LTV_FORECAST_V2,v1.4,0.8372,0.8191,0.8194,0.8224,0.8806,16299,14.97,0.2871,0.2045,0.29,Regression,False,OK
MON-001468,2026-01-12,20:00,LTV_FORECAST_V2,v4.2,0.8001,0.8076,0.7778,0.7838,0.8489,2876,25.21,0.4559,0.181,0.02,Regression,True,WARNING
MON-001469,2026-01-13,08:00,LTV_FORECAST_V2,v2.6,0.8331,0.8404,0.8439,0.8158,0.8739,10066,23.94,0.4597,0.0767,0.82,Regression,True,WARNING
MON-001470,2026-01-13,20:00,LTV_FORECAST_V2,v1.7,0.8411,0.8451,0.8412,0.8136,0.8981,2978,33.57,0.8247,0.1634,1.33,Regression,True,WARNING
MON-001471,2026-01-14,08:00,LTV_FORECAST_V2,v1.5,0.8476,0.8625,0.8502,0.8436,0.9024,1788,16.89,0.2199,0.5273,0.26,Regression,False,OK
MON-001472,2026-01-14,20:00,LTV_FORECAST_V2,v1.6,0.8387,0.8409,0.8213,0.8191,0.8742,2925,38.44,0.4013,0.2423,0.09,Regression,True,WARNING
MON-001473,2026-01-15,08:00,LTV_FORECAST_V2,v1.2,0.8502,0.8584,0.8493,0.8287,0.8998,4604,25.11,0.2205,0.0556,1.95,Regression,False,OK
MON-001474,2026-01-15,20:00,LTV_FORECAST_V2,v3.2,0.8421,0.8414,0.8318,0.8197,0.8946,1458,7.01,0.3957,0.1355,0.83,Regression,True,WARNING
MON-001475,2026-01-16,08:00,LTV_FORECAST_V2,v4.7,0.8221,0.7971,0.805,0.8019,0.8702,485,23.41,0.4916,0.3097,0.66,Regression,True,WARNING
MON-001476,2026-01-16,20:00,LTV_FORECAST_V2,v1.7,0.8336,0.8452,0.8283,0.8132,0.8829,313,5.98,0.2483,0.0098,1.3,Regression,False,OK
MON-001477,2026-01-17,08:00,LTV_FORECAST_V2,v4.6,0.8224,0.8127,0.8196,0.8078,0.8655,3147,10.26,0.2892,0.2695,1.29,Regression,False,OK
MON-001478,2026-01-17,20:00,LTV_FORECAST_V2,v1.4,0.835,0.8376,0.8165,0.8018,0.8933,4291,17.23,0.5175,0.1778,1.42,Regression,True,WARNING
MON-001479,2026-01-18,08:00,LTV_FORECAST_V2,v4.4,0.8416,0.8346,0.8358,0.8163,0.884,2512,8.27,0.6341,0.2786,0.26,Regression,True,WARNING
MON-001480,2026-01-18,20:00,LTV_FORECAST_V2,v1.9,0.8254,0.828,0.8149,0.8234,0.8848,1109,13.54,0.296,0.2625,7.18,Regression,False,OK
MON-001481,2026-01-19,08:00,LTV_FORECAST_V2,v4.8,0.8329,0.8496,0.83,0.8302,0.8829,1769,18.98,0.2207,0.3462,0.87,Regression,False,OK
MON-001482,2026-01-19,20:00,LTV_FORECAST_V2,v3.7,0.8172,0.8232,0.811,0.7983,0.8622,3194,19.07,0.2347,0.0617,0.19,Regression,False,OK
MON-001483,2026-01-20,08:00,LTV_FORECAST_V2,v3.8,0.8207,0.8289,0.8457,0.8288,0.8701,4070,12.5,0.1811,0.3009,0.49,Regression,False,OK
MON-001484,2026-01-20,20:00,LTV_FORECAST_V2,v3.1,0.8254,0.8237,0.8289,0.8158,0.8763,2723,21.35,0.3677,0.1739,0.06,Regression,True,WARNING
MON-001485,2026-01-21,08:00,LTV_FORECAST_V2,v2.6,0.8156,0.8127,0.8083,0.8137,0.8621,1500,39.51,0.0208,0.0484,1.16,Regression,False,OK
MON-001486,2026-01-21,20:00,LTV_FORECAST_V2,v4.1,0.8533,0.8503,0.8682,0.8372,0.8995,11489,19.09,0.1619,0.4072,2.96,Regression,False,OK
MON-001487,2026-01-22,08:00,LTV_FORECAST_V2,v2.0,0.8387,0.8463,0.8072,0.8195,0.8787,1219,15.33,0.401,0.3033,2.58,Regression,True,WARNING
MON-001488,2026-01-22,20:00,LTV_FORECAST_V2,v3.9,0.8416,0.8419,0.85,0.8341,0.9059,1117,24.27,0.3595,0.0604,1.25,Regression,True,WARNING
MON-001489,2026-01-23,08:00,LTV_FORECAST_V2,v3.3,0.8379,0.8449,0.841,0.8321,0.8798,2095,11.95,0.2465,0.1441,1.68,Regression,False,OK
MON-001490,2026-01-23,20:00,LTV_FORECAST_V2,v4.6,0.8301,0.8284,0.8345,0.8109,0.868,9671,34.31,0.1263,0.2447,1.08,Regression,False,OK
MON-001491,2026-01-24,08:00,LTV_FORECAST_V2,v1.7,0.8024,0.8125,0.7945,0.7906,0.8567,5821,36.45,0.1798,0.1203,1.06,Regression,False,OK
MON-001492,2026-01-24,20:00,LTV_FORECAST_V2,v3.0,0.8491,0.8561,0.8617,0.8034,0.8803,2824,52.75,0.3632,0.0727,0.36,Regression,True,WARNING
MON-001493,2026-01-25,08:00,LTV_FORECAST_V2,v1.7,0.8683,0.8694,0.8735,0.8446,0.9186,1039,25.78,0.266,0.1643,0.27,Regression,False,OK
MON-001494,2026-01-25,20:00,LTV_FORECAST_V2,v4.5,0.8399,0.8467,0.8529,0.8371,0.8788,1238,11.86,0.1993,0.1221,0.25,Regression,False,OK
MON-001495,2026-01-26,08:00,LTV_FORECAST_V2,v1.9,0.8109,0.8212,0.7978,0.7895,0.8653,2251,33.32,0.332,0.4555,1.4,Regression,True,WARNING
MON-001496,2026-01-26,20:00,LTV_FORECAST_V2,v3.4,0.8385,0.857,0.8552,0.8212,0.8866,1932,9.09,0.0852,0.1061,2.31,Regression,False,OK
MON-001497,2026-01-27,08:00,LTV_FORECAST_V2,v4.5,0.8106,0.8036,0.8027,0.7932,0.8517,1821,36.76,0.3885,0.3541,0.08,Regression,True,WARNING
MON-001498,2026-01-27,20:00,LTV_FORECAST_V2,v3.0,0.8171,0.8259,0.795,0.79,0.8653,12037,21.61,0.208,0.1319,1.66,Regression,False,OK
MON-001499,2026-01-28,08:00,LTV_FORECAST_V2,v3.2,0.7782,0.7851,0.8056,0.7618,0.8326,64652,15.68,0.1157,0.2643,1.07,Regression,True,WARNING
MON-001500,2026-01-28,20:00,LTV_FORECAST_V2,v3.5,0.854,0.8632,0.8664,0.8348,0.8995,1390,16.39,0.3252,0.1246,1.55,Regression,True,WARNING
MON-001501,2026-01-29,08:00,LTV_FORECAST_V2,v4.0,0.8329,0.8282,0.8617,0.8073,0.8792,5781,18.38,0.2207,0.425,0.0,Regression,False,OK
MON-001502,2026-01-29,20:00,LTV_FORECAST_V2,v4.5,0.838,0.839,0.8377,0.8198,0.8973,7392,35.45,0.3171,0.1501,1.53,Regression,True,WARNING
MON-001503,2026-01-30,08:00,LTV_FORECAST_V2,v3.0,0.8423,0.8376,0.8572,0.8139,0.8965,1765,7.97,0.2483,0.189,0.63,Regression,False,OK
MON-001504,2026-01-30,20:00,LTV_FORECAST_V2,v1.5,0.8361,0.8396,0.8547,0.8189,0.8813,1364,24.67,0.1636,0.2711,1.36,Regression,False,OK
MON-001505,2026-01-31,08:00,LTV_FORECAST_V2,v1.8,0.846,0.8374,0.8408,0.8284,0.8968,1184,30.0,0.1424,0.2606,0.33,Regression,False,OK
MON-001506,2026-01-31,20:00,LTV_FORECAST_V2,v4.3,0.8538,0.8674,0.8297,0.856,0.9006,5218,11.67,0.3144,0.1048,1.13,Regression,True,WARNING
MON-001507,2026-02-01,08:00,LTV_FORECAST_V2,v2.1,0.8257,0.8271,0.832,0.8014,0.8861,5263,48.07,0.2109,0.1064,0.2,Regression,False,OK
MON-001508,2026-02-01,20:00,LTV_FORECAST_V2,v1.2,0.7932,0.8105,0.7975,0.7853,0.8262,8915,36.77,0.2809,0.1725,5.86,Regression,True,WARNING
MON-001509,2026-02-02,08:00,LTV_FORECAST_V2,v2.7,0.8096,0.803,0.8145,0.7792,0.865,25218,14.2,0.3502,0.1069,2.55,Regression,True,WARNING
MON-001510,2026-02-02,20:00,LTV_FORECAST_V2,v4.4,0.8388,0.8408,0.8388,0.8462,0.8936,5104,22.51,0.3519,0.3534,0.79,Regression,True,WARNING
MON-001511,2026-02-03,08:00,LTV_FORECAST_V2,v3.7,0.8059,0.8069,0.7981,0.7936,0.8485,3329,12.43,0.227,0.288,8.43,Regression,False,OK
MON-001512,2026-02-03,20:00,LTV_FORECAST_V2,v2.8,0.8251,0.8318,0.816,0.811,0.8661,1186,16.58,0.4972,0.1509,2.94,Regression,True,WARNING
MON-001513,2026-02-04,08:00,LTV_FORECAST_V2,v4.0,0.8764,0.884,0.8867,0.8649,0.9379,6499,9.22,0.1131,0.0128,6.42,Regression,False,OK
MON-001514,2026-02-04,20:00,LTV_FORECAST_V2,v1.5,0.8472,0.8339,0.8008,0.8309,0.8951,159,20.64,0.1984,0.1175,4.64,Regression,False,OK
MON-001515,2026-02-05,08:00,LTV_FORECAST_V2,v3.0,0.7861,0.798,0.7605,0.7663,0.8505,1988,10.7,0.5011,0.2225,3.2,Regression,True,WARNING
MON-001516,2026-02-05,20:00,LTV_FORECAST_V2,v2.9,0.8729,0.8819,0.8452,0.8463,0.9128,378,12.25,0.6217,0.2009,1.67,Regression,True,WARNING
MON-001517,2026-02-06,08:00,LTV_FORECAST_V2,v1.6,0.8536,0.8387,0.8234,0.8386,0.9028,2149,24.99,0.5893,0.1529,0.32,Regression,True,WARNING
MON-001518,2026-02-06,20:00,LTV_FORECAST_V2,v1.5,0.8396,0.854,0.8374,0.835,0.8839,6688,23.52,0.1033,0.3484,5.22,Regression,False,OK
MON-001519,2026-02-07,08:00,LTV_FORECAST_V2,v3.6,0.829,0.8163,0.8374,0.7941,0.8747,17093,12.78,0.0917,0.0756,11.21,Regression,False,OK
MON-001520,2026-02-07,20:00,LTV_FORECAST_V2,v4.0,0.7987,0.8014,0.8065,0.8044,0.8521,275,9.6,0.2228,0.2227,1.86,Regression,True,WARNING
MON-001521,2026-02-08,08:00,LTV_FORECAST_V2,v2.4,0.8188,0.8158,0.8005,0.794,0.8613,10269,26.74,0.4253,0.0512,0.5,Regression,True,WARNING
MON-001522,2026-02-08,20:00,LTV_FORECAST_V2,v1.6,0.7866,0.7848,0.7609,0.7739,0.8348,2262,28.45,0.1354,0.3613,2.15,Regression,True,WARNING
MON-001523,2026-02-09,08:00,LTV_FORECAST_V2,v1.3,0.8452,0.8418,0.8477,0.8212,0.8877,2900,33.55,0.2711,0.0196,0.7,Regression,False,OK
MON-001524,2026-02-09,20:00,LTV_FORECAST_V2,v3.4,0.8299,0.8351,0.8376,0.8127,0.886,7049,33.63,0.1607,0.1663,2.01,Regression,False,OK
MON-001525,2026-02-10,08:00,LTV_FORECAST_V2,v2.0,0.8113,0.8024,0.82,0.7983,0.8805,2589,23.97,0.3065,0.0899,0.24,Regression,True,WARNING
MON-001526,2026-02-10,20:00,LTV_FORECAST_V2,v3.9,0.8464,0.8558,0.8251,0.8277,0.9093,1400,18.5,0.2397,0.0461,0.28,Regression,False,OK
MON-001527,2026-02-11,08:00,LTV_FORECAST_V2,v4.3,0.8328,0.8382,0.8452,0.8179,0.8732,1679,15.19,0.0677,0.3949,0.24,Regression,False,OK
MON-001528,2026-02-11,20:00,LTV_FORECAST_V2,v4.4,0.8589,0.8573,0.8616,0.8428,0.9042,1281,27.11,0.2071,0.2832,4.02,Regression,False,OK
MON-001529,2026-02-12,08:00,LTV_FORECAST_V2,v2.4,0.8172,0.826,0.8023,0.8064,0.8667,3406,12.54,0.2731,0.1335,4.66,Regression,False,OK
MON-001530,2026-02-12,20:00,LTV_FORECAST_V2,v1.9,0.854,0.8489,0.8446,0.8417,0.8835,10506,25.06,0.4255,0.0896,0.71,Regression,True,WARNING
MON-001531,2026-02-13,08:00,LTV_FORECAST_V2,v4.2,0.8306,0.8302,0.8172,0.7927,0.88,7041,8.68,0.3123,0.1272,9.02,Regression,True,WARNING
MON-001532,2026-02-13,20:00,LTV_FORECAST_V2,v3.4,0.8106,0.7956,0.7984,0.7911,0.8653,3275,27.36,0.1953,0.345,3.56,Regression,False,OK
MON-001533,2026-02-14,08:00,LTV_FORECAST_V2,v1.6,0.8379,0.8323,0.8544,0.8343,0.8878,1542,22.51,0.3283,0.108,2.4,Regression,True,WARNING
MON-001534,2026-02-14,20:00,LTV_FORECAST_V2,v2.0,0.8275,0.8188,0.8353,0.8193,0.8766,4037,12.98,0.3819,0.1088,2.82,Regression,True,WARNING
MON-001535,2026-02-15,08:00,LTV_FORECAST_V2,v4.2,0.8351,0.8176,0.8185,0.8075,0.8786,18060,19.3,0.4077,0.2557,1.49,Regression,True,WARNING
MON-001536,2026-02-15,20:00,LTV_FORECAST_V2,v3.4,0.8063,0.8047,0.7995,0.7865,0.8528,1175,18.99,0.2978,0.1321,0.89,Regression,False,OK
MON-001537,2026-02-16,08:00,LTV_FORECAST_V2,v4.9,0.7798,0.7786,0.7888,0.762,0.825,6313,46.8,0.323,0.151,0.96,Regression,True,WARNING
MON-001538,2026-02-16,20:00,LTV_FORECAST_V2,v3.1,0.8161,0.8191,0.7857,0.7974,0.8557,4569,17.64,0.3284,0.27,0.42,Regression,True,WARNING
MON-001539,2026-02-17,08:00,LTV_FORECAST_V2,v2.3,0.8374,0.8432,0.8464,0.8191,0.8967,1446,23.24,0.2916,0.2518,1.65,Regression,False,OK
MON-001540,2026-02-17,20:00,LTV_FORECAST_V2,v1.5,0.8368,0.8345,0.8665,0.8151,0.9026,3798,25.87,0.2979,0.0742,1.04,Regression,False,OK
MON-001541,2026-02-18,08:00,LTV_FORECAST_V2,v2.1,0.8169,0.8218,0.8216,0.791,0.8607,1965,17.56,0.1188,0.2377,2.17,Regression,False,OK
MON-001542,2026-02-18,20:00,LTV_FORECAST_V2,v3.9,0.8306,0.8395,0.8278,0.8348,0.8704,1251,42.97,0.2078,0.0941,1.84,Regression,False,OK
MON-001543,2026-02-19,08:00,LTV_FORECAST_V2,v4.9,0.8181,0.829,0.7953,0.8035,0.8605,1125,21.33,0.2053,0.4642,0.93,Regression,False,OK
MON-001544,2026-02-19,20:00,LTV_FORECAST_V2,v4.9,0.8232,0.829,0.7887,0.8046,0.8634,1449,6.6,0.3339,0.1746,0.4,Regression,True,WARNING
MON-001545,2026-02-20,08:00,LTV_FORECAST_V2,v3.8,0.8511,0.856,0.8435,0.8415,0.8964,924,20.43,0.1187,0.2765,1.21,Regression,False,OK
MON-001546,2026-02-20,20:00,LTV_FORECAST_V2,v4.7,0.7992,0.7893,0.8066,0.7679,0.8518,21023,60.25,0.4349,0.1067,4.64,Regression,True,WARNING
MON-001547,2026-02-21,08:00,LTV_FORECAST_V2,v1.5,0.8636,0.8717,0.8611,0.8517,0.9256,1149,15.65,0.168,0.154,0.23,Regression,False,OK
MON-001548,2026-02-21,20:00,LTV_FORECAST_V2,v3.5,0.8293,0.8194,0.8477,0.7984,0.8634,14187,24.81,0.113,0.227,1.67,Regression,False,OK
MON-001549,2026-02-22,08:00,LTV_FORECAST_V2,v3.7,0.8662,0.8694,0.8717,0.8524,0.9256,4370,14.45,0.3127,0.177,1.36,Regression,True,WARNING
MON-001550,2026-02-22,20:00,LTV_FORECAST_V2,v2.7,0.863,0.8696,0.8511,0.8373,0.913,537,18.56,0.3678,0.0348,2.91,Regression,True,WARNING
MON-001551,2026-02-23,08:00,LTV_FORECAST_V2,v4.3,0.7803,0.7846,0.7992,0.7716,0.809,1298,35.77,0.3185,0.0592,0.42,Regression,True,WARNING
MON-001552,2026-02-23,20:00,LTV_FORECAST_V2,v2.6,0.8294,0.8031,0.8383,0.8389,0.8668,4197,29.52,0.3892,0.1065,4.59,Regression,True,WARNING
MON-001553,2026-02-24,08:00,LTV_FORECAST_V2,v3.6,0.8061,0.8142,0.7824,0.7915,0.8612,1525,23.67,0.1689,0.2203,2.14,Regression,False,OK
MON-001554,2026-02-24,20:00,LTV_FORECAST_V2,v1.9,0.823,0.8381,0.8081,0.7919,0.8644,3614,21.33,0.6651,0.4452,1.63,Regression,True,WARNING
MON-001555,2026-02-25,08:00,LTV_FORECAST_V2,v1.7,0.8349,0.819,0.8275,0.8118,0.881,461,18.75,0.2682,0.144,0.58,Regression,False,OK
MON-001556,2026-02-25,20:00,LTV_FORECAST_V2,v3.1,0.8548,0.8566,0.8813,0.8411,0.9035,3151,22.87,0.2365,0.1263,0.71,Regression,False,OK
MON-001557,2026-02-26,08:00,LTV_FORECAST_V2,v2.8,0.804,0.8021,0.8151,0.8003,0.8658,2636,35.53,0.1376,0.1995,0.12,Regression,False,OK
MON-001558,2026-02-26,20:00,LTV_FORECAST_V2,v3.4,0.8762,0.8767,0.8608,0.8478,0.9135,20017,20.17,0.5248,0.1144,3.66,Regression,True,WARNING
MON-001559,2026-02-27,08:00,LTV_FORECAST_V2,v3.5,0.814,0.8269,0.8616,0.8161,0.8705,1521,23.43,0.4307,0.1017,0.28,Regression,True,WARNING
MON-001560,2026-02-27,20:00,LTV_FORECAST_V2,v4.7,0.7988,0.8012,0.8106,0.789,0.8615,6073,11.42,0.3404,0.1471,3.18,Regression,True,WARNING
MON-001561,2026-02-28,08:00,LTV_FORECAST_V2,v1.2,0.8475,0.8377,0.8297,0.8305,0.8877,10954,13.2,0.3601,0.1311,1.1,Regression,True,WARNING
MON-001562,2026-02-28,20:00,LTV_FORECAST_V2,v2.9,0.8282,0.8215,0.8237,0.8201,0.886,8796,40.42,0.3694,0.0474,3.8,Regression,True,WARNING
MON-001563,2026-03-01,08:00,LTV_FORECAST_V2,v3.9,0.8698,0.8621,0.8621,0.84,0.9146,9403,30.54,0.3507,0.4933,4.73,Regression,True,WARNING
MON-001564,2026-03-01,20:00,LTV_FORECAST_V2,v4.6,0.8059,0.7872,0.7933,0.7808,0.849,2773,25.84,0.5628,0.3332,1.06,Regression,True,WARNING
MON-001565,2026-03-02,08:00,LTV_FORECAST_V2,v1.4,0.8292,0.8238,0.8488,0.7992,0.8759,4584,34.91,0.55,0.5622,4.0,Regression,True,WARNING
MON-001566,2026-03-02,20:00,LTV_FORECAST_V2,v4.3,0.8509,0.8577,0.849,0.8559,0.9032,1654,23.57,0.5123,0.2057,0.81,Regression,True,WARNING
MON-001567,2026-03-03,08:00,LTV_FORECAST_V2,v4.8,0.8086,0.8119,0.8226,0.7926,0.8511,5386,23.31,0.4132,0.1337,0.48,Regression,True,WARNING
MON-001568,2026-03-03,20:00,LTV_FORECAST_V2,v2.6,0.8511,0.8529,0.8493,0.8359,0.9103,995,16.86,0.2994,0.3489,4.06,Regression,False,OK
MON-001569,2026-03-04,08:00,LTV_FORECAST_V2,v1.1,0.8334,0.8306,0.8281,0.8279,0.8791,1342,22.81,0.2963,0.0937,0.34,Regression,False,OK
MON-001570,2026-03-04,20:00,LTV_FORECAST_V2,v4.3,0.8054,0.8046,0.7964,0.7753,0.835,23149,11.74,0.1836,0.0848,2.3,Regression,False,OK
MON-001571,2026-03-05,08:00,LTV_FORECAST_V2,v2.1,0.8507,0.8561,0.851,0.8257,0.9,7698,12.75,0.1518,0.1774,2.19,Regression,False,OK
MON-001572,2026-03-05,20:00,LTV_FORECAST_V2,v3.2,0.8215,0.83,0.8098,0.8086,0.8587,625,13.46,0.4436,0.1149,7.12,Regression,True,WARNING
MON-001573,2026-03-06,08:00,LTV_FORECAST_V2,v2.6,0.8492,0.8522,0.8487,0.8487,0.8966,4268,45.38,0.2721,0.1335,2.11,Regression,False,OK
MON-001574,2026-03-06,20:00,LTV_FORECAST_V2,v4.5,0.8114,0.8005,0.8028,0.8038,0.865,1104,20.01,0.0894,0.0434,0.12,Regression,False,OK
MON-001575,2026-03-07,08:00,LTV_FORECAST_V2,v2.6,0.7964,0.7921,0.7762,0.7839,0.8398,5942,24.01,0.2648,0.1396,0.34,Regression,True,WARNING
MON-001576,2026-03-07,20:00,LTV_FORECAST_V2,v3.5,0.8166,0.821,0.8112,0.8028,0.8494,4374,14.78,0.0577,0.1562,0.13,Regression,False,OK
MON-001577,2026-03-08,08:00,LTV_FORECAST_V2,v3.1,0.8229,0.8163,0.7963,0.8175,0.8629,3674,18.54,0.4105,0.0788,3.35,Regression,True,WARNING
MON-001578,2026-03-08,20:00,LTV_FORECAST_V2,v3.8,0.8293,0.8231,0.8496,0.8032,0.8922,1572,15.65,0.1981,0.2192,0.92,Regression,False,OK
MON-001579,2026-03-09,08:00,LTV_FORECAST_V2,v4.3,0.836,0.843,0.8435,0.8222,0.8879,12788,10.79,0.1933,0.1416,1.61,Regression,False,OK
MON-001580,2026-03-09,20:00,LTV_FORECAST_V2,v4.7,0.8645,0.8724,0.8575,0.8518,0.9231,1549,13.48,0.439,0.1028,0.66,Regression,True,WARNING
MON-001581,2026-03-10,08:00,LTV_FORECAST_V2,v4.4,0.8232,0.8136,0.7967,0.8042,0.8899,3773,8.97,0.3292,0.2786,3.02,Regression,True,WARNING
MON-001582,2026-03-10,20:00,LTV_FORECAST_V2,v4.2,0.8609,0.8474,0.8611,0.8424,0.9315,2407,22.24,0.4104,0.2067,2.49,Regression,True,WARNING
MON-001583,2026-03-11,08:00,LTV_FORECAST_V2,v2.6,0.8458,0.8337,0.8492,0.8131,0.8979,742,32.6,0.199,0.3114,0.19,Regression,False,OK
MON-001584,2026-03-11,20:00,LTV_FORECAST_V2,v3.0,0.8236,0.8303,0.8299,0.8018,0.8708,2125,16.8,0.4466,0.1842,0.06,Regression,True,WARNING
MON-001585,2026-03-12,08:00,LTV_FORECAST_V2,v3.7,0.8314,0.8229,0.8198,0.7916,0.8751,546,25.76,0.1068,0.1767,1.42,Regression,False,OK
MON-001586,2026-03-12,20:00,LTV_FORECAST_V2,v2.1,0.8331,0.8278,0.8363,0.8231,0.8842,5324,17.49,0.4806,0.1076,0.34,Regression,True,WARNING
MON-001587,2026-03-13,08:00,LTV_FORECAST_V2,v4.9,0.8457,0.8334,0.8744,0.83,0.9003,1597,30.89,0.3212,0.1781,1.49,Regression,True,WARNING
MON-001588,2026-03-13,20:00,LTV_FORECAST_V2,v4.6,0.8488,0.8489,0.841,0.8305,0.9058,2111,18.68,0.1389,0.2021,1.29,Regression,False,OK
MON-001589,2026-03-14,08:00,LTV_FORECAST_V2,v4.3,0.7972,0.7948,0.8127,0.7838,0.837,5600,41.88,0.4439,0.1109,0.15,Regression,True,WARNING
MON-001590,2026-03-14,20:00,LTV_FORECAST_V2,v1.9,0.8447,0.8492,0.8445,0.8308,0.8847,1626,16.46,0.0689,0.1768,0.44,Regression,False,OK
MON-001591,2026-03-15,08:00,LTV_FORECAST_V2,v2.2,0.8333,0.8367,0.8312,0.8133,0.8809,335,46.04,0.3811,0.1412,0.14,Regression,True,WARNING
MON-001592,2026-03-15,20:00,LTV_FORECAST_V2,v1.9,0.833,0.8135,0.8349,0.8027,0.883,4251,10.11,0.0891,0.0706,1.9,Regression,False,OK
MON-001593,2026-03-16,08:00,LTV_FORECAST_V2,v4.0,0.6747,0.6782,0.6667,0.6661,0.7409,1507,21.39,0.269,0.1844,1.69,Regression,True,CRITICAL
MON-001594,2026-03-16,20:00,LTV_FORECAST_V2,v3.9,0.8392,0.8383,0.8413,0.8127,0.8656,2138,15.11,0.0446,0.1959,1.86,Regression,False,OK
MON-001595,2026-03-17,08:00,LTV_FORECAST_V2,v2.2,0.8429,0.8552,0.8573,0.8294,0.8868,5186,25.46,0.2978,0.4156,2.19,Regression,False,OK
MON-001596,2026-03-17,20:00,LTV_FORECAST_V2,v4.1,0.8273,0.8191,0.8409,0.8236,0.8858,1098,10.84,0.1897,0.4282,0.98,Regression,False,OK
MON-001597,2026-03-18,08:00,LTV_FORECAST_V2,v3.0,0.8455,0.851,0.8627,0.846,0.8855,4218,12.29,0.1585,0.1891,6.81,Regression,False,OK
MON-001598,2026-03-18,20:00,LTV_FORECAST_V2,v4.8,0.8124,0.8133,0.8031,0.7999,0.8622,3119,14.28,0.3439,0.2553,0.05,Regression,True,WARNING
MON-001599,2026-03-19,08:00,LTV_FORECAST_V2,v2.2,0.8253,0.8167,0.8261,0.8057,0.8849,2863,13.55,0.1482,0.092,2.59,Regression,False,OK
MON-001600,2026-03-19,20:00,LTV_FORECAST_V2,v4.5,0.8322,0.8429,0.8649,0.8109,0.8889,2302,17.39,0.52,0.4256,0.62,Regression,True,WARNING
MON-001601,2025-09-01,08:00,DEFAULT_PROBABILITY_V4,v2.2,0.8188,0.8228,0.8042,0.8057,0.8756,3793,8.42,0.2202,0.3296,0.72,Classification,False,OK
MON-001602,2025-09-01,20:00,DEFAULT_PROBABILITY_V4,v4.3,0.8184,0.8149,0.8167,0.783,0.8663,5618,24.99,0.3603,0.1453,6.38,Classification,True,WARNING
MON-001603,2025-09-02,08:00,DEFAULT_PROBABILITY_V4,v3.2,0.8064,0.7977,0.7882,0.7824,0.8576,529,28.21,0.3096,0.0349,2.02,Classification,True,WARNING
MON-001604,2025-09-02,20:00,DEFAULT_PROBABILITY_V4,v3.1,0.8336,0.8451,0.8352,0.8094,0.8852,6449,7.24,0.1892,0.2009,1.11,Classification,False,OK
MON-001605,2025-09-03,08:00,DEFAULT_PROBABILITY_V4,v1.3,0.8638,0.8724,0.8795,0.8506,0.9085,2104,32.06,0.146,0.0758,0.62,Classification,False,OK
MON-001606,2025-09-03,20:00,DEFAULT_PROBABILITY_V4,v4.7,0.7602,0.7603,0.7859,0.7444,0.8185,542,11.96,0.4288,0.1965,4.22,Classification,True,WARNING
MON-001607,2025-09-04,08:00,DEFAULT_PROBABILITY_V4,v2.9,0.8215,0.8214,0.8066,0.8066,0.8585,2419,15.52,0.4827,0.1593,1.69,Classification,True,WARNING
MON-001608,2025-09-04,20:00,DEFAULT_PROBABILITY_V4,v4.3,0.8512,0.84,0.8388,0.833,0.8945,1075,19.81,0.2949,0.1526,2.08,Classification,False,OK
MON-001609,2025-09-05,08:00,DEFAULT_PROBABILITY_V4,v2.7,0.8242,0.8379,0.8479,0.8055,0.8826,8792,16.5,0.3347,0.0588,1.14,Classification,True,WARNING
MON-001610,2025-09-05,20:00,DEFAULT_PROBABILITY_V4,v1.9,0.8399,0.8287,0.7944,0.8261,0.8701,707,12.01,0.054,0.2361,0.52,Classification,False,OK
MON-001611,2025-09-06,08:00,DEFAULT_PROBABILITY_V4,v3.2,0.836,0.8451,0.8265,0.8262,0.8875,3636,14.32,0.2551,0.2554,0.15,Classification,False,OK
MON-001612,2025-09-06,20:00,DEFAULT_PROBABILITY_V4,v2.7,0.795,0.8152,0.8095,0.7895,0.856,3757,18.88,0.0654,0.3761,0.55,Classification,True,WARNING
MON-001613,2025-09-07,08:00,DEFAULT_PROBABILITY_V4,v1.0,0.8268,0.8191,0.8013,0.81,0.8692,4375,16.82,0.4075,0.1899,0.85,Classification,True,WARNING
MON-001614,2025-09-07,20:00,DEFAULT_PROBABILITY_V4,v1.6,0.8677,0.8627,0.8519,0.8606,0.9218,5713,15.14,0.1678,0.3494,3.31,Classification,False,OK
MON-001615,2025-09-08,08:00,DEFAULT_PROBABILITY_V4,v4.6,0.8139,0.806,0.8328,0.8132,0.8652,1794,16.06,0.2782,0.147,0.25,Classification,False,OK
MON-001616,2025-09-08,20:00,DEFAULT_PROBABILITY_V4,v1.6,0.8566,0.869,0.8268,0.8335,0.9132,930,26.02,0.1806,0.1591,3.05,Classification,False,OK
MON-001617,2025-09-09,08:00,DEFAULT_PROBABILITY_V4,v3.8,0.845,0.8463,0.8146,0.8359,0.8951,361,19.78,0.4279,0.325,5.49,Classification,True,WARNING
MON-001618,2025-09-09,20:00,DEFAULT_PROBABILITY_V4,v1.9,0.8157,0.8009,0.8283,0.7938,0.8772,3482,9.23,0.0887,0.1521,0.39,Classification,False,OK
MON-001619,2025-09-10,08:00,DEFAULT_PROBABILITY_V4,v1.7,0.7238,0.713,0.7482,0.7214,0.7775,1730,20.81,0.2496,0.2674,1.81,Classification,True,CRITICAL
MON-001620,2025-09-10,20:00,DEFAULT_PROBABILITY_V4,v4.0,0.8055,0.8122,0.827,0.7913,0.8642,9611,32.81,0.0854,0.3537,2.08,Classification,False,OK
MON-001621,2025-09-11,08:00,DEFAULT_PROBABILITY_V4,v3.6,0.8437,0.8363,0.8048,0.823,0.9018,5561,22.21,0.5454,0.3309,2.44,Classification,True,WARNING
MON-001622,2025-09-11,20:00,DEFAULT_PROBABILITY_V4,v1.5,0.8058,0.7881,0.8277,0.7807,0.8693,12009,40.91,0.2047,0.2462,2.68,Classification,False,OK
MON-001623,2025-09-12,08:00,DEFAULT_PROBABILITY_V4,v4.8,0.8347,0.8403,0.8359,0.8124,0.875,677,8.76,0.065,0.1686,4.7,Classification,False,OK
MON-001624,2025-09-12,20:00,DEFAULT_PROBABILITY_V4,v4.6,0.8632,0.8669,0.8511,0.8444,0.9008,1135,16.15,0.1307,0.0924,0.47,Classification,False,OK
MON-001625,2025-09-13,08:00,DEFAULT_PROBABILITY_V4,v1.1,0.8137,0.8061,0.7996,0.8084,0.8741,4662,52.16,0.0943,0.0881,0.53,Classification,False,OK
MON-001626,2025-09-13,20:00,DEFAULT_PROBABILITY_V4,v2.4,0.8335,0.83,0.844,0.8139,0.8851,11326,25.78,0.3789,0.1336,2.62,Classification,True,WARNING
MON-001627,2025-09-14,08:00,DEFAULT_PROBABILITY_V4,v1.2,0.7967,0.7934,0.8032,0.7763,0.8654,33527,10.07,0.7065,0.2417,4.65,Classification,True,WARNING
MON-001628,2025-09-14,20:00,DEFAULT_PROBABILITY_V4,v3.6,0.8274,0.8255,0.8485,0.8283,0.8555,4588,25.78,0.4385,0.2997,2.17,Classification,True,WARNING
MON-001629,2025-09-15,08:00,DEFAULT_PROBABILITY_V4,v3.2,0.8063,0.8199,0.7969,0.7862,0.8556,3071,17.97,0.6294,0.1541,0.75,Classification,True,WARNING
MON-001630,2025-09-15,20:00,DEFAULT_PROBABILITY_V4,v2.7,0.8314,0.8388,0.8241,0.8035,0.8812,7016,30.24,0.0379,0.2579,1.03,Classification,False,OK
MON-001631,2025-09-16,08:00,DEFAULT_PROBABILITY_V4,v2.4,0.8158,0.8216,0.8279,0.7861,0.8748,1605,17.77,0.4434,0.2004,0.58,Classification,True,WARNING
MON-001632,2025-09-16,20:00,DEFAULT_PROBABILITY_V4,v1.5,0.8067,0.8058,0.7948,0.7833,0.8762,1350,31.84,0.2222,0.3311,1.56,Classification,False,OK
MON-001633,2025-09-17,08:00,DEFAULT_PROBABILITY_V4,v1.7,0.8237,0.8161,0.836,0.8072,0.8738,5296,18.48,0.3074,0.1593,0.88,Classification,True,WARNING
MON-001634,2025-09-17,20:00,DEFAULT_PROBABILITY_V4,v4.3,0.7734,0.7878,0.7567,0.7582,0.8276,6033,23.17,0.3806,0.1024,1.43,Classification,True,WARNING
MON-001635,2025-09-18,08:00,DEFAULT_PROBABILITY_V4,v3.5,0.8054,0.8052,0.8359,0.7832,0.8375,2860,39.79,0.26,0.0792,2.19,Classification,False,OK
MON-001636,2025-09-18,20:00,DEFAULT_PROBABILITY_V4,v3.7,0.8739,0.8643,0.9038,0.8412,0.9267,1283,22.07,0.1865,0.1781,0.07,Classification,False,OK
MON-001637,2025-09-19,08:00,DEFAULT_PROBABILITY_V4,v3.7,0.8218,0.852,0.8108,0.7967,0.8748,8176,11.18,0.405,0.162,4.6,Classification,True,WARNING
MON-001638,2025-09-19,20:00,DEFAULT_PROBABILITY_V4,v3.9,0.8169,0.8192,0.8178,0.7876,0.8612,785,12.3,0.0727,0.1435,0.48,Classification,False,OK
MON-001639,2025-09-20,08:00,DEFAULT_PROBABILITY_V4,v3.9,0.8339,0.8225,0.8357,0.7877,0.8868,3332,37.44,0.5339,0.109,2.05,Classification,True,WARNING
MON-001640,2025-09-20,20:00,DEFAULT_PROBABILITY_V4,v1.2,0.8476,0.8564,0.8456,0.8079,0.9001,4419,6.72,0.2474,0.1921,1.02,Classification,False,OK
MON-001641,2025-09-21,08:00,DEFAULT_PROBABILITY_V4,v2.8,0.8594,0.869,0.8444,0.8451,0.9255,1622,13.81,0.1664,0.3136,2.56,Classification,False,OK
MON-001642,2025-09-21,20:00,DEFAULT_PROBABILITY_V4,v3.0,0.8254,0.8214,0.8269,0.8059,0.8678,12936,84.97,0.3074,0.2826,0.67,Classification,True,WARNING
MON-001643,2025-09-22,08:00,DEFAULT_PROBABILITY_V4,v2.5,0.8225,0.8136,0.8003,0.8119,0.8637,2754,16.85,0.1396,0.2505,2.49,Classification,False,OK
MON-001644,2025-09-22,20:00,DEFAULT_PROBABILITY_V4,v3.4,0.8344,0.8318,0.8574,0.8111,0.8758,1898,23.61,0.1942,0.3442,1.73,Classification,False,OK
MON-001645,2025-09-23,08:00,DEFAULT_PROBABILITY_V4,v3.2,0.8278,0.8347,0.8519,0.8053,0.8735,349,13.63,0.0545,0.2658,0.07,Classification,False,OK
MON-001646,2025-09-23,20:00,DEFAULT_PROBABILITY_V4,v3.7,0.8233,0.8313,0.8435,0.7984,0.8574,70329,25.11,0.5179,0.0955,4.64,Classification,True,WARNING
MON-001647,2025-09-24,08:00,DEFAULT_PROBABILITY_V4,v4.4,0.8387,0.8326,0.86,0.8132,0.8861,2571,29.4,0.2665,0.0627,1.55,Classification,False,OK
MON-001648,2025-09-24,20:00,DEFAULT_PROBABILITY_V4,v2.2,0.8384,0.8525,0.8495,0.8142,0.8887,617,16.81,0.083,0.3769,1.9,Classification,False,OK
MON-001649,2025-09-25,08:00,DEFAULT_PROBABILITY_V4,v2.9,0.8278,0.8126,0.8142,0.8282,0.8928,1128,21.0,0.1619,0.3213,1.88,Classification,False,OK
MON-001650,2025-09-25,20:00,DEFAULT_PROBABILITY_V4,v3.6,0.8748,0.8688,0.8551,0.8562,0.9236,9162,11.37,0.3084,0.189,0.26,Classification,True,WARNING
MON-001651,2025-09-26,08:00,DEFAULT_PROBABILITY_V4,v3.3,0.8647,0.8635,0.8486,0.8396,0.9274,1079,15.4,0.4286,0.1292,2.44,Classification,True,WARNING
MON-001652,2025-09-26,20:00,DEFAULT_PROBABILITY_V4,v1.3,0.8377,0.8346,0.8444,0.8303,0.896,4413,20.15,0.4228,0.3027,1.56,Classification,True,WARNING
MON-001653,2025-09-27,08:00,DEFAULT_PROBABILITY_V4,v3.2,0.8497,0.8446,0.8296,0.8325,0.9011,5430,53.36,0.4491,0.0477,0.29,Classification,True,WARNING
MON-001654,2025-09-27,20:00,DEFAULT_PROBABILITY_V4,v1.4,0.813,0.8257,0.8156,0.8074,0.8616,2107,9.81,0.0732,0.2527,1.24,Classification,False,OK
MON-001655,2025-09-28,08:00,DEFAULT_PROBABILITY_V4,v3.8,0.8271,0.8257,0.8354,0.8154,0.8825,1443,26.13,0.153,0.0402,3.01,Classification,False,OK
MON-001656,2025-09-28,20:00,DEFAULT_PROBABILITY_V4,v4.7,0.8411,0.8449,0.8383,0.8256,0.8975,3720,32.61,0.2602,0.4185,0.89,Classification,False,OK
MON-001657,2025-09-29,08:00,DEFAULT_PROBABILITY_V4,v2.5,0.8544,0.8577,0.8549,0.8402,0.8991,5221,17.18,0.3747,0.2481,2.33,Classification,True,WARNING
MON-001658,2025-09-29,20:00,DEFAULT_PROBABILITY_V4,v2.9,0.8058,0.8094,0.8449,0.7934,0.8616,601,28.09,0.1105,0.2715,2.3,Classification,False,OK
MON-001659,2025-09-30,08:00,DEFAULT_PROBABILITY_V4,v3.8,0.8133,0.8116,0.8128,0.7845,0.8624,334,34.28,0.1669,0.1759,2.05,Classification,False,OK
MON-001660,2025-09-30,20:00,DEFAULT_PROBABILITY_V4,v3.6,0.828,0.81,0.8341,0.8126,0.8835,9213,54.04,0.1774,0.0767,5.32,Classification,False,OK
MON-001661,2025-10-01,08:00,DEFAULT_PROBABILITY_V4,v4.2,0.8569,0.8659,0.8746,0.8425,0.9233,5326,49.73,0.2143,0.2482,0.8,Classification,False,OK
MON-001662,2025-10-01,20:00,DEFAULT_PROBABILITY_V4,v4.2,0.8279,0.8271,0.8415,0.8154,0.8743,4100,6.91,0.266,0.1994,4.96,Classification,False,OK
MON-001663,2025-10-02,08:00,DEFAULT_PROBABILITY_V4,v4.6,0.8494,0.8448,0.862,0.8277,0.8796,1399,15.57,0.2363,0.4032,0.27,Classification,False,OK
MON-001664,2025-10-02,20:00,DEFAULT_PROBABILITY_V4,v1.1,0.8232,0.8185,0.8273,0.8185,0.8726,9156,24.95,0.2781,0.1326,1.0,Classification,False,OK
MON-001665,2025-10-03,08:00,DEFAULT_PROBABILITY_V4,v3.3,0.841,0.844,0.8451,0.8264,0.8802,9000,21.48,0.1242,0.2789,2.32,Classification,False,OK
MON-001666,2025-10-03,20:00,DEFAULT_PROBABILITY_V4,v3.3,0.8045,0.7995,0.7773,0.7844,0.8572,3170,29.8,0.2903,0.0191,2.62,Classification,False,OK
MON-001667,2025-10-04,08:00,DEFAULT_PROBABILITY_V4,v2.2,0.8112,0.8091,0.8373,0.799,0.8512,2215,23.11,0.5006,0.1454,5.84,Classification,True,WARNING
MON-001668,2025-10-04,20:00,DEFAULT_PROBABILITY_V4,v3.9,0.8213,0.8282,0.8124,0.8151,0.8702,4371,23.17,0.454,0.1153,0.71,Classification,True,WARNING
MON-001669,2025-10-05,08:00,DEFAULT_PROBABILITY_V4,v1.3,0.8023,0.8044,0.8155,0.7792,0.8686,3876,21.52,0.2784,0.1964,0.62,Classification,False,OK
MON-001670,2025-10-05,20:00,DEFAULT_PROBABILITY_V4,v3.7,0.8012,0.7924,0.7976,0.7767,0.8695,1645,24.43,0.0503,0.1544,2.0,Classification,False,OK
MON-001671,2025-10-06,08:00,DEFAULT_PROBABILITY_V4,v4.9,0.8172,0.8227,0.8639,0.8089,0.8708,612,26.98,0.2822,0.2268,7.73,Classification,False,OK
MON-001672,2025-10-06,20:00,DEFAULT_PROBABILITY_V4,v1.8,0.7959,0.7929,0.7835,0.7895,0.8369,3797,26.08,0.5206,0.2152,1.26,Classification,True,WARNING
MON-001673,2025-10-07,08:00,DEFAULT_PROBABILITY_V4,v2.3,0.8226,0.831,0.8581,0.805,0.8813,2546,5.77,0.3374,0.0699,2.94,Classification,True,WARNING
MON-001674,2025-10-07,20:00,DEFAULT_PROBABILITY_V4,v3.0,0.8306,0.8267,0.8286,0.8121,0.8759,6032,11.17,0.0345,0.3444,4.21,Classification,False,OK
MON-001675,2025-10-08,08:00,DEFAULT_PROBABILITY_V4,v4.1,0.8081,0.8096,0.819,0.8006,0.8432,16342,21.1,0.7599,0.0263,0.19,Classification,True,WARNING
MON-001676,2025-10-08,20:00,DEFAULT_PROBABILITY_V4,v3.8,0.8177,0.8237,0.818,0.7936,0.8873,851,26.73,0.1742,0.1151,3.19,Classification,False,OK
MON-001677,2025-10-09,08:00,DEFAULT_PROBABILITY_V4,v1.4,0.8172,0.8085,0.8409,0.7774,0.8671,4738,25.73,0.1711,0.2491,0.03,Classification,False,OK
MON-001678,2025-10-09,20:00,DEFAULT_PROBABILITY_V4,v1.0,0.8556,0.8627,0.8575,0.8396,0.9111,708,8.25,0.2318,0.0863,0.08,Classification,False,OK
MON-001679,2025-10-10,08:00,DEFAULT_PROBABILITY_V4,v4.9,0.827,0.844,0.8318,0.8115,0.8737,12262,13.3,0.1874,0.1176,1.62,Classification,False,OK
MON-001680,2025-10-10,20:00,DEFAULT_PROBABILITY_V4,v2.3,0.8689,0.8736,0.8704,0.8607,0.9242,1111,23.24,0.2456,0.1336,1.58,Classification,False,OK
MON-001681,2025-10-11,08:00,DEFAULT_PROBABILITY_V4,v3.2,0.8155,0.8175,0.824,0.807,0.8572,1445,28.17,0.5018,0.1694,2.34,Classification,True,WARNING
MON-001682,2025-10-11,20:00,DEFAULT_PROBABILITY_V4,v2.3,0.8154,0.8244,0.8015,0.8154,0.8643,1668,23.17,0.2252,0.0865,9.17,Classification,False,OK
MON-001683,2025-10-12,08:00,DEFAULT_PROBABILITY_V4,v4.2,0.8467,0.855,0.8136,0.8324,0.9059,3940,20.9,0.327,0.2513,0.24,Classification,True,WARNING
MON-001684,2025-10-12,20:00,DEFAULT_PROBABILITY_V4,v1.9,0.7733,0.7747,0.7802,0.7795,0.8215,4008,24.26,0.4907,0.2637,0.48,Classification,True,WARNING
MON-001685,2025-10-13,08:00,DEFAULT_PROBABILITY_V4,v3.8,0.8393,0.8299,0.8713,0.834,0.8809,5440,28.34,0.4188,0.2859,0.47,Classification,True,WARNING
MON-001686,2025-10-13,20:00,DEFAULT_PROBABILITY_V4,v3.1,0.8218,0.8153,0.8156,0.8065,0.881,10229,7.86,0.2318,0.363,3.01,Classification,False,OK
MON-001687,2025-10-14,08:00,DEFAULT_PROBABILITY_V4,v2.1,0.8259,0.8223,0.8374,0.8199,0.8723,2229,15.25,0.2406,0.2171,0.28,Classification,False,OK
MON-001688,2025-10-14,20:00,DEFAULT_PROBABILITY_V4,v2.8,0.8169,0.8042,0.7947,0.7918,0.8631,1531,25.41,0.1274,0.1444,3.72,Classification,False,OK
MON-001689,2025-10-15,08:00,DEFAULT_PROBABILITY_V4,v3.0,0.8354,0.8493,0.8271,0.816,0.8741,1166,17.71,0.271,0.1995,0.48,Classification,False,OK
MON-001690,2025-10-15,20:00,DEFAULT_PROBABILITY_V4,v2.3,0.7867,0.7773,0.7874,0.7695,0.8521,3453,20.67,0.158,0.3723,3.24,Classification,True,WARNING
MON-001691,2025-10-16,08:00,DEFAULT_PROBABILITY_V4,v2.9,0.8087,0.8082,0.8083,0.7907,0.8694,2968,15.15,0.0664,0.075,1.52,Classification,False,OK
MON-001692,2025-10-16,20:00,DEFAULT_PROBABILITY_V4,v4.7,0.8628,0.8538,0.8795,0.8539,0.9102,747,15.76,0.5768,0.0972,1.24,Classification,True,WARNING
MON-001693,2025-10-17,08:00,DEFAULT_PROBABILITY_V4,v1.8,0.8248,0.8307,0.7976,0.8191,0.8661,6132,21.98,0.0867,0.4261,0.25,Classification,False,OK
MON-001694,2025-10-17,20:00,DEFAULT_PROBABILITY_V4,v1.5,0.7999,0.8098,0.7973,0.7916,0.8567,1939,11.07,0.1481,0.1219,0.78,Classification,True,WARNING
MON-001695,2025-10-18,08:00,DEFAULT_PROBABILITY_V4,v1.3,0.8248,0.8117,0.8154,0.8021,0.8788,13839,22.38,0.294,0.2124,0.08,Classification,False,OK
MON-001696,2025-10-18,20:00,DEFAULT_PROBABILITY_V4,v4.1,0.8385,0.8451,0.8248,0.8283,0.8843,2536,14.12,0.3626,0.0561,0.85,Classification,True,WARNING
MON-001697,2025-10-19,08:00,DEFAULT_PROBABILITY_V4,v4.1,0.8254,0.8135,0.8145,0.8208,0.8745,1015,7.92,0.0624,0.203,0.12,Classification,False,OK
MON-001698,2025-10-19,20:00,DEFAULT_PROBABILITY_V4,v4.3,0.8212,0.8172,0.8253,0.8119,0.8771,3926,31.34,0.302,0.1406,1.93,Classification,True,WARNING
MON-001699,2025-10-20,08:00,DEFAULT_PROBABILITY_V4,v1.8,0.8117,0.8382,0.8138,0.7816,0.8639,8505,45.09,0.2706,0.0933,2.46,Classification,False,OK
MON-001700,2025-10-20,20:00,DEFAULT_PROBABILITY_V4,v2.9,0.7981,0.8009,0.7952,0.7727,0.8518,4546,22.33,0.5251,0.066,2.68,Classification,True,WARNING
MON-001701,2025-10-21,08:00,DEFAULT_PROBABILITY_V4,v4.4,0.6894,0.6984,0.6691,0.6811,0.742,10482,22.61,0.3457,0.0732,1.23,Classification,True,CRITICAL
MON-001702,2025-10-21,20:00,DEFAULT_PROBABILITY_V4,v1.9,0.8068,0.8099,0.8028,0.8021,0.8641,1373,15.9,0.4737,0.0871,1.24,Classification,True,WARNING
MON-001703,2025-10-22,08:00,DEFAULT_PROBABILITY_V4,v4.1,0.8497,0.8481,0.8666,0.8231,0.8941,5660,41.0,0.3122,0.5248,5.47,Classification,True,WARNING
MON-001704,2025-10-22,20:00,DEFAULT_PROBABILITY_V4,v4.3,0.7219,0.7158,0.6973,0.7074,0.7735,10159,45.39,0.3188,0.2902,0.69,Classification,True,CRITICAL
MON-001705,2025-10-23,08:00,DEFAULT_PROBABILITY_V4,v4.0,0.8201,0.8349,0.8094,0.8041,0.8629,4232,22.38,0.2752,0.2677,3.37,Classification,False,OK
MON-001706,2025-10-23,20:00,DEFAULT_PROBABILITY_V4,v3.6,0.7929,0.8121,0.7757,0.7672,0.8364,8841,38.4,0.2846,0.2352,0.59,Classification,True,WARNING
MON-001707,2025-10-24,08:00,DEFAULT_PROBABILITY_V4,v3.7,0.8235,0.824,0.8069,0.8098,0.8925,3314,20.98,0.2318,0.1712,7.03,Classification,False,OK
MON-001708,2025-10-24,20:00,DEFAULT_PROBABILITY_V4,v2.5,0.8152,0.8274,0.8116,0.8028,0.851,9463,19.78,0.0772,0.3322,0.9,Classification,False,OK
MON-001709,2025-10-25,08:00,DEFAULT_PROBABILITY_V4,v4.8,0.8166,0.8254,0.807,0.802,0.8733,5984,21.5,0.3385,0.0313,0.86,Classification,True,WARNING
MON-001710,2025-10-25,20:00,DEFAULT_PROBABILITY_V4,v3.4,0.8114,0.8095,0.7985,0.8049,0.8886,2204,16.68,0.2227,0.0557,2.79,Classification,False,OK
MON-001711,2025-10-26,08:00,DEFAULT_PROBABILITY_V4,v3.8,0.8117,0.8122,0.812,0.795,0.8793,2071,49.44,0.1685,0.2679,2.76,Classification,False,OK
MON-001712,2025-10-26,20:00,DEFAULT_PROBABILITY_V4,v2.5,0.8184,0.814,0.7949,0.809,0.874,5385,34.96,0.1828,0.1625,2.77,Classification,False,OK
MON-001713,2025-10-27,08:00,DEFAULT_PROBABILITY_V4,v3.8,0.8226,0.843,0.8526,0.8104,0.8917,2037,12.99,0.3036,0.1837,0.29,Classification,True,WARNING
MON-001714,2025-10-27,20:00,DEFAULT_PROBABILITY_V4,v3.7,0.778,0.7861,0.7695,0.769,0.832,3741,23.68,0.1883,0.2702,0.2,Classification,True,WARNING
MON-001715,2025-10-28,08:00,DEFAULT_PROBABILITY_V4,v1.2,0.7896,0.7899,0.784,0.7692,0.8366,3053,21.7,0.1751,0.0273,0.38,Classification,True,WARNING
MON-001716,2025-10-28,20:00,DEFAULT_PROBABILITY_V4,v4.0,0.8126,0.8078,0.8075,0.8017,0.8629,1251,27.34,0.327,0.2547,3.11,Classification,True,WARNING
MON-001717,2025-10-29,08:00,DEFAULT_PROBABILITY_V4,v3.8,0.8416,0.8468,0.8271,0.8362,0.9006,2775,18.9,0.5025,0.2579,3.45,Classification,True,WARNING
MON-001718,2025-10-29,20:00,DEFAULT_PROBABILITY_V4,v4.7,0.7948,0.7818,0.8136,0.7881,0.8656,1805,13.61,0.4477,0.2005,1.3,Classification,True,WARNING
MON-001719,2025-10-30,08:00,DEFAULT_PROBABILITY_V4,v2.2,0.8348,0.8272,0.8386,0.8301,0.8954,3904,12.32,0.5271,0.0324,3.56,Classification,True,WARNING
MON-001720,2025-10-30,20:00,DEFAULT_PROBABILITY_V4,v1.6,0.8563,0.8543,0.8187,0.841,0.9054,3646,16.52,0.1035,0.2395,0.99,Classification,False,OK
MON-001721,2025-10-31,08:00,DEFAULT_PROBABILITY_V4,v3.1,0.8178,0.8136,0.7992,0.8171,0.8614,2301,26.16,0.3345,0.2399,1.21,Classification,True,WARNING
MON-001722,2025-10-31,20:00,DEFAULT_PROBABILITY_V4,v4.5,0.8141,0.812,0.8045,0.7951,0.8447,2565,27.35,0.1761,0.1988,1.11,Classification,False,OK
MON-001723,2025-11-01,08:00,DEFAULT_PROBABILITY_V4,v2.3,0.8338,0.8406,0.8433,0.8147,0.8825,752,46.2,0.2015,0.2888,2.25,Classification,False,OK
MON-001724,2025-11-01,20:00,DEFAULT_PROBABILITY_V4,v1.3,0.8253,0.8447,0.8431,0.8259,0.8649,6404,5.3,0.3436,0.3165,2.01,Classification,True,WARNING
MON-001725,2025-11-02,08:00,DEFAULT_PROBABILITY_V4,v2.4,0.8106,0.8177,0.8086,0.799,0.8699,1830,46.67,0.1413,0.15,1.89,Classification,False,OK
MON-001726,2025-11-02,20:00,DEFAULT_PROBABILITY_V4,v3.5,0.8285,0.8269,0.8523,0.8209,0.876,8115,7.03,0.0875,0.3748,5.99,Classification,False,OK
MON-001727,2025-11-03,08:00,DEFAULT_PROBABILITY_V4,v4.1,0.8093,0.8194,0.8209,0.7763,0.869,457,27.07,0.2019,0.3611,0.65,Classification,False,OK
MON-001728,2025-11-03,20:00,DEFAULT_PROBABILITY_V4,v3.9,0.7091,0.7096,0.7413,0.6985,0.7842,6364,24.16,0.0548,0.0531,6.01,Classification,True,CRITICAL
MON-001729,2025-11-04,08:00,DEFAULT_PROBABILITY_V4,v2.9,0.8187,0.8,0.8103,0.8051,0.8674,2172,12.24,0.2676,0.0604,1.21,Classification,False,OK
MON-001730,2025-11-04,20:00,DEFAULT_PROBABILITY_V4,v2.5,0.8314,0.8434,0.8254,0.8205,0.8831,11602,22.7,0.151,0.1332,0.87,Classification,False,OK
MON-001731,2025-11-05,08:00,DEFAULT_PROBABILITY_V4,v2.3,0.8563,0.8444,0.8595,0.8446,0.9099,10312,14.83,0.6024,0.1076,7.3,Classification,True,WARNING
MON-001732,2025-11-05,20:00,DEFAULT_PROBABILITY_V4,v4.2,0.8193,0.8207,0.8083,0.7997,0.8665,30614,38.31,0.5228,0.1691,1.21,Classification,True,WARNING
MON-001733,2025-11-06,08:00,DEFAULT_PROBABILITY_V4,v2.9,0.8079,0.7999,0.8196,0.8158,0.8591,7737,11.07,0.3416,0.1093,1.47,Classification,True,WARNING
MON-001734,2025-11-06,20:00,DEFAULT_PROBABILITY_V4,v2.5,0.8115,0.8001,0.7929,0.7875,0.858,1372,25.97,0.2401,0.1455,1.33,Classification,False,OK
MON-001735,2025-11-07,08:00,DEFAULT_PROBABILITY_V4,v4.9,0.8228,0.8184,0.8006,0.8041,0.8864,7792,30.96,0.2224,0.105,6.69,Classification,False,OK
MON-001736,2025-11-07,20:00,DEFAULT_PROBABILITY_V4,v4.4,0.6838,0.6585,0.683,0.6793,0.7317,3765,8.79,0.3401,0.3397,5.16,Classification,True,CRITICAL
MON-001737,2025-11-08,08:00,DEFAULT_PROBABILITY_V4,v2.4,0.6853,0.6784,0.7075,0.6618,0.7228,1457,11.53,0.5045,0.3609,0.17,Classification,True,CRITICAL
MON-001738,2025-11-08,20:00,DEFAULT_PROBABILITY_V4,v4.4,0.8298,0.834,0.8372,0.8128,0.8682,7489,13.63,0.1348,0.2531,0.49,Classification,False,OK
MON-001739,2025-11-09,08:00,DEFAULT_PROBABILITY_V4,v3.2,0.8253,0.8289,0.8375,0.8165,0.8669,3216,8.93,0.0788,0.1559,0.63,Classification,False,OK
MON-001740,2025-11-09,20:00,DEFAULT_PROBABILITY_V4,v3.5,0.8136,0.7949,0.8386,0.7929,0.8591,40082,32.54,0.2841,0.0785,1.33,Classification,False,OK
MON-001741,2025-11-10,08:00,DEFAULT_PROBABILITY_V4,v3.5,0.823,0.8327,0.8295,0.8,0.8818,4541,24.75,0.2852,0.0621,1.62,Classification,False,OK
MON-001742,2025-11-10,20:00,DEFAULT_PROBABILITY_V4,v4.4,0.809,0.8327,0.8038,0.7972,0.8671,2400,27.64,0.5146,0.0673,0.49,Classification,True,WARNING
MON-001743,2025-11-11,08:00,DEFAULT_PROBABILITY_V4,v4.9,0.8131,0.8304,0.8349,0.7986,0.8721,375,29.65,0.0989,0.1856,4.26,Classification,False,OK
MON-001744,2025-11-11,20:00,DEFAULT_PROBABILITY_V4,v4.6,0.7761,0.7708,0.7906,0.7546,0.8263,385,22.43,0.352,0.1461,0.16,Classification,True,WARNING
MON-001745,2025-11-12,08:00,DEFAULT_PROBABILITY_V4,v1.6,0.8061,0.7995,0.7951,0.7915,0.866,1994,8.93,0.0571,0.1383,1.6,Classification,False,OK
MON-001746,2025-11-12,20:00,DEFAULT_PROBABILITY_V4,v1.6,0.839,0.8301,0.8263,0.8222,0.8866,6160,16.75,0.0875,0.1966,2.19,Classification,False,OK
MON-001747,2025-11-13,08:00,DEFAULT_PROBABILITY_V4,v3.2,0.8353,0.8535,0.8345,0.8284,0.8669,8786,33.1,0.2915,0.0902,2.0,Classification,False,OK
MON-001748,2025-11-13,20:00,DEFAULT_PROBABILITY_V4,v4.4,0.8373,0.8321,0.8508,0.8113,0.8968,7792,17.07,0.0513,0.0215,0.68,Classification,False,OK
MON-001749,2025-11-14,08:00,DEFAULT_PROBABILITY_V4,v1.3,0.8312,0.8241,0.8166,0.8065,0.8743,431,21.32,0.3394,0.1744,0.46,Classification,True,WARNING
MON-001750,2025-11-14,20:00,DEFAULT_PROBABILITY_V4,v2.4,0.813,0.8213,0.815,0.7944,0.8608,1524,32.76,0.1155,0.4124,2.42,Classification,False,OK
MON-001751,2025-11-15,08:00,DEFAULT_PROBABILITY_V4,v3.5,0.7973,0.8087,0.8109,0.7789,0.8437,1273,35.93,0.0893,0.355,1.8,Classification,True,WARNING
MON-001752,2025-11-15,20:00,DEFAULT_PROBABILITY_V4,v1.5,0.8163,0.826,0.8126,0.8094,0.8715,7038,51.43,0.2604,0.0511,4.28,Classification,False,OK
MON-001753,2025-11-16,08:00,DEFAULT_PROBABILITY_V4,v4.6,0.7607,0.7502,0.7649,0.7471,0.8123,2150,20.34,0.0623,0.0711,0.05,Classification,True,WARNING
MON-001754,2025-11-16,20:00,DEFAULT_PROBABILITY_V4,v3.8,0.8454,0.8504,0.8528,0.8351,0.8932,10372,16.9,0.3265,0.1187,1.54,Classification,True,WARNING
MON-001755,2025-11-17,08:00,DEFAULT_PROBABILITY_V4,v2.3,0.8267,0.8413,0.838,0.8243,0.8927,3124,19.52,0.3038,0.4141,1.85,Classification,True,WARNING
MON-001756,2025-11-17,20:00,DEFAULT_PROBABILITY_V4,v4.4,0.8397,0.8397,0.8409,0.815,0.8888,2150,15.35,0.3281,0.2002,0.43,Classification,True,WARNING
MON-001757,2025-11-18,08:00,DEFAULT_PROBABILITY_V4,v1.1,0.8123,0.8152,0.8104,0.8103,0.8599,2561,19.5,0.1276,0.5698,2.7,Classification,False,OK
MON-001758,2025-11-18,20:00,DEFAULT_PROBABILITY_V4,v2.2,0.7904,0.7924,0.8057,0.7749,0.8485,744,14.88,0.3598,0.1079,3.65,Classification,True,WARNING
MON-001759,2025-11-19,08:00,DEFAULT_PROBABILITY_V4,v3.7,0.8262,0.8235,0.7877,0.7872,0.8879,1773,33.54,0.0728,0.2842,1.59,Classification,False,OK
MON-001760,2025-11-19,20:00,DEFAULT_PROBABILITY_V4,v4.0,0.826,0.8305,0.8389,0.8118,0.8849,4997,13.94,0.257,0.087,1.78,Classification,False,OK
MON-001761,2025-11-20,08:00,DEFAULT_PROBABILITY_V4,v4.7,0.8197,0.8286,0.8285,0.7898,0.8638,2616,48.04,0.5483,0.2275,1.94,Classification,True,WARNING
MON-001762,2025-11-20,20:00,DEFAULT_PROBABILITY_V4,v2.4,0.8282,0.8412,0.851,0.7987,0.8819,695,4.45,0.2919,0.1889,0.17,Classification,False,OK
MON-001763,2025-11-21,08:00,DEFAULT_PROBABILITY_V4,v4.0,0.8129,0.8124,0.8215,0.7869,0.8638,203,19.68,0.3084,0.1181,0.75,Classification,True,WARNING
MON-001764,2025-11-21,20:00,DEFAULT_PROBABILITY_V4,v1.0,0.8264,0.8271,0.8109,0.8092,0.8745,764,31.85,0.4444,0.3154,1.9,Classification,True,WARNING
MON-001765,2025-11-22,08:00,DEFAULT_PROBABILITY_V4,v3.4,0.8318,0.8268,0.8333,0.803,0.8725,1005,11.68,0.0532,0.296,1.21,Classification,False,OK
MON-001766,2025-11-22,20:00,DEFAULT_PROBABILITY_V4,v3.7,0.8559,0.8717,0.8412,0.8513,0.9081,7444,12.82,0.5113,0.0744,3.27,Classification,True,WARNING
MON-001767,2025-11-23,08:00,DEFAULT_PROBABILITY_V4,v3.1,0.8377,0.8334,0.8549,0.832,0.8986,882,26.58,0.1828,0.1938,1.11,Classification,False,OK
MON-001768,2025-11-23,20:00,DEFAULT_PROBABILITY_V4,v4.2,0.7976,0.7966,0.7607,0.8072,0.8639,1857,28.35,0.2,0.0955,0.7,Classification,True,WARNING
MON-001769,2025-11-24,08:00,DEFAULT_PROBABILITY_V4,v1.5,0.8146,0.8154,0.7905,0.7975,0.8761,870,13.12,0.2332,0.1461,1.74,Classification,False,OK
MON-001770,2025-11-24,20:00,DEFAULT_PROBABILITY_V4,v4.2,0.8052,0.8073,0.7872,0.7845,0.8508,4246,19.05,0.3488,0.5786,2.65,Classification,True,WARNING
MON-001771,2025-11-25,08:00,DEFAULT_PROBABILITY_V4,v2.9,0.8498,0.8348,0.8253,0.8349,0.8904,5936,40.82,0.1348,0.1107,1.16,Classification,False,OK
MON-001772,2025-11-25,20:00,DEFAULT_PROBABILITY_V4,v3.9,0.8125,0.818,0.8076,0.8048,0.8476,5388,22.16,0.2497,0.3136,0.26,Classification,False,OK
MON-001773,2025-11-26,08:00,DEFAULT_PROBABILITY_V4,v2.8,0.817,0.8215,0.8107,0.8134,0.8776,2744,11.56,0.3065,0.4674,3.01,Classification,True,WARNING
MON-001774,2025-11-26,20:00,DEFAULT_PROBABILITY_V4,v1.7,0.82,0.8216,0.8325,0.7977,0.8783,3679,9.51,0.5659,0.3094,0.15,Classification,True,WARNING
MON-001775,2025-11-27,08:00,DEFAULT_PROBABILITY_V4,v2.5,0.8303,0.8339,0.8017,0.8236,0.8748,7593,24.5,0.2595,0.2583,5.15,Classification,False,OK
MON-001776,2025-11-27,20:00,DEFAULT_PROBABILITY_V4,v3.8,0.7985,0.7979,0.7904,0.7923,0.8409,2090,31.61,0.2475,0.3064,1.9,Classification,True,WARNING
MON-001777,2025-11-28,08:00,DEFAULT_PROBABILITY_V4,v3.0,0.822,0.8076,0.8259,0.8346,0.8847,2486,34.72,0.2328,0.1786,9.17,Classification,False,OK
MON-001778,2025-11-28,20:00,DEFAULT_PROBABILITY_V4,v2.1,0.841,0.8519,0.827,0.8381,0.9007,8287,40.56,0.0896,0.1508,4.01,Classification,False,OK
MON-001779,2025-11-29,08:00,DEFAULT_PROBABILITY_V4,v3.5,0.8156,0.8011,0.7908,0.8177,0.8786,2708,22.64,0.1602,0.0911,0.1,Classification,False,OK
MON-001780,2025-11-29,20:00,DEFAULT_PROBABILITY_V4,v4.3,0.8588,0.8501,0.8694,0.8611,0.9144,3218,20.29,0.0478,0.1464,1.6,Classification,False,OK
MON-001781,2025-11-30,08:00,DEFAULT_PROBABILITY_V4,v2.5,0.8045,0.8165,0.813,0.782,0.861,11285,23.52,0.05,0.2927,3.62,Classification,False,OK
MON-001782,2025-11-30,20:00,DEFAULT_PROBABILITY_V4,v4.3,0.8121,0.7985,0.7802,0.7884,0.8415,2051,26.98,0.1287,0.0548,9.89,Classification,False,OK
MON-001783,2025-12-01,08:00,DEFAULT_PROBABILITY_V4,v4.5,0.8376,0.8361,0.8312,0.8307,0.8839,6557,15.01,0.0923,0.4608,2.25,Classification,False,OK
MON-001784,2025-12-01,20:00,DEFAULT_PROBABILITY_V4,v3.3,0.8228,0.8409,0.8136,0.8029,0.893,5941,22.75,0.4081,0.3469,0.82,Classification,True,WARNING
MON-001785,2025-12-02,08:00,DEFAULT_PROBABILITY_V4,v3.4,0.8175,0.8183,0.8448,0.8089,0.8619,3726,12.36,0.2423,0.0198,0.71,Classification,False,OK
MON-001786,2025-12-02,20:00,DEFAULT_PROBABILITY_V4,v1.2,0.7997,0.7859,0.7714,0.783,0.8519,3437,3.31,0.2868,0.1392,1.63,Classification,True,WARNING
MON-001787,2025-12-03,08:00,DEFAULT_PROBABILITY_V4,v1.6,0.8104,0.8179,0.8037,0.7983,0.876,662,17.48,0.2026,0.0324,0.12,Classification,False,OK
MON-001788,2025-12-03,20:00,DEFAULT_PROBABILITY_V4,v4.6,0.7878,0.7923,0.7992,0.7753,0.8466,19286,28.52,0.1685,0.1072,3.05,Classification,True,WARNING
MON-001789,2025-12-04,08:00,DEFAULT_PROBABILITY_V4,v4.0,0.8284,0.8297,0.8266,0.819,0.8688,2416,8.52,0.2857,0.2608,2.79,Classification,False,OK
MON-001790,2025-12-04,20:00,DEFAULT_PROBABILITY_V4,v1.8,0.8336,0.8132,0.8496,0.8053,0.8718,5563,29.05,0.0437,0.1631,1.21,Classification,False,OK
MON-001791,2025-12-05,08:00,DEFAULT_PROBABILITY_V4,v3.0,0.8096,0.8226,0.7798,0.7808,0.8756,8025,26.65,0.204,0.5409,0.31,Classification,False,OK
MON-001792,2025-12-05,20:00,DEFAULT_PROBABILITY_V4,v4.0,0.8259,0.8436,0.8066,0.8085,0.8833,4291,13.53,0.3184,0.1375,2.27,Classification,True,WARNING
MON-001793,2025-12-06,08:00,DEFAULT_PROBABILITY_V4,v3.8,0.8165,0.8162,0.8117,0.8013,0.87,10530,47.87,0.3345,0.0665,5.15,Classification,True,WARNING
MON-001794,2025-12-06,20:00,DEFAULT_PROBABILITY_V4,v4.4,0.797,0.7904,0.8044,0.7975,0.8521,7454,15.34,0.2365,0.1566,0.73,Classification,True,WARNING
MON-001795,2025-12-07,08:00,DEFAULT_PROBABILITY_V4,v3.1,0.8073,0.8126,0.8073,0.7954,0.8536,475,9.45,0.3031,0.0814,5.86,Classification,True,WARNING
MON-001796,2025-12-07,20:00,DEFAULT_PROBABILITY_V4,v1.9,0.8115,0.817,0.8207,0.7977,0.8526,2918,25.43,0.1167,0.1142,0.29,Classification,False,OK
MON-001797,2025-12-08,08:00,DEFAULT_PROBABILITY_V4,v1.8,0.8638,0.8702,0.8588,0.8441,0.9182,354,33.34,0.2755,0.0456,3.06,Classification,False,OK
MON-001798,2025-12-08,20:00,DEFAULT_PROBABILITY_V4,v1.8,0.8593,0.8594,0.8397,0.8472,0.9033,2241,45.11,0.063,0.2075,7.43,Classification,False,OK
MON-001799,2025-12-09,08:00,DEFAULT_PROBABILITY_V4,v2.8,0.7884,0.7939,0.7967,0.7704,0.8325,1263,20.74,0.4525,0.3448,0.36,Classification,True,WARNING
MON-001800,2025-12-09,20:00,DEFAULT_PROBABILITY_V4,v1.9,0.8054,0.8129,0.7824,0.7777,0.8517,1167,32.19,0.1547,0.1539,0.95,Classification,False,OK
MON-001801,2025-12-10,08:00,DEFAULT_PROBABILITY_V4,v4.9,0.8182,0.8439,0.8037,0.8124,0.8761,3476,15.43,0.2841,0.2237,0.4,Classification,False,OK
MON-001802,2025-12-10,20:00,DEFAULT_PROBABILITY_V4,v2.1,0.8224,0.8268,0.8019,0.8011,0.8654,5738,26.98,0.0395,0.6833,6.04,Classification,False,OK
MON-001803,2025-12-11,08:00,DEFAULT_PROBABILITY_V4,v4.4,0.8192,0.821,0.8219,0.7987,0.8613,588,47.71,0.0898,0.1708,0.21,Classification,False,OK
MON-001804,2025-12-11,20:00,DEFAULT_PROBABILITY_V4,v4.7,0.8588,0.8436,0.8576,0.8277,0.8993,26235,66.79,0.2881,0.0843,0.61,Classification,False,OK
MON-001805,2025-12-12,08:00,DEFAULT_PROBABILITY_V4,v2.5,0.8124,0.798,0.7953,0.7999,0.8608,4703,14.73,0.0752,0.1366,0.38,Classification,False,OK
MON-001806,2025-12-12,20:00,DEFAULT_PROBABILITY_V4,v1.2,0.8581,0.8594,0.8462,0.8577,0.9182,2790,41.82,0.3263,0.1418,5.26,Classification,True,WARNING
MON-001807,2025-12-13,08:00,DEFAULT_PROBABILITY_V4,v3.7,0.841,0.8402,0.8357,0.8074,0.8896,2731,12.57,0.3527,0.4176,6.67,Classification,True,WARNING
MON-001808,2025-12-13,20:00,DEFAULT_PROBABILITY_V4,v4.0,0.8205,0.8109,0.83,0.7883,0.8705,531,14.79,0.0718,0.0539,4.55,Classification,False,OK
MON-001809,2025-12-14,08:00,DEFAULT_PROBABILITY_V4,v4.9,0.8088,0.7989,0.8093,0.7966,0.8607,1537,16.22,0.1462,0.2053,3.74,Classification,False,OK
MON-001810,2025-12-14,20:00,DEFAULT_PROBABILITY_V4,v3.0,0.8085,0.8146,0.8128,0.795,0.8552,1027,31.6,0.6947,0.2364,2.09,Classification,True,WARNING
MON-001811,2025-12-15,08:00,DEFAULT_PROBABILITY_V4,v4.0,0.8606,0.8548,0.8671,0.8387,0.9015,1482,21.26,0.456,0.0326,0.01,Classification,True,WARNING
MON-001812,2025-12-15,20:00,DEFAULT_PROBABILITY_V4,v1.3,0.8361,0.8284,0.8358,0.814,0.8818,5504,9.78,0.1329,0.232,5.44,Classification,False,OK
MON-001813,2025-12-16,08:00,DEFAULT_PROBABILITY_V4,v3.6,0.8276,0.8171,0.8308,0.8139,0.8719,1335,25.64,0.2617,0.3351,0.13,Classification,False,OK
MON-001814,2025-12-16,20:00,DEFAULT_PROBABILITY_V4,v2.4,0.7778,0.7696,0.7756,0.7436,0.8269,4370,39.33,0.4036,0.4661,0.22,Classification,True,WARNING
MON-001815,2025-12-17,08:00,DEFAULT_PROBABILITY_V4,v2.9,0.8118,0.808,0.8339,0.7827,0.8572,5433,21.59,0.2157,0.3078,6.38,Classification,False,OK
MON-001816,2025-12-17,20:00,DEFAULT_PROBABILITY_V4,v3.8,0.8142,0.814,0.8222,0.7881,0.8665,3721,31.38,0.4224,0.218,0.7,Classification,True,WARNING
MON-001817,2025-12-18,08:00,DEFAULT_PROBABILITY_V4,v4.3,0.826,0.8283,0.8535,0.8056,0.8748,21768,13.71,0.0667,0.1164,0.62,Classification,False,OK
MON-001818,2025-12-18,20:00,DEFAULT_PROBABILITY_V4,v3.9,0.8189,0.8147,0.8379,0.7989,0.8626,3988,32.61,0.3013,0.0404,0.98,Classification,True,WARNING
MON-001819,2025-12-19,08:00,DEFAULT_PROBABILITY_V4,v2.3,0.8139,0.7961,0.8109,0.7722,0.8785,12706,14.12,0.1992,0.2324,0.25,Classification,False,OK
MON-001820,2025-12-19,20:00,DEFAULT_PROBABILITY_V4,v2.3,0.828,0.8168,0.8251,0.7987,0.8828,19349,21.35,0.2435,0.156,5.05,Classification,False,OK
MON-001821,2025-12-20,08:00,DEFAULT_PROBABILITY_V4,v3.2,0.8395,0.8344,0.8147,0.8284,0.8875,2609,13.03,0.223,0.5305,4.7,Classification,False,OK
MON-001822,2025-12-20,20:00,DEFAULT_PROBABILITY_V4,v1.0,0.8096,0.8199,0.793,0.7984,0.8542,59923,11.18,0.0589,0.237,2.75,Classification,False,OK
MON-001823,2025-12-21,08:00,DEFAULT_PROBABILITY_V4,v1.2,0.8017,0.8007,0.8169,0.7942,0.8609,10930,11.99,0.3492,0.1819,4.61,Classification,True,WARNING
MON-001824,2025-12-21,20:00,DEFAULT_PROBABILITY_V4,v3.1,0.8103,0.8145,0.8247,0.7992,0.8516,1068,16.26,0.5313,0.0726,0.28,Classification,True,WARNING
MON-001825,2025-12-22,08:00,DEFAULT_PROBABILITY_V4,v3.5,0.8023,0.8163,0.772,0.7852,0.8663,10464,21.65,0.488,0.2614,0.2,Classification,True,WARNING
MON-001826,2025-12-22,20:00,DEFAULT_PROBABILITY_V4,v2.3,0.8162,0.8145,0.8359,0.7903,0.8518,1551,13.48,0.3454,0.2372,0.22,Classification,True,WARNING
MON-001827,2025-12-23,08:00,DEFAULT_PROBABILITY_V4,v2.4,0.8615,0.8614,0.8793,0.8346,0.9392,5030,75.51,0.1795,0.0583,1.0,Classification,False,OK
MON-001828,2025-12-23,20:00,DEFAULT_PROBABILITY_V4,v2.6,0.8146,0.815,0.8314,0.79,0.8604,9129,17.53,0.0552,0.2214,9.16,Classification,False,OK
MON-001829,2025-12-24,08:00,DEFAULT_PROBABILITY_V4,v3.3,0.7994,0.8001,0.8071,0.7915,0.8364,7095,10.61,0.2028,0.3353,5.4,Classification,True,WARNING
MON-001830,2025-12-24,20:00,DEFAULT_PROBABILITY_V4,v2.5,0.8126,0.8021,0.8202,0.8015,0.8559,1582,6.72,0.5488,0.0163,0.52,Classification,True,WARNING
MON-001831,2025-12-25,08:00,DEFAULT_PROBABILITY_V4,v1.2,0.8526,0.8576,0.8498,0.8261,0.8995,1287,51.41,0.2446,0.1126,1.4,Classification,False,OK
MON-001832,2025-12-25,20:00,DEFAULT_PROBABILITY_V4,v4.1,0.8158,0.8168,0.8063,0.8032,0.8602,1034,25.33,0.5009,0.1872,5.37,Classification,True,WARNING
MON-001833,2025-12-26,08:00,DEFAULT_PROBABILITY_V4,v4.0,0.8052,0.7969,0.8222,0.7952,0.8588,14454,12.05,0.5094,0.1835,2.48,Classification,True,WARNING
MON-001834,2025-12-26,20:00,DEFAULT_PROBABILITY_V4,v4.3,0.7867,0.785,0.7828,0.776,0.8396,7395,17.04,0.2064,0.2511,6.92,Classification,True,WARNING
MON-001835,2025-12-27,08:00,DEFAULT_PROBABILITY_V4,v4.0,0.8147,0.7961,0.757,0.8071,0.8964,10334,14.11,0.2682,0.4273,0.45,Classification,False,OK
MON-001836,2025-12-27,20:00,DEFAULT_PROBABILITY_V4,v4.7,0.7923,0.777,0.8017,0.777,0.8432,517,30.49,0.0863,0.2765,0.12,Classification,True,WARNING
MON-001837,2025-12-28,08:00,DEFAULT_PROBABILITY_V4,v4.3,0.8256,0.8345,0.8098,0.8065,0.8624,6413,55.92,0.2037,0.1614,0.36,Classification,False,OK
MON-001838,2025-12-28,20:00,DEFAULT_PROBABILITY_V4,v2.6,0.8129,0.8107,0.8151,0.7973,0.8611,1548,12.91,0.1632,0.0914,1.39,Classification,False,OK
MON-001839,2025-12-29,08:00,DEFAULT_PROBABILITY_V4,v1.1,0.7794,0.7927,0.8043,0.7738,0.8308,978,29.02,0.373,0.1082,6.03,Classification,True,WARNING
MON-001840,2025-12-29,20:00,DEFAULT_PROBABILITY_V4,v2.8,0.8545,0.8552,0.8861,0.8449,0.8994,788,20.41,0.4055,0.3147,0.08,Classification,True,WARNING
MON-001841,2025-12-30,08:00,DEFAULT_PROBABILITY_V4,v1.2,0.864,0.8662,0.8744,0.8476,0.9204,3216,15.66,0.6273,0.4191,3.66,Classification,True,WARNING
MON-001842,2025-12-30,20:00,DEFAULT_PROBABILITY_V4,v2.1,0.8264,0.8261,0.8461,0.8211,0.884,2337,17.17,0.1224,0.2787,0.15,Classification,False,OK
MON-001843,2025-12-31,08:00,DEFAULT_PROBABILITY_V4,v4.9,0.8519,0.8418,0.8631,0.8531,0.8956,5026,11.59,0.4915,0.2676,1.14,Classification,True,WARNING
MON-001844,2025-12-31,20:00,DEFAULT_PROBABILITY_V4,v3.5,0.8258,0.8299,0.8378,0.8343,0.8723,3344,23.41,0.1567,0.3198,0.2,Classification,False,OK
MON-001845,2026-01-01,08:00,DEFAULT_PROBABILITY_V4,v4.3,0.7822,0.7755,0.796,0.7915,0.8132,5844,24.09,0.0264,0.1928,1.86,Classification,True,WARNING
MON-001846,2026-01-01,20:00,DEFAULT_PROBABILITY_V4,v2.1,0.6856,0.6888,0.6696,0.7034,0.7269,2560,27.35,0.1914,0.2042,1.98,Classification,True,CRITICAL
MON-001847,2026-01-02,08:00,DEFAULT_PROBABILITY_V4,v3.7,0.8085,0.8002,0.7893,0.8056,0.8558,1342,22.23,0.357,0.1093,1.19,Classification,True,WARNING
MON-001848,2026-01-02,20:00,DEFAULT_PROBABILITY_V4,v3.8,0.6945,0.702,0.7097,0.6544,0.7459,7933,12.23,0.0429,0.1719,1.03,Classification,True,CRITICAL
MON-001849,2026-01-03,08:00,DEFAULT_PROBABILITY_V4,v1.7,0.8211,0.8255,0.8257,0.8068,0.8698,5235,27.99,0.2149,0.041,6.06,Classification,False,OK
MON-001850,2026-01-03,20:00,DEFAULT_PROBABILITY_V4,v1.0,0.8062,0.8184,0.8086,0.7757,0.8478,2967,13.17,0.3664,0.2866,0.12,Classification,True,WARNING
MON-001851,2026-01-04,08:00,DEFAULT_PROBABILITY_V4,v4.6,0.8248,0.8321,0.8177,0.8248,0.8859,3038,19.41,0.3178,0.0467,2.9,Classification,True,WARNING
MON-001852,2026-01-04,20:00,DEFAULT_PROBABILITY_V4,v4.1,0.8357,0.8352,0.8304,0.816,0.8958,1958,12.36,0.6927,0.047,0.75,Classification,True,WARNING
MON-001853,2026-01-05,08:00,DEFAULT_PROBABILITY_V4,v3.5,0.855,0.8704,0.8739,0.8423,0.9161,5621,32.65,0.0746,0.1355,0.08,Classification,False,OK
MON-001854,2026-01-05,20:00,DEFAULT_PROBABILITY_V4,v3.1,0.8204,0.8242,0.8076,0.8025,0.8859,5610,14.13,0.2739,0.0895,0.27,Classification,False,OK
MON-001855,2026-01-06,08:00,DEFAULT_PROBABILITY_V4,v4.4,0.7986,0.7755,0.7988,0.8002,0.8387,1100,57.53,0.3748,0.2375,3.19,Classification,True,WARNING
MON-001856,2026-01-06,20:00,DEFAULT_PROBABILITY_V4,v2.1,0.8103,0.8042,0.7984,0.7824,0.8646,15110,15.54,0.2303,0.1256,1.82,Classification,False,OK
MON-001857,2026-01-07,08:00,DEFAULT_PROBABILITY_V4,v4.7,0.8126,0.8111,0.7893,0.8033,0.8717,2478,26.51,0.5052,0.2347,3.65,Classification,True,WARNING
MON-001858,2026-01-07,20:00,DEFAULT_PROBABILITY_V4,v1.4,0.867,0.88,0.8686,0.8394,0.9397,1991,27.24,0.1839,0.1847,0.01,Classification,False,OK
MON-001859,2026-01-08,08:00,DEFAULT_PROBABILITY_V4,v3.0,0.8188,0.8145,0.8299,0.7815,0.8838,9959,10.49,0.3953,0.2671,8.47,Classification,True,WARNING
MON-001860,2026-01-08,20:00,DEFAULT_PROBABILITY_V4,v2.3,0.8311,0.8242,0.8152,0.8163,0.8786,5841,7.54,0.15,0.3372,3.69,Classification,False,OK
MON-001861,2026-01-09,08:00,DEFAULT_PROBABILITY_V4,v2.9,0.7915,0.771,0.7808,0.7637,0.8256,5157,12.12,0.2946,0.4104,1.93,Classification,True,WARNING
MON-001862,2026-01-09,20:00,DEFAULT_PROBABILITY_V4,v1.2,0.8484,0.8614,0.8307,0.8168,0.8863,5624,22.09,0.4504,0.4501,1.94,Classification,True,WARNING
MON-001863,2026-01-10,08:00,DEFAULT_PROBABILITY_V4,v2.2,0.825,0.8394,0.827,0.7931,0.8817,9797,12.44,0.3664,0.3335,1.7,Classification,True,WARNING
MON-001864,2026-01-10,20:00,DEFAULT_PROBABILITY_V4,v4.0,0.8139,0.8025,0.8066,0.7938,0.8645,1012,13.35,0.4745,0.3384,3.76,Classification,True,WARNING
MON-001865,2026-01-11,08:00,DEFAULT_PROBABILITY_V4,v1.9,0.811,0.7969,0.7792,0.804,0.8541,1624,45.66,0.2401,0.3362,5.7,Classification,False,OK
MON-001866,2026-01-11,20:00,DEFAULT_PROBABILITY_V4,v2.4,0.7952,0.8056,0.7899,0.765,0.8253,14180,15.28,0.2685,0.0824,1.77,Classification,True,WARNING
MON-001867,2026-01-12,08:00,DEFAULT_PROBABILITY_V4,v3.9,0.8386,0.8515,0.8542,0.8324,0.8975,1466,31.5,0.2407,0.1474,2.64,Classification,False,OK
MON-001868,2026-01-12,20:00,DEFAULT_PROBABILITY_V4,v4.2,0.8756,0.8684,0.893,0.8528,0.9141,1008,17.1,0.1565,0.1867,0.44,Classification,False,OK
MON-001869,2026-01-13,08:00,DEFAULT_PROBABILITY_V4,v4.2,0.8478,0.8455,0.866,0.8205,0.912,4455,17.99,0.4053,0.1707,0.41,Classification,True,WARNING
MON-001870,2026-01-13,20:00,DEFAULT_PROBABILITY_V4,v2.8,0.8212,0.8268,0.8063,0.8167,0.8612,1948,15.94,0.6137,0.1982,1.29,Classification,True,WARNING
MON-001871,2026-01-14,08:00,DEFAULT_PROBABILITY_V4,v2.2,0.7951,0.7849,0.7773,0.7886,0.8406,5520,18.35,0.4162,0.1285,2.53,Classification,True,WARNING
MON-001872,2026-01-14,20:00,DEFAULT_PROBABILITY_V4,v3.1,0.8097,0.8006,0.8,0.8014,0.853,2544,9.95,0.4335,0.1435,3.81,Classification,True,WARNING
MON-001873,2026-01-15,08:00,DEFAULT_PROBABILITY_V4,v2.0,0.8288,0.8254,0.8434,0.8145,0.8851,1933,12.85,0.2968,0.3045,0.4,Classification,False,OK
MON-001874,2026-01-15,20:00,DEFAULT_PROBABILITY_V4,v4.3,0.8139,0.804,0.828,0.7871,0.8572,1129,13.84,0.383,0.0412,1.56,Classification,True,WARNING
MON-001875,2026-01-16,08:00,DEFAULT_PROBABILITY_V4,v3.6,0.8182,0.8473,0.8182,0.814,0.8661,4935,27.78,0.1531,0.2885,1.2,Classification,False,OK
MON-001876,2026-01-16,20:00,DEFAULT_PROBABILITY_V4,v3.4,0.8284,0.8408,0.8452,0.8121,0.8749,2377,42.98,0.1972,0.3149,1.79,Classification,False,OK
MON-001877,2026-01-17,08:00,DEFAULT_PROBABILITY_V4,v3.0,0.8249,0.8219,0.834,0.8098,0.8661,3538,38.15,0.176,0.0914,2.93,Classification,False,OK
MON-001878,2026-01-17,20:00,DEFAULT_PROBABILITY_V4,v1.5,0.8671,0.8684,0.8599,0.8536,0.9173,1339,17.21,0.1358,0.2276,0.02,Classification,False,OK
MON-001879,2026-01-18,08:00,DEFAULT_PROBABILITY_V4,v1.7,0.8662,0.8502,0.861,0.8586,0.9188,4622,12.03,0.1895,0.0661,1.73,Classification,False,OK
MON-001880,2026-01-18,20:00,DEFAULT_PROBABILITY_V4,v1.2,0.8144,0.8185,0.7954,0.7822,0.8715,2941,18.93,0.4544,0.355,0.87,Classification,True,WARNING
MON-001881,2026-01-19,08:00,DEFAULT_PROBABILITY_V4,v4.0,0.8413,0.8487,0.8394,0.824,0.8974,2748,24.34,0.2835,0.395,2.66,Classification,False,OK
MON-001882,2026-01-19,20:00,DEFAULT_PROBABILITY_V4,v4.9,0.7928,0.7861,0.7836,0.7725,0.8499,4891,19.72,0.0863,0.0713,0.37,Classification,True,WARNING
MON-001883,2026-01-20,08:00,DEFAULT_PROBABILITY_V4,v2.2,0.8394,0.8349,0.8244,0.8372,0.8717,375,29.4,0.4592,0.1669,0.97,Classification,True,WARNING
MON-001884,2026-01-20,20:00,DEFAULT_PROBABILITY_V4,v1.0,0.8302,0.8211,0.8192,0.8306,0.88,1040,11.51,0.1882,0.1779,5.39,Classification,False,OK
MON-001885,2026-01-21,08:00,DEFAULT_PROBABILITY_V4,v3.3,0.8025,0.8164,0.8249,0.7893,0.8436,2474,19.87,0.1862,0.5732,3.36,Classification,False,OK
MON-001886,2026-01-21,20:00,DEFAULT_PROBABILITY_V4,v1.6,0.8436,0.8569,0.8367,0.8139,0.8937,3411,19.28,0.2065,0.1613,0.38,Classification,False,OK
MON-001887,2026-01-22,08:00,DEFAULT_PROBABILITY_V4,v1.1,0.8,0.8039,0.8237,0.7782,0.8514,4234,18.06,0.1791,0.126,2.52,Classification,False,OK
MON-001888,2026-01-22,20:00,DEFAULT_PROBABILITY_V4,v4.7,0.8178,0.8192,0.8187,0.7767,0.8699,1543,14.33,0.0785,0.0509,0.04,Classification,False,OK
MON-001889,2026-01-23,08:00,DEFAULT_PROBABILITY_V4,v4.8,0.8234,0.8109,0.82,0.8169,0.8574,4064,9.54,0.4229,0.2951,3.58,Classification,True,WARNING
MON-001890,2026-01-23,20:00,DEFAULT_PROBABILITY_V4,v4.2,0.7867,0.7795,0.7945,0.7653,0.8606,1993,9.85,0.0694,0.039,0.01,Classification,True,WARNING
MON-001891,2026-01-24,08:00,DEFAULT_PROBABILITY_V4,v1.4,0.8236,0.8207,0.7879,0.819,0.8967,1390,49.31,0.1822,0.2031,5.02,Classification,False,OK
MON-001892,2026-01-24,20:00,DEFAULT_PROBABILITY_V4,v4.7,0.6833,0.6766,0.7145,0.6641,0.7271,5299,10.41,0.2834,0.06,1.94,Classification,True,CRITICAL
MON-001893,2026-01-25,08:00,DEFAULT_PROBABILITY_V4,v3.2,0.8122,0.8178,0.8265,0.794,0.851,6346,15.0,0.3022,0.1521,0.77,Classification,True,WARNING
MON-001894,2026-01-25,20:00,DEFAULT_PROBABILITY_V4,v3.8,0.8185,0.8021,0.8216,0.7984,0.8969,5819,14.28,0.1413,0.0833,9.4,Classification,False,OK
MON-001895,2026-01-26,08:00,DEFAULT_PROBABILITY_V4,v3.9,0.7865,0.7736,0.7987,0.7551,0.8476,3579,15.66,0.2161,0.2353,4.81,Classification,True,WARNING
MON-001896,2026-01-26,20:00,DEFAULT_PROBABILITY_V4,v1.7,0.8102,0.8039,0.811,0.7781,0.8677,4217,58.61,0.4636,0.1124,2.16,Classification,True,WARNING
MON-001897,2026-01-27,08:00,DEFAULT_PROBABILITY_V4,v4.9,0.8169,0.8011,0.8078,0.8199,0.8546,4208,25.13,0.1539,0.2681,0.79,Classification,False,OK
MON-001898,2026-01-27,20:00,DEFAULT_PROBABILITY_V4,v2.2,0.813,0.823,0.8127,0.7893,0.8791,7493,15.43,0.536,0.214,1.67,Classification,True,WARNING
MON-001899,2026-01-28,08:00,DEFAULT_PROBABILITY_V4,v2.8,0.8013,0.8127,0.7949,0.7926,0.8426,13245,19.48,0.0828,0.1395,0.28,Classification,False,OK
MON-001900,2026-01-28,20:00,DEFAULT_PROBABILITY_V4,v2.2,0.7932,0.7763,0.7797,0.8032,0.8414,8669,29.38,0.2054,0.0384,1.14,Classification,True,WARNING
MON-001901,2026-01-29,08:00,DEFAULT_PROBABILITY_V4,v2.1,0.7999,0.8028,0.794,0.7799,0.8637,729,36.39,0.2193,0.1116,2.6,Classification,True,WARNING
MON-001902,2026-01-29,20:00,DEFAULT_PROBABILITY_V4,v1.6,0.7815,0.7775,0.7847,0.7704,0.8274,1833,24.9,0.05,0.1786,0.08,Classification,True,WARNING
MON-001903,2026-01-30,08:00,DEFAULT_PROBABILITY_V4,v3.9,0.8033,0.8032,0.8087,0.7901,0.8557,16546,50.05,0.1358,0.0209,0.15,Classification,False,OK
MON-001904,2026-01-30,20:00,DEFAULT_PROBABILITY_V4,v1.3,0.8448,0.8502,0.866,0.8312,0.9066,607,13.47,0.488,0.2409,2.49,Classification,True,WARNING
MON-001905,2026-01-31,08:00,DEFAULT_PROBABILITY_V4,v2.4,0.7893,0.7687,0.7847,0.7784,0.8272,1936,17.41,0.2743,0.0528,5.22,Classification,True,WARNING
MON-001906,2026-01-31,20:00,DEFAULT_PROBABILITY_V4,v2.4,0.8384,0.8491,0.8278,0.8099,0.9,19788,22.03,0.4744,0.0447,7.4,Classification,True,WARNING
MON-001907,2026-02-01,08:00,DEFAULT_PROBABILITY_V4,v3.7,0.7934,0.7986,0.7745,0.7633,0.8594,926,23.95,0.4084,0.2431,1.87,Classification,True,WARNING
MON-001908,2026-02-01,20:00,DEFAULT_PROBABILITY_V4,v3.2,0.8303,0.8411,0.8369,0.8133,0.8796,1360,14.46,0.316,0.2085,4.34,Classification,True,WARNING
MON-001909,2026-02-02,08:00,DEFAULT_PROBABILITY_V4,v3.6,0.8728,0.8542,0.8947,0.869,0.9351,2696,34.14,0.1074,0.3072,3.63,Classification,False,OK
MON-001910,2026-02-02,20:00,DEFAULT_PROBABILITY_V4,v3.2,0.832,0.8316,0.8261,0.8243,0.8742,778,26.88,0.609,0.2609,11.29,Classification,True,WARNING
MON-001911,2026-02-03,08:00,DEFAULT_PROBABILITY_V4,v1.6,0.8163,0.8217,0.8079,0.7861,0.8509,6967,15.39,0.3012,0.3352,3.29,Classification,True,WARNING
MON-001912,2026-02-03,20:00,DEFAULT_PROBABILITY_V4,v1.3,0.8169,0.8212,0.8299,0.8062,0.8471,5070,16.59,0.2905,0.0393,2.07,Classification,False,OK
MON-001913,2026-02-04,08:00,DEFAULT_PROBABILITY_V4,v2.0,0.8379,0.8464,0.8219,0.8236,0.893,9382,33.4,0.3344,0.2068,1.19,Classification,True,WARNING
MON-001914,2026-02-04,20:00,DEFAULT_PROBABILITY_V4,v2.0,0.828,0.8325,0.8523,0.8128,0.8825,604,15.04,0.1661,0.1403,1.81,Classification,False,OK
MON-001915,2026-02-05,08:00,DEFAULT_PROBABILITY_V4,v2.2,0.8254,0.8059,0.8243,0.8101,0.8696,5032,12.58,0.241,0.3326,4.63,Classification,False,OK
MON-001916,2026-02-05,20:00,DEFAULT_PROBABILITY_V4,v4.5,0.8107,0.8222,0.8163,0.7975,0.8724,2907,11.08,0.1917,0.0998,0.53,Classification,False,OK
MON-001917,2026-02-06,08:00,DEFAULT_PROBABILITY_V4,v1.9,0.8267,0.8218,0.8272,0.8098,0.8702,616,7.62,0.0822,0.3405,1.75,Classification,False,OK
MON-001918,2026-02-06,20:00,DEFAULT_PROBABILITY_V4,v4.7,0.7842,0.7862,0.7466,0.7627,0.8218,21496,16.25,0.1672,0.1305,3.01,Classification,True,WARNING
MON-001919,2026-02-07,08:00,DEFAULT_PROBABILITY_V4,v3.3,0.8081,0.8236,0.8071,0.7897,0.8486,1107,5.58,0.3904,0.0349,0.8,Classification,True,WARNING
MON-001920,2026-02-07,20:00,DEFAULT_PROBABILITY_V4,v4.7,0.8558,0.8557,0.8501,0.8206,0.9199,4636,13.96,0.0783,0.1598,0.76,Classification,False,OK
MON-001921,2026-02-08,08:00,DEFAULT_PROBABILITY_V4,v2.7,0.8374,0.8339,0.8433,0.8258,0.8958,2108,63.65,0.2811,0.1161,0.01,Classification,False,OK
MON-001922,2026-02-08,20:00,DEFAULT_PROBABILITY_V4,v3.8,0.8174,0.8058,0.8345,0.8059,0.8657,5323,13.54,0.2969,0.408,3.74,Classification,False,OK
MON-001923,2026-02-09,08:00,DEFAULT_PROBABILITY_V4,v4.1,0.7981,0.7848,0.8055,0.7984,0.8454,1738,29.11,0.2618,0.3641,0.74,Classification,True,WARNING
MON-001924,2026-02-09,20:00,DEFAULT_PROBABILITY_V4,v3.8,0.8602,0.8481,0.8502,0.849,0.9046,7148,22.27,0.1452,0.1022,0.18,Classification,False,OK
MON-001925,2026-02-10,08:00,DEFAULT_PROBABILITY_V4,v3.5,0.8075,0.8071,0.8322,0.7894,0.8331,14044,41.06,0.3358,0.1781,1.17,Classification,True,WARNING
MON-001926,2026-02-10,20:00,DEFAULT_PROBABILITY_V4,v2.4,0.8008,0.8227,0.8014,0.7895,0.8348,3379,13.91,0.3272,0.1015,0.01,Classification,True,WARNING
MON-001927,2026-02-11,08:00,DEFAULT_PROBABILITY_V4,v3.7,0.8234,0.8203,0.8426,0.8038,0.872,583,20.55,0.3966,0.1725,0.72,Classification,True,WARNING
MON-001928,2026-02-11,20:00,DEFAULT_PROBABILITY_V4,v4.1,0.8091,0.8088,0.8223,0.7863,0.865,880,17.58,0.3518,0.2326,0.35,Classification,True,WARNING
MON-001929,2026-02-12,08:00,DEFAULT_PROBABILITY_V4,v3.8,0.7796,0.7865,0.7647,0.7406,0.8263,17908,20.86,0.3351,0.3465,1.3,Classification,True,WARNING
MON-001930,2026-02-12,20:00,DEFAULT_PROBABILITY_V4,v3.1,0.791,0.784,0.8069,0.779,0.8255,5312,11.44,0.1866,0.1735,4.24,Classification,True,WARNING
MON-001931,2026-02-13,08:00,DEFAULT_PROBABILITY_V4,v3.6,0.8159,0.8296,0.8289,0.8044,0.8821,2452,14.53,0.0663,0.43,0.75,Classification,False,OK
MON-001932,2026-02-13,20:00,DEFAULT_PROBABILITY_V4,v1.8,0.6775,0.6726,0.6787,0.6766,0.7138,8903,10.09,0.3277,0.1508,4.16,Classification,True,CRITICAL
MON-001933,2026-02-14,08:00,DEFAULT_PROBABILITY_V4,v2.1,0.7888,0.801,0.7821,0.7871,0.8389,2203,11.28,0.3606,0.2705,1.93,Classification,True,WARNING
MON-001934,2026-02-14,20:00,DEFAULT_PROBABILITY_V4,v2.7,0.7905,0.7965,0.8027,0.7781,0.8421,7306,21.34,0.4616,0.2421,3.5,Classification,True,WARNING
MON-001935,2026-02-15,08:00,DEFAULT_PROBABILITY_V4,v1.1,0.8161,0.8169,0.831,0.7875,0.8895,444,52.24,0.2914,0.1521,3.6,Classification,False,OK
MON-001936,2026-02-15,20:00,DEFAULT_PROBABILITY_V4,v3.2,0.8172,0.8111,0.811,0.7891,0.8577,1964,33.92,0.06,0.1807,4.42,Classification,False,OK
MON-001937,2026-02-16,08:00,DEFAULT_PROBABILITY_V4,v3.4,0.8365,0.846,0.8456,0.822,0.887,1284,22.79,0.1989,0.3283,0.96,Classification,False,OK
MON-001938,2026-02-16,20:00,DEFAULT_PROBABILITY_V4,v4.6,0.7957,0.7946,0.7906,0.7886,0.8475,721,15.23,0.2943,0.1548,0.22,Classification,True,WARNING
MON-001939,2026-02-17,08:00,DEFAULT_PROBABILITY_V4,v1.8,0.816,0.8109,0.8078,0.8091,0.8546,1490,9.53,0.1975,0.0859,1.15,Classification,False,OK
MON-001940,2026-02-17,20:00,DEFAULT_PROBABILITY_V4,v2.6,0.8063,0.8222,0.8128,0.7859,0.8593,2527,9.94,0.1452,0.1954,3.15,Classification,False,OK
MON-001941,2026-02-18,08:00,DEFAULT_PROBABILITY_V4,v2.2,0.8307,0.8096,0.8425,0.7935,0.8763,1647,19.79,0.3563,0.1305,1.05,Classification,True,WARNING
MON-001942,2026-02-18,20:00,DEFAULT_PROBABILITY_V4,v2.0,0.82,0.8351,0.8278,0.7918,0.8669,4874,53.43,0.1989,0.2467,1.08,Classification,False,OK
MON-001943,2026-02-19,08:00,DEFAULT_PROBABILITY_V4,v2.5,0.8265,0.8468,0.8244,0.791,0.8693,3293,28.11,0.1755,0.1375,0.15,Classification,False,OK
MON-001944,2026-02-19,20:00,DEFAULT_PROBABILITY_V4,v2.9,0.8443,0.8354,0.8271,0.8307,0.906,1796,22.42,0.4432,0.2076,1.4,Classification,True,WARNING
MON-001945,2026-02-20,08:00,DEFAULT_PROBABILITY_V4,v1.8,0.8236,0.817,0.8189,0.8045,0.8723,9510,62.34,0.2802,0.1283,1.11,Classification,False,OK
MON-001946,2026-02-20,20:00,DEFAULT_PROBABILITY_V4,v3.8,0.8415,0.8304,0.8471,0.8218,0.8835,6320,21.25,0.1903,0.1136,3.68,Classification,False,OK
MON-001947,2026-02-21,08:00,DEFAULT_PROBABILITY_V4,v2.8,0.7934,0.8021,0.8257,0.7822,0.8217,4285,26.28,0.242,0.09,0.36,Classification,True,WARNING
MON-001948,2026-02-21,20:00,DEFAULT_PROBABILITY_V4,v2.5,0.7904,0.784,0.7758,0.771,0.8592,870,59.32,0.0844,0.2638,0.35,Classification,True,WARNING
MON-001949,2026-02-22,08:00,DEFAULT_PROBABILITY_V4,v2.1,0.846,0.8448,0.8443,0.848,0.8968,4153,32.68,0.1275,0.3014,0.2,Classification,False,OK
MON-001950,2026-02-22,20:00,DEFAULT_PROBABILITY_V4,v2.9,0.8251,0.8315,0.8227,0.8068,0.888,5575,25.52,0.1393,0.068,2.24,Classification,False,OK
MON-001951,2026-02-23,08:00,DEFAULT_PROBABILITY_V4,v2.2,0.8314,0.8154,0.7978,0.7979,0.8938,6919,6.06,0.2437,0.0273,0.05,Classification,False,OK
MON-001952,2026-02-23,20:00,DEFAULT_PROBABILITY_V4,v4.3,0.8429,0.8275,0.834,0.8011,0.8966,1916,41.5,0.6238,0.118,0.09,Classification,True,WARNING
MON-001953,2026-02-24,08:00,DEFAULT_PROBABILITY_V4,v3.0,0.8043,0.8077,0.7864,0.7935,0.8635,10137,10.43,0.2346,0.2144,0.25,Classification,False,OK
MON-001954,2026-02-24,20:00,DEFAULT_PROBABILITY_V4,v4.4,0.8072,0.8033,0.8011,0.7972,0.8698,8980,8.48,0.1149,0.1365,0.69,Classification,False,OK
MON-001955,2026-02-25,08:00,DEFAULT_PROBABILITY_V4,v4.8,0.8359,0.826,0.8584,0.8252,0.8755,14143,23.19,0.4502,0.0259,0.02,Classification,True,WARNING
MON-001956,2026-02-25,20:00,DEFAULT_PROBABILITY_V4,v4.7,0.8125,0.8125,0.8224,0.7834,0.8715,803,26.9,0.3136,0.2404,1.02,Classification,True,WARNING
MON-001957,2026-02-26,08:00,DEFAULT_PROBABILITY_V4,v4.5,0.8083,0.8071,0.8109,0.7835,0.8612,2016,11.88,0.3856,0.3157,1.5,Classification,True,WARNING
MON-001958,2026-02-26,20:00,DEFAULT_PROBABILITY_V4,v2.4,0.794,0.7849,0.8233,0.7946,0.8351,794,9.39,0.4429,0.2702,1.03,Classification,True,WARNING
MON-001959,2026-02-27,08:00,DEFAULT_PROBABILITY_V4,v1.1,0.8373,0.8389,0.8584,0.8187,0.8959,1324,6.63,0.4225,0.266,2.85,Classification,True,WARNING
MON-001960,2026-02-27,20:00,DEFAULT_PROBABILITY_V4,v3.8,0.8085,0.7986,0.7965,0.7863,0.8489,745,15.45,0.2273,0.0514,0.28,Classification,False,OK
MON-001961,2026-02-28,08:00,DEFAULT_PROBABILITY_V4,v3.3,0.837,0.8442,0.8096,0.8338,0.8925,1024,17.17,0.1685,0.0649,3.0,Classification,False,OK
MON-001962,2026-02-28,20:00,DEFAULT_PROBABILITY_V4,v1.0,0.8292,0.8273,0.7944,0.8026,0.8821,5689,9.93,0.1806,0.2298,2.78,Classification,False,OK
MON-001963,2026-03-01,08:00,DEFAULT_PROBABILITY_V4,v4.2,0.8472,0.8656,0.834,0.8262,0.8907,1927,54.78,0.3829,0.1443,1.07,Classification,True,WARNING
MON-001964,2026-03-01,20:00,DEFAULT_PROBABILITY_V4,v2.7,0.7855,0.7725,0.777,0.7819,0.8544,939,14.03,0.4249,0.0855,0.59,Classification,True,WARNING
MON-001965,2026-03-02,08:00,DEFAULT_PROBABILITY_V4,v2.3,0.7619,0.756,0.7851,0.7597,0.8206,22159,14.99,0.139,0.2273,1.24,Classification,True,WARNING
MON-001966,2026-03-02,20:00,DEFAULT_PROBABILITY_V4,v4.2,0.8544,0.8637,0.8724,0.8505,0.8963,4280,32.78,0.61,0.1379,0.18,Classification,True,WARNING
MON-001967,2026-03-03,08:00,DEFAULT_PROBABILITY_V4,v4.6,0.8395,0.829,0.8533,0.83,0.902,1001,12.62,0.1115,0.155,1.09,Classification,False,OK
MON-001968,2026-03-03,20:00,DEFAULT_PROBABILITY_V4,v2.3,0.7988,0.7991,0.7912,0.8026,0.8453,2319,54.82,0.1995,0.3416,0.06,Classification,True,WARNING
MON-001969,2026-03-04,08:00,DEFAULT_PROBABILITY_V4,v3.1,0.7066,0.6868,0.7037,0.7017,0.7525,3608,32.85,0.2362,0.0532,0.07,Classification,True,CRITICAL
MON-001970,2026-03-04,20:00,DEFAULT_PROBABILITY_V4,v2.4,0.8202,0.8095,0.814,0.807,0.8797,2204,16.9,0.537,0.2424,0.1,Classification,True,WARNING
MON-001971,2026-03-05,08:00,DEFAULT_PROBABILITY_V4,v2.6,0.8152,0.8058,0.8482,0.799,0.8717,1760,41.37,0.5006,0.1854,2.51,Classification,True,WARNING
MON-001972,2026-03-05,20:00,DEFAULT_PROBABILITY_V4,v1.9,0.8059,0.8042,0.7965,0.7868,0.8534,1626,41.53,0.0914,0.1837,1.81,Classification,False,OK
MON-001973,2026-03-06,08:00,DEFAULT_PROBABILITY_V4,v2.3,0.8022,0.8121,0.7903,0.774,0.868,6087,16.15,0.3014,0.3584,0.08,Classification,True,WARNING
MON-001974,2026-03-06,20:00,DEFAULT_PROBABILITY_V4,v4.2,0.8096,0.8069,0.818,0.7717,0.8518,5643,12.33,0.2767,0.3675,0.08,Classification,False,OK
MON-001975,2026-03-07,08:00,DEFAULT_PROBABILITY_V4,v3.5,0.829,0.8258,0.8146,0.8218,0.8933,1083,16.15,0.4263,0.1286,0.33,Classification,True,WARNING
MON-001976,2026-03-07,20:00,DEFAULT_PROBABILITY_V4,v1.1,0.8195,0.8114,0.8278,0.8021,0.8619,524,26.05,0.1329,0.1927,1.75,Classification,False,OK
MON-001977,2026-03-08,08:00,DEFAULT_PROBABILITY_V4,v3.8,0.8093,0.7979,0.8136,0.7847,0.863,1239,15.45,0.1537,0.0618,2.07,Classification,False,OK
MON-001978,2026-03-08,20:00,DEFAULT_PROBABILITY_V4,v1.9,0.8057,0.8159,0.7946,0.8095,0.8522,10499,17.19,0.0353,0.0919,1.53,Classification,False,OK
MON-001979,2026-03-09,08:00,DEFAULT_PROBABILITY_V4,v4.3,0.862,0.8637,0.8568,0.8564,0.9199,2232,15.51,0.1534,0.0722,0.33,Classification,False,OK
MON-001980,2026-03-09,20:00,DEFAULT_PROBABILITY_V4,v4.4,0.8075,0.8043,0.7948,0.7898,0.8372,2110,14.42,0.5772,0.1128,0.25,Classification,True,WARNING
MON-001981,2026-03-10,08:00,DEFAULT_PROBABILITY_V4,v1.8,0.8295,0.8455,0.8447,0.8185,0.8691,4854,23.35,0.2291,0.0338,3.8,Classification,False,OK
MON-001982,2026-03-10,20:00,DEFAULT_PROBABILITY_V4,v4.2,0.8683,0.8406,0.8661,0.8507,0.9241,848,15.43,0.3288,0.1626,9.53,Classification,True,WARNING
MON-001983,2026-03-11,08:00,DEFAULT_PROBABILITY_V4,v1.5,0.8328,0.8431,0.8296,0.8126,0.8917,3582,42.57,0.1747,0.1352,3.94,Classification,False,OK
MON-001984,2026-03-11,20:00,DEFAULT_PROBABILITY_V4,v3.0,0.8285,0.8128,0.8406,0.8242,0.8721,2042,19.66,0.1146,0.345,1.35,Classification,False,OK
MON-001985,2026-03-12,08:00,DEFAULT_PROBABILITY_V4,v4.4,0.8437,0.845,0.8538,0.8295,0.9045,1785,11.79,0.3808,0.185,2.9,Classification,True,WARNING
MON-001986,2026-03-12,20:00,DEFAULT_PROBABILITY_V4,v1.7,0.8468,0.8565,0.8503,0.8176,0.8898,1213,20.73,0.3541,0.1925,3.86,Classification,True,WARNING
MON-001987,2026-03-13,08:00,DEFAULT_PROBABILITY_V4,v4.9,0.8184,0.8006,0.8341,0.8056,0.8736,10040,28.51,0.5346,0.247,11.15,Classification,True,WARNING
MON-001988,2026-03-13,20:00,DEFAULT_PROBABILITY_V4,v2.7,0.7924,0.8047,0.79,0.7827,0.841,3484,18.93,0.2636,0.226,0.09,Classification,True,WARNING
MON-001989,2026-03-14,08:00,DEFAULT_PROBABILITY_V4,v3.3,0.8158,0.8145,0.8024,0.8161,0.8508,4861,13.61,0.6314,0.072,1.16,Classification,True,WARNING
MON-001990,2026-03-14,20:00,DEFAULT_PROBABILITY_V4,v1.1,0.8305,0.8225,0.8327,0.8167,0.8981,2112,12.05,0.1857,0.081,0.48,Classification,False,OK
MON-001991,2026-03-15,08:00,DEFAULT_PROBABILITY_V4,v3.3,0.812,0.8142,0.8115,0.7963,0.8564,7138,23.35,0.1238,0.1313,0.8,Classification,False,OK
MON-001992,2026-03-15,20:00,DEFAULT_PROBABILITY_V4,v4.6,0.8142,0.8195,0.8358,0.803,0.8569,9666,24.45,0.3931,0.3169,0.88,Classification,True,WARNING
MON-001993,2026-03-16,08:00,DEFAULT_PROBABILITY_V4,v4.0,0.7495,0.7732,0.7456,0.7242,0.7957,2758,33.9,0.1799,0.0756,2.33,Classification,True,CRITICAL
MON-001994,2026-03-16,20:00,DEFAULT_PROBABILITY_V4,v1.4,0.8346,0.8326,0.8584,0.8446,0.8803,987,12.02,0.654,0.0497,5.97,Classification,True,WARNING
MON-001995,2026-03-17,08:00,DEFAULT_PROBABILITY_V4,v3.4,0.8306,0.8391,0.8124,0.8333,0.8827,5555,20.99,0.1515,0.1101,1.9,Classification,False,OK
MON-001996,2026-03-17,20:00,DEFAULT_PROBABILITY_V4,v3.6,0.7981,0.7993,0.7946,0.7916,0.8434,608,13.15,0.3103,0.131,1.18,Classification,True,WARNING
MON-001997,2026-03-18,08:00,DEFAULT_PROBABILITY_V4,v3.5,0.8139,0.8174,0.8092,0.8007,0.8587,1849,21.75,0.1403,0.1539,0.95,Classification,False,OK
MON-001998,2026-03-18,20:00,DEFAULT_PROBABILITY_V4,v1.0,0.8264,0.8239,0.8216,0.7964,0.8813,3607,9.85,0.21,0.0316,4.15,Classification,False,OK
MON-001999,2026-03-19,08:00,DEFAULT_PROBABILITY_V4,v1.7,0.8318,0.8242,0.8489,0.8155,0.8819,2895,37.23,0.3231,0.5355,1.78,Classification,True,WARNING
MON-002000,2026-03-19,20:00,DEFAULT_PROBABILITY_V4,v2.9,0.8505,0.8544,0.8436,0.8384,0.9052,27721,7.17,0.1987,0.0943,0.1,Classification,False,OK
MON-002001,2025-09-01,08:00,CUSTOMER_SEGMENTATION_V1,v4.3,0.8321,0.8222,0.847,0.8054,0.8793,4599,12.16,0.0511,0.0413,2.38,Clustering,False,OK
MON-002002,2025-09-01,20:00,CUSTOMER_SEGMENTATION_V1,v4.4,0.8079,0.7879,0.8067,0.7864,0.861,4919,21.84,0.1961,0.1736,2.03,Clustering,False,OK
MON-002003,2025-09-02,08:00,CUSTOMER_SEGMENTATION_V1,v1.7,0.8563,0.8574,0.8549,0.8345,0.8911,4246,12.63,0.0368,0.1241,1.18,Clustering,False,OK
MON-002004,2025-09-02,20:00,CUSTOMER_SEGMENTATION_V1,v4.9,0.8131,0.8049,0.7931,0.7908,0.8741,2794,12.82,0.2298,0.1466,2.56,Clustering,False,OK
MON-002005,2025-09-03,08:00,CUSTOMER_SEGMENTATION_V1,v4.0,0.837,0.8341,0.8558,0.8368,0.8829,4790,27.98,0.1699,0.3867,0.87,Clustering,False,OK
MON-002006,2025-09-03,20:00,CUSTOMER_SEGMENTATION_V1,v1.9,0.8071,0.7905,0.8301,0.7894,0.855,3258,4.82,0.1775,0.1557,0.28,Clustering,False,OK
MON-002007,2025-09-04,08:00,CUSTOMER_SEGMENTATION_V1,v1.9,0.8031,0.8126,0.7844,0.8003,0.8586,1526,7.86,0.2968,0.0653,0.67,Clustering,False,OK
MON-002008,2025-09-04,20:00,CUSTOMER_SEGMENTATION_V1,v1.1,0.7915,0.7646,0.8158,0.7709,0.844,14588,11.25,0.3179,0.2433,2.59,Clustering,True,WARNING
MON-002009,2025-09-05,08:00,CUSTOMER_SEGMENTATION_V1,v2.5,0.7929,0.7972,0.7713,0.7737,0.8493,2432,11.19,0.3104,0.3271,0.95,Clustering,True,WARNING
MON-002010,2025-09-05,20:00,CUSTOMER_SEGMENTATION_V1,v4.6,0.8091,0.8144,0.8066,0.7934,0.8728,623,29.83,0.1443,0.0363,2.76,Clustering,False,OK
MON-002011,2025-09-06,08:00,CUSTOMER_SEGMENTATION_V1,v1.5,0.8447,0.8467,0.8432,0.8299,0.8923,373,25.07,0.2217,0.1885,1.68,Clustering,False,OK
MON-002012,2025-09-06,20:00,CUSTOMER_SEGMENTATION_V1,v4.7,0.8238,0.8341,0.8193,0.797,0.8734,1740,21.37,0.2019,0.314,1.3,Clustering,False,OK
MON-002013,2025-09-07,08:00,CUSTOMER_SEGMENTATION_V1,v1.6,0.783,0.7712,0.7993,0.7708,0.8599,3936,37.23,0.2942,0.1547,0.27,Clustering,True,WARNING
MON-002014,2025-09-07,20:00,CUSTOMER_SEGMENTATION_V1,v4.0,0.8351,0.8548,0.8464,0.8076,0.8804,4170,4.24,0.4528,0.0542,5.24,Clustering,True,WARNING
MON-002015,2025-09-08,08:00,CUSTOMER_SEGMENTATION_V1,v2.9,0.8184,0.8095,0.7929,0.8202,0.8617,342,20.67,0.1962,0.4219,0.8,Clustering,False,OK
MON-002016,2025-09-08,20:00,CUSTOMER_SEGMENTATION_V1,v2.0,0.8488,0.8554,0.8709,0.8266,0.9067,11257,48.65,0.5037,0.5802,0.83,Clustering,True,WARNING
MON-002017,2025-09-09,08:00,CUSTOMER_SEGMENTATION_V1,v3.1,0.8087,0.8269,0.8338,0.801,0.868,3925,23.59,0.2619,0.0797,0.4,Clustering,False,OK
MON-002018,2025-09-09,20:00,CUSTOMER_SEGMENTATION_V1,v3.6,0.8004,0.7983,0.8106,0.7789,0.8588,3333,11.98,0.2686,0.2375,0.03,Clustering,False,OK
MON-002019,2025-09-10,08:00,CUSTOMER_SEGMENTATION_V1,v1.7,0.8531,0.8459,0.8479,0.8485,0.8965,6767,27.64,0.1883,0.0672,1.45,Clustering,False,OK
MON-002020,2025-09-10,20:00,CUSTOMER_SEGMENTATION_V1,v3.5,0.8385,0.8465,0.8418,0.8171,0.8871,5914,20.21,0.1415,0.1642,3.05,Clustering,False,OK
MON-002021,2025-09-11,08:00,CUSTOMER_SEGMENTATION_V1,v3.5,0.7842,0.7785,0.78,0.768,0.8342,8239,20.91,0.1978,0.3331,1.83,Clustering,True,WARNING
MON-002022,2025-09-11,20:00,CUSTOMER_SEGMENTATION_V1,v2.4,0.8256,0.817,0.8403,0.8067,0.8727,1461,12.84,0.1836,0.1348,1.31,Clustering,False,OK
MON-002023,2025-09-12,08:00,CUSTOMER_SEGMENTATION_V1,v4.0,0.7842,0.7912,0.7574,0.7657,0.8359,5518,42.47,0.7157,0.1924,2.32,Clustering,True,WARNING
MON-002024,2025-09-12,20:00,CUSTOMER_SEGMENTATION_V1,v3.7,0.8375,0.845,0.8435,0.8064,0.8844,8493,41.69,0.0686,0.1076,3.47,Clustering,False,OK
MON-002025,2025-09-13,08:00,CUSTOMER_SEGMENTATION_V1,v3.2,0.7961,0.7958,0.8134,0.7731,0.8613,3271,18.43,0.1882,0.5022,4.67,Clustering,True,WARNING
MON-002026,2025-09-13,20:00,CUSTOMER_SEGMENTATION_V1,v2.8,0.7933,0.7939,0.7896,0.7808,0.8334,2307,16.11,0.4122,0.1959,0.05,Clustering,True,WARNING
MON-002027,2025-09-14,08:00,CUSTOMER_SEGMENTATION_V1,v3.6,0.8461,0.8478,0.8544,0.8345,0.9135,3555,31.02,0.186,0.1145,4.09,Clustering,False,OK
MON-002028,2025-09-14,20:00,CUSTOMER_SEGMENTATION_V1,v3.2,0.8266,0.8247,0.8002,0.7989,0.8641,5614,11.32,0.5532,0.3705,2.33,Clustering,True,WARNING
MON-002029,2025-09-15,08:00,CUSTOMER_SEGMENTATION_V1,v4.1,0.833,0.8302,0.8187,0.8099,0.9028,7720,13.22,0.1297,0.1179,0.44,Clustering,False,OK
MON-002030,2025-09-15,20:00,CUSTOMER_SEGMENTATION_V1,v3.5,0.8086,0.7951,0.8146,0.7917,0.8679,405,28.19,0.2745,0.1197,0.56,Clustering,False,OK
MON-002031,2025-09-16,08:00,CUSTOMER_SEGMENTATION_V1,v2.5,0.6756,0.6683,0.6824,0.6629,0.7186,2944,19.49,0.2292,0.3651,2.82,Clustering,True,CRITICAL
MON-002032,2025-09-16,20:00,CUSTOMER_SEGMENTATION_V1,v3.1,0.8496,0.8495,0.8409,0.8364,0.8996,3718,38.56,0.091,0.2969,1.41,Clustering,False,OK
MON-002033,2025-09-17,08:00,CUSTOMER_SEGMENTATION_V1,v1.6,0.8247,0.8457,0.8292,0.8184,0.8817,2678,12.86,0.2241,0.2997,1.98,Clustering,False,OK
MON-002034,2025-09-17,20:00,CUSTOMER_SEGMENTATION_V1,v3.9,0.8648,0.8534,0.864,0.8508,0.922,3297,11.85,0.3952,0.2109,0.77,Clustering,True,WARNING
MON-002035,2025-09-18,08:00,CUSTOMER_SEGMENTATION_V1,v4.2,0.8143,0.8093,0.7867,0.7882,0.8631,2580,27.89,0.0463,0.2188,1.62,Clustering,False,OK
MON-002036,2025-09-18,20:00,CUSTOMER_SEGMENTATION_V1,v4.3,0.8374,0.8244,0.8339,0.8274,0.8772,1664,9.55,0.0635,0.1316,1.85,Clustering,False,OK
MON-002037,2025-09-19,08:00,CUSTOMER_SEGMENTATION_V1,v3.7,0.8404,0.8196,0.8512,0.8332,0.9009,1997,28.74,0.0733,0.4234,1.72,Clustering,False,OK
MON-002038,2025-09-19,20:00,CUSTOMER_SEGMENTATION_V1,v3.5,0.8221,0.836,0.842,0.7902,0.8749,1266,20.53,0.3028,0.1126,0.45,Clustering,True,WARNING
MON-002039,2025-09-20,08:00,CUSTOMER_SEGMENTATION_V1,v4.5,0.8454,0.8507,0.8418,0.8331,0.9094,1916,12.66,0.1093,0.1448,0.27,Clustering,False,OK
MON-002040,2025-09-20,20:00,CUSTOMER_SEGMENTATION_V1,v2.2,0.8074,0.821,0.8132,0.8042,0.8563,17086,11.28,0.264,0.3512,0.39,Clustering,False,OK
MON-002041,2025-09-21,08:00,CUSTOMER_SEGMENTATION_V1,v3.0,0.8354,0.8165,0.838,0.8123,0.8874,6029,15.04,0.3683,0.0634,3.71,Clustering,True,WARNING
MON-002042,2025-09-21,20:00,CUSTOMER_SEGMENTATION_V1,v1.3,0.7973,0.8036,0.8053,0.7882,0.8615,2161,9.63,0.4185,0.0491,0.56,Clustering,True,WARNING
MON-002043,2025-09-22,08:00,CUSTOMER_SEGMENTATION_V1,v3.8,0.7928,0.8142,0.7831,0.7701,0.8452,1835,56.68,0.6953,0.3042,0.35,Clustering,True,WARNING
MON-002044,2025-09-22,20:00,CUSTOMER_SEGMENTATION_V1,v3.8,0.8189,0.8284,0.8178,0.7996,0.8559,3393,19.56,0.3202,0.2656,1.42,Clustering,True,WARNING
MON-002045,2025-09-23,08:00,CUSTOMER_SEGMENTATION_V1,v2.6,0.8155,0.8211,0.8236,0.7905,0.851,1605,22.72,0.5596,0.2837,4.44,Clustering,True,WARNING
MON-002046,2025-09-23,20:00,CUSTOMER_SEGMENTATION_V1,v1.3,0.7959,0.7882,0.8019,0.7861,0.8287,13395,10.25,0.2301,0.0894,3.73,Clustering,True,WARNING
MON-002047,2025-09-24,08:00,CUSTOMER_SEGMENTATION_V1,v1.1,0.8333,0.8479,0.8424,0.8242,0.8746,4560,12.73,0.3063,0.053,0.82,Clustering,True,WARNING
MON-002048,2025-09-24,20:00,CUSTOMER_SEGMENTATION_V1,v4.4,0.8492,0.8428,0.8612,0.8364,0.895,670,30.05,0.314,0.2501,1.45,Clustering,True,WARNING
MON-002049,2025-09-25,08:00,CUSTOMER_SEGMENTATION_V1,v2.5,0.8115,0.8166,0.8139,0.8011,0.8704,704,11.3,0.6776,0.1891,1.75,Clustering,True,WARNING
MON-002050,2025-09-25,20:00,CUSTOMER_SEGMENTATION_V1,v3.6,0.8388,0.8284,0.8432,0.8291,0.899,1094,15.03,0.28,0.2411,0.74,Clustering,False,OK
MON-002051,2025-09-26,08:00,CUSTOMER_SEGMENTATION_V1,v2.6,0.8053,0.8043,0.7968,0.8025,0.8343,2308,23.25,0.3937,0.16,0.08,Clustering,True,WARNING
MON-002052,2025-09-26,20:00,CUSTOMER_SEGMENTATION_V1,v1.4,0.814,0.8237,0.8269,0.792,0.8701,614,16.08,0.4049,0.0834,1.05,Clustering,True,WARNING
MON-002053,2025-09-27,08:00,CUSTOMER_SEGMENTATION_V1,v1.5,0.8169,0.826,0.8008,0.7758,0.8633,3918,14.39,0.2888,0.5505,0.47,Clustering,False,OK
MON-002054,2025-09-27,20:00,CUSTOMER_SEGMENTATION_V1,v2.7,0.8346,0.8348,0.8439,0.8139,0.8881,2306,10.44,0.4171,0.2338,2.6,Clustering,True,WARNING
MON-002055,2025-09-28,08:00,CUSTOMER_SEGMENTATION_V1,v1.3,0.8163,0.8378,0.8182,0.796,0.8855,1544,30.46,0.3147,0.0365,0.69,Clustering,True,WARNING
MON-002056,2025-09-28,20:00,CUSTOMER_SEGMENTATION_V1,v2.4,0.7779,0.7758,0.7672,0.7704,0.8197,3422,39.06,0.0136,0.1118,0.08,Clustering,True,WARNING
MON-002057,2025-09-29,08:00,CUSTOMER_SEGMENTATION_V1,v1.7,0.8419,0.8533,0.8318,0.8029,0.8968,25924,55.28,0.2581,0.1143,3.61,Clustering,False,OK
MON-002058,2025-09-29,20:00,CUSTOMER_SEGMENTATION_V1,v2.3,0.8201,0.8145,0.8233,0.8064,0.8808,1455,17.49,0.5722,0.3743,3.1,Clustering,True,WARNING
MON-002059,2025-09-30,08:00,CUSTOMER_SEGMENTATION_V1,v2.3,0.7719,0.7594,0.7681,0.7696,0.8227,18397,24.06,0.1641,0.1278,1.74,Clustering,True,WARNING
MON-002060,2025-09-30,20:00,CUSTOMER_SEGMENTATION_V1,v4.3,0.8462,0.8442,0.8398,0.8294,0.89,2025,34.06,0.4262,0.1387,1.34,Clustering,True,WARNING
MON-002061,2025-10-01,08:00,CUSTOMER_SEGMENTATION_V1,v2.0,0.8473,0.8305,0.8536,0.8359,0.8909,1646,21.22,0.2495,0.195,2.92,Clustering,False,OK
MON-002062,2025-10-01,20:00,CUSTOMER_SEGMENTATION_V1,v3.3,0.7962,0.7994,0.7711,0.7733,0.8414,1560,33.34,0.0966,0.1691,4.14,Clustering,True,WARNING
MON-002063,2025-10-02,08:00,CUSTOMER_SEGMENTATION_V1,v1.9,0.7894,0.7905,0.7908,0.7807,0.8418,8299,25.61,0.0395,0.1203,1.1,Clustering,True,WARNING
MON-002064,2025-10-02,20:00,CUSTOMER_SEGMENTATION_V1,v4.7,0.8406,0.8468,0.835,0.8229,0.8838,2900,28.24,0.687,0.1317,0.05,Clustering,True,WARNING
MON-002065,2025-10-03,08:00,CUSTOMER_SEGMENTATION_V1,v4.8,0.8406,0.8405,0.8222,0.8183,0.8965,2040,13.04,0.0662,0.0155,6.15,Clustering,False,OK
MON-002066,2025-10-03,20:00,CUSTOMER_SEGMENTATION_V1,v2.6,0.8274,0.8244,0.8223,0.8114,0.8816,248,8.05,0.1521,0.1,4.54,Clustering,False,OK
MON-002067,2025-10-04,08:00,CUSTOMER_SEGMENTATION_V1,v2.8,0.8088,0.8096,0.7891,0.8009,0.8416,720,28.61,0.2632,0.3871,1.39,Clustering,False,OK
MON-002068,2025-10-04,20:00,CUSTOMER_SEGMENTATION_V1,v4.9,0.8019,0.8132,0.8196,0.7847,0.8631,8259,19.56,0.406,0.3356,2.04,Clustering,True,WARNING
MON-002069,2025-10-05,08:00,CUSTOMER_SEGMENTATION_V1,v4.4,0.8297,0.8399,0.8405,0.8115,0.9018,10740,19.76,0.2315,0.2141,6.58,Clustering,False,OK
MON-002070,2025-10-05,20:00,CUSTOMER_SEGMENTATION_V1,v3.4,0.8048,0.8176,0.8173,0.7883,0.85,11983,8.1,0.2012,0.3609,0.16,Clustering,False,OK
MON-002071,2025-10-06,08:00,CUSTOMER_SEGMENTATION_V1,v4.5,0.8049,0.7824,0.8126,0.7915,0.8641,1062,39.33,0.6434,0.4305,0.48,Clustering,True,WARNING
MON-002072,2025-10-06,20:00,CUSTOMER_SEGMENTATION_V1,v3.3,0.8333,0.844,0.8012,0.8187,0.8968,5349,16.37,0.4464,0.287,0.27,Clustering,True,WARNING
MON-002073,2025-10-07,08:00,CUSTOMER_SEGMENTATION_V1,v3.8,0.8373,0.8442,0.8196,0.8224,0.8944,1284,6.57,0.6255,0.3927,2.68,Clustering,True,WARNING
MON-002074,2025-10-07,20:00,CUSTOMER_SEGMENTATION_V1,v3.1,0.8476,0.8681,0.861,0.8187,0.9032,10708,54.17,0.2106,0.0592,0.42,Clustering,False,OK
MON-002075,2025-10-08,08:00,CUSTOMER_SEGMENTATION_V1,v2.5,0.7812,0.7759,0.8108,0.7641,0.8143,6732,18.67,0.4203,0.1586,3.54,Clustering,True,WARNING
MON-002076,2025-10-08,20:00,CUSTOMER_SEGMENTATION_V1,v2.8,0.8076,0.8046,0.8132,0.8038,0.8547,3517,26.23,0.4375,0.1705,1.77,Clustering,True,WARNING
MON-002077,2025-10-09,08:00,CUSTOMER_SEGMENTATION_V1,v2.1,0.8107,0.8134,0.8316,0.8002,0.8592,1098,86.55,0.6154,0.369,3.45,Clustering,True,WARNING
MON-002078,2025-10-09,20:00,CUSTOMER_SEGMENTATION_V1,v4.8,0.8172,0.793,0.805,0.8127,0.8805,10422,15.34,0.3455,0.1495,4.5,Clustering,True,WARNING
MON-002079,2025-10-10,08:00,CUSTOMER_SEGMENTATION_V1,v3.1,0.7921,0.7647,0.7827,0.7803,0.8293,3544,20.49,0.1999,0.1411,2.2,Clustering,True,WARNING
MON-002080,2025-10-10,20:00,CUSTOMER_SEGMENTATION_V1,v2.5,0.8288,0.832,0.8389,0.8144,0.8983,5801,14.38,0.3064,0.1604,0.05,Clustering,True,WARNING
MON-002081,2025-10-11,08:00,CUSTOMER_SEGMENTATION_V1,v2.7,0.8553,0.8437,0.8433,0.8523,0.9216,688,36.87,0.6415,0.1059,1.11,Clustering,True,WARNING
MON-002082,2025-10-11,20:00,CUSTOMER_SEGMENTATION_V1,v3.9,0.7936,0.7802,0.7694,0.7734,0.8337,918,10.34,0.2521,0.1509,0.01,Clustering,True,WARNING
MON-002083,2025-10-12,08:00,CUSTOMER_SEGMENTATION_V1,v1.7,0.8212,0.8266,0.8325,0.7999,0.8587,1892,39.55,0.39,0.481,2.02,Clustering,True,WARNING
MON-002084,2025-10-12,20:00,CUSTOMER_SEGMENTATION_V1,v4.7,0.8425,0.8267,0.8318,0.8427,0.9034,55850,31.84,0.5539,0.2593,0.58,Clustering,True,WARNING
MON-002085,2025-10-13,08:00,CUSTOMER_SEGMENTATION_V1,v4.1,0.8127,0.8197,0.7836,0.8053,0.8598,821,12.97,0.1892,0.0258,0.61,Clustering,False,OK
MON-002086,2025-10-13,20:00,CUSTOMER_SEGMENTATION_V1,v2.0,0.8027,0.7941,0.8202,0.7839,0.8503,1839,17.96,0.4157,0.2658,1.91,Clustering,True,WARNING
MON-002087,2025-10-14,08:00,CUSTOMER_SEGMENTATION_V1,v4.8,0.821,0.8119,0.8285,0.7983,0.8808,2187,48.46,0.302,0.0734,6.12,Clustering,True,WARNING
MON-002088,2025-10-14,20:00,CUSTOMER_SEGMENTATION_V1,v1.5,0.8321,0.8357,0.8425,0.8053,0.8703,11815,7.19,0.2578,0.0504,0.87,Clustering,False,OK
MON-002089,2025-10-15,08:00,CUSTOMER_SEGMENTATION_V1,v4.2,0.7921,0.7797,0.8035,0.7731,0.8518,4063,20.52,0.2031,0.3919,0.57,Clustering,True,WARNING
MON-002090,2025-10-15,20:00,CUSTOMER_SEGMENTATION_V1,v1.5,0.8381,0.8554,0.8526,0.8304,0.8757,630,16.22,0.3224,0.2286,1.27,Clustering,True,WARNING
MON-002091,2025-10-16,08:00,CUSTOMER_SEGMENTATION_V1,v1.4,0.8131,0.812,0.8206,0.7755,0.8501,2006,15.44,0.3738,0.0694,1.52,Clustering,True,WARNING
MON-002092,2025-10-16,20:00,CUSTOMER_SEGMENTATION_V1,v3.0,0.804,0.8038,0.7817,0.7986,0.8631,1828,5.88,0.3762,0.0984,2.47,Clustering,True,WARNING
MON-002093,2025-10-17,08:00,CUSTOMER_SEGMENTATION_V1,v4.6,0.7866,0.793,0.7703,0.7778,0.8435,656,19.33,0.25,0.1497,0.06,Clustering,True,WARNING
MON-002094,2025-10-17,20:00,CUSTOMER_SEGMENTATION_V1,v2.6,0.8042,0.8149,0.8193,0.778,0.8324,3008,7.65,0.3058,0.1814,1.73,Clustering,True,WARNING
MON-002095,2025-10-18,08:00,CUSTOMER_SEGMENTATION_V1,v2.7,0.8051,0.7999,0.8137,0.7896,0.864,3899,22.81,0.689,0.2337,1.52,Clustering,True,WARNING
MON-002096,2025-10-18,20:00,CUSTOMER_SEGMENTATION_V1,v3.8,0.7934,0.8003,0.7914,0.7725,0.8627,8674,23.78,0.2249,0.2,4.6,Clustering,True,WARNING
MON-002097,2025-10-19,08:00,CUSTOMER_SEGMENTATION_V1,v3.5,0.8267,0.8342,0.8015,0.8013,0.8778,4929,43.04,0.1254,0.3237,2.83,Clustering,False,OK
MON-002098,2025-10-19,20:00,CUSTOMER_SEGMENTATION_V1,v2.9,0.8202,0.8348,0.8076,0.8066,0.883,915,40.39,0.0944,0.3866,2.05,Clustering,False,OK
MON-002099,2025-10-20,08:00,CUSTOMER_SEGMENTATION_V1,v4.2,0.8368,0.8321,0.8322,0.8254,0.8846,2519,19.59,0.4142,0.1872,0.48,Clustering,True,WARNING
MON-002100,2025-10-20,20:00,CUSTOMER_SEGMENTATION_V1,v3.0,0.8315,0.839,0.8202,0.8224,0.8923,17271,32.54,0.1286,0.0935,0.31,Clustering,False,OK
MON-002101,2025-10-21,08:00,CUSTOMER_SEGMENTATION_V1,v1.5,0.8044,0.8101,0.7887,0.7708,0.828,4415,35.31,0.4113,0.3012,2.6,Clustering,True,WARNING
MON-002102,2025-10-21,20:00,CUSTOMER_SEGMENTATION_V1,v1.1,0.8109,0.8151,0.8159,0.7903,0.8547,4759,21.36,0.1825,0.3258,0.01,Clustering,False,OK
MON-002103,2025-10-22,08:00,CUSTOMER_SEGMENTATION_V1,v1.8,0.8022,0.7801,0.8243,0.7923,0.8807,1292,16.39,0.5845,0.0511,3.55,Clustering,True,WARNING
MON-002104,2025-10-22,20:00,CUSTOMER_SEGMENTATION_V1,v4.2,0.7852,0.7978,0.7948,0.779,0.8502,1612,43.57,0.0998,0.0474,2.45,Clustering,True,WARNING
MON-002105,2025-10-23,08:00,CUSTOMER_SEGMENTATION_V1,v2.3,0.8248,0.8352,0.8177,0.8108,0.8717,1295,21.94,0.2539,0.2728,0.63,Clustering,False,OK
MON-002106,2025-10-23,20:00,CUSTOMER_SEGMENTATION_V1,v2.2,0.8204,0.827,0.8194,0.8146,0.8702,3079,7.65,0.281,0.4715,0.25,Clustering,False,OK
MON-002107,2025-10-24,08:00,CUSTOMER_SEGMENTATION_V1,v1.7,0.8049,0.7988,0.8141,0.7907,0.8438,3520,24.03,0.1049,0.2124,0.21,Clustering,False,OK
MON-002108,2025-10-24,20:00,CUSTOMER_SEGMENTATION_V1,v1.5,0.8332,0.8497,0.8242,0.8217,0.8833,3391,13.78,0.5313,0.1125,0.55,Clustering,True,WARNING
MON-002109,2025-10-25,08:00,CUSTOMER_SEGMENTATION_V1,v1.1,0.8103,0.8097,0.8135,0.7859,0.8431,8870,65.56,0.1421,0.2466,0.62,Clustering,False,OK
MON-002110,2025-10-25,20:00,CUSTOMER_SEGMENTATION_V1,v4.9,0.8417,0.8466,0.8364,0.832,0.8971,3590,12.9,0.3611,0.0664,1.64,Clustering,True,WARNING
MON-002111,2025-10-26,08:00,CUSTOMER_SEGMENTATION_V1,v4.6,0.8139,0.8025,0.8083,0.7849,0.8584,402,16.35,0.1309,0.3288,0.55,Clustering,False,OK
MON-002112,2025-10-26,20:00,CUSTOMER_SEGMENTATION_V1,v4.7,0.7911,0.788,0.7673,0.7653,0.8481,1912,32.98,0.447,0.3112,1.19,Clustering,True,WARNING
MON-002113,2025-10-27,08:00,CUSTOMER_SEGMENTATION_V1,v2.5,0.8474,0.8481,0.8481,0.823,0.8918,2628,88.16,0.4856,0.1453,0.19,Clustering,True,WARNING
MON-002114,2025-10-27,20:00,CUSTOMER_SEGMENTATION_V1,v2.1,0.8243,0.8155,0.8304,0.8242,0.868,1743,18.63,0.027,0.229,3.45,Clustering,False,OK
MON-002115,2025-10-28,08:00,CUSTOMER_SEGMENTATION_V1,v3.5,0.798,0.7914,0.8107,0.7786,0.8572,2402,12.34,0.3531,0.1717,2.0,Clustering,True,WARNING
MON-002116,2025-10-28,20:00,CUSTOMER_SEGMENTATION_V1,v2.6,0.8089,0.8143,0.7828,0.7971,0.8545,1536,12.49,0.6609,0.3262,2.86,Clustering,True,WARNING
MON-002117,2025-10-29,08:00,CUSTOMER_SEGMENTATION_V1,v3.7,0.8003,0.8108,0.8146,0.7898,0.8466,10468,8.66,0.4736,0.0665,1.09,Clustering,True,WARNING
MON-002118,2025-10-29,20:00,CUSTOMER_SEGMENTATION_V1,v1.2,0.8367,0.8222,0.8476,0.8252,0.9019,780,22.0,0.5866,0.3458,0.32,Clustering,True,WARNING
MON-002119,2025-10-30,08:00,CUSTOMER_SEGMENTATION_V1,v3.6,0.7753,0.7982,0.7973,0.7498,0.8402,786,24.06,0.3534,0.4052,2.06,Clustering,True,WARNING
MON-002120,2025-10-30,20:00,CUSTOMER_SEGMENTATION_V1,v2.3,0.8224,0.8138,0.817,0.8096,0.881,638,10.03,0.1318,0.1429,0.96,Clustering,False,OK
MON-002121,2025-10-31,08:00,CUSTOMER_SEGMENTATION_V1,v3.1,0.7825,0.7722,0.7835,0.7574,0.8328,6465,17.23,0.37,0.2593,2.64,Clustering,True,WARNING
MON-002122,2025-10-31,20:00,CUSTOMER_SEGMENTATION_V1,v3.7,0.7791,0.7944,0.7638,0.7475,0.854,644,16.89,0.3202,0.0672,5.3,Clustering,True,WARNING
MON-002123,2025-11-01,08:00,CUSTOMER_SEGMENTATION_V1,v1.8,0.825,0.8319,0.8241,0.8252,0.8889,5144,14.14,0.3627,0.2133,0.66,Clustering,True,WARNING
MON-002124,2025-11-01,20:00,CUSTOMER_SEGMENTATION_V1,v3.0,0.7926,0.8023,0.7879,0.7743,0.8362,2605,27.42,0.2135,0.2336,0.62,Clustering,True,WARNING
MON-002125,2025-11-02,08:00,CUSTOMER_SEGMENTATION_V1,v1.8,0.8307,0.8223,0.833,0.8122,0.8882,2281,15.1,0.5036,0.5611,0.89,Clustering,True,WARNING
MON-002126,2025-11-02,20:00,CUSTOMER_SEGMENTATION_V1,v1.5,0.8361,0.8406,0.8354,0.8298,0.8764,4438,42.07,0.4432,0.1437,1.38,Clustering,True,WARNING
MON-002127,2025-11-03,08:00,CUSTOMER_SEGMENTATION_V1,v1.2,0.8078,0.8334,0.82,0.7999,0.8624,16525,8.58,0.5285,0.2352,5.83,Clustering,True,WARNING
MON-002128,2025-11-03,20:00,CUSTOMER_SEGMENTATION_V1,v1.8,0.8265,0.818,0.8235,0.8044,0.8748,878,18.68,0.3233,0.1436,2.07,Clustering,True,WARNING
MON-002129,2025-11-04,08:00,CUSTOMER_SEGMENTATION_V1,v1.0,0.8462,0.8535,0.8653,0.8328,0.8908,1456,7.52,0.3367,0.4191,4.63,Clustering,True,WARNING
MON-002130,2025-11-04,20:00,CUSTOMER_SEGMENTATION_V1,v3.6,0.7976,0.7898,0.7606,0.7874,0.8523,615,26.73,0.604,0.0604,1.94,Clustering,True,WARNING
MON-002131,2025-11-05,08:00,CUSTOMER_SEGMENTATION_V1,v3.0,0.8339,0.8235,0.8533,0.8052,0.8754,3615,17.72,0.1218,0.1236,1.3,Clustering,False,OK
MON-002132,2025-11-05,20:00,CUSTOMER_SEGMENTATION_V1,v3.1,0.8011,0.7987,0.7805,0.7786,0.8487,1791,17.94,0.191,0.0685,4.89,Clustering,False,OK
MON-002133,2025-11-06,08:00,CUSTOMER_SEGMENTATION_V1,v2.3,0.8167,0.8164,0.8291,0.798,0.8715,989,15.14,0.2167,0.1908,1.57,Clustering,False,OK
MON-002134,2025-11-06,20:00,CUSTOMER_SEGMENTATION_V1,v4.2,0.8042,0.8025,0.8143,0.7893,0.8552,1874,34.57,0.5918,0.4231,0.77,Clustering,True,WARNING
MON-002135,2025-11-07,08:00,CUSTOMER_SEGMENTATION_V1,v2.5,0.8049,0.8042,0.7888,0.8026,0.8532,1068,34.23,0.2506,0.3735,0.74,Clustering,False,OK
MON-002136,2025-11-07,20:00,CUSTOMER_SEGMENTATION_V1,v1.2,0.8094,0.8315,0.8278,0.7875,0.8564,6669,24.34,0.1186,0.0954,0.12,Clustering,False,OK
MON-002137,2025-11-08,08:00,CUSTOMER_SEGMENTATION_V1,v3.9,0.8046,0.8217,0.7869,0.8039,0.852,410,16.24,0.0974,0.2155,2.86,Clustering,False,OK
MON-002138,2025-11-08,20:00,CUSTOMER_SEGMENTATION_V1,v2.7,0.814,0.8157,0.7942,0.8033,0.88,12417,22.13,0.1957,0.1434,1.18,Clustering,False,OK
MON-002139,2025-11-09,08:00,CUSTOMER_SEGMENTATION_V1,v2.8,0.84,0.8409,0.8332,0.8084,0.9004,11678,23.12,0.1383,0.1491,1.42,Clustering,False,OK
MON-002140,2025-11-09,20:00,CUSTOMER_SEGMENTATION_V1,v2.7,0.789,0.8035,0.783,0.7774,0.8224,1265,17.89,0.2721,0.1119,1.99,Clustering,True,WARNING
MON-002141,2025-11-10,08:00,CUSTOMER_SEGMENTATION_V1,v1.9,0.8251,0.8325,0.816,0.8238,0.865,4001,67.22,0.3112,0.0156,1.18,Clustering,True,WARNING
MON-002142,2025-11-10,20:00,CUSTOMER_SEGMENTATION_V1,v1.8,0.795,0.7976,0.796,0.7781,0.8328,33259,14.11,0.5966,0.4526,1.41,Clustering,True,WARNING
MON-002143,2025-11-11,08:00,CUSTOMER_SEGMENTATION_V1,v1.4,0.7962,0.8186,0.8017,0.774,0.8418,3764,19.97,0.2931,0.2049,2.33,Clustering,True,WARNING
MON-002144,2025-11-11,20:00,CUSTOMER_SEGMENTATION_V1,v3.1,0.7794,0.7708,0.7782,0.7592,0.8418,1082,16.07,0.1678,0.3449,0.81,Clustering,True,WARNING
MON-002145,2025-11-12,08:00,CUSTOMER_SEGMENTATION_V1,v3.2,0.838,0.8379,0.8206,0.8271,0.88,7628,49.44,0.2886,0.1798,2.08,Clustering,False,OK
MON-002146,2025-11-12,20:00,CUSTOMER_SEGMENTATION_V1,v2.1,0.8116,0.8103,0.7989,0.7829,0.8663,5299,14.38,0.2364,0.1255,1.84,Clustering,False,OK
MON-002147,2025-11-13,08:00,CUSTOMER_SEGMENTATION_V1,v4.3,0.7985,0.8032,0.8301,0.8008,0.8596,1038,32.12,0.088,0.3619,0.3,Clustering,True,WARNING
MON-002148,2025-11-13,20:00,CUSTOMER_SEGMENTATION_V1,v2.9,0.819,0.8085,0.8033,0.8146,0.8474,1214,13.01,0.4242,0.2715,6.8,Clustering,True,WARNING
MON-002149,2025-11-14,08:00,CUSTOMER_SEGMENTATION_V1,v3.7,0.8094,0.8142,0.7943,0.8011,0.8541,2403,21.3,0.206,0.2295,0.47,Clustering,False,OK
MON-002150,2025-11-14,20:00,CUSTOMER_SEGMENTATION_V1,v4.7,0.8384,0.8357,0.8152,0.8114,0.8725,15472,56.47,0.2619,0.0941,1.12,Clustering,False,OK
MON-002151,2025-11-15,08:00,CUSTOMER_SEGMENTATION_V1,v1.8,0.796,0.8064,0.8106,0.7956,0.8397,952,9.6,0.2462,0.0221,0.86,Clustering,True,WARNING
MON-002152,2025-11-15,20:00,CUSTOMER_SEGMENTATION_V1,v1.5,0.8136,0.8104,0.828,0.8109,0.8684,2172,12.63,0.3579,0.1335,0.02,Clustering,True,WARNING
MON-002153,2025-11-16,08:00,CUSTOMER_SEGMENTATION_V1,v2.5,0.8334,0.8277,0.8393,0.8322,0.8662,15773,67.55,0.5435,0.1154,2.47,Clustering,True,WARNING
MON-002154,2025-11-16,20:00,CUSTOMER_SEGMENTATION_V1,v2.3,0.795,0.8019,0.8143,0.7836,0.8451,1835,34.96,0.6257,0.1347,3.25,Clustering,True,WARNING
MON-002155,2025-11-17,08:00,CUSTOMER_SEGMENTATION_V1,v4.3,0.8071,0.8082,0.7963,0.7926,0.8395,8591,7.74,0.234,0.0593,0.01,Clustering,False,OK
MON-002156,2025-11-17,20:00,CUSTOMER_SEGMENTATION_V1,v4.0,0.7908,0.7882,0.7734,0.7791,0.8281,2590,15.25,0.3483,0.0601,4.53,Clustering,True,WARNING
MON-002157,2025-11-18,08:00,CUSTOMER_SEGMENTATION_V1,v3.0,0.7989,0.797,0.8031,0.7892,0.8609,14246,16.77,0.0547,0.2846,4.13,Clustering,True,WARNING
MON-002158,2025-11-18,20:00,CUSTOMER_SEGMENTATION_V1,v4.9,0.7852,0.7804,0.7923,0.7837,0.8422,8455,28.83,0.1913,0.1751,1.36,Clustering,True,WARNING
MON-002159,2025-11-19,08:00,CUSTOMER_SEGMENTATION_V1,v1.8,0.7951,0.8157,0.7979,0.7674,0.8323,3527,27.92,0.4656,0.1824,1.03,Clustering,True,WARNING
MON-002160,2025-11-19,20:00,CUSTOMER_SEGMENTATION_V1,v1.5,0.7901,0.7956,0.7854,0.7781,0.8401,2736,23.1,0.3226,0.2045,0.21,Clustering,True,WARNING
MON-002161,2025-11-20,08:00,CUSTOMER_SEGMENTATION_V1,v4.8,0.8029,0.8106,0.8183,0.7934,0.8506,1199,10.51,0.0349,0.2978,0.22,Clustering,False,OK
MON-002162,2025-11-20,20:00,CUSTOMER_SEGMENTATION_V1,v2.4,0.7566,0.7618,0.7559,0.7533,0.8093,525,40.82,0.2428,0.2423,0.72,Clustering,True,WARNING
MON-002163,2025-11-21,08:00,CUSTOMER_SEGMENTATION_V1,v3.2,0.8218,0.8246,0.8256,0.8041,0.8806,2924,29.74,0.2204,0.0849,0.92,Clustering,False,OK
MON-002164,2025-11-21,20:00,CUSTOMER_SEGMENTATION_V1,v4.3,0.8421,0.8379,0.8417,0.8278,0.9174,4606,16.04,0.3532,0.075,0.53,Clustering,True,WARNING
MON-002165,2025-11-22,08:00,CUSTOMER_SEGMENTATION_V1,v3.6,0.8084,0.8015,0.801,0.7928,0.855,6645,72.66,0.1472,0.1257,1.87,Clustering,False,OK
MON-002166,2025-11-22,20:00,CUSTOMER_SEGMENTATION_V1,v4.6,0.7982,0.794,0.7823,0.7869,0.8682,28343,17.49,0.232,0.1367,0.51,Clustering,True,WARNING
MON-002167,2025-11-23,08:00,CUSTOMER_SEGMENTATION_V1,v4.1,0.8136,0.8202,0.8199,0.7935,0.8549,760,30.49,0.0379,0.2917,0.0,Clustering,False,OK
MON-002168,2025-11-23,20:00,CUSTOMER_SEGMENTATION_V1,v4.0,0.804,0.7997,0.7715,0.796,0.8528,2589,65.99,0.7084,0.1948,6.31,Clustering,True,WARNING
MON-002169,2025-11-24,08:00,CUSTOMER_SEGMENTATION_V1,v4.1,0.8243,0.8373,0.8148,0.8134,0.8695,4766,20.16,0.0918,0.1539,1.41,Clustering,False,OK
MON-002170,2025-11-24,20:00,CUSTOMER_SEGMENTATION_V1,v3.8,0.786,0.803,0.7785,0.7578,0.8317,1091,15.03,0.4894,0.1058,0.25,Clustering,True,WARNING
MON-002171,2025-11-25,08:00,CUSTOMER_SEGMENTATION_V1,v4.9,0.8146,0.7973,0.7964,0.7886,0.867,5259,29.43,0.2861,0.1045,0.2,Clustering,False,OK
MON-002172,2025-11-25,20:00,CUSTOMER_SEGMENTATION_V1,v4.4,0.8461,0.8622,0.8418,0.8291,0.9038,4024,21.3,0.3384,0.2179,0.81,Clustering,True,WARNING
MON-002173,2025-11-26,08:00,CUSTOMER_SEGMENTATION_V1,v4.4,0.7976,0.7865,0.8043,0.8136,0.8512,2031,39.02,0.3824,0.2123,2.29,Clustering,True,WARNING
MON-002174,2025-11-26,20:00,CUSTOMER_SEGMENTATION_V1,v1.8,0.8072,0.8046,0.8091,0.79,0.865,656,30.17,0.4657,0.2453,0.6,Clustering,True,WARNING
MON-002175,2025-11-27,08:00,CUSTOMER_SEGMENTATION_V1,v1.3,0.7815,0.783,0.7729,0.7575,0.8384,2790,33.29,0.1993,0.0835,1.17,Clustering,True,WARNING
MON-002176,2025-11-27,20:00,CUSTOMER_SEGMENTATION_V1,v1.4,0.8382,0.8173,0.8475,0.8161,0.8915,4592,13.11,0.576,0.3088,3.97,Clustering,True,WARNING
MON-002177,2025-11-28,08:00,CUSTOMER_SEGMENTATION_V1,v2.5,0.814,0.8072,0.818,0.8043,0.8629,491,32.44,0.1309,0.3785,9.5,Clustering,False,OK
MON-002178,2025-11-28,20:00,CUSTOMER_SEGMENTATION_V1,v1.8,0.8056,0.8073,0.7884,0.8068,0.8495,2111,11.1,0.4924,0.0614,1.13,Clustering,True,WARNING
MON-002179,2025-11-29,08:00,CUSTOMER_SEGMENTATION_V1,v1.0,0.8169,0.8047,0.8053,0.7958,0.8623,2139,27.82,0.1717,0.0842,2.27,Clustering,False,OK
MON-002180,2025-11-29,20:00,CUSTOMER_SEGMENTATION_V1,v3.6,0.8145,0.8019,0.7933,0.8017,0.8781,7444,27.94,0.1778,0.2848,6.14,Clustering,False,OK
MON-002181,2025-11-30,08:00,CUSTOMER_SEGMENTATION_V1,v2.5,0.8019,0.8205,0.7967,0.7821,0.8468,972,6.43,0.1885,0.0849,1.8,Clustering,False,OK
MON-002182,2025-11-30,20:00,CUSTOMER_SEGMENTATION_V1,v1.6,0.7878,0.7892,0.7778,0.7798,0.8437,4808,36.04,0.056,0.1805,0.17,Clustering,True,WARNING
MON-002183,2025-12-01,08:00,CUSTOMER_SEGMENTATION_V1,v2.8,0.819,0.8291,0.8155,0.7989,0.8842,5613,19.06,0.3244,0.1061,0.17,Clustering,True,WARNING
MON-002184,2025-12-01,20:00,CUSTOMER_SEGMENTATION_V1,v3.0,0.8162,0.8355,0.8452,0.809,0.8715,3529,15.03,0.4056,0.193,1.77,Clustering,True,WARNING
MON-002185,2025-12-02,08:00,CUSTOMER_SEGMENTATION_V1,v2.1,0.8081,0.8162,0.7836,0.7676,0.8607,7256,19.24,0.0248,0.334,2.84,Clustering,False,OK
MON-002186,2025-12-02,20:00,CUSTOMER_SEGMENTATION_V1,v4.2,0.8097,0.8047,0.7813,0.8012,0.8772,22724,9.98,0.3388,0.2415,0.85,Clustering,True,WARNING
MON-002187,2025-12-03,08:00,CUSTOMER_SEGMENTATION_V1,v2.5,0.8374,0.8315,0.8599,0.8195,0.8891,7732,46.11,0.3449,0.1291,0.88,Clustering,True,WARNING
MON-002188,2025-12-03,20:00,CUSTOMER_SEGMENTATION_V1,v1.3,0.8216,0.827,0.8295,0.8115,0.8678,1902,29.74,0.3832,0.2261,0.15,Clustering,True,WARNING
MON-002189,2025-12-04,08:00,CUSTOMER_SEGMENTATION_V1,v4.3,0.7893,0.7962,0.8039,0.7737,0.8559,5381,57.3,0.3119,0.1823,1.07,Clustering,True,WARNING
MON-002190,2025-12-04,20:00,CUSTOMER_SEGMENTATION_V1,v1.0,0.8416,0.8442,0.8364,0.8133,0.8879,9506,18.4,0.3024,0.0253,3.76,Clustering,True,WARNING
MON-002191,2025-12-05,08:00,CUSTOMER_SEGMENTATION_V1,v4.3,0.8294,0.8371,0.8397,0.8149,0.8802,1378,16.96,0.5581,0.07,3.2,Clustering,True,WARNING
MON-002192,2025-12-05,20:00,CUSTOMER_SEGMENTATION_V1,v1.4,0.8279,0.8268,0.826,0.8194,0.873,5507,32.68,0.137,0.3102,0.69,Clustering,False,OK
MON-002193,2025-12-06,08:00,CUSTOMER_SEGMENTATION_V1,v1.3,0.7999,0.8,0.8129,0.7865,0.8288,3766,34.55,0.0909,0.4087,2.62,Clustering,True,WARNING
MON-002194,2025-12-06,20:00,CUSTOMER_SEGMENTATION_V1,v3.2,0.8328,0.8286,0.8481,0.802,0.8669,5353,38.25,0.2182,0.0509,1.07,Clustering,False,OK
MON-002195,2025-12-07,08:00,CUSTOMER_SEGMENTATION_V1,v4.3,0.8193,0.8107,0.8332,0.8051,0.8587,748,35.06,0.1741,0.081,0.91,Clustering,False,OK
MON-002196,2025-12-07,20:00,CUSTOMER_SEGMENTATION_V1,v3.6,0.7925,0.7836,0.7826,0.7817,0.843,2578,49.93,0.1854,0.0632,0.48,Clustering,True,WARNING
MON-002197,2025-12-08,08:00,CUSTOMER_SEGMENTATION_V1,v1.2,0.8214,0.8178,0.8228,0.801,0.8731,1579,30.12,0.0456,0.2324,0.24,Clustering,False,OK
MON-002198,2025-12-08,20:00,CUSTOMER_SEGMENTATION_V1,v2.9,0.8347,0.8421,0.8203,0.7886,0.8882,3975,26.78,0.2586,0.0812,1.89,Clustering,False,OK
MON-002199,2025-12-09,08:00,CUSTOMER_SEGMENTATION_V1,v2.9,0.827,0.8274,0.8353,0.8057,0.8703,6220,45.15,0.0367,0.0682,5.01,Clustering,False,OK
MON-002200,2025-12-09,20:00,CUSTOMER_SEGMENTATION_V1,v3.6,0.7796,0.7754,0.7847,0.7517,0.8222,494,11.42,0.4638,0.3622,1.37,Clustering,True,WARNING
MON-002201,2025-12-10,08:00,CUSTOMER_SEGMENTATION_V1,v3.3,0.8236,0.821,0.7997,0.8062,0.9051,4330,30.29,0.2147,0.206,2.26,Clustering,False,OK
MON-002202,2025-12-10,20:00,CUSTOMER_SEGMENTATION_V1,v3.6,0.8083,0.7902,0.8152,0.7799,0.8515,13265,13.42,0.3954,0.1949,4.51,Clustering,True,WARNING
MON-002203,2025-12-11,08:00,CUSTOMER_SEGMENTATION_V1,v1.6,0.7779,0.7726,0.7844,0.7497,0.8324,13568,23.57,0.3384,0.3046,0.28,Clustering,True,WARNING
MON-002204,2025-12-11,20:00,CUSTOMER_SEGMENTATION_V1,v4.6,0.8286,0.8362,0.8371,0.8196,0.8896,14596,25.36,0.0523,0.2571,2.84,Clustering,False,OK
MON-002205,2025-12-12,08:00,CUSTOMER_SEGMENTATION_V1,v3.3,0.8292,0.8177,0.8299,0.8142,0.8838,6936,11.51,0.5118,0.2482,0.26,Clustering,True,WARNING
MON-002206,2025-12-12,20:00,CUSTOMER_SEGMENTATION_V1,v4.4,0.8149,0.7993,0.8234,0.8034,0.8624,11167,19.82,0.421,0.4184,3.09,Clustering,True,WARNING
MON-002207,2025-12-13,08:00,CUSTOMER_SEGMENTATION_V1,v1.6,0.7951,0.7829,0.7998,0.7736,0.8338,2053,22.2,0.3304,0.3018,3.8,Clustering,True,WARNING
MON-002208,2025-12-13,20:00,CUSTOMER_SEGMENTATION_V1,v1.7,0.8434,0.8384,0.83,0.8218,0.8818,2856,22.62,0.1717,0.1639,6.5,Clustering,False,OK
MON-002209,2025-12-14,08:00,CUSTOMER_SEGMENTATION_V1,v2.3,0.8264,0.8258,0.8359,0.8037,0.8722,657,30.07,0.1614,0.1538,3.11,Clustering,False,OK
MON-002210,2025-12-14,20:00,CUSTOMER_SEGMENTATION_V1,v1.1,0.8276,0.8299,0.8133,0.806,0.8762,1810,25.21,0.3755,0.0497,0.49,Clustering,True,WARNING
MON-002211,2025-12-15,08:00,CUSTOMER_SEGMENTATION_V1,v1.2,0.8339,0.8409,0.8179,0.8127,0.8835,7301,22.82,0.4713,0.0869,3.5,Clustering,True,WARNING
MON-002212,2025-12-15,20:00,CUSTOMER_SEGMENTATION_V1,v4.1,0.8397,0.8372,0.8429,0.8132,0.8825,5137,20.26,0.3072,0.1982,0.1,Clustering,True,WARNING
MON-002213,2025-12-16,08:00,CUSTOMER_SEGMENTATION_V1,v2.8,0.8219,0.8292,0.7819,0.7985,0.8671,229,17.19,0.4626,0.2732,1.25,Clustering,True,WARNING
MON-002214,2025-12-16,20:00,CUSTOMER_SEGMENTATION_V1,v3.2,0.7926,0.7807,0.7826,0.7787,0.8565,3298,23.48,0.3309,0.2556,3.49,Clustering,True,WARNING
MON-002215,2025-12-17,08:00,CUSTOMER_SEGMENTATION_V1,v3.6,0.8017,0.8137,0.797,0.7758,0.8414,1879,11.18,0.4041,0.3782,0.15,Clustering,True,WARNING
MON-002216,2025-12-17,20:00,CUSTOMER_SEGMENTATION_V1,v3.8,0.805,0.8086,0.8249,0.7921,0.8481,2305,16.88,0.5021,0.0574,0.55,Clustering,True,WARNING
MON-002217,2025-12-18,08:00,CUSTOMER_SEGMENTATION_V1,v3.4,0.8397,0.8196,0.8364,0.8075,0.8766,13000,20.14,0.1007,0.1219,1.12,Clustering,False,OK
MON-002218,2025-12-18,20:00,CUSTOMER_SEGMENTATION_V1,v3.1,0.8196,0.8207,0.8485,0.8062,0.8982,1031,9.29,0.2068,0.2745,1.4,Clustering,False,OK
MON-002219,2025-12-19,08:00,CUSTOMER_SEGMENTATION_V1,v1.6,0.8016,0.8248,0.7793,0.7849,0.8321,1187,28.81,0.3091,0.1195,0.96,Clustering,True,WARNING
MON-002220,2025-12-19,20:00,CUSTOMER_SEGMENTATION_V1,v2.1,0.8113,0.8318,0.8184,0.7983,0.8578,17208,17.78,0.7579,0.368,0.02,Clustering,True,WARNING
MON-002221,2025-12-20,08:00,CUSTOMER_SEGMENTATION_V1,v4.3,0.8418,0.8416,0.8515,0.8281,0.91,2500,19.03,0.2637,0.0799,0.31,Clustering,False,OK
MON-002222,2025-12-20,20:00,CUSTOMER_SEGMENTATION_V1,v2.8,0.8276,0.8335,0.8138,0.801,0.8914,8327,21.91,0.1527,0.2949,0.28,Clustering,False,OK
MON-002223,2025-12-21,08:00,CUSTOMER_SEGMENTATION_V1,v1.7,0.8361,0.825,0.8348,0.82,0.8895,3559,11.38,0.4915,0.0388,7.43,Clustering,True,WARNING
MON-002224,2025-12-21,20:00,CUSTOMER_SEGMENTATION_V1,v4.1,0.7929,0.7802,0.7914,0.766,0.8478,3300,21.08,0.0407,0.2008,3.3,Clustering,True,WARNING
MON-002225,2025-12-22,08:00,CUSTOMER_SEGMENTATION_V1,v1.3,0.8111,0.8092,0.8274,0.7908,0.8502,1244,15.62,0.2991,0.0953,0.86,Clustering,False,OK
MON-002226,2025-12-22,20:00,CUSTOMER_SEGMENTATION_V1,v1.6,0.8024,0.7975,0.7808,0.7956,0.8371,9201,30.82,0.1164,0.0417,2.21,Clustering,False,OK
MON-002227,2025-12-23,08:00,CUSTOMER_SEGMENTATION_V1,v2.1,0.8452,0.8467,0.8734,0.8187,0.8887,6631,28.86,0.0741,0.1707,0.03,Clustering,False,OK
MON-002228,2025-12-23,20:00,CUSTOMER_SEGMENTATION_V1,v1.3,0.8124,0.8187,0.7839,0.7956,0.8572,1989,13.19,0.1664,0.0847,6.28,Clustering,False,OK
MON-002229,2025-12-24,08:00,CUSTOMER_SEGMENTATION_V1,v4.9,0.8037,0.8096,0.8101,0.7797,0.8589,3007,19.23,0.1013,0.0823,7.02,Clustering,False,OK
MON-002230,2025-12-24,20:00,CUSTOMER_SEGMENTATION_V1,v3.7,0.775,0.7852,0.7619,0.7625,0.8241,5568,11.05,0.2468,0.0702,0.21,Clustering,True,WARNING
MON-002231,2025-12-25,08:00,CUSTOMER_SEGMENTATION_V1,v2.7,0.8434,0.8484,0.8505,0.8355,0.91,1301,13.6,0.2124,0.0861,3.44,Clustering,False,OK
MON-002232,2025-12-25,20:00,CUSTOMER_SEGMENTATION_V1,v1.8,0.8443,0.8556,0.8344,0.8228,0.8969,563,21.86,0.0705,0.1443,3.45,Clustering,False,OK
MON-002233,2025-12-26,08:00,CUSTOMER_SEGMENTATION_V1,v2.3,0.7741,0.7844,0.7943,0.7607,0.8078,3351,30.18,0.3217,0.1411,1.35,Clustering,True,WARNING
MON-002234,2025-12-26,20:00,CUSTOMER_SEGMENTATION_V1,v3.0,0.8193,0.8174,0.8209,0.8008,0.855,1393,17.67,0.02,0.3082,2.9,Clustering,False,OK
MON-002235,2025-12-27,08:00,CUSTOMER_SEGMENTATION_V1,v1.2,0.834,0.8135,0.8277,0.8078,0.8802,7222,16.67,0.3269,0.2368,0.58,Clustering,True,WARNING
MON-002236,2025-12-27,20:00,CUSTOMER_SEGMENTATION_V1,v3.4,0.8246,0.8124,0.8078,0.8116,0.8675,2255,29.11,0.0628,0.23,1.26,Clustering,False,OK
MON-002237,2025-12-28,08:00,CUSTOMER_SEGMENTATION_V1,v2.5,0.8063,0.8122,0.8121,0.795,0.8562,801,24.98,0.3705,0.171,1.09,Clustering,True,WARNING
MON-002238,2025-12-28,20:00,CUSTOMER_SEGMENTATION_V1,v4.3,0.7961,0.7978,0.8029,0.7705,0.854,3602,9.8,0.1109,0.0149,0.24,Clustering,True,WARNING
MON-002239,2025-12-29,08:00,CUSTOMER_SEGMENTATION_V1,v1.6,0.8384,0.8588,0.8329,0.8301,0.8944,856,18.18,0.2425,0.3478,7.22,Clustering,False,OK
MON-002240,2025-12-29,20:00,CUSTOMER_SEGMENTATION_V1,v4.2,0.8304,0.8147,0.8309,0.8263,0.8695,4703,17.27,0.2804,0.1067,0.03,Clustering,False,OK
MON-002241,2025-12-30,08:00,CUSTOMER_SEGMENTATION_V1,v3.8,0.8277,0.8367,0.832,0.8025,0.8896,362,15.98,0.0763,0.1387,0.38,Clustering,False,OK
MON-002242,2025-12-30,20:00,CUSTOMER_SEGMENTATION_V1,v1.3,0.8384,0.8382,0.848,0.8351,0.885,3053,15.47,0.2191,0.3113,1.33,Clustering,False,OK
MON-002243,2025-12-31,08:00,CUSTOMER_SEGMENTATION_V1,v2.3,0.8587,0.8506,0.8437,0.8415,0.9092,4459,26.57,0.1108,0.175,0.59,Clustering,False,OK
MON-002244,2025-12-31,20:00,CUSTOMER_SEGMENTATION_V1,v3.7,0.8084,0.8261,0.8015,0.7916,0.8494,897,10.74,0.3101,0.2726,3.0,Clustering,True,WARNING
MON-002245,2026-01-01,08:00,CUSTOMER_SEGMENTATION_V1,v1.7,0.8084,0.7975,0.8176,0.8086,0.8626,10611,35.4,0.3364,0.0757,3.71,Clustering,True,WARNING
MON-002246,2026-01-01,20:00,CUSTOMER_SEGMENTATION_V1,v1.3,0.8068,0.8102,0.8052,0.7989,0.8603,635,19.72,0.3896,0.0603,0.85,Clustering,True,WARNING
MON-002247,2026-01-02,08:00,CUSTOMER_SEGMENTATION_V1,v3.8,0.7964,0.8089,0.7683,0.7744,0.8612,4048,20.0,0.4815,0.2489,10.98,Clustering,True,WARNING
MON-002248,2026-01-02,20:00,CUSTOMER_SEGMENTATION_V1,v2.2,0.8388,0.8304,0.8627,0.817,0.8824,610,47.82,0.7547,0.4358,0.08,Clustering,True,WARNING
MON-002249,2026-01-03,08:00,CUSTOMER_SEGMENTATION_V1,v3.0,0.8417,0.8234,0.8544,0.8281,0.8927,1014,31.34,0.1563,0.5395,0.84,Clustering,False,OK
MON-002250,2026-01-03,20:00,CUSTOMER_SEGMENTATION_V1,v1.1,0.8362,0.8423,0.8099,0.8225,0.8899,4137,15.52,0.283,0.0478,0.29,Clustering,False,OK
MON-002251,2026-01-04,08:00,CUSTOMER_SEGMENTATION_V1,v4.8,0.8482,0.8596,0.8383,0.8308,0.9012,4821,22.59,0.3704,0.3487,2.89,Clustering,True,WARNING
MON-002252,2026-01-04,20:00,CUSTOMER_SEGMENTATION_V1,v1.9,0.8168,0.8118,0.8404,0.7936,0.8798,3464,15.29,0.3379,0.1112,0.5,Clustering,True,WARNING
MON-002253,2026-01-05,08:00,CUSTOMER_SEGMENTATION_V1,v2.5,0.8223,0.8065,0.8291,0.8005,0.8645,6248,20.96,0.449,0.1185,0.19,Clustering,True,WARNING
MON-002254,2026-01-05,20:00,CUSTOMER_SEGMENTATION_V1,v3.0,0.8278,0.8303,0.8062,0.811,0.8826,843,12.17,0.3063,0.0721,1.41,Clustering,True,WARNING
MON-002255,2026-01-06,08:00,CUSTOMER_SEGMENTATION_V1,v2.1,0.8064,0.8034,0.777,0.7747,0.862,648,17.96,0.2157,0.1858,0.64,Clustering,False,OK
MON-002256,2026-01-06,20:00,CUSTOMER_SEGMENTATION_V1,v2.0,0.7934,0.7747,0.7669,0.7824,0.8397,5654,23.84,0.2999,0.2905,0.33,Clustering,True,WARNING
MON-002257,2026-01-07,08:00,CUSTOMER_SEGMENTATION_V1,v4.0,0.8176,0.8234,0.8103,0.8038,0.87,519,17.92,0.2586,0.1321,6.24,Clustering,False,OK
MON-002258,2026-01-07,20:00,CUSTOMER_SEGMENTATION_V1,v1.6,0.8054,0.7982,0.8154,0.7801,0.8573,885,14.88,0.3142,0.1999,1.34,Clustering,True,WARNING
MON-002259,2026-01-08,08:00,CUSTOMER_SEGMENTATION_V1,v1.3,0.8581,0.8642,0.8351,0.8457,0.9126,2636,48.78,0.0068,0.1671,1.18,Clustering,False,OK
MON-002260,2026-01-08,20:00,CUSTOMER_SEGMENTATION_V1,v1.9,0.7849,0.8079,0.7934,0.7524,0.8317,4015,18.43,0.3999,0.0226,1.77,Clustering,True,WARNING
MON-002261,2026-01-09,08:00,CUSTOMER_SEGMENTATION_V1,v1.0,0.8135,0.8132,0.8003,0.8008,0.8556,3965,13.17,0.3237,0.2771,0.99,Clustering,True,WARNING
MON-002262,2026-01-09,20:00,CUSTOMER_SEGMENTATION_V1,v4.9,0.8204,0.8213,0.7926,0.8128,0.8721,784,18.3,0.1554,0.1091,5.95,Clustering,False,OK
MON-002263,2026-01-10,08:00,CUSTOMER_SEGMENTATION_V1,v4.4,0.798,0.7992,0.7928,0.7859,0.8549,3048,20.23,0.1438,0.3411,2.43,Clustering,True,WARNING
MON-002264,2026-01-10,20:00,CUSTOMER_SEGMENTATION_V1,v4.7,0.8054,0.8044,0.8351,0.7952,0.8458,1021,27.2,0.6566,0.1264,10.44,Clustering,True,WARNING
MON-002265,2026-01-11,08:00,CUSTOMER_SEGMENTATION_V1,v2.7,0.8158,0.8042,0.836,0.806,0.8745,4281,22.08,0.3593,0.1489,4.24,Clustering,True,WARNING
MON-002266,2026-01-11,20:00,CUSTOMER_SEGMENTATION_V1,v3.5,0.7914,0.7945,0.7839,0.7794,0.8432,3472,19.6,0.5871,0.1417,1.17,Clustering,True,WARNING
MON-002267,2026-01-12,08:00,CUSTOMER_SEGMENTATION_V1,v4.7,0.8227,0.8171,0.8259,0.8058,0.8714,7120,22.63,0.157,0.1672,1.24,Clustering,False,OK
MON-002268,2026-01-12,20:00,CUSTOMER_SEGMENTATION_V1,v2.7,0.8461,0.8416,0.8374,0.8261,0.8955,2357,60.35,0.1795,0.1332,1.74,Clustering,False,OK
MON-002269,2026-01-13,08:00,CUSTOMER_SEGMENTATION_V1,v3.3,0.807,0.7996,0.7774,0.8021,0.8455,1869,13.47,0.0648,0.3746,1.94,Clustering,False,OK
MON-002270,2026-01-13,20:00,CUSTOMER_SEGMENTATION_V1,v2.4,0.8299,0.8344,0.8208,0.8192,0.8819,16787,13.21,0.5577,0.2476,3.83,Clustering,True,WARNING
MON-002271,2026-01-14,08:00,CUSTOMER_SEGMENTATION_V1,v2.6,0.8487,0.8409,0.8583,0.8433,0.8966,470,38.67,0.0934,0.3961,1.07,Clustering,False,OK
MON-002272,2026-01-14,20:00,CUSTOMER_SEGMENTATION_V1,v3.2,0.8346,0.8385,0.817,0.8277,0.8873,18991,14.02,0.0166,0.2334,0.48,Clustering,False,OK
MON-002273,2026-01-15,08:00,CUSTOMER_SEGMENTATION_V1,v3.0,0.7999,0.8049,0.816,0.7725,0.8485,2392,15.69,0.3112,0.3748,0.15,Clustering,True,WARNING
MON-002274,2026-01-15,20:00,CUSTOMER_SEGMENTATION_V1,v4.4,0.7837,0.7843,0.8004,0.7615,0.8286,750,25.87,0.1548,0.4787,1.58,Clustering,True,WARNING
MON-002275,2026-01-16,08:00,CUSTOMER_SEGMENTATION_V1,v2.0,0.8082,0.7942,0.8015,0.774,0.847,1611,15.33,0.1645,0.338,3.38,Clustering,False,OK
MON-002276,2026-01-16,20:00,CUSTOMER_SEGMENTATION_V1,v4.6,0.8156,0.8096,0.8173,0.784,0.8483,6703,33.34,0.4908,0.222,0.16,Clustering,True,WARNING
MON-002277,2026-01-17,08:00,CUSTOMER_SEGMENTATION_V1,v2.6,0.773,0.7722,0.7926,0.7399,0.8193,6493,15.15,0.4245,0.2163,2.49,Clustering,True,WARNING
MON-002278,2026-01-17,20:00,CUSTOMER_SEGMENTATION_V1,v2.5,0.815,0.8018,0.8204,0.7765,0.84,23179,15.23,0.0079,0.0586,2.69,Clustering,False,OK
MON-002279,2026-01-18,08:00,CUSTOMER_SEGMENTATION_V1,v2.6,0.7979,0.801,0.8198,0.7796,0.8336,3514,43.75,0.2293,0.1248,0.29,Clustering,True,WARNING
MON-002280,2026-01-18,20:00,CUSTOMER_SEGMENTATION_V1,v4.6,0.812,0.8264,0.7857,0.8073,0.8705,3947,18.05,0.5742,0.5644,1.08,Clustering,True,WARNING
MON-002281,2026-01-19,08:00,CUSTOMER_SEGMENTATION_V1,v4.7,0.8081,0.8132,0.7994,0.7954,0.8492,7248,10.94,0.4807,0.2024,1.78,Clustering,True,WARNING
MON-002282,2026-01-19,20:00,CUSTOMER_SEGMENTATION_V1,v4.6,0.8102,0.7979,0.8053,0.8008,0.8668,405,67.68,0.3767,0.1707,2.7,Clustering,True,WARNING
MON-002283,2026-01-20,08:00,CUSTOMER_SEGMENTATION_V1,v4.5,0.8294,0.8536,0.848,0.8133,0.8849,2635,20.53,0.2267,0.3299,0.83,Clustering,False,OK
MON-002284,2026-01-20,20:00,CUSTOMER_SEGMENTATION_V1,v3.5,0.7943,0.7891,0.7943,0.7799,0.8366,3586,17.01,0.1246,0.2596,3.38,Clustering,True,WARNING
MON-002285,2026-01-21,08:00,CUSTOMER_SEGMENTATION_V1,v4.2,0.7777,0.7802,0.7666,0.7698,0.8372,652,14.4,0.3159,0.2236,3.82,Clustering,True,WARNING
MON-002286,2026-01-21,20:00,CUSTOMER_SEGMENTATION_V1,v2.3,0.8309,0.8241,0.8292,0.8127,0.8943,2593,23.21,0.5454,0.297,3.68,Clustering,True,WARNING
MON-002287,2026-01-22,08:00,CUSTOMER_SEGMENTATION_V1,v2.3,0.8272,0.8293,0.835,0.8119,0.8625,1566,22.76,0.4353,0.1158,3.43,Clustering,True,WARNING
MON-002288,2026-01-22,20:00,CUSTOMER_SEGMENTATION_V1,v2.9,0.825,0.8388,0.8203,0.8045,0.8839,2647,52.97,0.3826,0.1587,1.55,Clustering,True,WARNING
MON-002289,2026-01-23,08:00,CUSTOMER_SEGMENTATION_V1,v3.7,0.7965,0.7858,0.8091,0.7687,0.8401,15528,18.05,0.3382,0.1846,3.55,Clustering,True,WARNING
MON-002290,2026-01-23,20:00,CUSTOMER_SEGMENTATION_V1,v4.5,0.8264,0.8217,0.8282,0.8087,0.8609,23614,32.37,0.4739,0.0912,4.59,Clustering,True,WARNING
MON-002291,2026-01-24,08:00,CUSTOMER_SEGMENTATION_V1,v3.3,0.7886,0.7903,0.7841,0.7613,0.841,2651,87.81,0.4914,0.3355,0.8,Clustering,True,WARNING
MON-002292,2026-01-24,20:00,CUSTOMER_SEGMENTATION_V1,v4.2,0.8082,0.7909,0.8259,0.8006,0.8637,4912,25.49,0.2954,0.1028,2.27,Clustering,False,OK
MON-002293,2026-01-25,08:00,CUSTOMER_SEGMENTATION_V1,v4.1,0.8445,0.8528,0.8661,0.8324,0.8939,8834,22.79,0.1368,0.2562,7.95,Clustering,False,OK
MON-002294,2026-01-25,20:00,CUSTOMER_SEGMENTATION_V1,v4.4,0.7493,0.7421,0.7668,0.7489,0.8174,4403,23.53,0.1767,0.3431,0.33,Clustering,True,CRITICAL
MON-002295,2026-01-26,08:00,CUSTOMER_SEGMENTATION_V1,v4.0,0.8127,0.8132,0.8006,0.7888,0.8701,645,23.7,0.2419,0.2291,0.08,Clustering,False,OK
MON-002296,2026-01-26,20:00,CUSTOMER_SEGMENTATION_V1,v2.3,0.8112,0.8002,0.8291,0.7816,0.8606,3076,17.34,0.2591,0.2077,0.6,Clustering,False,OK
MON-002297,2026-01-27,08:00,CUSTOMER_SEGMENTATION_V1,v3.8,0.7921,0.7807,0.8071,0.7613,0.8438,1641,10.52,0.2425,0.1632,2.8,Clustering,True,WARNING
MON-002298,2026-01-27,20:00,CUSTOMER_SEGMENTATION_V1,v2.6,0.8465,0.8464,0.8293,0.845,0.9268,6733,29.67,0.3567,0.0246,5.15,Clustering,True,WARNING
MON-002299,2026-01-28,08:00,CUSTOMER_SEGMENTATION_V1,v4.2,0.8343,0.8499,0.8293,0.8137,0.889,1595,17.49,0.1582,0.065,1.37,Clustering,False,OK
MON-002300,2026-01-28,20:00,CUSTOMER_SEGMENTATION_V1,v4.0,0.83,0.8205,0.8487,0.7987,0.894,3177,17.66,0.2162,0.1804,4.96,Clustering,False,OK
MON-002301,2026-01-29,08:00,CUSTOMER_SEGMENTATION_V1,v2.6,0.8122,0.8213,0.8265,0.8006,0.8718,4007,27.96,0.1708,0.1018,1.72,Clustering,False,OK
MON-002302,2026-01-29,20:00,CUSTOMER_SEGMENTATION_V1,v2.4,0.8067,0.8199,0.7989,0.7873,0.8453,1242,17.27,0.102,0.1277,7.65,Clustering,False,OK
MON-002303,2026-01-30,08:00,CUSTOMER_SEGMENTATION_V1,v2.6,0.7988,0.8086,0.7825,0.7736,0.8383,967,39.23,0.3518,0.0228,3.79,Clustering,True,WARNING
MON-002304,2026-01-30,20:00,CUSTOMER_SEGMENTATION_V1,v2.2,0.8426,0.8409,0.8621,0.8403,0.8923,877,10.84,0.3794,0.0682,1.48,Clustering,True,WARNING
MON-002305,2026-01-31,08:00,CUSTOMER_SEGMENTATION_V1,v4.5,0.7777,0.7801,0.7862,0.7608,0.8267,15737,20.91,0.4237,0.1478,6.16,Clustering,True,WARNING
MON-002306,2026-01-31,20:00,CUSTOMER_SEGMENTATION_V1,v4.3,0.8253,0.8406,0.8258,0.8144,0.8783,5600,12.21,0.3868,0.0871,2.81,Clustering,True,WARNING
MON-002307,2026-02-01,08:00,CUSTOMER_SEGMENTATION_V1,v2.7,0.7824,0.7919,0.7704,0.771,0.845,2946,12.32,0.179,0.1579,0.76,Clustering,True,WARNING
MON-002308,2026-02-01,20:00,CUSTOMER_SEGMENTATION_V1,v3.9,0.8099,0.8101,0.8207,0.8203,0.8682,7552,16.02,0.3657,0.1568,5.02,Clustering,True,WARNING
MON-002309,2026-02-02,08:00,CUSTOMER_SEGMENTATION_V1,v1.1,0.8134,0.8017,0.7979,0.7952,0.8487,10298,26.42,0.3395,0.2495,1.11,Clustering,True,WARNING
MON-002310,2026-02-02,20:00,CUSTOMER_SEGMENTATION_V1,v1.1,0.7883,0.8067,0.7747,0.7628,0.8318,2894,26.01,0.3679,0.4392,0.34,Clustering,True,WARNING
MON-002311,2026-02-03,08:00,CUSTOMER_SEGMENTATION_V1,v1.0,0.7968,0.798,0.8028,0.7742,0.8632,4422,33.84,0.1529,0.0232,0.21,Clustering,True,WARNING
MON-002312,2026-02-03,20:00,CUSTOMER_SEGMENTATION_V1,v1.5,0.8285,0.823,0.8433,0.8216,0.8847,1503,10.41,0.3,0.2284,2.49,Clustering,False,OK
MON-002313,2026-02-04,08:00,CUSTOMER_SEGMENTATION_V1,v1.5,0.8434,0.8487,0.8456,0.829,0.8778,16395,15.61,0.1671,0.108,1.27,Clustering,False,OK
MON-002314,2026-02-04,20:00,CUSTOMER_SEGMENTATION_V1,v3.3,0.8201,0.799,0.8147,0.7991,0.8683,3114,18.94,0.3353,0.0916,1.48,Clustering,True,WARNING
MON-002315,2026-02-05,08:00,CUSTOMER_SEGMENTATION_V1,v2.3,0.8001,0.807,0.8134,0.7874,0.8311,9420,49.68,0.406,0.1984,2.01,Clustering,True,WARNING
MON-002316,2026-02-05,20:00,CUSTOMER_SEGMENTATION_V1,v3.1,0.7945,0.8005,0.7771,0.7916,0.8552,10290,8.48,0.4507,0.3105,0.38,Clustering,True,WARNING
MON-002317,2026-02-06,08:00,CUSTOMER_SEGMENTATION_V1,v3.9,0.799,0.8025,0.7847,0.7993,0.8543,3505,22.58,0.6758,0.3533,0.37,Clustering,True,WARNING
MON-002318,2026-02-06,20:00,CUSTOMER_SEGMENTATION_V1,v3.9,0.8133,0.8227,0.8296,0.8007,0.8614,9288,19.06,0.3892,0.1686,1.79,Clustering,True,WARNING
MON-002319,2026-02-07,08:00,CUSTOMER_SEGMENTATION_V1,v4.7,0.8189,0.8217,0.8012,0.8137,0.8682,813,7.2,0.3077,0.2256,3.09,Clustering,True,WARNING
MON-002320,2026-02-07,20:00,CUSTOMER_SEGMENTATION_V1,v3.2,0.8383,0.8443,0.8116,0.8076,0.8938,2004,31.91,0.3017,0.0957,3.6,Clustering,True,WARNING
MON-002321,2026-02-08,08:00,CUSTOMER_SEGMENTATION_V1,v3.4,0.8123,0.8191,0.7975,0.8021,0.8747,7067,13.17,0.6152,0.1172,0.53,Clustering,True,WARNING
MON-002322,2026-02-08,20:00,CUSTOMER_SEGMENTATION_V1,v1.8,0.8005,0.8109,0.8168,0.7827,0.8548,2071,37.46,0.1748,0.2137,2.5,Clustering,False,OK
MON-002323,2026-02-09,08:00,CUSTOMER_SEGMENTATION_V1,v2.2,0.7912,0.7879,0.8046,0.7641,0.8484,9959,13.25,0.1413,0.0389,1.55,Clustering,True,WARNING
MON-002324,2026-02-09,20:00,CUSTOMER_SEGMENTATION_V1,v2.6,0.7126,0.717,0.6907,0.6892,0.7666,4507,15.8,0.6522,0.0685,1.1,Clustering,True,CRITICAL
MON-002325,2026-02-10,08:00,CUSTOMER_SEGMENTATION_V1,v1.8,0.7807,0.7761,0.7684,0.7571,0.8445,25955,37.04,0.5322,0.0669,0.96,Clustering,True,WARNING
MON-002326,2026-02-10,20:00,CUSTOMER_SEGMENTATION_V1,v4.2,0.8016,0.8047,0.7793,0.7884,0.8697,2712,14.37,0.0756,0.2069,4.4,Clustering,False,OK
MON-002327,2026-02-11,08:00,CUSTOMER_SEGMENTATION_V1,v4.4,0.7884,0.7883,0.798,0.7618,0.8319,2981,26.72,0.2425,0.1247,5.14,Clustering,True,WARNING
MON-002328,2026-02-11,20:00,CUSTOMER_SEGMENTATION_V1,v2.1,0.8084,0.7994,0.7901,0.7992,0.8565,3987,8.06,0.483,0.2047,0.69,Clustering,True,WARNING
MON-002329,2026-02-12,08:00,CUSTOMER_SEGMENTATION_V1,v2.7,0.7342,0.7399,0.741,0.729,0.7848,6731,22.57,0.3878,0.2697,2.8,Clustering,True,CRITICAL
MON-002330,2026-02-12,20:00,CUSTOMER_SEGMENTATION_V1,v1.0,0.8212,0.8034,0.8181,0.8036,0.8643,823,25.7,0.1763,0.2822,3.8,Clustering,False,OK
MON-002331,2026-02-13,08:00,CUSTOMER_SEGMENTATION_V1,v2.6,0.8273,0.8163,0.8287,0.8087,0.8737,3037,34.32,0.1578,0.0955,0.74,Clustering,False,OK
MON-002332,2026-02-13,20:00,CUSTOMER_SEGMENTATION_V1,v4.6,0.7951,0.8022,0.7699,0.7807,0.8443,3670,21.98,0.2577,0.234,2.9,Clustering,True,WARNING
MON-002333,2026-02-14,08:00,CUSTOMER_SEGMENTATION_V1,v4.2,0.8419,0.8352,0.8553,0.8202,0.8921,2269,11.84,0.4786,0.0196,7.65,Clustering,True,WARNING
MON-002334,2026-02-14,20:00,CUSTOMER_SEGMENTATION_V1,v1.9,0.8269,0.8322,0.8501,0.8246,0.8727,3692,14.94,0.0782,0.189,0.88,Clustering,False,OK
MON-002335,2026-02-15,08:00,CUSTOMER_SEGMENTATION_V1,v3.7,0.8261,0.8491,0.8483,0.7891,0.8708,1517,8.68,0.1811,0.0225,0.57,Clustering,False,OK
MON-002336,2026-02-15,20:00,CUSTOMER_SEGMENTATION_V1,v2.7,0.836,0.8151,0.837,0.8155,0.8866,583,14.9,0.4121,0.1226,1.72,Clustering,True,WARNING
MON-002337,2026-02-16,08:00,CUSTOMER_SEGMENTATION_V1,v1.7,0.817,0.8199,0.7863,0.7853,0.859,2305,19.28,0.2902,0.2396,2.13,Clustering,False,OK
MON-002338,2026-02-16,20:00,CUSTOMER_SEGMENTATION_V1,v3.5,0.8112,0.8296,0.8057,0.8006,0.8648,499,23.49,0.2885,0.3053,0.38,Clustering,False,OK
MON-002339,2026-02-17,08:00,CUSTOMER_SEGMENTATION_V1,v1.5,0.8404,0.8429,0.8445,0.8257,0.8781,3078,10.85,0.2383,0.161,1.22,Clustering,False,OK
MON-002340,2026-02-17,20:00,CUSTOMER_SEGMENTATION_V1,v1.2,0.7967,0.7968,0.7987,0.7882,0.8465,865,31.02,0.2215,0.0667,0.57,Clustering,True,WARNING
MON-002341,2026-02-18,08:00,CUSTOMER_SEGMENTATION_V1,v2.9,0.8092,0.8052,0.786,0.7946,0.8758,7387,18.93,0.1914,0.2145,4.18,Clustering,False,OK
MON-002342,2026-02-18,20:00,CUSTOMER_SEGMENTATION_V1,v3.6,0.8366,0.8286,0.8472,0.8237,0.8841,1668,31.2,0.3174,0.0462,1.13,Clustering,True,WARNING
MON-002343,2026-02-19,08:00,CUSTOMER_SEGMENTATION_V1,v2.1,0.8092,0.7885,0.8208,0.7845,0.8681,10741,47.77,0.2606,0.4185,1.15,Clustering,False,OK
MON-002344,2026-02-19,20:00,CUSTOMER_SEGMENTATION_V1,v2.5,0.8016,0.7969,0.8132,0.787,0.8404,1839,14.69,0.1172,0.3034,1.29,Clustering,False,OK
MON-002345,2026-02-20,08:00,CUSTOMER_SEGMENTATION_V1,v3.1,0.7945,0.7951,0.7837,0.7709,0.8403,5912,21.14,0.3314,0.1948,1.56,Clustering,True,WARNING
MON-002346,2026-02-20,20:00,CUSTOMER_SEGMENTATION_V1,v3.9,0.8181,0.8196,0.7964,0.8077,0.8747,3766,12.88,0.3154,0.1131,1.0,Clustering,True,WARNING
MON-002347,2026-02-21,08:00,CUSTOMER_SEGMENTATION_V1,v4.0,0.8048,0.8141,0.7974,0.7794,0.8296,7086,15.33,0.0725,0.1632,4.9,Clustering,False,OK
MON-002348,2026-02-21,20:00,CUSTOMER_SEGMENTATION_V1,v4.2,0.8231,0.8318,0.8408,0.8016,0.8793,3145,16.11,0.3011,0.0864,4.9,Clustering,True,WARNING
MON-002349,2026-02-22,08:00,CUSTOMER_SEGMENTATION_V1,v3.4,0.8461,0.8483,0.8316,0.8284,0.8954,10924,17.38,0.4795,0.1756,1.31,Clustering,True,WARNING
MON-002350,2026-02-22,20:00,CUSTOMER_SEGMENTATION_V1,v2.8,0.8347,0.838,0.8217,0.8331,0.8813,3306,19.18,0.3288,0.1651,0.63,Clustering,True,WARNING
MON-002351,2026-02-23,08:00,CUSTOMER_SEGMENTATION_V1,v3.8,0.7668,0.7662,0.7509,0.7518,0.8313,5353,34.92,0.2604,0.3288,0.21,Clustering,True,WARNING
MON-002352,2026-02-23,20:00,CUSTOMER_SEGMENTATION_V1,v1.7,0.8276,0.82,0.8213,0.8309,0.863,1232,11.98,0.1867,0.2285,0.33,Clustering,False,OK
MON-002353,2026-02-24,08:00,CUSTOMER_SEGMENTATION_V1,v3.2,0.829,0.8384,0.8352,0.826,0.8829,6973,19.33,0.4815,0.1391,1.91,Clustering,True,WARNING
MON-002354,2026-02-24,20:00,CUSTOMER_SEGMENTATION_V1,v1.3,0.8073,0.8056,0.8174,0.7881,0.8656,18929,28.13,0.2312,0.1358,1.96,Clustering,False,OK
MON-002355,2026-02-25,08:00,CUSTOMER_SEGMENTATION_V1,v3.4,0.8381,0.8407,0.8192,0.8253,0.8808,3196,37.01,0.3776,0.3586,0.78,Clustering,True,WARNING
MON-002356,2026-02-25,20:00,CUSTOMER_SEGMENTATION_V1,v4.6,0.8191,0.8449,0.8343,0.8081,0.8486,1371,10.44,0.1465,0.2754,0.45,Clustering,False,OK
MON-002357,2026-02-26,08:00,CUSTOMER_SEGMENTATION_V1,v3.0,0.7743,0.7834,0.7916,0.73,0.8273,1042,28.02,0.1454,0.0855,2.64,Clustering,True,WARNING
MON-002358,2026-02-26,20:00,CUSTOMER_SEGMENTATION_V1,v3.7,0.816,0.8139,0.8117,0.7829,0.8743,748,13.99,0.2245,0.4518,3.57,Clustering,False,OK
MON-002359,2026-02-27,08:00,CUSTOMER_SEGMENTATION_V1,v1.5,0.7538,0.7385,0.733,0.7431,0.8186,834,23.86,0.2246,0.0776,1.7,Clustering,True,WARNING
MON-002360,2026-02-27,20:00,CUSTOMER_SEGMENTATION_V1,v1.2,0.8006,0.8117,0.8194,0.7896,0.8343,1421,19.47,0.3036,0.184,1.7,Clustering,True,WARNING
MON-002361,2026-02-28,08:00,CUSTOMER_SEGMENTATION_V1,v1.9,0.8204,0.7911,0.826,0.8054,0.8677,635,22.12,0.1905,0.2216,1.26,Clustering,False,OK
MON-002362,2026-02-28,20:00,CUSTOMER_SEGMENTATION_V1,v1.4,0.8261,0.8219,0.8547,0.7987,0.8982,4176,25.88,0.347,0.2966,8.19,Clustering,True,WARNING
MON-002363,2026-03-01,08:00,CUSTOMER_SEGMENTATION_V1,v4.3,0.8265,0.8077,0.8049,0.8336,0.879,1387,13.1,0.2298,0.2927,3.33,Clustering,False,OK
MON-002364,2026-03-01,20:00,CUSTOMER_SEGMENTATION_V1,v4.6,0.8271,0.8222,0.8314,0.8161,0.8801,6242,23.76,0.2543,0.2498,1.68,Clustering,False,OK
MON-002365,2026-03-02,08:00,CUSTOMER_SEGMENTATION_V1,v4.0,0.7899,0.7849,0.812,0.7841,0.8458,9096,28.49,0.2178,0.3311,4.63,Clustering,True,WARNING
MON-002366,2026-03-02,20:00,CUSTOMER_SEGMENTATION_V1,v3.6,0.7918,0.7933,0.7988,0.7851,0.8421,4372,16.25,0.4392,0.2861,0.2,Clustering,True,WARNING
MON-002367,2026-03-03,08:00,CUSTOMER_SEGMENTATION_V1,v3.5,0.8184,0.8163,0.7856,0.8035,0.8656,6894,11.92,0.308,0.126,0.9,Clustering,True,WARNING
MON-002368,2026-03-03,20:00,CUSTOMER_SEGMENTATION_V1,v4.6,0.7277,0.7372,0.6964,0.714,0.7757,1585,7.83,0.2726,0.2382,0.08,Clustering,True,CRITICAL
MON-002369,2026-03-04,08:00,CUSTOMER_SEGMENTATION_V1,v3.2,0.7448,0.7512,0.7718,0.7388,0.8093,627,17.69,0.0767,0.3757,0.32,Clustering,True,CRITICAL
MON-002370,2026-03-04,20:00,CUSTOMER_SEGMENTATION_V1,v3.4,0.7709,0.7792,0.7616,0.7503,0.8284,563,36.22,0.1934,0.0218,2.0,Clustering,True,WARNING
MON-002371,2026-03-05,08:00,CUSTOMER_SEGMENTATION_V1,v2.7,0.8239,0.8098,0.8311,0.817,0.8776,1924,16.46,0.1327,0.0903,1.34,Clustering,False,OK
MON-002372,2026-03-05,20:00,CUSTOMER_SEGMENTATION_V1,v3.4,0.7818,0.7805,0.7623,0.7679,0.8128,3026,21.91,0.162,0.0131,8.3,Clustering,True,WARNING
MON-002373,2026-03-06,08:00,CUSTOMER_SEGMENTATION_V1,v1.7,0.8266,0.8329,0.8181,0.8159,0.8714,2696,22.85,0.3583,0.4542,0.3,Clustering,True,WARNING
MON-002374,2026-03-06,20:00,CUSTOMER_SEGMENTATION_V1,v1.5,0.8018,0.8026,0.8161,0.7875,0.8729,3806,41.08,0.1694,0.06,1.4,Clustering,False,OK
MON-002375,2026-03-07,08:00,CUSTOMER_SEGMENTATION_V1,v1.0,0.8189,0.8131,0.8232,0.7939,0.861,7424,7.09,0.4517,0.0401,5.25,Clustering,True,WARNING
MON-002376,2026-03-07,20:00,CUSTOMER_SEGMENTATION_V1,v2.1,0.855,0.8474,0.8482,0.8362,0.9057,14509,32.19,0.2871,0.2421,1.89,Clustering,False,OK
MON-002377,2026-03-08,08:00,CUSTOMER_SEGMENTATION_V1,v2.1,0.8058,0.8243,0.8178,0.8017,0.8548,5403,20.3,0.2264,0.0791,2.68,Clustering,False,OK
MON-002378,2026-03-08,20:00,CUSTOMER_SEGMENTATION_V1,v2.5,0.7978,0.8025,0.7969,0.7881,0.8333,4226,31.92,0.4272,0.2047,1.08,Clustering,True,WARNING
MON-002379,2026-03-09,08:00,CUSTOMER_SEGMENTATION_V1,v1.2,0.8041,0.7831,0.8192,0.7989,0.8447,1974,29.18,0.496,0.2277,6.04,Clustering,True,WARNING
MON-002380,2026-03-09,20:00,CUSTOMER_SEGMENTATION_V1,v2.1,0.7828,0.7703,0.7763,0.7763,0.8169,678,15.24,0.3048,0.0654,1.75,Clustering,True,WARNING
MON-002381,2026-03-10,08:00,CUSTOMER_SEGMENTATION_V1,v1.0,0.7927,0.7718,0.7971,0.7713,0.8258,1649,41.74,0.0698,0.3492,4.87,Clustering,True,WARNING
MON-002382,2026-03-10,20:00,CUSTOMER_SEGMENTATION_V1,v1.5,0.8341,0.8202,0.8641,0.8021,0.8889,2337,47.91,0.4352,0.0955,4.13,Clustering,True,WARNING
MON-002383,2026-03-11,08:00,CUSTOMER_SEGMENTATION_V1,v1.2,0.7733,0.7615,0.7757,0.7661,0.8156,460,36.3,0.0809,0.1472,0.63,Clustering,True,WARNING
MON-002384,2026-03-11,20:00,CUSTOMER_SEGMENTATION_V1,v4.5,0.8002,0.8124,0.8106,0.7825,0.8689,1560,55.14,0.5249,0.2169,0.15,Clustering,True,WARNING
MON-002385,2026-03-12,08:00,CUSTOMER_SEGMENTATION_V1,v1.9,0.8175,0.8229,0.7913,0.8079,0.8757,9886,18.25,0.3309,0.0996,2.06,Clustering,True,WARNING
MON-002386,2026-03-12,20:00,CUSTOMER_SEGMENTATION_V1,v1.0,0.8045,0.796,0.8067,0.8022,0.8541,2804,12.97,0.2276,0.2263,4.66,Clustering,False,OK
MON-002387,2026-03-13,08:00,CUSTOMER_SEGMENTATION_V1,v2.3,0.8397,0.8318,0.8428,0.8194,0.8976,4242,28.76,0.1516,0.1136,0.83,Clustering,False,OK
MON-002388,2026-03-13,20:00,CUSTOMER_SEGMENTATION_V1,v1.2,0.8094,0.8033,0.7912,0.7857,0.8373,11327,23.44,0.2586,0.1345,2.0,Clustering,False,OK
MON-002389,2026-03-14,08:00,CUSTOMER_SEGMENTATION_V1,v1.1,0.8059,0.797,0.8018,0.7798,0.8548,3300,26.72,0.6529,0.1758,1.77,Clustering,True,WARNING
MON-002390,2026-03-14,20:00,CUSTOMER_SEGMENTATION_V1,v1.6,0.8156,0.8128,0.8113,0.7991,0.8763,3163,15.14,0.2843,0.1914,0.89,Clustering,False,OK
MON-002391,2026-03-15,08:00,CUSTOMER_SEGMENTATION_V1,v2.3,0.8181,0.8097,0.8014,0.7879,0.8548,4870,50.49,0.2874,0.017,0.55,Clustering,False,OK
MON-002392,2026-03-15,20:00,CUSTOMER_SEGMENTATION_V1,v1.1,0.8126,0.8102,0.805,0.7998,0.8696,48492,22.03,0.1717,0.0921,1.67,Clustering,False,OK
MON-002393,2026-03-16,08:00,CUSTOMER_SEGMENTATION_V1,v4.5,0.8112,0.798,0.8429,0.7989,0.8637,3011,11.3,0.4364,0.4941,1.25,Clustering,True,WARNING
MON-002394,2026-03-16,20:00,CUSTOMER_SEGMENTATION_V1,v2.7,0.7735,0.7728,0.7739,0.7619,0.8078,2648,21.92,0.6197,0.045,0.96,Clustering,True,WARNING
MON-002395,2026-03-17,08:00,CUSTOMER_SEGMENTATION_V1,v2.7,0.79,0.7922,0.7947,0.7576,0.8558,5225,26.84,0.2824,0.1724,1.33,Clustering,True,WARNING
MON-002396,2026-03-17,20:00,CUSTOMER_SEGMENTATION_V1,v2.7,0.8241,0.8138,0.8524,0.8193,0.8856,5883,12.81,0.0713,0.337,0.64,Clustering,False,OK
MON-002397,2026-03-18,08:00,CUSTOMER_SEGMENTATION_V1,v3.9,0.8327,0.8256,0.7954,0.8173,0.889,2587,26.5,0.4663,0.1784,1.81,Clustering,True,WARNING
MON-002398,2026-03-18,20:00,CUSTOMER_SEGMENTATION_V1,v1.7,0.8381,0.8362,0.8704,0.8169,0.8745,3113,21.53,0.2474,0.164,1.01,Clustering,False,OK
MON-002399,2026-03-19,08:00,CUSTOMER_SEGMENTATION_V1,v2.8,0.7836,0.7923,0.7948,0.7743,0.8251,2626,11.74,0.4713,0.3007,3.28,Clustering,True,WARNING
MON-002400,2026-03-19,20:00,CUSTOMER_SEGMENTATION_V1,v1.1,0.7958,0.8071,0.7773,0.7861,0.8446,6366,14.41,0.1552,0.0701,0.91,Clustering,True,WARNING
MON-002401,2025-09-01,08:00,RECOMMENDATION_ENGINE_V2,v2.3,0.8424,0.8414,0.8238,0.8143,0.9068,432,21.61,0.3703,0.2268,0.85,Ranking,True,WARNING
MON-002402,2025-09-01,20:00,RECOMMENDATION_ENGINE_V2,v3.2,0.8049,0.8077,0.8168,0.7883,0.8526,11504,20.58,0.2899,0.3238,2.24,Ranking,False,OK
MON-002403,2025-09-02,08:00,RECOMMENDATION_ENGINE_V2,v2.1,0.8248,0.8234,0.8364,0.8024,0.8767,3473,8.21,0.0856,0.3369,1.97,Ranking,False,OK
MON-002404,2025-09-02,20:00,RECOMMENDATION_ENGINE_V2,v1.3,0.8798,0.892,0.8863,0.8581,0.9225,336,25.33,0.239,0.2615,0.03,Ranking,False,OK
MON-002405,2025-09-03,08:00,RECOMMENDATION_ENGINE_V2,v2.5,0.8334,0.8501,0.8192,0.8219,0.901,319,22.3,0.3552,0.1206,3.89,Ranking,True,WARNING
MON-002406,2025-09-03,20:00,RECOMMENDATION_ENGINE_V2,v2.2,0.8081,0.8162,0.8116,0.7834,0.8478,2745,29.64,0.1043,0.302,0.88,Ranking,False,OK
MON-002407,2025-09-04,08:00,RECOMMENDATION_ENGINE_V2,v4.9,0.8096,0.8139,0.7999,0.7988,0.8613,410,25.93,0.171,0.3763,3.64,Ranking,False,OK
MON-002408,2025-09-04,20:00,RECOMMENDATION_ENGINE_V2,v3.9,0.8229,0.8273,0.8188,0.7974,0.886,12992,17.37,0.3059,0.0656,0.28,Ranking,True,WARNING
MON-002409,2025-09-05,08:00,RECOMMENDATION_ENGINE_V2,v4.8,0.774,0.7753,0.7592,0.7703,0.8184,27377,20.66,0.1317,0.1265,0.17,Ranking,True,WARNING
MON-002410,2025-09-05,20:00,RECOMMENDATION_ENGINE_V2,v3.3,0.8212,0.8136,0.811,0.7984,0.8685,745,67.58,0.0464,0.3265,0.96,Ranking,False,OK
MON-002411,2025-09-06,08:00,RECOMMENDATION_ENGINE_V2,v4.4,0.8068,0.8015,0.7752,0.8132,0.8478,1105,13.57,0.3858,0.1056,0.68,Ranking,True,WARNING
MON-002412,2025-09-06,20:00,RECOMMENDATION_ENGINE_V2,v3.3,0.8108,0.8133,0.8333,0.8025,0.8468,1718,16.91,0.265,0.0264,0.83,Ranking,False,OK
MON-002413,2025-09-07,08:00,RECOMMENDATION_ENGINE_V2,v1.4,0.8144,0.8093,0.8018,0.7962,0.8519,3042,13.64,0.047,0.5009,1.24,Ranking,False,OK
MON-002414,2025-09-07,20:00,RECOMMENDATION_ENGINE_V2,v3.2,0.8436,0.8301,0.8642,0.8174,0.9095,3760,11.2,0.1672,0.3421,2.12,Ranking,False,OK
MON-002415,2025-09-08,08:00,RECOMMENDATION_ENGINE_V2,v1.0,0.8174,0.8154,0.8106,0.8062,0.8515,1109,16.47,0.3206,0.0906,2.01,Ranking,True,WARNING
MON-002416,2025-09-08,20:00,RECOMMENDATION_ENGINE_V2,v1.7,0.8169,0.8009,0.808,0.8105,0.8595,11426,18.21,0.6744,0.3553,0.39,Ranking,True,WARNING
MON-002417,2025-09-09,08:00,RECOMMENDATION_ENGINE_V2,v3.0,0.8265,0.8456,0.7952,0.8161,0.863,6038,13.5,0.2686,0.05,2.21,Ranking,False,OK
MON-002418,2025-09-09,20:00,RECOMMENDATION_ENGINE_V2,v4.1,0.8137,0.808,0.8423,0.7917,0.8558,9901,72.04,0.3881,0.1037,1.27,Ranking,True,WARNING
MON-002419,2025-09-10,08:00,RECOMMENDATION_ENGINE_V2,v4.0,0.8254,0.8252,0.8412,0.8229,0.8726,2981,19.21,0.4935,0.415,0.12,Ranking,True,WARNING
MON-002420,2025-09-10,20:00,RECOMMENDATION_ENGINE_V2,v1.5,0.8099,0.8219,0.7957,0.7966,0.8615,12393,12.39,0.5333,0.0344,0.27,Ranking,True,WARNING
MON-002421,2025-09-11,08:00,RECOMMENDATION_ENGINE_V2,v3.9,0.8354,0.8601,0.8492,0.8124,0.8997,2669,31.2,0.1027,0.2589,0.06,Ranking,False,OK
MON-002422,2025-09-11,20:00,RECOMMENDATION_ENGINE_V2,v1.9,0.8377,0.8358,0.8538,0.8427,0.897,740,12.53,0.1224,0.3189,2.06,Ranking,False,OK
MON-002423,2025-09-12,08:00,RECOMMENDATION_ENGINE_V2,v3.5,0.8256,0.8176,0.8287,0.8155,0.8827,9204,18.45,0.3355,0.0886,0.54,Ranking,True,WARNING
MON-002424,2025-09-12,20:00,RECOMMENDATION_ENGINE_V2,v4.5,0.7663,0.7727,0.7689,0.7549,0.8238,1000,8.78,0.143,0.1534,0.76,Ranking,True,WARNING
MON-002425,2025-09-13,08:00,RECOMMENDATION_ENGINE_V2,v4.5,0.8156,0.8152,0.8154,0.7946,0.8484,2005,28.1,0.4183,0.5665,0.55,Ranking,True,WARNING
MON-002426,2025-09-13,20:00,RECOMMENDATION_ENGINE_V2,v4.4,0.7736,0.7722,0.7619,0.7578,0.8242,1265,27.74,0.5532,0.1073,0.79,Ranking,True,WARNING
MON-002427,2025-09-14,08:00,RECOMMENDATION_ENGINE_V2,v4.5,0.8197,0.8216,0.8137,0.7953,0.8828,11986,26.48,0.4584,0.1728,4.61,Ranking,True,WARNING
MON-002428,2025-09-14,20:00,RECOMMENDATION_ENGINE_V2,v2.3,0.8441,0.8485,0.8296,0.8291,0.9132,1862,29.04,0.2122,0.1002,0.48,Ranking,False,OK
MON-002429,2025-09-15,08:00,RECOMMENDATION_ENGINE_V2,v2.0,0.8349,0.8551,0.8504,0.8236,0.8971,4012,17.41,0.1888,0.1348,2.46,Ranking,False,OK
MON-002430,2025-09-15,20:00,RECOMMENDATION_ENGINE_V2,v3.6,0.8067,0.7933,0.8316,0.7716,0.8516,8873,29.35,0.0492,0.0867,0.55,Ranking,False,OK
MON-002431,2025-09-16,08:00,RECOMMENDATION_ENGINE_V2,v4.7,0.8088,0.8281,0.8143,0.78,0.866,1552,59.38,0.6224,0.3846,2.0,Ranking,True,WARNING
MON-002432,2025-09-16,20:00,RECOMMENDATION_ENGINE_V2,v3.6,0.7752,0.7731,0.7674,0.7508,0.8168,4471,24.37,0.1063,0.1611,0.45,Ranking,True,WARNING
MON-002433,2025-09-17,08:00,RECOMMENDATION_ENGINE_V2,v4.7,0.8123,0.8212,0.8056,0.7813,0.8762,2154,20.24,0.2932,0.112,1.2,Ranking,False,OK
MON-002434,2025-09-17,20:00,RECOMMENDATION_ENGINE_V2,v4.2,0.8079,0.8094,0.8132,0.7836,0.8487,3698,9.88,0.0773,0.0841,1.7,Ranking,False,OK
MON-002435,2025-09-18,08:00,RECOMMENDATION_ENGINE_V2,v2.6,0.7209,0.7212,0.7293,0.721,0.7607,3017,23.11,0.229,0.0418,0.6,Ranking,True,CRITICAL
MON-002436,2025-09-18,20:00,RECOMMENDATION_ENGINE_V2,v4.0,0.7923,0.7943,0.7945,0.7877,0.8538,8086,12.52,0.2024,0.2183,1.01,Ranking,True,WARNING
MON-002437,2025-09-19,08:00,RECOMMENDATION_ENGINE_V2,v2.5,0.788,0.78,0.7772,0.7661,0.8381,2652,20.16,0.5063,0.0461,2.66,Ranking,True,WARNING
MON-002438,2025-09-19,20:00,RECOMMENDATION_ENGINE_V2,v4.2,0.8549,0.8709,0.8724,0.8432,0.9124,2939,12.6,0.1392,0.3903,6.54,Ranking,False,OK
MON-002439,2025-09-20,08:00,RECOMMENDATION_ENGINE_V2,v4.5,0.8143,0.8199,0.8162,0.7867,0.8727,18657,12.23,0.1846,0.1896,0.55,Ranking,False,OK
MON-002440,2025-09-20,20:00,RECOMMENDATION_ENGINE_V2,v1.6,0.827,0.8308,0.8339,0.8296,0.8653,747,19.13,0.2904,0.5685,0.02,Ranking,False,OK
MON-002441,2025-09-21,08:00,RECOMMENDATION_ENGINE_V2,v2.2,0.8302,0.8271,0.7986,0.8117,0.8809,5946,51.23,0.1835,0.2762,6.72,Ranking,False,OK
MON-002442,2025-09-21,20:00,RECOMMENDATION_ENGINE_V2,v2.3,0.8441,0.8302,0.8408,0.8074,0.8863,19197,14.59,0.2275,0.1248,1.17,Ranking,False,OK
MON-002443,2025-09-22,08:00,RECOMMENDATION_ENGINE_V2,v1.0,0.8434,0.8502,0.8541,0.8485,0.8738,2655,12.08,0.1788,0.1394,0.06,Ranking,False,OK
MON-002444,2025-09-22,20:00,RECOMMENDATION_ENGINE_V2,v4.7,0.8307,0.8381,0.8122,0.8111,0.8797,797,63.25,0.1532,0.1333,1.32,Ranking,False,OK
MON-002445,2025-09-23,08:00,RECOMMENDATION_ENGINE_V2,v2.4,0.7814,0.7873,0.7552,0.7857,0.8245,1615,15.39,0.4145,0.1,0.2,Ranking,True,WARNING
MON-002446,2025-09-23,20:00,RECOMMENDATION_ENGINE_V2,v3.3,0.8308,0.8318,0.8478,0.8232,0.8868,2287,18.52,0.2919,0.0885,3.87,Ranking,False,OK
MON-002447,2025-09-24,08:00,RECOMMENDATION_ENGINE_V2,v1.7,0.8038,0.8016,0.8057,0.7906,0.8651,13344,19.01,0.0922,0.2966,4.77,Ranking,False,OK
MON-002448,2025-09-24,20:00,RECOMMENDATION_ENGINE_V2,v4.2,0.7865,0.7989,0.7895,0.7528,0.8292,633,26.02,0.0517,0.1071,1.8,Ranking,True,WARNING
MON-002449,2025-09-25,08:00,RECOMMENDATION_ENGINE_V2,v3.8,0.8043,0.809,0.8103,0.7893,0.8431,4554,12.08,0.4259,0.1436,2.62,Ranking,True,WARNING
MON-002450,2025-09-25,20:00,RECOMMENDATION_ENGINE_V2,v3.3,0.8148,0.8176,0.8187,0.7832,0.8641,688,17.92,0.2199,0.1083,3.57,Ranking,False,OK
MON-002451,2025-09-26,08:00,RECOMMENDATION_ENGINE_V2,v2.7,0.7604,0.7458,0.7157,0.7419,0.8134,1768,24.53,0.0888,0.2854,0.66,Ranking,True,WARNING
MON-002452,2025-09-26,20:00,RECOMMENDATION_ENGINE_V2,v4.6,0.8197,0.8014,0.8136,0.8049,0.8749,9698,20.36,0.4013,0.1238,3.08,Ranking,True,WARNING
MON-002453,2025-09-27,08:00,RECOMMENDATION_ENGINE_V2,v4.2,0.8344,0.8577,0.8323,0.8307,0.9048,5449,13.23,0.3008,0.1369,3.67,Ranking,True,WARNING
MON-002454,2025-09-27,20:00,RECOMMENDATION_ENGINE_V2,v4.0,0.8134,0.8217,0.8158,0.7912,0.8751,4408,11.56,0.4601,0.3011,0.68,Ranking,True,WARNING
MON-002455,2025-09-28,08:00,RECOMMENDATION_ENGINE_V2,v3.1,0.79,0.803,0.7904,0.7953,0.8399,8159,26.02,0.2111,0.2197,1.02,Ranking,True,WARNING
MON-002456,2025-09-28,20:00,RECOMMENDATION_ENGINE_V2,v1.5,0.8238,0.8076,0.8174,0.7923,0.8973,2970,16.67,0.4548,0.1428,1.55,Ranking,True,WARNING
MON-002457,2025-09-29,08:00,RECOMMENDATION_ENGINE_V2,v4.9,0.8111,0.821,0.8243,0.7869,0.8697,3492,38.69,0.3829,0.0589,0.32,Ranking,True,WARNING
MON-002458,2025-09-29,20:00,RECOMMENDATION_ENGINE_V2,v3.2,0.8464,0.8436,0.8422,0.8312,0.9062,2658,19.1,0.3365,0.4286,3.56,Ranking,True,WARNING
MON-002459,2025-09-30,08:00,RECOMMENDATION_ENGINE_V2,v2.8,0.6682,0.6693,0.671,0.632,0.7382,4653,25.17,0.6583,0.0589,0.34,Ranking,True,CRITICAL
MON-002460,2025-09-30,20:00,RECOMMENDATION_ENGINE_V2,v4.3,0.7601,0.7655,0.784,0.7333,0.8146,4447,27.58,0.2365,0.2923,7.74,Ranking,True,WARNING
MON-002461,2025-10-01,08:00,RECOMMENDATION_ENGINE_V2,v4.7,0.8096,0.8114,0.788,0.7979,0.8615,15012,24.99,0.2754,0.1713,4.78,Ranking,False,OK
MON-002462,2025-10-01,20:00,RECOMMENDATION_ENGINE_V2,v1.4,0.8023,0.8041,0.7683,0.7954,0.8556,641,13.52,0.5108,0.0661,2.15,Ranking,True,WARNING
MON-002463,2025-10-02,08:00,RECOMMENDATION_ENGINE_V2,v2.5,0.8169,0.8081,0.8221,0.791,0.8666,2619,30.79,0.2893,0.069,2.7,Ranking,False,OK
MON-002464,2025-10-02,20:00,RECOMMENDATION_ENGINE_V2,v3.9,0.7617,0.7678,0.7705,0.7413,0.8067,2429,29.54,0.6639,0.0938,1.35,Ranking,True,WARNING
MON-002465,2025-10-03,08:00,RECOMMENDATION_ENGINE_V2,v4.9,0.8419,0.833,0.8745,0.83,0.88,11161,14.74,0.0815,0.2307,0.13,Ranking,False,OK
MON-002466,2025-10-03,20:00,RECOMMENDATION_ENGINE_V2,v1.9,0.8067,0.7984,0.8071,0.7736,0.868,1213,15.98,0.4197,0.1547,0.09,Ranking,True,WARNING
MON-002467,2025-10-04,08:00,RECOMMENDATION_ENGINE_V2,v2.8,0.8205,0.8215,0.8178,0.8023,0.8823,2193,22.48,0.7085,0.2118,2.73,Ranking,True,WARNING
MON-002468,2025-10-04,20:00,RECOMMENDATION_ENGINE_V2,v3.5,0.6997,0.6871,0.6918,0.6834,0.7446,3082,26.85,0.3534,0.2688,3.37,Ranking,True,CRITICAL
MON-002469,2025-10-05,08:00,RECOMMENDATION_ENGINE_V2,v3.2,0.8607,0.8725,0.877,0.8608,0.9113,4750,16.39,0.3658,0.2277,0.16,Ranking,True,WARNING
MON-002470,2025-10-05,20:00,RECOMMENDATION_ENGINE_V2,v3.9,0.8335,0.8453,0.8412,0.8221,0.8774,2502,22.67,0.3464,0.1699,3.58,Ranking,True,WARNING
MON-002471,2025-10-06,08:00,RECOMMENDATION_ENGINE_V2,v4.1,0.829,0.8248,0.8414,0.8126,0.8847,1719,14.39,0.4002,0.2512,1.18,Ranking,True,WARNING
MON-002472,2025-10-06,20:00,RECOMMENDATION_ENGINE_V2,v1.7,0.7952,0.7927,0.7994,0.7869,0.851,1526,18.79,0.2424,0.2889,2.11,Ranking,True,WARNING
MON-002473,2025-10-07,08:00,RECOMMENDATION_ENGINE_V2,v3.6,0.8386,0.839,0.8515,0.824,0.8852,997,18.69,0.3028,0.3571,2.67,Ranking,True,WARNING
MON-002474,2025-10-07,20:00,RECOMMENDATION_ENGINE_V2,v2.3,0.8316,0.8119,0.8527,0.8058,0.8791,1201,58.59,0.0841,0.1665,0.69,Ranking,False,OK
MON-002475,2025-10-08,08:00,RECOMMENDATION_ENGINE_V2,v3.3,0.8241,0.8094,0.8331,0.8147,0.872,2068,31.61,0.1177,0.2199,0.24,Ranking,False,OK
MON-002476,2025-10-08,20:00,RECOMMENDATION_ENGINE_V2,v3.7,0.8093,0.8165,0.8012,0.8015,0.8534,1425,19.02,0.3476,0.2474,1.5,Ranking,True,WARNING
MON-002477,2025-10-09,08:00,RECOMMENDATION_ENGINE_V2,v3.8,0.7903,0.7942,0.7758,0.7713,0.844,21462,21.4,0.5118,0.0725,0.4,Ranking,True,WARNING
MON-002478,2025-10-09,20:00,RECOMMENDATION_ENGINE_V2,v3.9,0.8102,0.8065,0.8125,0.7959,0.8387,4647,15.67,0.1352,0.1055,1.95,Ranking,False,OK
MON-002479,2025-10-10,08:00,RECOMMENDATION_ENGINE_V2,v3.3,0.7955,0.7912,0.8182,0.7988,0.8463,1067,17.64,0.6434,0.1102,3.64,Ranking,True,WARNING
MON-002480,2025-10-10,20:00,RECOMMENDATION_ENGINE_V2,v2.5,0.8189,0.826,0.822,0.8046,0.8864,4605,20.81,0.4518,0.1883,1.21,Ranking,True,WARNING
MON-002481,2025-10-11,08:00,RECOMMENDATION_ENGINE_V2,v2.9,0.7892,0.7704,0.7643,0.7714,0.846,624,15.64,0.4395,0.2253,5.29,Ranking,True,WARNING
MON-002482,2025-10-11,20:00,RECOMMENDATION_ENGINE_V2,v2.3,0.7969,0.8157,0.8235,0.7711,0.8373,10544,24.71,0.2643,0.0295,0.16,Ranking,True,WARNING
MON-002483,2025-10-12,08:00,RECOMMENDATION_ENGINE_V2,v4.9,0.7695,0.7788,0.7765,0.7453,0.8103,1864,24.97,0.066,0.0458,0.85,Ranking,True,WARNING
MON-002484,2025-10-12,20:00,RECOMMENDATION_ENGINE_V2,v4.0,0.8218,0.8178,0.8205,0.8063,0.8666,8939,66.06,0.3532,0.2743,6.68,Ranking,True,WARNING
MON-002485,2025-10-13,08:00,RECOMMENDATION_ENGINE_V2,v3.8,0.8198,0.8237,0.8173,0.7973,0.8634,3183,6.44,0.3806,0.4311,2.84,Ranking,True,WARNING
MON-002486,2025-10-13,20:00,RECOMMENDATION_ENGINE_V2,v1.6,0.801,0.8148,0.7665,0.7909,0.8579,3918,17.42,0.4829,0.0415,0.94,Ranking,True,WARNING
MON-002487,2025-10-14,08:00,RECOMMENDATION_ENGINE_V2,v2.9,0.7623,0.7519,0.7499,0.743,0.8045,3368,13.83,0.2827,0.411,2.21,Ranking,True,WARNING
MON-002488,2025-10-14,20:00,RECOMMENDATION_ENGINE_V2,v3.1,0.7774,0.7902,0.7647,0.7899,0.834,182,5.55,0.146,0.228,0.39,Ranking,True,WARNING
MON-002489,2025-10-15,08:00,RECOMMENDATION_ENGINE_V2,v4.7,0.8131,0.813,0.8225,0.7991,0.8616,5071,24.12,0.5065,0.151,0.81,Ranking,True,WARNING
MON-002490,2025-10-15,20:00,RECOMMENDATION_ENGINE_V2,v3.1,0.8311,0.8379,0.8279,0.799,0.8843,1145,18.45,0.1993,0.1858,1.6,Ranking,False,OK
MON-002491,2025-10-16,08:00,RECOMMENDATION_ENGINE_V2,v4.6,0.7913,0.8,0.8076,0.7773,0.8479,3034,28.75,0.2724,0.0356,3.15,Ranking,True,WARNING
MON-002492,2025-10-16,20:00,RECOMMENDATION_ENGINE_V2,v2.4,0.8353,0.8369,0.8029,0.8149,0.8901,5176,29.88,0.3366,0.3356,3.05,Ranking,True,WARNING
MON-002493,2025-10-17,08:00,RECOMMENDATION_ENGINE_V2,v2.5,0.8446,0.8556,0.8785,0.8348,0.9114,12252,12.77,0.6051,0.1452,6.08,Ranking,True,WARNING
MON-002494,2025-10-17,20:00,RECOMMENDATION_ENGINE_V2,v1.7,0.8201,0.8159,0.8388,0.8038,0.8838,8900,16.34,0.1118,0.0581,0.14,Ranking,False,OK
MON-002495,2025-10-18,08:00,RECOMMENDATION_ENGINE_V2,v2.3,0.8319,0.8316,0.8383,0.8193,0.8741,1031,38.7,0.3696,0.0745,1.23,Ranking,True,WARNING
MON-002496,2025-10-18,20:00,RECOMMENDATION_ENGINE_V2,v1.5,0.7885,0.7808,0.7833,0.7993,0.8603,775,7.8,0.1537,0.1908,2.65,Ranking,True,WARNING
MON-002497,2025-10-19,08:00,RECOMMENDATION_ENGINE_V2,v3.9,0.7754,0.7685,0.7872,0.7578,0.8272,3435,16.13,0.1715,0.245,1.73,Ranking,True,WARNING
MON-002498,2025-10-19,20:00,RECOMMENDATION_ENGINE_V2,v4.8,0.8482,0.8501,0.8495,0.8384,0.9023,5245,20.08,0.4177,0.0672,2.52,Ranking,True,WARNING
MON-002499,2025-10-20,08:00,RECOMMENDATION_ENGINE_V2,v2.4,0.7912,0.7996,0.7882,0.7862,0.8507,6090,14.64,0.2691,0.2659,1.12,Ranking,True,WARNING
MON-002500,2025-10-20,20:00,RECOMMENDATION_ENGINE_V2,v3.7,0.834,0.8211,0.8452,0.8204,0.8744,7259,17.11,0.0876,0.0235,4.97,Ranking,False,OK
MON-002501,2025-10-21,08:00,RECOMMENDATION_ENGINE_V2,v3.9,0.8193,0.8232,0.8323,0.7871,0.8869,1774,39.08,0.4788,0.0575,2.16,Ranking,True,WARNING
MON-002502,2025-10-21,20:00,RECOMMENDATION_ENGINE_V2,v2.3,0.8461,0.8578,0.8514,0.8368,0.8995,3385,33.55,0.1849,0.3189,0.06,Ranking,False,OK
MON-002503,2025-10-22,08:00,RECOMMENDATION_ENGINE_V2,v1.4,0.8264,0.8396,0.8192,0.7904,0.8906,867,10.43,0.6907,0.2232,1.3,Ranking,True,WARNING
MON-002504,2025-10-22,20:00,RECOMMENDATION_ENGINE_V2,v1.3,0.7874,0.7863,0.7856,0.7884,0.8372,10877,30.96,0.3611,0.3468,1.43,Ranking,True,WARNING
MON-002505,2025-10-23,08:00,RECOMMENDATION_ENGINE_V2,v3.3,0.8039,0.7934,0.7837,0.7751,0.8458,9666,21.78,0.5641,0.2157,3.08,Ranking,True,WARNING
MON-002506,2025-10-23,20:00,RECOMMENDATION_ENGINE_V2,v4.6,0.8249,0.8316,0.8038,0.8276,0.8819,2687,29.48,0.2099,0.3916,0.22,Ranking,False,OK
MON-002507,2025-10-24,08:00,RECOMMENDATION_ENGINE_V2,v1.4,0.7999,0.8043,0.7908,0.7847,0.8412,1421,37.17,0.0537,0.1392,0.98,Ranking,True,WARNING
MON-002508,2025-10-24,20:00,RECOMMENDATION_ENGINE_V2,v3.3,0.8317,0.8317,0.8463,0.8237,0.8784,1003,24.28,0.3679,0.1329,2.26,Ranking,True,WARNING
MON-002509,2025-10-25,08:00,RECOMMENDATION_ENGINE_V2,v2.4,0.8127,0.8099,0.8145,0.8015,0.8381,3782,47.98,0.5197,0.1273,3.2,Ranking,True,WARNING
MON-002510,2025-10-25,20:00,RECOMMENDATION_ENGINE_V2,v1.0,0.8321,0.8355,0.8464,0.825,0.8971,1025,40.71,0.2379,0.3581,5.58,Ranking,False,OK
MON-002511,2025-10-26,08:00,RECOMMENDATION_ENGINE_V2,v4.1,0.8333,0.8376,0.8527,0.7974,0.8795,5936,42.59,0.2692,0.1713,0.2,Ranking,False,OK
MON-002512,2025-10-26,20:00,RECOMMENDATION_ENGINE_V2,v3.7,0.817,0.8129,0.8224,0.7943,0.8651,3191,18.37,0.1424,0.1095,0.73,Ranking,False,OK
MON-002513,2025-10-27,08:00,RECOMMENDATION_ENGINE_V2,v2.7,0.808,0.8059,0.7925,0.7959,0.8597,2263,22.54,0.079,0.0666,2.63,Ranking,False,OK
MON-002514,2025-10-27,20:00,RECOMMENDATION_ENGINE_V2,v4.8,0.6655,0.6516,0.6777,0.6527,0.7222,6543,19.3,0.6095,0.1292,1.99,Ranking,True,CRITICAL
MON-002515,2025-10-28,08:00,RECOMMENDATION_ENGINE_V2,v2.9,0.7878,0.7909,0.7708,0.7681,0.8263,488,14.18,0.0723,0.29,1.39,Ranking,True,WARNING
MON-002516,2025-10-28,20:00,RECOMMENDATION_ENGINE_V2,v4.5,0.8451,0.8492,0.8371,0.8301,0.8819,4635,34.27,0.253,0.4058,8.48,Ranking,False,OK
MON-002517,2025-10-29,08:00,RECOMMENDATION_ENGINE_V2,v1.4,0.8123,0.8,0.8326,0.7939,0.8746,2915,27.63,0.2565,0.1412,0.74,Ranking,False,OK
MON-002518,2025-10-29,20:00,RECOMMENDATION_ENGINE_V2,v4.4,0.8057,0.8046,0.8056,0.8112,0.8516,2380,15.1,0.2495,0.2994,0.52,Ranking,False,OK
MON-002519,2025-10-30,08:00,RECOMMENDATION_ENGINE_V2,v2.9,0.806,0.8007,0.8129,0.803,0.8605,6071,24.0,0.3509,0.2463,2.11,Ranking,True,WARNING
MON-002520,2025-10-30,20:00,RECOMMENDATION_ENGINE_V2,v4.4,0.8096,0.821,0.779,0.8079,0.8559,11228,10.31,0.3177,0.161,4.36,Ranking,True,WARNING
MON-002521,2025-10-31,08:00,RECOMMENDATION_ENGINE_V2,v2.9,0.8008,0.7881,0.7961,0.8025,0.8584,3690,5.17,0.2944,0.1466,4.78,Ranking,False,OK
MON-002522,2025-10-31,20:00,RECOMMENDATION_ENGINE_V2,v2.5,0.7992,0.8104,0.8034,0.788,0.8453,4867,23.1,0.1559,0.0776,1.52,Ranking,True,WARNING
MON-002523,2025-11-01,08:00,RECOMMENDATION_ENGINE_V2,v1.1,0.7833,0.796,0.7847,0.7585,0.8364,1938,47.54,0.4592,0.139,0.04,Ranking,True,WARNING
MON-002524,2025-11-01,20:00,RECOMMENDATION_ENGINE_V2,v1.5,0.8115,0.7872,0.8233,0.7925,0.8678,1537,14.65,0.6525,0.3347,3.72,Ranking,True,WARNING
MON-002525,2025-11-02,08:00,RECOMMENDATION_ENGINE_V2,v4.5,0.8367,0.8431,0.8272,0.8234,0.8895,3905,17.94,0.3098,0.3492,3.34,Ranking,True,WARNING
MON-002526,2025-11-02,20:00,RECOMMENDATION_ENGINE_V2,v2.5,0.7961,0.8012,0.8133,0.7817,0.8506,2114,13.08,0.1026,0.1657,1.37,Ranking,True,WARNING
MON-002527,2025-11-03,08:00,RECOMMENDATION_ENGINE_V2,v4.8,0.8216,0.8063,0.8146,0.7921,0.8713,2081,19.67,0.1276,0.358,0.32,Ranking,False,OK
MON-002528,2025-11-03,20:00,RECOMMENDATION_ENGINE_V2,v1.6,0.822,0.8188,0.8223,0.8091,0.8582,13551,16.59,0.3264,0.3195,0.14,Ranking,True,WARNING
MON-002529,2025-11-04,08:00,RECOMMENDATION_ENGINE_V2,v3.6,0.8185,0.8142,0.8037,0.7912,0.853,10923,19.68,0.5174,0.1095,4.82,Ranking,True,WARNING
MON-002530,2025-11-04,20:00,RECOMMENDATION_ENGINE_V2,v2.5,0.848,0.8385,0.8563,0.85,0.886,860,11.99,0.3205,0.1649,0.68,Ranking,True,WARNING
MON-002531,2025-11-05,08:00,RECOMMENDATION_ENGINE_V2,v1.4,0.8225,0.8161,0.8111,0.8137,0.8655,7758,17.84,0.1302,0.3243,3.9,Ranking,False,OK
MON-002532,2025-11-05,20:00,RECOMMENDATION_ENGINE_V2,v3.9,0.8118,0.8203,0.8157,0.7937,0.8713,6282,13.13,0.4855,0.4282,6.66,Ranking,True,WARNING
MON-002533,2025-11-06,08:00,RECOMMENDATION_ENGINE_V2,v1.8,0.8171,0.818,0.8294,0.8014,0.8468,3637,6.9,0.2886,0.0278,1.11,Ranking,False,OK
MON-002534,2025-11-06,20:00,RECOMMENDATION_ENGINE_V2,v1.2,0.8273,0.8214,0.8412,0.8277,0.882,8859,28.85,0.5924,0.1207,3.18,Ranking,True,WARNING
MON-002535,2025-11-07,08:00,RECOMMENDATION_ENGINE_V2,v4.1,0.8452,0.8337,0.8845,0.8136,0.8888,14121,22.88,0.132,0.1206,0.2,Ranking,False,OK
MON-002536,2025-11-07,20:00,RECOMMENDATION_ENGINE_V2,v1.2,0.8056,0.814,0.8057,0.7848,0.8605,6432,20.51,0.1078,0.3175,1.86,Ranking,False,OK
MON-002537,2025-11-08,08:00,RECOMMENDATION_ENGINE_V2,v2.1,0.814,0.8309,0.8093,0.8029,0.8796,2066,24.47,0.6131,0.1749,1.63,Ranking,True,WARNING
MON-002538,2025-11-08,20:00,RECOMMENDATION_ENGINE_V2,v2.3,0.8716,0.8694,0.8621,0.834,0.9235,1941,9.22,0.3562,0.4778,0.93,Ranking,True,WARNING
MON-002539,2025-11-09,08:00,RECOMMENDATION_ENGINE_V2,v1.5,0.8094,0.8084,0.8186,0.7918,0.8684,1768,39.93,0.7038,0.1421,4.21,Ranking,True,WARNING
MON-002540,2025-11-09,20:00,RECOMMENDATION_ENGINE_V2,v3.5,0.8085,0.834,0.8066,0.788,0.8518,4350,18.85,0.441,0.1786,0.41,Ranking,True,WARNING
MON-002541,2025-11-10,08:00,RECOMMENDATION_ENGINE_V2,v1.6,0.7935,0.8019,0.7808,0.8018,0.8376,10371,33.97,0.3538,0.1971,2.45,Ranking,True,WARNING
MON-002542,2025-11-10,20:00,RECOMMENDATION_ENGINE_V2,v3.1,0.812,0.823,0.7988,0.7944,0.8734,855,9.93,0.7023,0.337,7.56,Ranking,True,WARNING
MON-002543,2025-11-11,08:00,RECOMMENDATION_ENGINE_V2,v4.6,0.8088,0.803,0.8276,0.7825,0.8798,7344,16.9,0.1363,0.0062,1.91,Ranking,False,OK
MON-002544,2025-11-11,20:00,RECOMMENDATION_ENGINE_V2,v1.8,0.8181,0.8097,0.8313,0.7931,0.8762,12489,48.21,0.3301,0.0878,1.12,Ranking,True,WARNING
MON-002545,2025-11-12,08:00,RECOMMENDATION_ENGINE_V2,v4.6,0.8157,0.8285,0.8355,0.773,0.8476,596,29.26,0.1069,0.1306,2.04,Ranking,False,OK
MON-002546,2025-11-12,20:00,RECOMMENDATION_ENGINE_V2,v2.8,0.7708,0.7753,0.7494,0.7719,0.81,2031,10.06,0.386,0.1585,1.55,Ranking,True,WARNING
MON-002547,2025-11-13,08:00,RECOMMENDATION_ENGINE_V2,v1.3,0.7841,0.786,0.7787,0.7694,0.8304,905,26.51,0.5178,0.0212,0.19,Ranking,True,WARNING
MON-002548,2025-11-13,20:00,RECOMMENDATION_ENGINE_V2,v4.2,0.807,0.8111,0.7932,0.7891,0.8613,4576,14.6,0.2759,0.212,3.53,Ranking,False,OK
MON-002549,2025-11-14,08:00,RECOMMENDATION_ENGINE_V2,v1.4,0.8017,0.8189,0.8037,0.7949,0.8457,1291,11.26,0.2837,0.4332,0.27,Ranking,False,OK
MON-002550,2025-11-14,20:00,RECOMMENDATION_ENGINE_V2,v2.3,0.7895,0.7821,0.7776,0.7791,0.8454,1100,14.65,0.1913,0.2354,1.05,Ranking,True,WARNING
MON-002551,2025-11-15,08:00,RECOMMENDATION_ENGINE_V2,v1.8,0.7733,0.7749,0.7943,0.758,0.8127,10869,21.61,0.2839,0.3157,2.29,Ranking,True,WARNING
MON-002552,2025-11-15,20:00,RECOMMENDATION_ENGINE_V2,v1.0,0.8426,0.8358,0.8373,0.816,0.9027,1164,21.29,0.6046,0.054,1.63,Ranking,True,WARNING
MON-002553,2025-11-16,08:00,RECOMMENDATION_ENGINE_V2,v2.7,0.8423,0.845,0.8701,0.8201,0.894,4017,13.02,0.4334,0.0648,1.34,Ranking,True,WARNING
MON-002554,2025-11-16,20:00,RECOMMENDATION_ENGINE_V2,v1.0,0.8252,0.8333,0.8382,0.81,0.8822,2875,18.47,0.4257,0.1597,1.83,Ranking,True,WARNING
MON-002555,2025-11-17,08:00,RECOMMENDATION_ENGINE_V2,v2.3,0.7984,0.8015,0.8119,0.789,0.8299,1744,12.07,0.3965,0.3879,1.1,Ranking,True,WARNING
MON-002556,2025-11-17,20:00,RECOMMENDATION_ENGINE_V2,v2.2,0.8395,0.8568,0.8654,0.8096,0.8925,2688,18.87,0.2718,0.0858,0.88,Ranking,False,OK
MON-002557,2025-11-18,08:00,RECOMMENDATION_ENGINE_V2,v3.5,0.7957,0.7905,0.7967,0.7789,0.8382,2444,24.39,0.452,0.2567,0.16,Ranking,True,WARNING
MON-002558,2025-11-18,20:00,RECOMMENDATION_ENGINE_V2,v4.6,0.8187,0.8242,0.8314,0.815,0.8689,8943,8.89,0.1262,0.3228,0.53,Ranking,False,OK
MON-002559,2025-11-19,08:00,RECOMMENDATION_ENGINE_V2,v1.8,0.7942,0.807,0.7989,0.7662,0.8398,8177,10.79,0.7751,0.1658,1.06,Ranking,True,WARNING
MON-002560,2025-11-19,20:00,RECOMMENDATION_ENGINE_V2,v3.7,0.8105,0.8067,0.7987,0.8016,0.8528,4513,14.56,0.405,0.2305,0.07,Ranking,True,WARNING
MON-002561,2025-11-20,08:00,RECOMMENDATION_ENGINE_V2,v1.6,0.8197,0.815,0.8102,0.7906,0.8693,13002,26.1,0.3071,0.2326,1.48,Ranking,True,WARNING
MON-002562,2025-11-20,20:00,RECOMMENDATION_ENGINE_V2,v1.0,0.78,0.7785,0.777,0.7592,0.8365,5809,11.23,0.1306,0.2416,1.46,Ranking,True,WARNING
MON-002563,2025-11-21,08:00,RECOMMENDATION_ENGINE_V2,v2.9,0.8015,0.787,0.8083,0.7661,0.8654,1409,29.44,0.3754,0.2198,0.17,Ranking,True,WARNING
MON-002564,2025-11-21,20:00,RECOMMENDATION_ENGINE_V2,v1.3,0.815,0.8263,0.8262,0.8016,0.8599,1608,11.12,0.3834,0.4309,0.22,Ranking,True,WARNING
MON-002565,2025-11-22,08:00,RECOMMENDATION_ENGINE_V2,v2.9,0.7848,0.7864,0.7933,0.7616,0.8455,23039,12.3,0.2995,0.0839,2.07,Ranking,True,WARNING
MON-002566,2025-11-22,20:00,RECOMMENDATION_ENGINE_V2,v4.0,0.7911,0.7742,0.7997,0.7557,0.8536,6763,16.15,0.491,0.2274,0.32,Ranking,True,WARNING
MON-002567,2025-11-23,08:00,RECOMMENDATION_ENGINE_V2,v3.1,0.8149,0.8107,0.8108,0.8,0.8551,3539,15.04,0.1596,0.1058,0.53,Ranking,False,OK
MON-002568,2025-11-23,20:00,RECOMMENDATION_ENGINE_V2,v3.8,0.7992,0.8123,0.7659,0.7936,0.852,3636,13.39,0.0618,0.5137,3.36,Ranking,True,WARNING
MON-002569,2025-11-24,08:00,RECOMMENDATION_ENGINE_V2,v2.6,0.7853,0.782,0.7967,0.7736,0.8436,3185,10.19,0.3197,0.1039,0.88,Ranking,True,WARNING
MON-002570,2025-11-24,20:00,RECOMMENDATION_ENGINE_V2,v2.2,0.8104,0.8261,0.7985,0.7978,0.8582,31688,9.04,0.2233,0.349,2.04,Ranking,False,OK
MON-002571,2025-11-25,08:00,RECOMMENDATION_ENGINE_V2,v1.9,0.8185,0.8158,0.8509,0.8098,0.8677,1345,29.77,0.2752,0.1267,1.93,Ranking,False,OK
MON-002572,2025-11-25,20:00,RECOMMENDATION_ENGINE_V2,v3.4,0.8547,0.8402,0.8599,0.8306,0.9101,7108,20.07,0.4194,0.0515,3.69,Ranking,True,WARNING
MON-002573,2025-11-26,08:00,RECOMMENDATION_ENGINE_V2,v3.8,0.8115,0.7903,0.8322,0.7963,0.8615,10197,45.93,0.5486,0.0241,0.27,Ranking,True,WARNING
MON-002574,2025-11-26,20:00,RECOMMENDATION_ENGINE_V2,v4.2,0.81,0.831,0.7935,0.8154,0.8591,1510,19.68,0.4799,0.252,0.71,Ranking,True,WARNING
MON-002575,2025-11-27,08:00,RECOMMENDATION_ENGINE_V2,v2.9,0.8041,0.7959,0.821,0.7894,0.8476,1405,24.48,0.3254,0.5059,2.55,Ranking,True,WARNING
MON-002576,2025-11-27,20:00,RECOMMENDATION_ENGINE_V2,v3.5,0.8327,0.8269,0.8435,0.8079,0.877,693,40.2,0.0735,0.259,0.97,Ranking,False,OK
MON-002577,2025-11-28,08:00,RECOMMENDATION_ENGINE_V2,v2.5,0.8163,0.8151,0.8219,0.8034,0.8598,1132,26.65,0.1831,0.1125,2.73,Ranking,False,OK
MON-002578,2025-11-28,20:00,RECOMMENDATION_ENGINE_V2,v3.6,0.8264,0.8289,0.8107,0.8062,0.8727,6756,16.84,0.072,0.3526,1.19,Ranking,False,OK
MON-002579,2025-11-29,08:00,RECOMMENDATION_ENGINE_V2,v1.4,0.8142,0.8042,0.8036,0.7975,0.8634,2664,15.29,0.2567,0.3432,0.64,Ranking,False,OK
MON-002580,2025-11-29,20:00,RECOMMENDATION_ENGINE_V2,v4.0,0.828,0.8408,0.8378,0.8187,0.8721,5682,23.89,0.1947,0.1133,3.19,Ranking,False,OK
MON-002581,2025-11-30,08:00,RECOMMENDATION_ENGINE_V2,v4.9,0.8172,0.8203,0.8067,0.7956,0.8583,6849,25.63,0.6278,0.3271,0.8,Ranking,True,WARNING
MON-002582,2025-11-30,20:00,RECOMMENDATION_ENGINE_V2,v4.3,0.7815,0.7938,0.7691,0.7379,0.8228,2945,24.66,0.3289,0.1409,2.69,Ranking,True,WARNING
MON-002583,2025-12-01,08:00,RECOMMENDATION_ENGINE_V2,v2.1,0.8039,0.784,0.7963,0.7861,0.8537,1203,18.45,0.1453,0.1044,0.05,Ranking,False,OK
MON-002584,2025-12-01,20:00,RECOMMENDATION_ENGINE_V2,v1.6,0.8045,0.8094,0.812,0.7932,0.8392,5560,16.18,0.3889,0.1308,1.47,Ranking,True,WARNING
MON-002585,2025-12-02,08:00,RECOMMENDATION_ENGINE_V2,v1.3,0.8185,0.8225,0.8398,0.8192,0.877,252,25.46,0.3487,0.2421,0.9,Ranking,True,WARNING
MON-002586,2025-12-02,20:00,RECOMMENDATION_ENGINE_V2,v2.9,0.8126,0.8124,0.8189,0.8069,0.8752,10106,18.86,0.3295,0.2359,8.21,Ranking,True,WARNING
MON-002587,2025-12-03,08:00,RECOMMENDATION_ENGINE_V2,v3.3,0.8362,0.831,0.8545,0.8162,0.8989,326,10.16,0.0698,0.0403,1.42,Ranking,False,OK
MON-002588,2025-12-03,20:00,RECOMMENDATION_ENGINE_V2,v3.5,0.8175,0.8026,0.8154,0.8059,0.8642,854,14.01,0.2647,0.5325,0.93,Ranking,False,OK
MON-002589,2025-12-04,08:00,RECOMMENDATION_ENGINE_V2,v4.0,0.819,0.8053,0.8496,0.8002,0.8636,2010,11.74,0.4072,0.0244,0.28,Ranking,True,WARNING
MON-002590,2025-12-04,20:00,RECOMMENDATION_ENGINE_V2,v2.9,0.7893,0.8022,0.8092,0.7821,0.8334,931,24.25,0.1184,0.1787,0.54,Ranking,True,WARNING
MON-002591,2025-12-05,08:00,RECOMMENDATION_ENGINE_V2,v3.3,0.8125,0.8163,0.8259,0.7947,0.8527,475,13.97,0.2879,0.0339,8.63,Ranking,False,OK
MON-002592,2025-12-05,20:00,RECOMMENDATION_ENGINE_V2,v1.4,0.8052,0.8032,0.8121,0.7965,0.8622,3303,60.11,0.4301,0.0532,0.82,Ranking,True,WARNING
MON-002593,2025-12-06,08:00,RECOMMENDATION_ENGINE_V2,v1.3,0.7682,0.7656,0.7741,0.7692,0.7989,1846,26.38,0.465,0.3025,0.83,Ranking,True,WARNING
MON-002594,2025-12-06,20:00,RECOMMENDATION_ENGINE_V2,v2.5,0.7832,0.7934,0.7608,0.7925,0.8279,1785,44.73,0.0906,0.4043,2.1,Ranking,True,WARNING
MON-002595,2025-12-07,08:00,RECOMMENDATION_ENGINE_V2,v2.7,0.8239,0.8337,0.8008,0.7928,0.8681,2356,45.39,0.4135,0.2049,5.28,Ranking,True,WARNING
MON-002596,2025-12-07,20:00,RECOMMENDATION_ENGINE_V2,v4.5,0.8225,0.8143,0.8323,0.7885,0.868,768,16.93,0.2349,0.3243,7.11,Ranking,False,OK
MON-002597,2025-12-08,08:00,RECOMMENDATION_ENGINE_V2,v4.6,0.7976,0.7832,0.7987,0.7725,0.8419,5866,34.98,0.3942,0.0409,2.46,Ranking,True,WARNING
MON-002598,2025-12-08,20:00,RECOMMENDATION_ENGINE_V2,v2.7,0.7982,0.8019,0.8067,0.7817,0.8497,1204,21.08,0.0509,0.0869,0.55,Ranking,True,WARNING
MON-002599,2025-12-09,08:00,RECOMMENDATION_ENGINE_V2,v4.8,0.7867,0.7991,0.7698,0.7658,0.8429,4783,36.5,0.2427,0.1924,2.22,Ranking,True,WARNING
MON-002600,2025-12-09,20:00,RECOMMENDATION_ENGINE_V2,v3.3,0.8292,0.8361,0.852,0.8248,0.8823,2497,9.96,0.4752,0.3498,3.31,Ranking,True,WARNING
MON-002601,2025-12-10,08:00,RECOMMENDATION_ENGINE_V2,v1.9,0.7932,0.8098,0.7901,0.7695,0.8333,2505,23.9,0.2741,0.0841,0.7,Ranking,True,WARNING
MON-002602,2025-12-10,20:00,RECOMMENDATION_ENGINE_V2,v1.0,0.7979,0.7962,0.8036,0.7711,0.8302,1998,24.23,0.2941,0.0292,1.06,Ranking,True,WARNING
MON-002603,2025-12-11,08:00,RECOMMENDATION_ENGINE_V2,v1.9,0.8296,0.8325,0.8221,0.8262,0.897,7124,40.34,0.1705,0.2538,1.97,Ranking,False,OK
MON-002604,2025-12-11,20:00,RECOMMENDATION_ENGINE_V2,v1.0,0.8292,0.8287,0.8341,0.818,0.8887,9171,11.5,0.3628,0.0414,3.7,Ranking,True,WARNING
MON-002605,2025-12-12,08:00,RECOMMENDATION_ENGINE_V2,v3.0,0.8057,0.8133,0.8415,0.7925,0.8746,8360,17.66,0.1298,0.1889,3.61,Ranking,False,OK
MON-002606,2025-12-12,20:00,RECOMMENDATION_ENGINE_V2,v3.7,0.8095,0.8024,0.8269,0.7824,0.864,2389,22.63,0.3624,0.3675,1.66,Ranking,True,WARNING
MON-002607,2025-12-13,08:00,RECOMMENDATION_ENGINE_V2,v4.9,0.8187,0.8206,0.8102,0.8128,0.8828,3030,24.87,0.1013,0.309,0.74,Ranking,False,OK
MON-002608,2025-12-13,20:00,RECOMMENDATION_ENGINE_V2,v2.1,0.8011,0.8175,0.786,0.7828,0.8332,1360,51.65,0.4871,0.1464,0.04,Ranking,True,WARNING
MON-002609,2025-12-14,08:00,RECOMMENDATION_ENGINE_V2,v1.5,0.8072,0.8,0.8126,0.7924,0.8439,1791,23.25,0.1129,0.4314,1.72,Ranking,False,OK
MON-002610,2025-12-14,20:00,RECOMMENDATION_ENGINE_V2,v2.3,0.6903,0.6702,0.6853,0.6798,0.734,889,25.56,0.2209,0.1481,6.55,Ranking,True,CRITICAL
MON-002611,2025-12-15,08:00,RECOMMENDATION_ENGINE_V2,v4.5,0.8229,0.8282,0.8128,0.8201,0.8742,1643,31.82,0.1647,0.3285,0.22,Ranking,False,OK
MON-002612,2025-12-15,20:00,RECOMMENDATION_ENGINE_V2,v1.4,0.8375,0.8599,0.8673,0.8251,0.8807,4005,22.19,0.3457,0.2124,0.63,Ranking,True,WARNING
MON-002613,2025-12-16,08:00,RECOMMENDATION_ENGINE_V2,v4.0,0.8321,0.8253,0.8024,0.8087,0.8923,2711,14.35,0.5958,0.2916,0.21,Ranking,True,WARNING
MON-002614,2025-12-16,20:00,RECOMMENDATION_ENGINE_V2,v3.0,0.8295,0.8423,0.8401,0.8128,0.8888,1726,13.72,0.2154,0.2674,4.27,Ranking,False,OK
MON-002615,2025-12-17,08:00,RECOMMENDATION_ENGINE_V2,v1.4,0.7872,0.7874,0.8164,0.7781,0.8469,7596,29.8,0.2884,0.122,0.78,Ranking,True,WARNING
MON-002616,2025-12-17,20:00,RECOMMENDATION_ENGINE_V2,v2.4,0.835,0.8252,0.8176,0.8349,0.8918,1130,18.51,0.271,0.1288,0.02,Ranking,False,OK
MON-002617,2025-12-18,08:00,RECOMMENDATION_ENGINE_V2,v4.3,0.7956,0.8025,0.7893,0.7757,0.8487,3056,11.75,0.2535,0.2362,2.64,Ranking,True,WARNING
MON-002618,2025-12-18,20:00,RECOMMENDATION_ENGINE_V2,v1.0,0.7735,0.7592,0.7685,0.7532,0.8399,32332,12.16,0.4905,0.1139,0.23,Ranking,True,WARNING
MON-002619,2025-12-19,08:00,RECOMMENDATION_ENGINE_V2,v4.2,0.7921,0.8073,0.8162,0.7837,0.8599,13472,20.77,0.0827,0.0528,3.11,Ranking,True,WARNING
MON-002620,2025-12-19,20:00,RECOMMENDATION_ENGINE_V2,v1.1,0.8072,0.8083,0.8068,0.7824,0.8548,1755,26.72,0.2191,0.1212,1.96,Ranking,False,OK
MON-002621,2025-12-20,08:00,RECOMMENDATION_ENGINE_V2,v1.3,0.7683,0.7512,0.799,0.7467,0.8096,10088,30.5,0.1912,0.3541,1.78,Ranking,True,WARNING
MON-002622,2025-12-20,20:00,RECOMMENDATION_ENGINE_V2,v4.9,0.8233,0.8418,0.8361,0.8071,0.8854,1583,22.63,0.3393,0.2031,0.06,Ranking,True,WARNING
MON-002623,2025-12-21,08:00,RECOMMENDATION_ENGINE_V2,v3.4,0.8257,0.8342,0.8204,0.8134,0.8944,4595,10.07,0.3368,0.1053,0.75,Ranking,True,WARNING
MON-002624,2025-12-21,20:00,RECOMMENDATION_ENGINE_V2,v1.9,0.8014,0.8045,0.7844,0.7953,0.8763,17605,14.49,0.4477,0.2778,5.13,Ranking,True,WARNING
MON-002625,2025-12-22,08:00,RECOMMENDATION_ENGINE_V2,v4.1,0.7857,0.7945,0.7705,0.7716,0.842,2182,7.75,0.2408,0.0786,0.52,Ranking,True,WARNING
MON-002626,2025-12-22,20:00,RECOMMENDATION_ENGINE_V2,v2.3,0.8274,0.8029,0.8374,0.8117,0.8757,6545,42.61,0.3559,0.1056,2.6,Ranking,True,WARNING
MON-002627,2025-12-23,08:00,RECOMMENDATION_ENGINE_V2,v1.6,0.7905,0.7842,0.829,0.7803,0.8291,2546,7.26,0.0701,0.3134,3.47,Ranking,True,WARNING
MON-002628,2025-12-23,20:00,RECOMMENDATION_ENGINE_V2,v4.0,0.7765,0.8016,0.7694,0.746,0.8258,1698,23.68,0.4704,0.2139,0.38,Ranking,True,WARNING
MON-002629,2025-12-24,08:00,RECOMMENDATION_ENGINE_V2,v1.7,0.7314,0.7327,0.7218,0.7176,0.7723,5746,30.66,0.2777,0.2735,1.42,Ranking,True,CRITICAL
MON-002630,2025-12-24,20:00,RECOMMENDATION_ENGINE_V2,v4.7,0.8094,0.803,0.8193,0.8091,0.8486,5069,29.15,0.3956,0.2852,1.3,Ranking,True,WARNING
MON-002631,2025-12-25,08:00,RECOMMENDATION_ENGINE_V2,v4.2,0.8152,0.8169,0.8122,0.8065,0.8748,789,53.28,0.1737,0.1262,3.73,Ranking,False,OK
MON-002632,2025-12-25,20:00,RECOMMENDATION_ENGINE_V2,v1.9,0.8242,0.8133,0.8173,0.8075,0.8695,2179,13.18,0.1472,0.192,6.4,Ranking,False,OK
MON-002633,2025-12-26,08:00,RECOMMENDATION_ENGINE_V2,v1.1,0.8267,0.8424,0.8499,0.8173,0.8764,922,15.92,0.2105,0.2264,0.31,Ranking,False,OK
MON-002634,2025-12-26,20:00,RECOMMENDATION_ENGINE_V2,v3.4,0.7836,0.7791,0.8065,0.7558,0.8495,561,7.56,0.2387,0.0437,1.02,Ranking,True,WARNING
MON-002635,2025-12-27,08:00,RECOMMENDATION_ENGINE_V2,v4.3,0.7681,0.7523,0.7724,0.7569,0.7972,2524,21.54,0.3289,0.1055,1.9,Ranking,True,WARNING
MON-002636,2025-12-27,20:00,RECOMMENDATION_ENGINE_V2,v3.0,0.818,0.8197,0.8082,0.8013,0.8585,4160,12.98,0.1919,0.0312,1.37,Ranking,False,OK
MON-002637,2025-12-28,08:00,RECOMMENDATION_ENGINE_V2,v3.3,0.8098,0.8198,0.8156,0.7946,0.8678,7920,29.47,0.3785,0.2368,2.3,Ranking,True,WARNING
MON-002638,2025-12-28,20:00,RECOMMENDATION_ENGINE_V2,v2.7,0.7014,0.7084,0.7168,0.6838,0.7465,638,13.97,0.133,0.2689,4.99,Ranking,True,CRITICAL
MON-002639,2025-12-29,08:00,RECOMMENDATION_ENGINE_V2,v1.0,0.8059,0.7919,0.8261,0.8035,0.8506,949,23.76,0.2169,0.2064,3.72,Ranking,False,OK
MON-002640,2025-12-29,20:00,RECOMMENDATION_ENGINE_V2,v4.8,0.792,0.7825,0.8089,0.7713,0.8453,12873,46.86,0.1874,0.0453,0.63,Ranking,True,WARNING
MON-002641,2025-12-30,08:00,RECOMMENDATION_ENGINE_V2,v4.3,0.8433,0.822,0.8044,0.816,0.8917,1395,13.67,0.6035,0.081,0.38,Ranking,True,WARNING
MON-002642,2025-12-30,20:00,RECOMMENDATION_ENGINE_V2,v1.4,0.7685,0.7756,0.7759,0.7386,0.7987,713,39.45,0.6107,0.4205,0.62,Ranking,True,WARNING
MON-002643,2025-12-31,08:00,RECOMMENDATION_ENGINE_V2,v3.1,0.756,0.7607,0.7676,0.7198,0.7998,16422,8.18,0.4456,0.4997,4.59,Ranking,True,WARNING
MON-002644,2025-12-31,20:00,RECOMMENDATION_ENGINE_V2,v3.7,0.783,0.7886,0.7969,0.7695,0.8179,2603,24.77,0.3392,0.3326,1.3,Ranking,True,WARNING
MON-002645,2026-01-01,08:00,RECOMMENDATION_ENGINE_V2,v4.8,0.7955,0.7911,0.8008,0.7719,0.8541,1866,24.75,0.3493,0.09,2.61,Ranking,True,WARNING
MON-002646,2026-01-01,20:00,RECOMMENDATION_ENGINE_V2,v2.5,0.7999,0.7809,0.8005,0.7711,0.836,1484,17.06,0.4533,0.0663,1.13,Ranking,True,WARNING
MON-002647,2026-01-02,08:00,RECOMMENDATION_ENGINE_V2,v3.8,0.789,0.781,0.7846,0.7706,0.8251,1141,29.0,0.2573,0.3747,4.82,Ranking,True,WARNING
MON-002648,2026-01-02,20:00,RECOMMENDATION_ENGINE_V2,v2.5,0.8041,0.8152,0.7922,0.7947,0.8415,2597,23.34,0.0749,0.2195,3.2,Ranking,False,OK
MON-002649,2026-01-03,08:00,RECOMMENDATION_ENGINE_V2,v3.6,0.756,0.7598,0.7466,0.74,0.8145,4178,23.98,0.1585,0.0324,0.71,Ranking,True,WARNING
MON-002650,2026-01-03,20:00,RECOMMENDATION_ENGINE_V2,v2.9,0.7779,0.7606,0.7987,0.7637,0.8216,4617,14.83,0.2349,0.2562,1.1,Ranking,True,WARNING
MON-002651,2026-01-04,08:00,RECOMMENDATION_ENGINE_V2,v4.5,0.7715,0.7687,0.7822,0.7675,0.8348,493,16.66,0.3398,0.2411,2.65,Ranking,True,WARNING
MON-002652,2026-01-04,20:00,RECOMMENDATION_ENGINE_V2,v4.5,0.7841,0.7898,0.7965,0.7765,0.8429,13617,32.39,0.0971,0.2056,10.44,Ranking,True,WARNING
MON-002653,2026-01-05,08:00,RECOMMENDATION_ENGINE_V2,v3.2,0.7926,0.7916,0.7841,0.7779,0.8538,2523,12.38,0.399,0.3117,1.18,Ranking,True,WARNING
MON-002654,2026-01-05,20:00,RECOMMENDATION_ENGINE_V2,v4.8,0.8084,0.7942,0.8164,0.7826,0.8549,4250,15.17,0.0874,0.3334,0.66,Ranking,False,OK
MON-002655,2026-01-06,08:00,RECOMMENDATION_ENGINE_V2,v4.5,0.7957,0.7908,0.8233,0.7744,0.8334,6463,9.76,0.1816,0.1127,0.99,Ranking,True,WARNING
MON-002656,2026-01-06,20:00,RECOMMENDATION_ENGINE_V2,v4.1,0.7911,0.7838,0.7932,0.7756,0.8379,2060,19.36,0.0463,0.1203,3.34,Ranking,True,WARNING
MON-002657,2026-01-07,08:00,RECOMMENDATION_ENGINE_V2,v3.2,0.798,0.7983,0.8099,0.7891,0.819,4881,55.99,0.35,0.1255,2.8,Ranking,True,WARNING
MON-002658,2026-01-07,20:00,RECOMMENDATION_ENGINE_V2,v3.5,0.7945,0.7973,0.7869,0.782,0.8501,3422,25.58,0.4147,0.3598,1.11,Ranking,True,WARNING
MON-002659,2026-01-08,08:00,RECOMMENDATION_ENGINE_V2,v4.7,0.801,0.7945,0.7952,0.7789,0.8537,2242,10.8,0.3695,0.1862,2.78,Ranking,True,WARNING
MON-002660,2026-01-08,20:00,RECOMMENDATION_ENGINE_V2,v2.0,0.8018,0.8082,0.806,0.7897,0.8451,3256,40.84,0.3056,0.5271,3.49,Ranking,True,WARNING
MON-002661,2026-01-09,08:00,RECOMMENDATION_ENGINE_V2,v3.8,0.7928,0.8092,0.7824,0.7937,0.8377,1706,11.94,0.0935,0.1845,3.74,Ranking,True,WARNING
MON-002662,2026-01-09,20:00,RECOMMENDATION_ENGINE_V2,v2.9,0.7769,0.8081,0.7657,0.7642,0.838,1304,31.62,0.061,0.1027,0.33,Ranking,True,WARNING
MON-002663,2026-01-10,08:00,RECOMMENDATION_ENGINE_V2,v3.8,0.8074,0.7981,0.8049,0.7973,0.8623,3439,19.41,0.5243,0.083,6.23,Ranking,True,WARNING
MON-002664,2026-01-10,20:00,RECOMMENDATION_ENGINE_V2,v2.9,0.8251,0.8258,0.8282,0.8052,0.8899,3494,25.56,0.1033,0.226,0.1,Ranking,False,OK
MON-002665,2026-01-11,08:00,RECOMMENDATION_ENGINE_V2,v2.3,0.7871,0.769,0.778,0.7695,0.8284,3878,35.26,0.6304,0.0185,2.49,Ranking,True,WARNING
MON-002666,2026-01-11,20:00,RECOMMENDATION_ENGINE_V2,v4.1,0.8062,0.8014,0.8087,0.7735,0.8434,12427,9.48,0.2749,0.209,2.87,Ranking,False,OK
MON-002667,2026-01-12,08:00,RECOMMENDATION_ENGINE_V2,v4.1,0.7995,0.8122,0.7826,0.7848,0.8531,4055,17.04,0.1492,0.0469,3.12,Ranking,True,WARNING
MON-002668,2026-01-12,20:00,RECOMMENDATION_ENGINE_V2,v1.8,0.8199,0.7972,0.8224,0.7765,0.8779,2084,30.67,0.5034,0.0315,0.26,Ranking,True,WARNING
MON-002669,2026-01-13,08:00,RECOMMENDATION_ENGINE_V2,v1.9,0.791,0.7868,0.7625,0.7602,0.844,3685,18.18,0.392,0.1973,3.8,Ranking,True,WARNING
MON-002670,2026-01-13,20:00,RECOMMENDATION_ENGINE_V2,v1.4,0.804,0.8036,0.8202,0.7912,0.8496,28396,14.97,0.1469,0.1228,0.4,Ranking,False,OK
MON-002671,2026-01-14,08:00,RECOMMENDATION_ENGINE_V2,v2.3,0.8058,0.7902,0.7825,0.78,0.8853,981,18.76,0.4316,0.0476,1.78,Ranking,True,WARNING
MON-002672,2026-01-14,20:00,RECOMMENDATION_ENGINE_V2,v3.7,0.8133,0.8171,0.8367,0.7777,0.8838,16636,15.28,0.1444,0.1594,2.89,Ranking,False,OK
MON-002673,2026-01-15,08:00,RECOMMENDATION_ENGINE_V2,v1.5,0.7862,0.7888,0.7926,0.7712,0.8288,4530,16.44,0.2161,0.0282,0.9,Ranking,True,WARNING
MON-002674,2026-01-15,20:00,RECOMMENDATION_ENGINE_V2,v3.8,0.8143,0.8082,0.8232,0.7829,0.8583,3226,40.55,0.2867,0.188,0.06,Ranking,False,OK
MON-002675,2026-01-16,08:00,RECOMMENDATION_ENGINE_V2,v4.8,0.7976,0.804,0.791,0.7919,0.8399,2242,16.54,0.07,0.2876,3.14,Ranking,True,WARNING
MON-002676,2026-01-16,20:00,RECOMMENDATION_ENGINE_V2,v4.3,0.8185,0.8102,0.8266,0.8067,0.8824,1971,39.77,0.3868,0.1507,1.25,Ranking,True,WARNING
MON-002677,2026-01-17,08:00,RECOMMENDATION_ENGINE_V2,v3.6,0.8002,0.8048,0.803,0.8021,0.8593,548,34.31,0.2841,0.2413,0.52,Ranking,False,OK
MON-002678,2026-01-17,20:00,RECOMMENDATION_ENGINE_V2,v1.3,0.8332,0.8333,0.8159,0.8204,0.8906,3529,25.66,0.0772,0.2025,1.19,Ranking,False,OK
MON-002679,2026-01-18,08:00,RECOMMENDATION_ENGINE_V2,v4.2,0.776,0.7783,0.7875,0.7789,0.8244,7254,15.15,0.5531,0.2165,4.33,Ranking,True,WARNING
MON-002680,2026-01-18,20:00,RECOMMENDATION_ENGINE_V2,v2.0,0.819,0.8165,0.8065,0.7931,0.8778,2576,22.76,0.1341,0.2787,0.94,Ranking,False,OK
MON-002681,2026-01-19,08:00,RECOMMENDATION_ENGINE_V2,v1.7,0.8144,0.8009,0.8495,0.7922,0.868,1910,20.96,0.2923,0.2889,0.04,Ranking,False,OK
MON-002682,2026-01-19,20:00,RECOMMENDATION_ENGINE_V2,v2.1,0.8173,0.8033,0.8056,0.8038,0.8656,1413,15.2,0.1292,0.2121,0.63,Ranking,False,OK
MON-002683,2026-01-20,08:00,RECOMMENDATION_ENGINE_V2,v3.3,0.8291,0.8214,0.8049,0.8113,0.883,3203,21.28,0.415,0.1971,7.04,Ranking,True,WARNING
MON-002684,2026-01-20,20:00,RECOMMENDATION_ENGINE_V2,v4.4,0.7721,0.7667,0.7975,0.7581,0.8381,5307,15.82,0.083,0.2262,8.25,Ranking,True,WARNING
MON-002685,2026-01-21,08:00,RECOMMENDATION_ENGINE_V2,v2.8,0.8514,0.8541,0.8631,0.8341,0.9094,8322,50.76,0.4642,0.2905,1.4,Ranking,True,WARNING
MON-002686,2026-01-21,20:00,RECOMMENDATION_ENGINE_V2,v1.3,0.8184,0.8181,0.8252,0.8,0.8587,456,11.49,0.1124,0.1584,4.67,Ranking,False,OK
MON-002687,2026-01-22,08:00,RECOMMENDATION_ENGINE_V2,v1.0,0.8466,0.842,0.8383,0.8205,0.8881,1854,28.45,0.5395,0.1743,0.22,Ranking,True,WARNING
MON-002688,2026-01-22,20:00,RECOMMENDATION_ENGINE_V2,v1.4,0.8453,0.8253,0.8463,0.8212,0.9029,6149,20.42,0.0762,0.129,0.16,Ranking,False,OK
MON-002689,2026-01-23,08:00,RECOMMENDATION_ENGINE_V2,v1.3,0.8166,0.8096,0.8142,0.7915,0.8599,918,29.27,0.297,0.5261,1.68,Ranking,False,OK
MON-002690,2026-01-23,20:00,RECOMMENDATION_ENGINE_V2,v2.1,0.8131,0.8015,0.8265,0.7872,0.8668,2487,30.65,0.5468,0.2996,6.3,Ranking,True,WARNING
MON-002691,2026-01-24,08:00,RECOMMENDATION_ENGINE_V2,v1.4,0.8229,0.8404,0.8141,0.8071,0.8669,6365,35.56,0.2943,0.1381,4.83,Ranking,False,OK
MON-002692,2026-01-24,20:00,RECOMMENDATION_ENGINE_V2,v4.1,0.7623,0.7631,0.7548,0.74,0.8205,2725,16.61,0.2128,0.021,2.49,Ranking,True,WARNING
MON-002693,2026-01-25,08:00,RECOMMENDATION_ENGINE_V2,v4.5,0.8062,0.8218,0.817,0.7849,0.8457,3180,9.57,0.1851,0.1467,1.11,Ranking,False,OK
MON-002694,2026-01-25,20:00,RECOMMENDATION_ENGINE_V2,v4.0,0.8273,0.8281,0.8472,0.8245,0.8804,946,75.29,0.0825,0.1922,0.77,Ranking,False,OK
MON-002695,2026-01-26,08:00,RECOMMENDATION_ENGINE_V2,v3.5,0.8385,0.8571,0.8326,0.8264,0.884,1740,17.28,0.5078,0.1341,1.17,Ranking,True,WARNING
MON-002696,2026-01-26,20:00,RECOMMENDATION_ENGINE_V2,v4.5,0.6571,0.6603,0.6668,0.6519,0.7066,4005,9.56,0.2833,0.0784,0.51,Ranking,True,CRITICAL
MON-002697,2026-01-27,08:00,RECOMMENDATION_ENGINE_V2,v2.4,0.8151,0.8186,0.8307,0.8098,0.8663,6456,23.59,0.3804,0.4979,0.61,Ranking,True,WARNING
MON-002698,2026-01-27,20:00,RECOMMENDATION_ENGINE_V2,v4.9,0.8193,0.8388,0.8055,0.819,0.8806,2074,18.78,0.1907,0.199,2.36,Ranking,False,OK
MON-002699,2026-01-28,08:00,RECOMMENDATION_ENGINE_V2,v4.9,0.8062,0.7991,0.802,0.7899,0.8554,9682,30.01,0.2117,0.2672,0.65,Ranking,False,OK
MON-002700,2026-01-28,20:00,RECOMMENDATION_ENGINE_V2,v1.7,0.7891,0.7825,0.7634,0.776,0.849,3056,19.61,0.0853,0.0724,1.17,Ranking,True,WARNING
MON-002701,2026-01-29,08:00,RECOMMENDATION_ENGINE_V2,v1.7,0.7946,0.7958,0.8255,0.7736,0.8357,2949,38.68,0.0398,0.1967,4.05,Ranking,True,WARNING
MON-002702,2026-01-29,20:00,RECOMMENDATION_ENGINE_V2,v3.5,0.7869,0.8161,0.7906,0.7629,0.8204,12224,17.73,0.6554,0.4005,1.86,Ranking,True,WARNING
MON-002703,2026-01-30,08:00,RECOMMENDATION_ENGINE_V2,v1.4,0.7775,0.7737,0.7912,0.7474,0.8321,379,10.73,0.5242,0.128,7.78,Ranking,True,WARNING
MON-002704,2026-01-30,20:00,RECOMMENDATION_ENGINE_V2,v4.6,0.8044,0.8074,0.7984,0.7783,0.8513,254,27.54,0.3053,0.0542,0.13,Ranking,True,WARNING
MON-002705,2026-01-31,08:00,RECOMMENDATION_ENGINE_V2,v1.6,0.7725,0.7815,0.7651,0.7519,0.812,7194,11.28,0.3524,0.034,0.79,Ranking,True,WARNING
MON-002706,2026-01-31,20:00,RECOMMENDATION_ENGINE_V2,v3.7,0.8127,0.8286,0.8111,0.7984,0.8523,2272,21.51,0.4617,0.1451,2.65,Ranking,True,WARNING
MON-002707,2026-02-01,08:00,RECOMMENDATION_ENGINE_V2,v1.6,0.802,0.8109,0.7993,0.7747,0.843,4714,34.94,0.1388,0.2661,9.51,Ranking,False,OK
MON-002708,2026-02-01,20:00,RECOMMENDATION_ENGINE_V2,v1.7,0.8151,0.83,0.8506,0.7893,0.8683,3042,14.64,0.2993,0.3696,1.08,Ranking,False,OK
MON-002709,2026-02-02,08:00,RECOMMENDATION_ENGINE_V2,v1.7,0.7912,0.7988,0.7971,0.7548,0.8376,4777,27.4,0.3112,0.5642,2.08,Ranking,True,WARNING
MON-002710,2026-02-02,20:00,RECOMMENDATION_ENGINE_V2,v3.8,0.7744,0.7756,0.7846,0.7522,0.8101,5931,23.33,0.4949,0.1619,2.25,Ranking,True,WARNING
MON-002711,2026-02-03,08:00,RECOMMENDATION_ENGINE_V2,v1.1,0.7939,0.7831,0.7942,0.7786,0.8381,8551,15.26,0.3371,0.3337,0.4,Ranking,True,WARNING
MON-002712,2026-02-03,20:00,RECOMMENDATION_ENGINE_V2,v2.1,0.785,0.7798,0.7862,0.7698,0.8275,4574,41.46,0.112,0.0444,0.29,Ranking,True,WARNING
MON-002713,2026-02-04,08:00,RECOMMENDATION_ENGINE_V2,v4.6,0.7706,0.767,0.7808,0.7521,0.81,9371,27.43,0.1874,0.1948,0.86,Ranking,True,WARNING
MON-002714,2026-02-04,20:00,RECOMMENDATION_ENGINE_V2,v3.3,0.7966,0.7995,0.7961,0.7782,0.8563,1761,38.84,0.0538,0.1086,4.36,Ranking,True,WARNING
MON-002715,2026-02-05,08:00,RECOMMENDATION_ENGINE_V2,v4.0,0.8173,0.8226,0.8384,0.801,0.8664,4599,13.93,0.5167,0.3493,0.46,Ranking,True,WARNING
MON-002716,2026-02-05,20:00,RECOMMENDATION_ENGINE_V2,v3.4,0.8155,0.8346,0.8031,0.8114,0.8882,733,21.64,0.7019,0.3439,2.99,Ranking,True,WARNING
MON-002717,2026-02-06,08:00,RECOMMENDATION_ENGINE_V2,v4.3,0.813,0.7922,0.8312,0.7932,0.8706,1500,34.72,0.2971,0.0501,5.67,Ranking,False,OK
MON-002718,2026-02-06,20:00,RECOMMENDATION_ENGINE_V2,v4.1,0.8409,0.8404,0.8585,0.8227,0.899,5987,21.31,0.1341,0.4242,0.47,Ranking,False,OK
MON-002719,2026-02-07,08:00,RECOMMENDATION_ENGINE_V2,v1.2,0.7965,0.8156,0.8277,0.7678,0.848,6477,48.46,0.3646,0.1792,1.8,Ranking,True,WARNING
MON-002720,2026-02-07,20:00,RECOMMENDATION_ENGINE_V2,v1.8,0.8162,0.8024,0.79,0.8044,0.8802,2482,15.3,0.373,0.0277,0.07,Ranking,True,WARNING
MON-002721,2026-02-08,08:00,RECOMMENDATION_ENGINE_V2,v4.1,0.7997,0.7927,0.8159,0.7831,0.8622,9850,20.88,0.1499,0.1472,2.15,Ranking,True,WARNING
MON-002722,2026-02-08,20:00,RECOMMENDATION_ENGINE_V2,v2.7,0.8359,0.8406,0.826,0.814,0.8882,576,31.72,0.244,0.186,0.86,Ranking,False,OK
MON-002723,2026-02-09,08:00,RECOMMENDATION_ENGINE_V2,v3.9,0.7913,0.8,0.8047,0.7639,0.8137,8251,25.37,0.4243,0.3407,1.45,Ranking,True,WARNING
MON-002724,2026-02-09,20:00,RECOMMENDATION_ENGINE_V2,v4.8,0.8223,0.8085,0.8356,0.8093,0.852,2493,23.92,0.2496,0.2223,2.31,Ranking,False,OK
MON-002725,2026-02-10,08:00,RECOMMENDATION_ENGINE_V2,v1.4,0.8124,0.8279,0.7996,0.7855,0.8551,454,24.59,0.3273,0.2298,0.23,Ranking,True,WARNING
MON-002726,2026-02-10,20:00,RECOMMENDATION_ENGINE_V2,v1.8,0.8318,0.8376,0.8425,0.8204,0.8841,1082,7.84,0.3536,0.0296,2.23,Ranking,True,WARNING
MON-002727,2026-02-11,08:00,RECOMMENDATION_ENGINE_V2,v4.2,0.8076,0.7936,0.8025,0.809,0.8433,1843,18.55,0.1124,0.1432,1.48,Ranking,False,OK
MON-002728,2026-02-11,20:00,RECOMMENDATION_ENGINE_V2,v4.4,0.8026,0.8142,0.7923,0.7979,0.8569,1051,23.39,0.1672,0.2292,0.86,Ranking,False,OK
MON-002729,2026-02-12,08:00,RECOMMENDATION_ENGINE_V2,v2.0,0.8002,0.8105,0.772,0.7845,0.8513,1107,24.72,0.3379,0.2023,0.26,Ranking,True,WARNING
MON-002730,2026-02-12,20:00,RECOMMENDATION_ENGINE_V2,v3.9,0.8043,0.8043,0.8254,0.7943,0.853,5004,13.03,0.1007,0.132,1.8,Ranking,False,OK
MON-002731,2026-02-13,08:00,RECOMMENDATION_ENGINE_V2,v3.6,0.77,0.7654,0.7687,0.7478,0.8206,1696,23.34,0.0357,0.2619,1.15,Ranking,True,WARNING
MON-002732,2026-02-13,20:00,RECOMMENDATION_ENGINE_V2,v1.2,0.7969,0.7852,0.7811,0.7681,0.8229,329,25.46,0.032,0.3027,1.33,Ranking,True,WARNING
MON-002733,2026-02-14,08:00,RECOMMENDATION_ENGINE_V2,v1.3,0.7957,0.7916,0.8004,0.781,0.8616,3969,23.0,0.3568,0.124,2.98,Ranking,True,WARNING
MON-002734,2026-02-14,20:00,RECOMMENDATION_ENGINE_V2,v4.7,0.7845,0.7948,0.7861,0.7629,0.8308,1590,20.25,0.1292,0.0653,1.24,Ranking,True,WARNING
MON-002735,2026-02-15,08:00,RECOMMENDATION_ENGINE_V2,v2.0,0.796,0.7789,0.7822,0.7667,0.8478,11650,13.1,0.2682,0.117,0.54,Ranking,True,WARNING
MON-002736,2026-02-15,20:00,RECOMMENDATION_ENGINE_V2,v4.2,0.7893,0.781,0.7758,0.7567,0.8404,1400,14.07,0.1683,0.1587,6.7,Ranking,True,WARNING
MON-002737,2026-02-16,08:00,RECOMMENDATION_ENGINE_V2,v4.0,0.797,0.7999,0.8136,0.7781,0.8409,521,23.71,0.0683,0.1964,2.15,Ranking,True,WARNING
MON-002738,2026-02-16,20:00,RECOMMENDATION_ENGINE_V2,v3.2,0.8197,0.8268,0.8229,0.813,0.8707,2297,7.15,0.3322,0.3215,2.51,Ranking,True,WARNING
MON-002739,2026-02-17,08:00,RECOMMENDATION_ENGINE_V2,v2.5,0.8197,0.8264,0.81,0.8018,0.8597,1017,35.46,0.0391,0.2336,1.51,Ranking,False,OK
MON-002740,2026-02-17,20:00,RECOMMENDATION_ENGINE_V2,v4.3,0.8388,0.8309,0.833,0.82,0.8878,1111,16.52,0.1708,0.6331,1.55,Ranking,False,OK
MON-002741,2026-02-18,08:00,RECOMMENDATION_ENGINE_V2,v4.1,0.8133,0.8123,0.8079,0.7966,0.864,2176,24.6,0.2329,0.0544,2.44,Ranking,False,OK
MON-002742,2026-02-18,20:00,RECOMMENDATION_ENGINE_V2,v1.2,0.7767,0.7721,0.7516,0.7519,0.8238,2535,36.48,0.5125,0.2609,0.92,Ranking,True,WARNING
MON-002743,2026-02-19,08:00,RECOMMENDATION_ENGINE_V2,v2.2,0.8006,0.8032,0.8147,0.7802,0.8512,2173,11.04,0.4439,0.2221,0.33,Ranking,True,WARNING
MON-002744,2026-02-19,20:00,RECOMMENDATION_ENGINE_V2,v1.7,0.7943,0.8001,0.7889,0.7907,0.8507,2379,24.95,0.1457,0.082,0.46,Ranking,True,WARNING
MON-002745,2026-02-20,08:00,RECOMMENDATION_ENGINE_V2,v4.5,0.7875,0.7857,0.7852,0.7867,0.849,5424,17.86,0.3504,0.0825,1.03,Ranking,True,WARNING
MON-002746,2026-02-20,20:00,RECOMMENDATION_ENGINE_V2,v4.0,0.8286,0.8297,0.837,0.8222,0.8987,2423,8.62,0.6138,0.0908,0.54,Ranking,True,WARNING
MON-002747,2026-02-21,08:00,RECOMMENDATION_ENGINE_V2,v3.8,0.8162,0.8162,0.8348,0.8074,0.8726,3786,43.5,0.1609,0.2383,0.45,Ranking,False,OK
MON-002748,2026-02-21,20:00,RECOMMENDATION_ENGINE_V2,v1.6,0.8085,0.7927,0.8115,0.8075,0.8555,6711,12.54,0.4649,0.1432,1.2,Ranking,True,WARNING
MON-002749,2026-02-22,08:00,RECOMMENDATION_ENGINE_V2,v4.0,0.7774,0.7903,0.761,0.7512,0.816,1640,37.57,0.2893,0.1982,3.06,Ranking,True,WARNING
MON-002750,2026-02-22,20:00,RECOMMENDATION_ENGINE_V2,v3.6,0.8054,0.8158,0.8017,0.816,0.8503,2971,11.44,0.5622,0.1013,7.36,Ranking,True,WARNING
MON-002751,2026-02-23,08:00,RECOMMENDATION_ENGINE_V2,v4.1,0.8535,0.8355,0.8525,0.8163,0.89,3255,9.66,0.1947,0.0177,0.74,Ranking,False,OK
MON-002752,2026-02-23,20:00,RECOMMENDATION_ENGINE_V2,v1.1,0.7903,0.8113,0.7628,0.7713,0.8374,735,11.02,0.1628,0.0883,0.46,Ranking,True,WARNING
MON-002753,2026-02-24,08:00,RECOMMENDATION_ENGINE_V2,v3.5,0.8026,0.8067,0.8098,0.7526,0.8556,344,11.8,0.33,0.0198,0.87,Ranking,True,WARNING
MON-002754,2026-02-24,20:00,RECOMMENDATION_ENGINE_V2,v4.6,0.8347,0.8402,0.8446,0.8254,0.8884,3116,12.65,0.0839,0.3887,3.42,Ranking,False,OK
MON-002755,2026-02-25,08:00,RECOMMENDATION_ENGINE_V2,v2.2,0.7982,0.7932,0.7996,0.7708,0.8501,1042,29.75,0.5596,0.2008,2.57,Ranking,True,WARNING
MON-002756,2026-02-25,20:00,RECOMMENDATION_ENGINE_V2,v1.0,0.7977,0.799,0.7852,0.7714,0.8498,14955,58.1,0.3634,0.0859,1.09,Ranking,True,WARNING
MON-002757,2026-02-26,08:00,RECOMMENDATION_ENGINE_V2,v2.1,0.8024,0.8078,0.8055,0.7997,0.8554,6031,40.97,0.2394,0.0608,0.72,Ranking,False,OK
MON-002758,2026-02-26,20:00,RECOMMENDATION_ENGINE_V2,v2.3,0.8138,0.8321,0.8292,0.7952,0.8761,1068,20.5,0.2874,0.2706,0.78,Ranking,False,OK
MON-002759,2026-02-27,08:00,RECOMMENDATION_ENGINE_V2,v4.8,0.6979,0.6869,0.6946,0.6902,0.7386,493,17.74,0.4513,0.1892,1.42,Ranking,True,CRITICAL
MON-002760,2026-02-27,20:00,RECOMMENDATION_ENGINE_V2,v3.8,0.8253,0.8366,0.8373,0.8043,0.8684,859,17.59,0.2771,0.2843,0.68,Ranking,False,OK
MON-002761,2026-02-28,08:00,RECOMMENDATION_ENGINE_V2,v3.7,0.799,0.7948,0.8055,0.7737,0.8645,3304,6.67,0.4549,0.0163,1.81,Ranking,True,WARNING
MON-002762,2026-02-28,20:00,RECOMMENDATION_ENGINE_V2,v1.2,0.811,0.8252,0.7826,0.8035,0.8542,2201,22.16,0.4811,0.5527,1.22,Ranking,True,WARNING
MON-002763,2026-03-01,08:00,RECOMMENDATION_ENGINE_V2,v4.1,0.7985,0.784,0.7908,0.7842,0.862,6030,26.23,0.3757,0.2439,2.31,Ranking,True,WARNING
MON-002764,2026-03-01,20:00,RECOMMENDATION_ENGINE_V2,v1.3,0.7801,0.7793,0.7879,0.7666,0.843,1027,12.72,0.4528,0.0261,3.85,Ranking,True,WARNING
MON-002765,2026-03-02,08:00,RECOMMENDATION_ENGINE_V2,v2.2,0.7629,0.7422,0.7649,0.7418,0.8071,4789,9.78,0.553,0.4758,0.53,Ranking,True,WARNING
MON-002766,2026-03-02,20:00,RECOMMENDATION_ENGINE_V2,v3.2,0.8114,0.8048,0.8255,0.7935,0.8639,4125,19.9,0.1609,0.2068,5.35,Ranking,False,OK
MON-002767,2026-03-03,08:00,RECOMMENDATION_ENGINE_V2,v4.0,0.7705,0.7657,0.774,0.7492,0.8264,10502,31.57,0.5319,0.0461,0.46,Ranking,True,WARNING
MON-002768,2026-03-03,20:00,RECOMMENDATION_ENGINE_V2,v3.0,0.822,0.8264,0.8318,0.813,0.8911,3583,12.46,0.0655,0.0544,5.23,Ranking,False,OK
MON-002769,2026-03-04,08:00,RECOMMENDATION_ENGINE_V2,v1.1,0.8093,0.7936,0.8043,0.7934,0.8588,1247,11.8,0.2105,0.2189,1.5,Ranking,False,OK
MON-002770,2026-03-04,20:00,RECOMMENDATION_ENGINE_V2,v3.9,0.8472,0.8638,0.8522,0.8364,0.8963,11179,14.72,0.1403,0.2188,0.0,Ranking,False,OK
MON-002771,2026-03-05,08:00,RECOMMENDATION_ENGINE_V2,v1.4,0.795,0.8133,0.7797,0.776,0.8526,2275,25.2,0.6047,0.0951,2.63,Ranking,True,WARNING
MON-002772,2026-03-05,20:00,RECOMMENDATION_ENGINE_V2,v2.5,0.8414,0.8429,0.8544,0.8421,0.8841,1973,13.89,0.359,0.1843,2.03,Ranking,True,WARNING
MON-002773,2026-03-06,08:00,RECOMMENDATION_ENGINE_V2,v2.7,0.8009,0.7876,0.8049,0.7842,0.8509,3362,43.28,0.0858,0.0269,0.18,Ranking,False,OK
MON-002774,2026-03-06,20:00,RECOMMENDATION_ENGINE_V2,v2.3,0.8252,0.811,0.807,0.8122,0.8536,9958,16.03,0.4705,0.2162,4.47,Ranking,True,WARNING
MON-002775,2026-03-07,08:00,RECOMMENDATION_ENGINE_V2,v4.7,0.8176,0.8185,0.8141,0.8069,0.8909,8596,15.24,0.4839,0.1331,0.94,Ranking,True,WARNING
MON-002776,2026-03-07,20:00,RECOMMENDATION_ENGINE_V2,v4.3,0.7699,0.762,0.8075,0.7464,0.8361,5286,20.73,0.2993,0.2525,8.82,Ranking,True,WARNING
MON-002777,2026-03-08,08:00,RECOMMENDATION_ENGINE_V2,v1.2,0.8705,0.8833,0.8676,0.8497,0.9204,7238,33.03,0.1799,0.388,1.61,Ranking,False,OK
MON-002778,2026-03-08,20:00,RECOMMENDATION_ENGINE_V2,v4.8,0.839,0.8356,0.8343,0.8278,0.8797,4519,27.1,0.5931,0.6132,1.84,Ranking,True,WARNING
MON-002779,2026-03-09,08:00,RECOMMENDATION_ENGINE_V2,v1.2,0.8145,0.8191,0.8031,0.7832,0.8548,1182,7.97,0.1527,0.0727,2.07,Ranking,False,OK
MON-002780,2026-03-09,20:00,RECOMMENDATION_ENGINE_V2,v2.8,0.8331,0.8326,0.817,0.8207,0.889,7678,25.87,0.0248,0.2553,3.97,Ranking,False,OK
MON-002781,2026-03-10,08:00,RECOMMENDATION_ENGINE_V2,v2.1,0.812,0.8066,0.7974,0.782,0.853,252,33.24,0.1608,0.1602,0.17,Ranking,False,OK
MON-002782,2026-03-10,20:00,RECOMMENDATION_ENGINE_V2,v4.8,0.8243,0.8167,0.8545,0.7932,0.8622,2907,34.78,0.0655,0.1267,1.46,Ranking,False,OK
MON-002783,2026-03-11,08:00,RECOMMENDATION_ENGINE_V2,v1.9,0.8097,0.7982,0.8151,0.7827,0.846,3121,42.41,0.4332,0.1185,0.17,Ranking,True,WARNING
MON-002784,2026-03-11,20:00,RECOMMENDATION_ENGINE_V2,v2.3,0.7857,0.7819,0.7645,0.7745,0.8368,26066,61.84,0.2362,0.1574,0.73,Ranking,True,WARNING
MON-002785,2026-03-12,08:00,RECOMMENDATION_ENGINE_V2,v4.5,0.8045,0.8051,0.8047,0.8143,0.8569,1124,21.1,0.1447,0.1844,7.3,Ranking,False,OK
MON-002786,2026-03-12,20:00,RECOMMENDATION_ENGINE_V2,v2.4,0.796,0.7983,0.8114,0.7676,0.8655,8088,17.01,0.0307,0.1327,1.03,Ranking,True,WARNING
MON-002787,2026-03-13,08:00,RECOMMENDATION_ENGINE_V2,v4.0,0.8191,0.8194,0.8255,0.8034,0.8625,3697,13.39,0.6246,0.168,0.32,Ranking,True,WARNING
MON-002788,2026-03-13,20:00,RECOMMENDATION_ENGINE_V2,v4.0,0.7854,0.7834,0.7647,0.7793,0.841,2116,11.07,0.1622,0.128,0.57,Ranking,True,WARNING
MON-002789,2026-03-14,08:00,RECOMMENDATION_ENGINE_V2,v3.6,0.8094,0.7906,0.8191,0.7982,0.8524,457,15.99,0.2155,0.3727,9.16,Ranking,False,OK
MON-002790,2026-03-14,20:00,RECOMMENDATION_ENGINE_V2,v1.3,0.7782,0.7898,0.7787,0.756,0.8196,3685,15.49,0.1346,0.2207,1.45,Ranking,True,WARNING
MON-002791,2026-03-15,08:00,RECOMMENDATION_ENGINE_V2,v3.6,0.8218,0.8065,0.825,0.8121,0.8763,3742,11.83,0.2183,0.1794,2.68,Ranking,False,OK
MON-002792,2026-03-15,20:00,RECOMMENDATION_ENGINE_V2,v4.9,0.782,0.7871,0.8098,0.7613,0.8422,2311,22.47,0.2809,0.1715,3.17,Ranking,True,WARNING
MON-002793,2026-03-16,08:00,RECOMMENDATION_ENGINE_V2,v2.2,0.8184,0.8308,0.8181,0.8007,0.8668,15430,19.59,0.3995,0.1178,1.97,Ranking,True,WARNING
MON-002794,2026-03-16,20:00,RECOMMENDATION_ENGINE_V2,v4.9,0.8087,0.8207,0.7982,0.7838,0.8458,9303,20.88,0.1707,0.0969,1.98,Ranking,False,OK
MON-002795,2026-03-17,08:00,RECOMMENDATION_ENGINE_V2,v4.2,0.8272,0.8352,0.8012,0.8212,0.885,2509,12.29,0.1342,0.4132,1.19,Ranking,False,OK
MON-002796,2026-03-17,20:00,RECOMMENDATION_ENGINE_V2,v2.9,0.8033,0.804,0.7929,0.7901,0.8586,9024,24.97,0.3022,0.0897,0.2,Ranking,True,WARNING
MON-002797,2026-03-18,08:00,RECOMMENDATION_ENGINE_V2,v3.7,0.8226,0.8135,0.8113,0.8033,0.8788,10979,14.42,0.3946,0.4201,2.66,Ranking,True,WARNING
MON-002798,2026-03-18,20:00,RECOMMENDATION_ENGINE_V2,v1.6,0.8093,0.7953,0.7807,0.7963,0.8771,1547,41.95,0.5689,0.1848,0.65,Ranking,True,WARNING
MON-002799,2026-03-19,08:00,RECOMMENDATION_ENGINE_V2,v1.6,0.8148,0.8152,0.8249,0.7994,0.8562,1066,6.7,0.2344,0.3369,0.09,Ranking,False,OK
MON-002800,2026-03-19,20:00,RECOMMENDATION_ENGINE_V2,v1.8,0.7704,0.7636,0.778,0.758,0.828,887,15.13,0.1695,0.1075,3.96,Ranking,True,WARNING
MON-002801,2025-09-01,08:00,CREDIT_LIMIT_OPTIMIZER_V1,v1.2,0.7934,0.7882,0.793,0.7851,0.8498,8220,25.68,0.2671,0.3766,5.75,Regression,True,WARNING
MON-002802,2025-09-01,20:00,CREDIT_LIMIT_OPTIMIZER_V1,v1.5,0.803,0.8099,0.788,0.79,0.8528,2124,10.42,0.4092,0.3033,5.18,Regression,True,WARNING
MON-002803,2025-09-02,08:00,CREDIT_LIMIT_OPTIMIZER_V1,v3.6,0.8336,0.8318,0.8374,0.8089,0.8844,1451,38.76,0.239,0.2295,1.26,Regression,False,OK
MON-002804,2025-09-02,20:00,CREDIT_LIMIT_OPTIMIZER_V1,v3.7,0.8131,0.8056,0.8225,0.7798,0.8675,7806,33.42,0.3517,0.202,2.82,Regression,True,WARNING
MON-002805,2025-09-03,08:00,CREDIT_LIMIT_OPTIMIZER_V1,v3.4,0.7718,0.8017,0.7983,0.7638,0.8281,2179,46.91,0.0298,0.2131,1.79,Regression,True,WARNING
MON-002806,2025-09-03,20:00,CREDIT_LIMIT_OPTIMIZER_V1,v3.4,0.8149,0.8115,0.8201,0.7931,0.857,1052,38.13,0.273,0.4417,0.43,Regression,False,OK
MON-002807,2025-09-04,08:00,CREDIT_LIMIT_OPTIMIZER_V1,v4.8,0.7886,0.7964,0.7955,0.7838,0.8483,13321,28.9,0.5162,0.0905,0.85,Regression,True,WARNING
MON-002808,2025-09-04,20:00,CREDIT_LIMIT_OPTIMIZER_V1,v4.6,0.7098,0.7167,0.7123,0.6812,0.7654,8586,21.53,0.3252,0.1746,0.1,Regression,True,CRITICAL
MON-002809,2025-09-05,08:00,CREDIT_LIMIT_OPTIMIZER_V1,v2.7,0.8049,0.8008,0.802,0.7798,0.849,1575,11.0,0.2627,0.1832,1.66,Regression,False,OK
MON-002810,2025-09-05,20:00,CREDIT_LIMIT_OPTIMIZER_V1,v3.1,0.7273,0.7203,0.739,0.7115,0.7815,1390,39.42,0.5752,0.15,0.63,Regression,True,CRITICAL
MON-002811,2025-09-06,08:00,CREDIT_LIMIT_OPTIMIZER_V1,v4.5,0.7905,0.7742,0.7897,0.7758,0.8454,2500,14.5,0.1006,0.2386,0.16,Regression,True,WARNING
MON-002812,2025-09-06,20:00,CREDIT_LIMIT_OPTIMIZER_V1,v1.4,0.7711,0.7736,0.7689,0.765,0.8257,5758,17.97,0.5231,0.0611,4.01,Regression,True,WARNING
MON-002813,2025-09-07,08:00,CREDIT_LIMIT_OPTIMIZER_V1,v3.4,0.8025,0.8029,0.797,0.7967,0.8523,9309,16.48,0.1935,0.0597,1.41,Regression,False,OK
MON-002814,2025-09-07,20:00,CREDIT_LIMIT_OPTIMIZER_V1,v3.9,0.8016,0.7894,0.7971,0.785,0.8423,1010,15.27,0.0935,0.2308,0.09,Regression,False,OK
MON-002815,2025-09-08,08:00,CREDIT_LIMIT_OPTIMIZER_V1,v2.5,0.8347,0.8474,0.8397,0.8254,0.8764,585,35.71,0.4084,0.2986,1.34,Regression,True,WARNING
MON-002816,2025-09-08,20:00,CREDIT_LIMIT_OPTIMIZER_V1,v3.3,0.8069,0.8131,0.8162,0.7727,0.8735,2424,31.56,0.2392,0.2955,1.3,Regression,False,OK
MON-002817,2025-09-09,08:00,CREDIT_LIMIT_OPTIMIZER_V1,v2.5,0.8296,0.8298,0.8188,0.8097,0.8803,1015,26.0,0.4884,0.1674,0.74,Regression,True,WARNING
MON-002818,2025-09-09,20:00,CREDIT_LIMIT_OPTIMIZER_V1,v3.3,0.8483,0.8446,0.8515,0.8392,0.9082,2265,20.15,0.4699,0.2048,0.65,Regression,True,WARNING
MON-002819,2025-09-10,08:00,CREDIT_LIMIT_OPTIMIZER_V1,v3.8,0.7838,0.7817,0.7704,0.7688,0.8347,1631,8.57,0.0883,0.1498,3.37,Regression,True,WARNING
MON-002820,2025-09-10,20:00,CREDIT_LIMIT_OPTIMIZER_V1,v4.4,0.8354,0.8235,0.8448,0.8329,0.8749,584,19.36,0.3608,0.1563,2.39,Regression,True,WARNING
MON-002821,2025-09-11,08:00,CREDIT_LIMIT_OPTIMIZER_V1,v3.9,0.8246,0.8185,0.8466,0.7989,0.8803,16275,39.15,0.3082,0.2458,6.91,Regression,True,WARNING
MON-002822,2025-09-11,20:00,CREDIT_LIMIT_OPTIMIZER_V1,v4.3,0.7615,0.7688,0.7698,0.7551,0.8125,3382,15.69,0.6049,0.317,1.95,Regression,True,WARNING
MON-002823,2025-09-12,08:00,CREDIT_LIMIT_OPTIMIZER_V1,v2.4,0.8021,0.8005,0.7974,0.7813,0.8614,7132,15.17,0.3138,0.0399,0.15,Regression,True,WARNING
MON-002824,2025-09-12,20:00,CREDIT_LIMIT_OPTIMIZER_V1,v2.5,0.82,0.8414,0.8354,0.8084,0.8682,331,30.83,0.3298,0.356,0.39,Regression,True,WARNING
MON-002825,2025-09-13,08:00,CREDIT_LIMIT_OPTIMIZER_V1,v3.3,0.8126,0.8066,0.7941,0.7879,0.8575,1424,19.8,0.1283,0.161,2.65,Regression,False,OK
MON-002826,2025-09-13,20:00,CREDIT_LIMIT_OPTIMIZER_V1,v4.9,0.839,0.8381,0.8435,0.8236,0.8698,1513,37.25,0.6271,0.2568,2.7,Regression,True,WARNING
MON-002827,2025-09-14,08:00,CREDIT_LIMIT_OPTIMIZER_V1,v2.1,0.8176,0.8224,0.86,0.8099,0.8751,8090,12.98,0.5034,0.3715,3.99,Regression,True,WARNING
MON-002828,2025-09-14,20:00,CREDIT_LIMIT_OPTIMIZER_V1,v3.3,0.7772,0.7834,0.764,0.7693,0.8306,16383,22.21,0.2642,0.0729,7.02,Regression,True,WARNING
MON-002829,2025-09-15,08:00,CREDIT_LIMIT_OPTIMIZER_V1,v2.9,0.8217,0.8191,0.8168,0.8064,0.8661,908,23.63,0.3693,0.1267,1.25,Regression,True,WARNING
MON-002830,2025-09-15,20:00,CREDIT_LIMIT_OPTIMIZER_V1,v3.2,0.7829,0.7759,0.7796,0.7753,0.8374,3501,19.27,0.3294,0.2932,2.05,Regression,True,WARNING
MON-002831,2025-09-16,08:00,CREDIT_LIMIT_OPTIMIZER_V1,v4.5,0.7947,0.7918,0.7779,0.7851,0.8346,10828,39.31,0.2791,0.0647,0.39,Regression,True,WARNING
MON-002832,2025-09-16,20:00,CREDIT_LIMIT_OPTIMIZER_V1,v2.6,0.8277,0.832,0.8165,0.8082,0.8982,1505,20.52,0.2572,0.0727,2.05,Regression,False,OK
MON-002833,2025-09-17,08:00,CREDIT_LIMIT_OPTIMIZER_V1,v4.4,0.8254,0.8228,0.8259,0.8108,0.8574,1374,28.33,0.3849,0.0452,3.76,Regression,True,WARNING
MON-002834,2025-09-17,20:00,CREDIT_LIMIT_OPTIMIZER_V1,v4.8,0.8065,0.8308,0.8306,0.799,0.8518,4998,19.39,0.2583,0.1746,0.95,Regression,False,OK
MON-002835,2025-09-18,08:00,CREDIT_LIMIT_OPTIMIZER_V1,v3.2,0.7912,0.7883,0.7984,0.7936,0.8381,601,19.9,0.2349,0.0771,3.26,Regression,True,WARNING
MON-002836,2025-09-18,20:00,CREDIT_LIMIT_OPTIMIZER_V1,v3.9,0.8017,0.8042,0.8185,0.7911,0.8484,386,24.0,0.2914,0.2555,1.25,Regression,False,OK
MON-002837,2025-09-19,08:00,CREDIT_LIMIT_OPTIMIZER_V1,v1.4,0.8034,0.8038,0.816,0.7761,0.8526,133,12.6,0.3686,0.1392,0.18,Regression,True,WARNING
MON-002838,2025-09-19,20:00,CREDIT_LIMIT_OPTIMIZER_V1,v1.6,0.7943,0.7922,0.7995,0.7824,0.8441,5922,14.98,0.3769,0.1324,0.9,Regression,True,WARNING
MON-002839,2025-09-20,08:00,CREDIT_LIMIT_OPTIMIZER_V1,v4.0,0.8284,0.8371,0.8015,0.8299,0.8799,11708,18.86,0.3088,0.6085,0.72,Regression,True,WARNING
MON-002840,2025-09-20,20:00,CREDIT_LIMIT_OPTIMIZER_V1,v1.3,0.7973,0.7872,0.8215,0.775,0.8442,3003,20.57,0.4082,0.2494,2.18,Regression,True,WARNING
MON-002841,2025-09-21,08:00,CREDIT_LIMIT_OPTIMIZER_V1,v3.7,0.8004,0.8241,0.8158,0.7715,0.8424,8193,19.94,0.3106,0.2952,0.59,Regression,True,WARNING
MON-002842,2025-09-21,20:00,CREDIT_LIMIT_OPTIMIZER_V1,v4.8,0.8009,0.7941,0.8052,0.7899,0.8534,347,8.42,0.0711,0.2585,7.96,Regression,False,OK
MON-002843,2025-09-22,08:00,CREDIT_LIMIT_OPTIMIZER_V1,v3.8,0.8195,0.8243,0.8003,0.8037,0.8893,5415,33.27,0.2293,0.2372,1.11,Regression,False,OK
MON-002844,2025-09-22,20:00,CREDIT_LIMIT_OPTIMIZER_V1,v4.3,0.8107,0.8128,0.7888,0.7953,0.8482,3443,19.56,0.4812,0.2475,0.43,Regression,True,WARNING
MON-002845,2025-09-23,08:00,CREDIT_LIMIT_OPTIMIZER_V1,v3.0,0.8099,0.8097,0.7919,0.7918,0.8556,1249,10.45,0.4733,0.0429,0.19,Regression,True,WARNING
MON-002846,2025-09-23,20:00,CREDIT_LIMIT_OPTIMIZER_V1,v4.7,0.7867,0.7999,0.7764,0.7655,0.8422,4290,16.45,0.148,0.147,4.97,Regression,True,WARNING
MON-002847,2025-09-24,08:00,CREDIT_LIMIT_OPTIMIZER_V1,v1.7,0.8102,0.8297,0.8157,0.787,0.8737,17909,44.28,0.1227,0.1644,6.28,Regression,False,OK
MON-002848,2025-09-24,20:00,CREDIT_LIMIT_OPTIMIZER_V1,v4.6,0.8204,0.8126,0.8167,0.8069,0.9036,7428,14.51,0.6751,0.2768,1.43,Regression,True,WARNING
MON-002849,2025-09-25,08:00,CREDIT_LIMIT_OPTIMIZER_V1,v3.1,0.7986,0.791,0.8,0.7896,0.8603,1623,53.92,0.5226,0.0614,0.5,Regression,True,WARNING
MON-002850,2025-09-25,20:00,CREDIT_LIMIT_OPTIMIZER_V1,v2.2,0.8084,0.8138,0.8167,0.7887,0.8509,1630,16.31,0.4453,0.1059,0.1,Regression,True,WARNING
MON-002851,2025-09-26,08:00,CREDIT_LIMIT_OPTIMIZER_V1,v1.5,0.8239,0.8234,0.8435,0.8202,0.8827,4541,43.92,0.1245,0.3184,2.12,Regression,False,OK
MON-002852,2025-09-26,20:00,CREDIT_LIMIT_OPTIMIZER_V1,v1.0,0.7894,0.7844,0.78,0.774,0.8432,5406,38.31,0.2447,0.2856,6.54,Regression,True,WARNING
MON-002853,2025-09-27,08:00,CREDIT_LIMIT_OPTIMIZER_V1,v1.4,0.7897,0.7868,0.7647,0.7814,0.83,1346,21.59,0.4256,0.2064,1.97,Regression,True,WARNING
MON-002854,2025-09-27,20:00,CREDIT_LIMIT_OPTIMIZER_V1,v1.8,0.803,0.798,0.791,0.7828,0.8486,17771,10.75,0.0911,0.1525,0.28,Regression,False,OK
MON-002855,2025-09-28,08:00,CREDIT_LIMIT_OPTIMIZER_V1,v3.2,0.821,0.8098,0.83,0.806,0.8528,2814,13.07,0.4204,0.12,5.28,Regression,True,WARNING
MON-002856,2025-09-28,20:00,CREDIT_LIMIT_OPTIMIZER_V1,v1.6,0.7457,0.7485,0.7583,0.7343,0.7785,9309,17.55,0.428,0.0597,0.15,Regression,True,CRITICAL
MON-002857,2025-09-29,08:00,CREDIT_LIMIT_OPTIMIZER_V1,v2.0,0.8014,0.802,0.8143,0.7844,0.8446,2126,23.87,0.4169,0.2051,1.53,Regression,True,WARNING
MON-002858,2025-09-29,20:00,CREDIT_LIMIT_OPTIMIZER_V1,v1.0,0.7913,0.7867,0.7808,0.764,0.8426,26620,12.91,0.1073,0.1543,1.45,Regression,True,WARNING
MON-002859,2025-09-30,08:00,CREDIT_LIMIT_OPTIMIZER_V1,v1.5,0.8125,0.7934,0.8174,0.8087,0.8728,4287,8.78,0.5353,0.0959,3.15,Regression,True,WARNING
MON-002860,2025-09-30,20:00,CREDIT_LIMIT_OPTIMIZER_V1,v3.4,0.6867,0.6834,0.7095,0.6716,0.7334,474,19.75,0.2907,0.0493,0.56,Regression,True,CRITICAL
MON-002861,2025-10-01,08:00,CREDIT_LIMIT_OPTIMIZER_V1,v4.3,0.8282,0.8478,0.8394,0.7919,0.8693,1262,12.62,0.4782,0.2091,6.33,Regression,True,WARNING
MON-002862,2025-10-01,20:00,CREDIT_LIMIT_OPTIMIZER_V1,v2.3,0.8183,0.8149,0.7919,0.7973,0.8878,4764,13.89,0.3615,0.1865,10.6,Regression,True,WARNING
MON-002863,2025-10-02,08:00,CREDIT_LIMIT_OPTIMIZER_V1,v3.8,0.8007,0.7977,0.8,0.8003,0.8396,13690,14.33,0.5755,0.0509,3.65,Regression,True,WARNING
MON-002864,2025-10-02,20:00,CREDIT_LIMIT_OPTIMIZER_V1,v3.3,0.7849,0.7801,0.7798,0.781,0.8253,3532,20.8,0.043,0.0888,1.39,Regression,True,WARNING
MON-002865,2025-10-03,08:00,CREDIT_LIMIT_OPTIMIZER_V1,v2.0,0.8122,0.8184,0.7898,0.7987,0.8577,879,27.69,0.047,0.1031,0.01,Regression,False,OK
MON-002866,2025-10-03,20:00,CREDIT_LIMIT_OPTIMIZER_V1,v3.3,0.7992,0.81,0.8213,0.7916,0.8648,2733,41.65,0.4053,0.0821,8.47,Regression,True,WARNING
MON-002867,2025-10-04,08:00,CREDIT_LIMIT_OPTIMIZER_V1,v2.6,0.8011,0.7946,0.7803,0.799,0.8583,4369,10.47,0.2254,0.2343,1.74,Regression,False,OK
MON-002868,2025-10-04,20:00,CREDIT_LIMIT_OPTIMIZER_V1,v2.8,0.7819,0.7669,0.7804,0.7674,0.8261,6723,15.4,0.1981,0.1483,0.16,Regression,True,WARNING
MON-002869,2025-10-05,08:00,CREDIT_LIMIT_OPTIMIZER_V1,v1.2,0.8082,0.8048,0.8278,0.8025,0.8564,12532,27.12,0.4958,0.2881,1.81,Regression,True,WARNING
MON-002870,2025-10-05,20:00,CREDIT_LIMIT_OPTIMIZER_V1,v1.9,0.795,0.7898,0.7819,0.7713,0.844,10454,20.57,0.2291,0.3483,4.76,Regression,True,WARNING
MON-002871,2025-10-06,08:00,CREDIT_LIMIT_OPTIMIZER_V1,v3.7,0.797,0.7949,0.7965,0.7706,0.8296,2837,12.01,0.329,0.124,1.04,Regression,True,WARNING
MON-002872,2025-10-06,20:00,CREDIT_LIMIT_OPTIMIZER_V1,v1.1,0.7328,0.7447,0.7401,0.7183,0.7866,578,32.63,0.1092,0.2274,2.45,Regression,True,CRITICAL
MON-002873,2025-10-07,08:00,CREDIT_LIMIT_OPTIMIZER_V1,v2.6,0.8058,0.7955,0.7938,0.7969,0.8558,7675,20.37,0.3352,0.2673,1.04,Regression,True,WARNING
MON-002874,2025-10-07,20:00,CREDIT_LIMIT_OPTIMIZER_V1,v2.3,0.7861,0.7903,0.7774,0.7827,0.8341,1819,46.97,0.437,0.1631,1.15,Regression,True,WARNING
MON-002875,2025-10-08,08:00,CREDIT_LIMIT_OPTIMIZER_V1,v4.9,0.8154,0.8197,0.8199,0.7981,0.8683,14913,21.45,0.4011,0.1987,0.67,Regression,True,WARNING
MON-002876,2025-10-08,20:00,CREDIT_LIMIT_OPTIMIZER_V1,v2.2,0.8065,0.8115,0.816,0.7823,0.8643,5754,15.6,0.1452,0.1506,1.59,Regression,False,OK
MON-002877,2025-10-09,08:00,CREDIT_LIMIT_OPTIMIZER_V1,v2.4,0.7757,0.7826,0.7875,0.7813,0.8253,2404,15.74,0.581,0.3774,2.22,Regression,True,WARNING
MON-002878,2025-10-09,20:00,CREDIT_LIMIT_OPTIMIZER_V1,v1.0,0.803,0.7841,0.7885,0.785,0.8514,24770,9.79,0.2014,0.0818,1.13,Regression,False,OK
MON-002879,2025-10-10,08:00,CREDIT_LIMIT_OPTIMIZER_V1,v2.4,0.8093,0.8154,0.785,0.7833,0.8672,4736,40.96,0.3901,0.2668,1.06,Regression,True,WARNING
MON-002880,2025-10-10,20:00,CREDIT_LIMIT_OPTIMIZER_V1,v4.9,0.8467,0.8466,0.8595,0.8355,0.8851,10132,19.08,0.5071,0.131,6.8,Regression,True,WARNING
MON-002881,2025-10-11,08:00,CREDIT_LIMIT_OPTIMIZER_V1,v4.7,0.817,0.8101,0.8357,0.8337,0.8542,1417,8.11,0.151,0.0499,0.56,Regression,False,OK
MON-002882,2025-10-11,20:00,CREDIT_LIMIT_OPTIMIZER_V1,v2.3,0.7791,0.7957,0.8181,0.7645,0.8275,1129,31.63,0.0839,0.3155,1.13,Regression,True,WARNING
MON-002883,2025-10-12,08:00,CREDIT_LIMIT_OPTIMIZER_V1,v1.1,0.8438,0.8527,0.8907,0.8277,0.9013,337,11.69,0.3534,0.2117,1.32,Regression,True,WARNING
MON-002884,2025-10-12,20:00,CREDIT_LIMIT_OPTIMIZER_V1,v4.7,0.7994,0.7913,0.8259,0.7909,0.8487,7428,26.48,0.2323,0.0204,0.3,Regression,True,WARNING
MON-002885,2025-10-13,08:00,CREDIT_LIMIT_OPTIMIZER_V1,v4.2,0.7993,0.7946,0.7838,0.7925,0.8595,2192,15.75,0.1495,0.3123,1.58,Regression,True,WARNING
MON-002886,2025-10-13,20:00,CREDIT_LIMIT_OPTIMIZER_V1,v4.9,0.8437,0.8545,0.8409,0.8154,0.8913,30553,26.13,0.1192,0.3872,0.91,Regression,False,OK
MON-002887,2025-10-14,08:00,CREDIT_LIMIT_OPTIMIZER_V1,v4.0,0.7923,0.792,0.802,0.7911,0.8585,4032,9.98,0.3403,0.1662,1.92,Regression,True,WARNING
MON-002888,2025-10-14,20:00,CREDIT_LIMIT_OPTIMIZER_V1,v3.3,0.8017,0.7888,0.8087,0.7845,0.8502,4064,23.08,0.1699,0.1891,1.58,Regression,False,OK
MON-002889,2025-10-15,08:00,CREDIT_LIMIT_OPTIMIZER_V1,v4.6,0.7722,0.7898,0.7697,0.7574,0.8291,11839,13.48,0.2321,0.6474,0.28,Regression,True,WARNING
MON-002890,2025-10-15,20:00,CREDIT_LIMIT_OPTIMIZER_V1,v3.5,0.8041,0.8016,0.8239,0.7769,0.8615,2444,8.19,0.4165,0.2263,1.03,Regression,True,WARNING
MON-002891,2025-10-16,08:00,CREDIT_LIMIT_OPTIMIZER_V1,v1.7,0.8018,0.8021,0.7943,0.7826,0.8563,1833,27.06,0.1931,0.4231,0.21,Regression,False,OK
MON-002892,2025-10-16,20:00,CREDIT_LIMIT_OPTIMIZER_V1,v4.7,0.7969,0.8014,0.8002,0.7949,0.8482,912,18.34,0.479,0.5258,0.51,Regression,True,WARNING
MON-002893,2025-10-17,08:00,CREDIT_LIMIT_OPTIMIZER_V1,v2.5,0.808,0.7996,0.8091,0.803,0.8559,3171,14.73,0.2583,0.0486,0.07,Regression,False,OK
MON-002894,2025-10-17,20:00,CREDIT_LIMIT_OPTIMIZER_V1,v2.1,0.7884,0.8014,0.7956,0.7771,0.8428,4378,15.37,0.5551,0.0683,0.84,Regression,True,WARNING
MON-002895,2025-10-18,08:00,CREDIT_LIMIT_OPTIMIZER_V1,v4.2,0.8341,0.8248,0.8423,0.7932,0.8947,1770,27.85,0.0467,0.1894,2.74,Regression,False,OK
MON-002896,2025-10-18,20:00,CREDIT_LIMIT_OPTIMIZER_V1,v4.3,0.8051,0.8075,0.7922,0.782,0.8676,12218,20.34,0.3938,0.2978,0.49,Regression,True,WARNING
MON-002897,2025-10-19,08:00,CREDIT_LIMIT_OPTIMIZER_V1,v2.5,0.7893,0.7841,0.7473,0.7778,0.8329,421,26.87,0.1441,0.5066,4.03,Regression,True,WARNING
MON-002898,2025-10-19,20:00,CREDIT_LIMIT_OPTIMIZER_V1,v3.6,0.7769,0.7875,0.7699,0.7571,0.8187,6558,20.13,0.3422,0.1215,1.41,Regression,True,WARNING
MON-002899,2025-10-20,08:00,CREDIT_LIMIT_OPTIMIZER_V1,v3.3,0.8057,0.8113,0.8094,0.796,0.8447,1041,32.82,0.1201,0.2906,1.71,Regression,False,OK
MON-002900,2025-10-20,20:00,CREDIT_LIMIT_OPTIMIZER_V1,v3.3,0.8231,0.8213,0.8305,0.8144,0.8607,6738,9.97,0.0493,0.006,1.95,Regression,False,OK
MON-002901,2025-10-21,08:00,CREDIT_LIMIT_OPTIMIZER_V1,v4.9,0.8118,0.7963,0.8026,0.8093,0.8661,3420,9.68,0.2455,0.4484,0.72,Regression,False,OK
MON-002902,2025-10-21,20:00,CREDIT_LIMIT_OPTIMIZER_V1,v4.0,0.8444,0.8481,0.8487,0.8098,0.9003,3461,26.06,0.4323,0.3291,0.21,Regression,True,WARNING
MON-002903,2025-10-22,08:00,CREDIT_LIMIT_OPTIMIZER_V1,v2.1,0.8448,0.8462,0.8488,0.8243,0.9074,5239,33.05,0.3908,0.1457,3.78,Regression,True,WARNING
MON-002904,2025-10-22,20:00,CREDIT_LIMIT_OPTIMIZER_V1,v4.0,0.779,0.7636,0.7691,0.7559,0.8296,6569,25.63,0.3502,0.0924,2.36,Regression,True,WARNING
MON-002905,2025-10-23,08:00,CREDIT_LIMIT_OPTIMIZER_V1,v4.9,0.7748,0.7768,0.7723,0.7538,0.8214,2243,35.21,0.234,0.2431,0.98,Regression,True,WARNING
MON-002906,2025-10-23,20:00,CREDIT_LIMIT_OPTIMIZER_V1,v3.5,0.7892,0.7958,0.7712,0.7726,0.8581,4305,31.86,0.4382,0.0183,0.73,Regression,True,WARNING
MON-002907,2025-10-24,08:00,CREDIT_LIMIT_OPTIMIZER_V1,v4.0,0.8187,0.8193,0.7893,0.8047,0.8657,6127,23.24,0.2325,0.4349,3.01,Regression,False,OK
MON-002908,2025-10-24,20:00,CREDIT_LIMIT_OPTIMIZER_V1,v4.6,0.8124,0.8074,0.8307,0.8026,0.8491,14279,7.69,0.1745,0.1542,0.29,Regression,False,OK
MON-002909,2025-10-25,08:00,CREDIT_LIMIT_OPTIMIZER_V1,v4.6,0.8248,0.8385,0.8278,0.8007,0.8681,5009,18.88,0.2642,0.1256,3.73,Regression,False,OK
MON-002910,2025-10-25,20:00,CREDIT_LIMIT_OPTIMIZER_V1,v1.6,0.7838,0.8021,0.7787,0.765,0.8246,2050,16.44,0.1151,0.1913,4.96,Regression,True,WARNING
MON-002911,2025-10-26,08:00,CREDIT_LIMIT_OPTIMIZER_V1,v3.5,0.769,0.7579,0.7747,0.7549,0.8286,19563,26.19,0.4548,0.2131,1.99,Regression,True,WARNING
MON-002912,2025-10-26,20:00,CREDIT_LIMIT_OPTIMIZER_V1,v2.4,0.7927,0.803,0.7997,0.7775,0.8347,11004,26.81,0.2525,0.1291,0.67,Regression,True,WARNING
MON-002913,2025-10-27,08:00,CREDIT_LIMIT_OPTIMIZER_V1,v3.4,0.8162,0.8205,0.8465,0.7943,0.8808,8076,9.28,0.2137,0.0264,9.14,Regression,False,OK
MON-002914,2025-10-27,20:00,CREDIT_LIMIT_OPTIMIZER_V1,v4.2,0.8077,0.8016,0.8278,0.7855,0.8581,3982,10.67,0.6616,0.1622,0.34,Regression,True,WARNING
MON-002915,2025-10-28,08:00,CREDIT_LIMIT_OPTIMIZER_V1,v2.3,0.8294,0.8272,0.8346,0.8109,0.8821,2846,6.04,0.2882,0.1188,0.95,Regression,False,OK
MON-002916,2025-10-28,20:00,CREDIT_LIMIT_OPTIMIZER_V1,v2.0,0.7902,0.7885,0.8224,0.7599,0.8496,638,46.17,0.4944,0.2164,0.04,Regression,True,WARNING
MON-002917,2025-10-29,08:00,CREDIT_LIMIT_OPTIMIZER_V1,v4.5,0.8243,0.8348,0.823,0.7951,0.885,9976,26.4,0.5503,0.0091,1.25,Regression,True,WARNING
MON-002918,2025-10-29,20:00,CREDIT_LIMIT_OPTIMIZER_V1,v1.3,0.7923,0.7878,0.8105,0.7746,0.8395,138,16.12,0.3305,0.4231,0.1,Regression,True,WARNING
MON-002919,2025-10-30,08:00,CREDIT_LIMIT_OPTIMIZER_V1,v1.2,0.82,0.8016,0.812,0.8043,0.8811,3700,22.4,0.6525,0.1737,2.41,Regression,True,WARNING
MON-002920,2025-10-30,20:00,CREDIT_LIMIT_OPTIMIZER_V1,v1.9,0.8196,0.8175,0.8204,0.8147,0.8717,2242,24.05,0.2328,0.1717,0.77,Regression,False,OK
MON-002921,2025-10-31,08:00,CREDIT_LIMIT_OPTIMIZER_V1,v1.4,0.8359,0.8452,0.8459,0.8034,0.8905,5080,28.93,0.2297,0.2026,2.37,Regression,False,OK
MON-002922,2025-10-31,20:00,CREDIT_LIMIT_OPTIMIZER_V1,v1.8,0.7776,0.7894,0.7808,0.7663,0.8112,2309,7.46,0.4027,0.104,4.53,Regression,True,WARNING
MON-002923,2025-11-01,08:00,CREDIT_LIMIT_OPTIMIZER_V1,v3.7,0.832,0.8279,0.8364,0.8292,0.8888,3464,13.24,0.2122,0.145,1.25,Regression,False,OK
MON-002924,2025-11-01,20:00,CREDIT_LIMIT_OPTIMIZER_V1,v2.4,0.8132,0.818,0.817,0.7998,0.8534,1772,22.52,0.5059,0.0979,3.13,Regression,True,WARNING
MON-002925,2025-11-02,08:00,CREDIT_LIMIT_OPTIMIZER_V1,v2.6,0.7168,0.7289,0.7364,0.6959,0.7804,3399,20.45,0.2778,0.2899,5.37,Regression,True,CRITICAL
MON-002926,2025-11-02,20:00,CREDIT_LIMIT_OPTIMIZER_V1,v3.2,0.8016,0.8081,0.8031,0.7822,0.8727,1376,26.67,0.0742,0.2069,2.78,Regression,False,OK
MON-002927,2025-11-03,08:00,CREDIT_LIMIT_OPTIMIZER_V1,v2.6,0.8028,0.8235,0.7939,0.8046,0.8396,2862,10.37,0.1701,0.0182,0.0,Regression,False,OK
MON-002928,2025-11-03,20:00,CREDIT_LIMIT_OPTIMIZER_V1,v3.2,0.805,0.819,0.8043,0.8,0.8698,1304,17.36,0.4558,0.188,0.36,Regression,True,WARNING
MON-002929,2025-11-04,08:00,CREDIT_LIMIT_OPTIMIZER_V1,v1.3,0.7721,0.7678,0.7915,0.7503,0.8273,17610,19.37,0.2924,0.1184,4.17,Regression,True,WARNING
MON-002930,2025-11-04,20:00,CREDIT_LIMIT_OPTIMIZER_V1,v1.9,0.8091,0.8081,0.8219,0.7855,0.8538,613,27.36,0.3547,0.5139,0.59,Regression,True,WARNING
MON-002931,2025-11-05,08:00,CREDIT_LIMIT_OPTIMIZER_V1,v1.9,0.8072,0.8242,0.8056,0.7951,0.8407,1167,23.02,0.3628,0.0708,5.9,Regression,True,WARNING
MON-002932,2025-11-05,20:00,CREDIT_LIMIT_OPTIMIZER_V1,v2.4,0.791,0.7793,0.7794,0.7797,0.8096,2050,12.74,0.1011,0.1074,0.96,Regression,True,WARNING
MON-002933,2025-11-06,08:00,CREDIT_LIMIT_OPTIMIZER_V1,v4.6,0.8048,0.8042,0.7966,0.8026,0.8664,1831,34.92,0.4305,0.166,0.27,Regression,True,WARNING
MON-002934,2025-11-06,20:00,CREDIT_LIMIT_OPTIMIZER_V1,v2.3,0.8262,0.8453,0.826,0.8077,0.8886,6837,15.35,0.1429,0.1997,7.0,Regression,False,OK
MON-002935,2025-11-07,08:00,CREDIT_LIMIT_OPTIMIZER_V1,v1.3,0.7918,0.8122,0.7906,0.7613,0.8361,2984,12.46,0.5433,0.1873,0.3,Regression,True,WARNING
MON-002936,2025-11-07,20:00,CREDIT_LIMIT_OPTIMIZER_V1,v1.1,0.7813,0.7843,0.7704,0.763,0.8233,1392,21.22,0.2543,0.0994,0.08,Regression,True,WARNING
MON-002937,2025-11-08,08:00,CREDIT_LIMIT_OPTIMIZER_V1,v1.4,0.7897,0.773,0.8039,0.7691,0.8399,2060,13.28,0.7412,0.0488,1.3,Regression,True,WARNING
MON-002938,2025-11-08,20:00,CREDIT_LIMIT_OPTIMIZER_V1,v2.8,0.7624,0.7588,0.7538,0.7205,0.8116,5632,34.16,0.5445,0.189,1.85,Regression,True,WARNING
MON-002939,2025-11-09,08:00,CREDIT_LIMIT_OPTIMIZER_V1,v1.7,0.8399,0.8471,0.8263,0.8204,0.8996,329,40.41,0.101,0.0521,0.29,Regression,False,OK
MON-002940,2025-11-09,20:00,CREDIT_LIMIT_OPTIMIZER_V1,v3.2,0.7874,0.7795,0.7845,0.7811,0.8374,979,15.92,0.2436,0.1374,4.27,Regression,True,WARNING
MON-002941,2025-11-10,08:00,CREDIT_LIMIT_OPTIMIZER_V1,v2.8,0.8293,0.8528,0.8363,0.8201,0.8891,2121,12.64,0.1838,0.2316,3.19,Regression,False,OK
MON-002942,2025-11-10,20:00,CREDIT_LIMIT_OPTIMIZER_V1,v2.3,0.7792,0.7769,0.7654,0.7605,0.8224,3706,27.23,0.2398,0.1225,1.34,Regression,True,WARNING
MON-002943,2025-11-11,08:00,CREDIT_LIMIT_OPTIMIZER_V1,v1.5,0.7916,0.8049,0.7924,0.7716,0.8437,2862,20.79,0.2281,0.1665,0.79,Regression,True,WARNING
MON-002944,2025-11-11,20:00,CREDIT_LIMIT_OPTIMIZER_V1,v2.4,0.8053,0.8041,0.7988,0.7841,0.8621,3773,14.26,0.5221,0.08,1.34,Regression,True,WARNING
MON-002945,2025-11-12,08:00,CREDIT_LIMIT_OPTIMIZER_V1,v1.8,0.8169,0.82,0.812,0.7952,0.8636,2609,17.03,0.3761,0.0964,1.04,Regression,True,WARNING
MON-002946,2025-11-12,20:00,CREDIT_LIMIT_OPTIMIZER_V1,v1.6,0.8026,0.8026,0.8024,0.7944,0.8517,6106,19.25,0.2637,0.387,0.06,Regression,False,OK
MON-002947,2025-11-13,08:00,CREDIT_LIMIT_OPTIMIZER_V1,v2.2,0.7732,0.7675,0.782,0.771,0.8428,2221,9.15,0.5072,0.0046,3.68,Regression,True,WARNING
MON-002948,2025-11-13,20:00,CREDIT_LIMIT_OPTIMIZER_V1,v1.7,0.8028,0.7988,0.803,0.7942,0.8666,1416,31.47,0.3093,0.3775,1.16,Regression,True,WARNING
MON-002949,2025-11-14,08:00,CREDIT_LIMIT_OPTIMIZER_V1,v2.2,0.8291,0.8361,0.8684,0.8054,0.8673,868,12.69,0.1799,0.2584,1.24,Regression,False,OK
MON-002950,2025-11-14,20:00,CREDIT_LIMIT_OPTIMIZER_V1,v2.9,0.8104,0.8083,0.8208,0.7862,0.8634,2182,15.77,0.4127,0.0972,1.04,Regression,True,WARNING
MON-002951,2025-11-15,08:00,CREDIT_LIMIT_OPTIMIZER_V1,v3.9,0.8482,0.8438,0.8543,0.8456,0.8786,2584,20.97,0.1489,0.383,1.77,Regression,False,OK
MON-002952,2025-11-15,20:00,CREDIT_LIMIT_OPTIMIZER_V1,v3.7,0.8073,0.8134,0.8028,0.792,0.8619,2107,33.22,0.2689,0.0671,0.24,Regression,False,OK
MON-002953,2025-11-16,08:00,CREDIT_LIMIT_OPTIMIZER_V1,v2.7,0.8241,0.8394,0.8165,0.8004,0.8656,569,50.88,0.32,0.2752,0.45,Regression,True,WARNING
MON-002954,2025-11-16,20:00,CREDIT_LIMIT_OPTIMIZER_V1,v2.1,0.8143,0.8315,0.8295,0.799,0.8623,3888,17.48,0.4681,0.01,5.88,Regression,True,WARNING
MON-002955,2025-11-17,08:00,CREDIT_LIMIT_OPTIMIZER_V1,v2.2,0.7912,0.7812,0.7674,0.7622,0.847,2911,32.48,0.3804,0.0777,2.96,Regression,True,WARNING
MON-002956,2025-11-17,20:00,CREDIT_LIMIT_OPTIMIZER_V1,v1.1,0.8026,0.7948,0.8194,0.775,0.8553,5345,15.35,0.5039,0.3502,0.81,Regression,True,WARNING
MON-002957,2025-11-18,08:00,CREDIT_LIMIT_OPTIMIZER_V1,v4.2,0.8261,0.839,0.8435,0.8035,0.8679,2347,26.54,0.1599,0.327,1.27,Regression,False,OK
MON-002958,2025-11-18,20:00,CREDIT_LIMIT_OPTIMIZER_V1,v1.4,0.7968,0.7919,0.7951,0.7897,0.8335,1073,15.2,0.4073,0.2669,0.44,Regression,True,WARNING
MON-002959,2025-11-19,08:00,CREDIT_LIMIT_OPTIMIZER_V1,v4.8,0.8118,0.8094,0.8291,0.7927,0.8659,2655,8.72,0.2173,0.184,3.38,Regression,False,OK
MON-002960,2025-11-19,20:00,CREDIT_LIMIT_OPTIMIZER_V1,v4.6,0.7913,0.7778,0.787,0.7823,0.8342,19321,32.38,0.1071,0.1598,0.28,Regression,True,WARNING
MON-002961,2025-11-20,08:00,CREDIT_LIMIT_OPTIMIZER_V1,v4.8,0.8223,0.8295,0.8209,0.8076,0.8698,1446,14.09,0.2707,0.2226,2.09,Regression,False,OK
MON-002962,2025-11-20,20:00,CREDIT_LIMIT_OPTIMIZER_V1,v4.8,0.8054,0.8051,0.813,0.7758,0.8431,2186,22.52,0.3653,0.0667,0.14,Regression,True,WARNING
MON-002963,2025-11-21,08:00,CREDIT_LIMIT_OPTIMIZER_V1,v3.9,0.821,0.8316,0.8154,0.82,0.848,1193,8.9,0.1722,0.2594,0.24,Regression,False,OK
MON-002964,2025-11-21,20:00,CREDIT_LIMIT_OPTIMIZER_V1,v4.4,0.8286,0.8366,0.8393,0.8001,0.8848,2719,10.33,0.5435,0.1809,1.46,Regression,True,WARNING
MON-002965,2025-11-22,08:00,CREDIT_LIMIT_OPTIMIZER_V1,v4.2,0.8171,0.8276,0.8101,0.795,0.8625,1248,8.0,0.0776,0.357,3.59,Regression,False,OK
MON-002966,2025-11-22,20:00,CREDIT_LIMIT_OPTIMIZER_V1,v4.2,0.8,0.8107,0.8042,0.7794,0.8423,2224,23.7,0.4109,0.0529,0.53,Regression,True,WARNING
MON-002967,2025-11-23,08:00,CREDIT_LIMIT_OPTIMIZER_V1,v1.3,0.8004,0.7965,0.84,0.7922,0.8642,8993,12.36,0.0997,0.1239,0.46,Regression,False,OK
MON-002968,2025-11-23,20:00,CREDIT_LIMIT_OPTIMIZER_V1,v1.9,0.7615,0.7614,0.7687,0.7402,0.8196,6084,40.98,0.2606,0.1608,3.02,Regression,True,WARNING
MON-002969,2025-11-24,08:00,CREDIT_LIMIT_OPTIMIZER_V1,v3.4,0.8122,0.8142,0.8285,0.7874,0.8661,2590,9.33,0.4528,0.0714,1.24,Regression,True,WARNING
MON-002970,2025-11-24,20:00,CREDIT_LIMIT_OPTIMIZER_V1,v1.9,0.8246,0.8257,0.8383,0.8164,0.8756,2739,22.07,0.5007,0.0783,0.97,Regression,True,WARNING
MON-002971,2025-11-25,08:00,CREDIT_LIMIT_OPTIMIZER_V1,v4.6,0.7788,0.7857,0.7491,0.7605,0.8155,6475,7.24,0.2661,0.4273,3.37,Regression,True,WARNING
MON-002972,2025-11-25,20:00,CREDIT_LIMIT_OPTIMIZER_V1,v4.4,0.6789,0.6743,0.6775,0.6716,0.7345,419,58.32,0.2186,0.2973,0.67,Regression,True,CRITICAL
MON-002973,2025-11-26,08:00,CREDIT_LIMIT_OPTIMIZER_V1,v3.0,0.8,0.8032,0.8206,0.8077,0.8626,1788,10.87,0.0811,0.1248,0.05,Regression,False,OK
MON-002974,2025-11-26,20:00,CREDIT_LIMIT_OPTIMIZER_V1,v3.7,0.8128,0.807,0.795,0.7923,0.8625,12207,27.5,0.3378,0.1829,1.8,Regression,True,WARNING
MON-002975,2025-11-27,08:00,CREDIT_LIMIT_OPTIMIZER_V1,v2.0,0.8065,0.809,0.8039,0.7946,0.8682,6243,15.23,0.1954,0.3086,0.11,Regression,False,OK
MON-002976,2025-11-27,20:00,CREDIT_LIMIT_OPTIMIZER_V1,v2.6,0.7853,0.7889,0.8172,0.7576,0.8266,2338,28.61,0.1588,0.0692,2.03,Regression,True,WARNING
MON-002977,2025-11-28,08:00,CREDIT_LIMIT_OPTIMIZER_V1,v2.7,0.8357,0.8239,0.8188,0.8133,0.8708,399,11.8,0.3632,0.1808,3.55,Regression,True,WARNING
MON-002978,2025-11-28,20:00,CREDIT_LIMIT_OPTIMIZER_V1,v2.4,0.7701,0.7736,0.7874,0.7577,0.814,439,21.34,0.3838,0.2258,5.74,Regression,True,WARNING
MON-002979,2025-11-29,08:00,CREDIT_LIMIT_OPTIMIZER_V1,v4.3,0.7913,0.805,0.7784,0.7896,0.8436,510,14.8,0.36,0.539,0.45,Regression,True,WARNING
MON-002980,2025-11-29,20:00,CREDIT_LIMIT_OPTIMIZER_V1,v2.0,0.7768,0.7875,0.7853,0.7461,0.8268,933,76.38,0.1791,0.1597,0.62,Regression,True,WARNING
MON-002981,2025-11-30,08:00,CREDIT_LIMIT_OPTIMIZER_V1,v2.7,0.6835,0.6718,0.6945,0.6736,0.7307,1169,12.38,0.4974,0.3343,0.09,Regression,True,CRITICAL
MON-002982,2025-11-30,20:00,CREDIT_LIMIT_OPTIMIZER_V1,v3.7,0.8127,0.8001,0.8248,0.7853,0.868,7941,11.57,0.165,0.0775,2.08,Regression,False,OK
MON-002983,2025-12-01,08:00,CREDIT_LIMIT_OPTIMIZER_V1,v4.7,0.8011,0.8063,0.787,0.7822,0.85,693,43.67,0.1463,0.4742,2.89,Regression,False,OK
MON-002984,2025-12-01,20:00,CREDIT_LIMIT_OPTIMIZER_V1,v4.5,0.7791,0.7806,0.7967,0.758,0.8151,1323,28.75,0.3216,0.0727,1.4,Regression,True,WARNING
MON-002985,2025-12-02,08:00,CREDIT_LIMIT_OPTIMIZER_V1,v2.7,0.7847,0.7832,0.7741,0.7616,0.8397,5048,13.29,0.298,0.1612,0.49,Regression,True,WARNING
MON-002986,2025-12-02,20:00,CREDIT_LIMIT_OPTIMIZER_V1,v2.6,0.8212,0.7963,0.7977,0.8065,0.8647,3230,21.04,0.3583,0.2817,2.28,Regression,True,WARNING
MON-002987,2025-12-03,08:00,CREDIT_LIMIT_OPTIMIZER_V1,v1.3,0.8017,0.7915,0.7871,0.7758,0.8532,4378,21.38,0.1753,0.3993,2.3,Regression,False,OK
MON-002988,2025-12-03,20:00,CREDIT_LIMIT_OPTIMIZER_V1,v2.1,0.7942,0.8071,0.7817,0.7465,0.8405,2724,22.85,0.4307,0.0415,0.21,Regression,True,WARNING
MON-002989,2025-12-04,08:00,CREDIT_LIMIT_OPTIMIZER_V1,v3.5,0.7894,0.7936,0.8007,0.7693,0.8252,9141,29.18,0.248,0.2425,0.88,Regression,True,WARNING
MON-002990,2025-12-04,20:00,CREDIT_LIMIT_OPTIMIZER_V1,v1.5,0.8009,0.8208,0.8162,0.7769,0.8544,5400,11.34,0.0188,0.1797,1.68,Regression,False,OK
MON-002991,2025-12-05,08:00,CREDIT_LIMIT_OPTIMIZER_V1,v4.6,0.8147,0.8233,0.8169,0.7939,0.8581,959,22.7,0.2401,0.4598,3.21,Regression,False,OK
MON-002992,2025-12-05,20:00,CREDIT_LIMIT_OPTIMIZER_V1,v4.1,0.7984,0.8017,0.784,0.7745,0.8391,1499,16.95,0.415,0.3229,3.21,Regression,True,WARNING
MON-002993,2025-12-06,08:00,CREDIT_LIMIT_OPTIMIZER_V1,v3.5,0.8119,0.7962,0.804,0.8005,0.8575,3498,5.64,0.2613,0.0894,0.58,Regression,False,OK
MON-002994,2025-12-06,20:00,CREDIT_LIMIT_OPTIMIZER_V1,v4.0,0.772,0.7753,0.7707,0.7621,0.8257,3056,15.37,0.4572,0.1175,1.01,Regression,True,WARNING
MON-002995,2025-12-07,08:00,CREDIT_LIMIT_OPTIMIZER_V1,v4.1,0.8259,0.825,0.8074,0.7966,0.8761,8123,15.36,0.5092,0.1517,0.26,Regression,True,WARNING
MON-002996,2025-12-07,20:00,CREDIT_LIMIT_OPTIMIZER_V1,v3.5,0.8024,0.7912,0.7858,0.7979,0.8419,9510,30.46,0.1388,0.6228,6.44,Regression,False,OK
MON-002997,2025-12-08,08:00,CREDIT_LIMIT_OPTIMIZER_V1,v2.4,0.7836,0.7965,0.7835,0.7743,0.83,8308,37.5,0.5343,0.1801,3.52,Regression,True,WARNING
MON-002998,2025-12-08,20:00,CREDIT_LIMIT_OPTIMIZER_V1,v2.0,0.812,0.8126,0.8088,0.7911,0.8667,2605,27.27,0.2128,0.1831,3.95,Regression,False,OK
MON-002999,2025-12-09,08:00,CREDIT_LIMIT_OPTIMIZER_V1,v1.2,0.8068,0.8109,0.7902,0.7892,0.8566,8630,6.95,0.1488,0.094,2.78,Regression,False,OK
MON-003000,2025-12-09,20:00,CREDIT_LIMIT_OPTIMIZER_V1,v3.0,0.7807,0.7724,0.8002,0.7742,0.8209,9870,56.92,0.2538,0.1594,0.72,Regression,True,WARNING
MON-003001,2025-12-10,08:00,CREDIT_LIMIT_OPTIMIZER_V1,v1.8,0.8007,0.8043,0.7902,0.7801,0.858,3487,34.75,0.3716,0.4303,0.81,Regression,True,WARNING
MON-003002,2025-12-10,20:00,CREDIT_LIMIT_OPTIMIZER_V1,v2.8,0.7927,0.7911,0.7749,0.7841,0.8571,570,19.25,0.0468,0.1856,1.07,Regression,True,WARNING
MON-003003,2025-12-11,08:00,CREDIT_LIMIT_OPTIMIZER_V1,v3.0,0.7123,0.7351,0.7316,0.7009,0.7571,1057,21.68,0.0602,0.2814,1.01,Regression,True,CRITICAL
MON-003004,2025-12-11,20:00,CREDIT_LIMIT_OPTIMIZER_V1,v4.6,0.7946,0.7891,0.7992,0.7868,0.8437,1771,25.61,0.51,0.0377,2.38,Regression,True,WARNING
MON-003005,2025-12-12,08:00,CREDIT_LIMIT_OPTIMIZER_V1,v3.9,0.7821,0.7752,0.7778,0.7721,0.8371,1913,21.21,0.2945,0.1286,3.05,Regression,True,WARNING
MON-003006,2025-12-12,20:00,CREDIT_LIMIT_OPTIMIZER_V1,v4.5,0.7786,0.7811,0.7681,0.757,0.8262,1391,30.59,0.5551,0.1083,0.39,Regression,True,WARNING
MON-003007,2025-12-13,08:00,CREDIT_LIMIT_OPTIMIZER_V1,v3.4,0.813,0.8107,0.8074,0.7981,0.8684,2005,41.22,0.5515,0.103,0.15,Regression,True,WARNING
MON-003008,2025-12-13,20:00,CREDIT_LIMIT_OPTIMIZER_V1,v3.0,0.8091,0.8115,0.7981,0.801,0.8459,4897,7.71,0.2688,0.0594,2.86,Regression,False,OK
MON-003009,2025-12-14,08:00,CREDIT_LIMIT_OPTIMIZER_V1,v1.7,0.7978,0.8143,0.7901,0.7891,0.8476,3753,16.72,0.5057,0.0797,1.38,Regression,True,WARNING
MON-003010,2025-12-14,20:00,CREDIT_LIMIT_OPTIMIZER_V1,v4.6,0.7581,0.7484,0.7607,0.7493,0.8172,1771,24.37,0.2692,0.0998,0.36,Regression,True,WARNING
MON-003011,2025-12-15,08:00,CREDIT_LIMIT_OPTIMIZER_V1,v1.8,0.8015,0.8027,0.7879,0.7832,0.8403,4844,10.59,0.4975,0.0932,0.29,Regression,True,WARNING
MON-003012,2025-12-15,20:00,CREDIT_LIMIT_OPTIMIZER_V1,v1.2,0.8181,0.8119,0.7796,0.816,0.8665,5106,58.17,0.2805,0.2514,0.16,Regression,False,OK
MON-003013,2025-12-16,08:00,CREDIT_LIMIT_OPTIMIZER_V1,v4.5,0.8271,0.8205,0.8525,0.8139,0.8642,4614,5.28,0.2106,0.1019,1.75,Regression,False,OK
MON-003014,2025-12-16,20:00,CREDIT_LIMIT_OPTIMIZER_V1,v4.4,0.8233,0.8219,0.8051,0.823,0.8725,3128,14.17,0.4184,0.4031,0.87,Regression,True,WARNING
MON-003015,2025-12-17,08:00,CREDIT_LIMIT_OPTIMIZER_V1,v2.2,0.7791,0.7792,0.755,0.7519,0.8372,4050,28.1,0.244,0.1024,3.8,Regression,True,WARNING
MON-003016,2025-12-17,20:00,CREDIT_LIMIT_OPTIMIZER_V1,v2.1,0.7873,0.8051,0.8055,0.7686,0.8341,2903,61.58,0.1893,0.2451,6.75,Regression,True,WARNING
MON-003017,2025-12-18,08:00,CREDIT_LIMIT_OPTIMIZER_V1,v4.4,0.7995,0.7943,0.7925,0.7818,0.8572,2174,23.45,0.4788,0.0607,0.35,Regression,True,WARNING
MON-003018,2025-12-18,20:00,CREDIT_LIMIT_OPTIMIZER_V1,v4.3,0.8013,0.7988,0.8065,0.7934,0.8616,5644,27.13,0.219,0.2183,0.9,Regression,False,OK
MON-003019,2025-12-19,08:00,CREDIT_LIMIT_OPTIMIZER_V1,v1.0,0.8034,0.7848,0.816,0.7797,0.8358,7560,15.12,0.3978,0.0243,0.11,Regression,True,WARNING
MON-003020,2025-12-19,20:00,CREDIT_LIMIT_OPTIMIZER_V1,v3.0,0.8252,0.8298,0.8391,0.8009,0.8679,1329,54.56,0.1577,0.14,0.35,Regression,False,OK
MON-003021,2025-12-20,08:00,CREDIT_LIMIT_OPTIMIZER_V1,v2.3,0.8067,0.8079,0.8144,0.7999,0.8435,30576,47.06,0.3899,0.1152,0.91,Regression,True,WARNING
MON-003022,2025-12-20,20:00,CREDIT_LIMIT_OPTIMIZER_V1,v4.9,0.8271,0.833,0.817,0.809,0.8781,1008,30.54,0.0644,0.4012,0.63,Regression,False,OK
MON-003023,2025-12-21,08:00,CREDIT_LIMIT_OPTIMIZER_V1,v2.6,0.7873,0.7897,0.7679,0.7771,0.8478,2798,5.8,0.3567,0.0862,5.4,Regression,True,WARNING
MON-003024,2025-12-21,20:00,CREDIT_LIMIT_OPTIMIZER_V1,v2.6,0.795,0.7768,0.822,0.7709,0.8479,5492,21.37,0.4035,0.1652,1.21,Regression,True,WARNING
MON-003025,2025-12-22,08:00,CREDIT_LIMIT_OPTIMIZER_V1,v3.3,0.7942,0.8116,0.7962,0.7852,0.8482,3892,14.59,0.3448,0.295,0.09,Regression,True,WARNING
MON-003026,2025-12-22,20:00,CREDIT_LIMIT_OPTIMIZER_V1,v1.1,0.8016,0.8046,0.8086,0.7939,0.8476,1125,20.14,0.4124,0.1872,3.54,Regression,True,WARNING
MON-003027,2025-12-23,08:00,CREDIT_LIMIT_OPTIMIZER_V1,v2.0,0.7756,0.7793,0.7683,0.7725,0.8321,3680,15.87,0.5113,0.275,5.08,Regression,True,WARNING
MON-003028,2025-12-23,20:00,CREDIT_LIMIT_OPTIMIZER_V1,v3.7,0.8411,0.8587,0.846,0.8145,0.8931,13427,24.66,0.1233,0.1001,3.52,Regression,False,OK
MON-003029,2025-12-24,08:00,CREDIT_LIMIT_OPTIMIZER_V1,v1.3,0.8046,0.7997,0.7983,0.7768,0.867,2422,14.67,0.3597,0.1466,0.58,Regression,True,WARNING
MON-003030,2025-12-24,20:00,CREDIT_LIMIT_OPTIMIZER_V1,v4.2,0.7798,0.7659,0.7755,0.7633,0.8315,717,17.68,0.2495,0.0415,1.97,Regression,True,WARNING
MON-003031,2025-12-25,08:00,CREDIT_LIMIT_OPTIMIZER_V1,v4.1,0.7809,0.77,0.7607,0.7772,0.8162,727,16.35,0.4163,0.2662,3.64,Regression,True,WARNING
MON-003032,2025-12-25,20:00,CREDIT_LIMIT_OPTIMIZER_V1,v1.7,0.8042,0.8039,0.811,0.7794,0.842,9059,24.49,0.03,0.3472,0.67,Regression,False,OK
MON-003033,2025-12-26,08:00,CREDIT_LIMIT_OPTIMIZER_V1,v3.9,0.8145,0.8133,0.7798,0.7876,0.8532,2095,9.58,0.2783,0.2519,0.3,Regression,False,OK
MON-003034,2025-12-26,20:00,CREDIT_LIMIT_OPTIMIZER_V1,v3.7,0.8214,0.8377,0.8383,0.8001,0.8657,2887,8.28,0.3009,0.0745,0.88,Regression,True,WARNING
MON-003035,2025-12-27,08:00,CREDIT_LIMIT_OPTIMIZER_V1,v3.9,0.8035,0.8074,0.8323,0.7893,0.8686,4077,30.29,0.4991,0.3881,3.71,Regression,True,WARNING
MON-003036,2025-12-27,20:00,CREDIT_LIMIT_OPTIMIZER_V1,v3.5,0.8148,0.8002,0.8081,0.7996,0.8763,223,16.29,0.1754,0.1304,5.85,Regression,False,OK
MON-003037,2025-12-28,08:00,CREDIT_LIMIT_OPTIMIZER_V1,v2.9,0.8094,0.8025,0.8227,0.7845,0.8636,8416,29.21,0.0561,0.0818,3.4,Regression,False,OK
MON-003038,2025-12-28,20:00,CREDIT_LIMIT_OPTIMIZER_V1,v3.9,0.8004,0.7945,0.7946,0.7772,0.8583,18167,30.5,0.2788,0.1187,3.08,Regression,False,OK
MON-003039,2025-12-29,08:00,CREDIT_LIMIT_OPTIMIZER_V1,v2.3,0.7957,0.793,0.7956,0.7789,0.8527,1982,14.53,0.577,0.1596,0.99,Regression,True,WARNING
MON-003040,2025-12-29,20:00,CREDIT_LIMIT_OPTIMIZER_V1,v1.6,0.803,0.796,0.7947,0.7797,0.8634,2647,15.08,0.1654,0.1773,5.81,Regression,False,OK
MON-003041,2025-12-30,08:00,CREDIT_LIMIT_OPTIMIZER_V1,v4.4,0.8002,0.788,0.7938,0.7738,0.8398,6021,14.67,0.3596,0.1412,4.25,Regression,True,WARNING
MON-003042,2025-12-30,20:00,CREDIT_LIMIT_OPTIMIZER_V1,v3.8,0.8023,0.8038,0.796,0.7915,0.8652,1863,9.98,0.2775,0.3282,0.71,Regression,False,OK
MON-003043,2025-12-31,08:00,CREDIT_LIMIT_OPTIMIZER_V1,v3.7,0.8114,0.8069,0.7828,0.7895,0.8624,8871,8.78,0.2607,0.2598,1.44,Regression,False,OK
MON-003044,2025-12-31,20:00,CREDIT_LIMIT_OPTIMIZER_V1,v4.0,0.8348,0.8222,0.8398,0.8132,0.8881,4985,18.72,0.1031,0.1851,2.05,Regression,False,OK
MON-003045,2026-01-01,08:00,CREDIT_LIMIT_OPTIMIZER_V1,v3.4,0.7823,0.7984,0.7541,0.7633,0.8435,10492,10.32,0.6115,0.2242,0.99,Regression,True,WARNING
MON-003046,2026-01-01,20:00,CREDIT_LIMIT_OPTIMIZER_V1,v1.2,0.8043,0.8037,0.7984,0.7911,0.8571,930,18.37,0.0782,0.2037,0.25,Regression,False,OK
MON-003047,2026-01-02,08:00,CREDIT_LIMIT_OPTIMIZER_V1,v2.3,0.8094,0.8293,0.7827,0.7938,0.8508,4245,12.69,0.411,0.2276,0.04,Regression,True,WARNING
MON-003048,2026-01-02,20:00,CREDIT_LIMIT_OPTIMIZER_V1,v2.7,0.7949,0.8062,0.7893,0.7736,0.8433,4510,12.89,0.191,0.1643,0.39,Regression,True,WARNING
MON-003049,2026-01-03,08:00,CREDIT_LIMIT_OPTIMIZER_V1,v2.1,0.824,0.8193,0.8279,0.8061,0.8811,6060,17.15,0.2025,0.1424,0.07,Regression,False,OK
MON-003050,2026-01-03,20:00,CREDIT_LIMIT_OPTIMIZER_V1,v3.6,0.7926,0.8111,0.8131,0.7747,0.8366,2623,47.69,0.3814,0.0304,1.01,Regression,True,WARNING
MON-003051,2026-01-04,08:00,CREDIT_LIMIT_OPTIMIZER_V1,v4.6,0.8158,0.8269,0.8151,0.8138,0.8601,1188,43.86,0.5004,0.1687,1.67,Regression,True,WARNING
MON-003052,2026-01-04,20:00,CREDIT_LIMIT_OPTIMIZER_V1,v3.4,0.8275,0.8217,0.8231,0.8108,0.881,681,34.18,0.3352,0.1299,5.05,Regression,True,WARNING
MON-003053,2026-01-05,08:00,CREDIT_LIMIT_OPTIMIZER_V1,v1.3,0.8103,0.8071,0.7935,0.786,0.8621,1728,20.93,0.5654,0.1342,2.82,Regression,True,WARNING
MON-003054,2026-01-05,20:00,CREDIT_LIMIT_OPTIMIZER_V1,v2.9,0.7988,0.8017,0.7856,0.7672,0.8423,1578,8.05,0.3923,0.3517,9.7,Regression,True,WARNING
MON-003055,2026-01-06,08:00,CREDIT_LIMIT_OPTIMIZER_V1,v4.1,0.8119,0.8097,0.8295,0.8049,0.8753,1954,35.86,0.1972,0.185,0.63,Regression,False,OK
MON-003056,2026-01-06,20:00,CREDIT_LIMIT_OPTIMIZER_V1,v3.0,0.7943,0.8046,0.8012,0.7776,0.8464,2468,14.26,0.2506,0.6449,0.28,Regression,True,WARNING
MON-003057,2026-01-07,08:00,CREDIT_LIMIT_OPTIMIZER_V1,v4.6,0.7881,0.792,0.7744,0.7754,0.8166,828,44.17,0.1383,0.0819,1.19,Regression,True,WARNING
MON-003058,2026-01-07,20:00,CREDIT_LIMIT_OPTIMIZER_V1,v4.2,0.8095,0.82,0.7789,0.801,0.8637,1065,13.85,0.0319,0.1095,1.94,Regression,False,OK
MON-003059,2026-01-08,08:00,CREDIT_LIMIT_OPTIMIZER_V1,v4.7,0.8172,0.8235,0.8418,0.7935,0.8737,1881,38.71,0.4273,0.2213,0.63,Regression,True,WARNING
MON-003060,2026-01-08,20:00,CREDIT_LIMIT_OPTIMIZER_V1,v1.5,0.8041,0.7973,0.7855,0.7804,0.8611,4447,29.45,0.4713,0.226,0.74,Regression,True,WARNING
MON-003061,2026-01-09,08:00,CREDIT_LIMIT_OPTIMIZER_V1,v3.1,0.8133,0.7972,0.8132,0.7977,0.8591,1559,6.88,0.2706,0.2741,1.48,Regression,False,OK
MON-003062,2026-01-09,20:00,CREDIT_LIMIT_OPTIMIZER_V1,v3.3,0.8483,0.841,0.8352,0.8539,0.8889,4420,32.17,0.1833,0.2576,3.47,Regression,False,OK
MON-003063,2026-01-10,08:00,CREDIT_LIMIT_OPTIMIZER_V1,v4.7,0.8265,0.8477,0.8101,0.803,0.8769,16826,20.91,0.2372,0.0628,3.82,Regression,False,OK
MON-003064,2026-01-10,20:00,CREDIT_LIMIT_OPTIMIZER_V1,v4.9,0.7908,0.8006,0.7936,0.7699,0.8428,2899,10.33,0.4808,0.2294,0.4,Regression,True,WARNING
MON-003065,2026-01-11,08:00,CREDIT_LIMIT_OPTIMIZER_V1,v2.6,0.8058,0.807,0.8187,0.7979,0.8634,15219,16.35,0.4642,0.1535,1.19,Regression,True,WARNING
MON-003066,2026-01-11,20:00,CREDIT_LIMIT_OPTIMIZER_V1,v4.3,0.8081,0.822,0.818,0.7978,0.8615,9796,66.32,0.1702,0.1898,1.12,Regression,False,OK
MON-003067,2026-01-12,08:00,CREDIT_LIMIT_OPTIMIZER_V1,v3.3,0.7853,0.7856,0.7942,0.7647,0.8463,5081,7.34,0.1291,0.1363,0.46,Regression,True,WARNING
MON-003068,2026-01-12,20:00,CREDIT_LIMIT_OPTIMIZER_V1,v2.5,0.8144,0.8155,0.799,0.7825,0.8759,1847,20.78,0.1412,0.0643,0.46,Regression,False,OK
MON-003069,2026-01-13,08:00,CREDIT_LIMIT_OPTIMIZER_V1,v2.9,0.7869,0.7908,0.7895,0.7686,0.8371,2348,14.79,0.1285,0.1753,6.3,Regression,True,WARNING
MON-003070,2026-01-13,20:00,CREDIT_LIMIT_OPTIMIZER_V1,v3.9,0.8155,0.8114,0.8205,0.817,0.8558,7374,27.04,0.1889,0.1031,1.86,Regression,False,OK
MON-003071,2026-01-14,08:00,CREDIT_LIMIT_OPTIMIZER_V1,v4.1,0.8407,0.8318,0.8195,0.8195,0.901,3180,34.2,0.1639,0.2471,0.17,Regression,False,OK
MON-003072,2026-01-14,20:00,CREDIT_LIMIT_OPTIMIZER_V1,v1.1,0.7995,0.8038,0.7682,0.7914,0.8553,20309,22.81,0.2954,0.1916,1.97,Regression,True,WARNING
MON-003073,2026-01-15,08:00,CREDIT_LIMIT_OPTIMIZER_V1,v1.0,0.8107,0.8109,0.8115,0.7837,0.8508,2168,32.62,0.1839,0.3519,9.86,Regression,False,OK
MON-003074,2026-01-15,20:00,CREDIT_LIMIT_OPTIMIZER_V1,v2.8,0.8078,0.8054,0.7954,0.7999,0.8555,2633,12.19,0.1161,0.1904,2.34,Regression,False,OK
MON-003075,2026-01-16,08:00,CREDIT_LIMIT_OPTIMIZER_V1,v4.7,0.7833,0.7886,0.7639,0.7763,0.8231,19578,18.9,0.2823,0.0715,4.14,Regression,True,WARNING
MON-003076,2026-01-16,20:00,CREDIT_LIMIT_OPTIMIZER_V1,v1.2,0.7872,0.7834,0.757,0.7718,0.8178,1092,47.05,0.0642,0.2595,4.39,Regression,True,WARNING
MON-003077,2026-01-17,08:00,CREDIT_LIMIT_OPTIMIZER_V1,v1.0,0.8091,0.817,0.7985,0.805,0.8493,23435,14.49,0.0306,0.0848,0.39,Regression,False,OK
MON-003078,2026-01-17,20:00,CREDIT_LIMIT_OPTIMIZER_V1,v4.2,0.8045,0.7925,0.8282,0.7874,0.8331,339,12.95,0.2672,0.1774,1.4,Regression,False,OK
MON-003079,2026-01-18,08:00,CREDIT_LIMIT_OPTIMIZER_V1,v1.2,0.7992,0.7865,0.8121,0.8027,0.8539,1274,15.23,0.2914,0.0597,1.08,Regression,True,WARNING
MON-003080,2026-01-18,20:00,CREDIT_LIMIT_OPTIMIZER_V1,v3.5,0.8205,0.8073,0.8425,0.8029,0.871,965,26.32,0.1715,0.0761,0.34,Regression,False,OK
MON-003081,2026-01-19,08:00,CREDIT_LIMIT_OPTIMIZER_V1,v3.9,0.8112,0.8113,0.8001,0.7917,0.8528,560,20.1,0.29,0.4054,2.9,Regression,False,OK
MON-003082,2026-01-19,20:00,CREDIT_LIMIT_OPTIMIZER_V1,v1.0,0.8459,0.8325,0.862,0.8322,0.9032,1495,28.51,0.5497,0.0777,0.75,Regression,True,WARNING
MON-003083,2026-01-20,08:00,CREDIT_LIMIT_OPTIMIZER_V1,v2.4,0.7833,0.8007,0.8018,0.7558,0.819,1879,13.66,0.1971,0.1057,1.24,Regression,True,WARNING
MON-003084,2026-01-20,20:00,CREDIT_LIMIT_OPTIMIZER_V1,v3.1,0.7938,0.8108,0.8161,0.7803,0.8562,3581,9.43,0.1088,0.2302,2.83,Regression,True,WARNING
MON-003085,2026-01-21,08:00,CREDIT_LIMIT_OPTIMIZER_V1,v1.9,0.8309,0.8348,0.827,0.8062,0.8763,373,14.34,0.1932,0.1199,0.89,Regression,False,OK
MON-003086,2026-01-21,20:00,CREDIT_LIMIT_OPTIMIZER_V1,v1.0,0.8355,0.8448,0.8284,0.8283,0.8899,18029,9.88,0.1824,0.1553,3.49,Regression,False,OK
MON-003087,2026-01-22,08:00,CREDIT_LIMIT_OPTIMIZER_V1,v1.3,0.7846,0.7761,0.7833,0.7776,0.8241,1701,21.99,0.2171,0.2871,0.8,Regression,True,WARNING
MON-003088,2026-01-22,20:00,CREDIT_LIMIT_OPTIMIZER_V1,v2.6,0.794,0.8056,0.7953,0.7706,0.8452,3677,18.11,0.5039,0.0241,0.06,Regression,True,WARNING
MON-003089,2026-01-23,08:00,CREDIT_LIMIT_OPTIMIZER_V1,v4.1,0.7982,0.7951,0.7785,0.7778,0.8471,1612,21.02,0.6144,0.1998,0.13,Regression,True,WARNING
MON-003090,2026-01-23,20:00,CREDIT_LIMIT_OPTIMIZER_V1,v3.9,0.8299,0.8294,0.8213,0.8228,0.877,2993,22.94,0.2713,0.2243,1.24,Regression,False,OK
MON-003091,2026-01-24,08:00,CREDIT_LIMIT_OPTIMIZER_V1,v3.9,0.799,0.797,0.8157,0.8021,0.8444,3886,15.0,0.1015,0.0848,3.07,Regression,True,WARNING
MON-003092,2026-01-24,20:00,CREDIT_LIMIT_OPTIMIZER_V1,v1.9,0.6804,0.6732,0.672,0.6669,0.7344,5862,27.98,0.3889,0.028,1.22,Regression,True,CRITICAL
MON-003093,2026-01-25,08:00,CREDIT_LIMIT_OPTIMIZER_V1,v3.2,0.7964,0.8022,0.7975,0.7886,0.8375,515,21.88,0.3299,0.0852,1.8,Regression,True,WARNING
MON-003094,2026-01-25,20:00,CREDIT_LIMIT_OPTIMIZER_V1,v1.7,0.8038,0.7984,0.811,0.7952,0.8342,17998,14.97,0.5324,0.2351,1.8,Regression,True,WARNING
MON-003095,2026-01-26,08:00,CREDIT_LIMIT_OPTIMIZER_V1,v3.2,0.8085,0.8059,0.8272,0.7998,0.8578,238,24.69,0.6288,0.3091,3.96,Regression,True,WARNING
MON-003096,2026-01-26,20:00,CREDIT_LIMIT_OPTIMIZER_V1,v1.7,0.8392,0.8165,0.8483,0.7999,0.8998,3812,24.43,0.2322,0.2365,4.19,Regression,False,OK
MON-003097,2026-01-27,08:00,CREDIT_LIMIT_OPTIMIZER_V1,v2.4,0.8309,0.8346,0.8449,0.8054,0.8641,3969,62.34,0.2826,0.1063,3.12,Regression,False,OK
MON-003098,2026-01-27,20:00,CREDIT_LIMIT_OPTIMIZER_V1,v1.6,0.78,0.7789,0.7864,0.7788,0.8308,1462,27.22,0.0789,0.1276,1.5,Regression,True,WARNING
MON-003099,2026-01-28,08:00,CREDIT_LIMIT_OPTIMIZER_V1,v3.2,0.7978,0.7884,0.8022,0.7742,0.8478,2654,34.52,0.2163,0.1626,2.39,Regression,True,WARNING
MON-003100,2026-01-28,20:00,CREDIT_LIMIT_OPTIMIZER_V1,v4.7,0.802,0.7996,0.8151,0.7839,0.8574,3618,16.19,0.0411,0.2467,1.21,Regression,False,OK
MON-003101,2026-01-29,08:00,CREDIT_LIMIT_OPTIMIZER_V1,v3.8,0.7927,0.788,0.7578,0.7961,0.8436,1248,12.65,0.3967,0.0215,1.16,Regression,True,WARNING
MON-003102,2026-01-29,20:00,CREDIT_LIMIT_OPTIMIZER_V1,v3.4,0.6873,0.6718,0.6979,0.6687,0.7303,198,26.86,0.1973,0.4689,0.73,Regression,True,CRITICAL
MON-003103,2026-01-30,08:00,CREDIT_LIMIT_OPTIMIZER_V1,v4.6,0.8285,0.8447,0.7973,0.8133,0.8623,1844,13.85,0.212,0.1649,4.57,Regression,False,OK
MON-003104,2026-01-30,20:00,CREDIT_LIMIT_OPTIMIZER_V1,v2.4,0.7919,0.8061,0.7842,0.7802,0.8428,19487,15.87,0.2047,0.5141,0.28,Regression,True,WARNING
MON-003105,2026-01-31,08:00,CREDIT_LIMIT_OPTIMIZER_V1,v3.3,0.6602,0.6673,0.6736,0.6584,0.7034,1033,9.78,0.298,0.1418,2.32,Regression,True,CRITICAL
MON-003106,2026-01-31,20:00,CREDIT_LIMIT_OPTIMIZER_V1,v2.7,0.8194,0.8319,0.817,0.809,0.8608,1705,20.37,0.2731,0.432,0.91,Regression,False,OK
MON-003107,2026-02-01,08:00,CREDIT_LIMIT_OPTIMIZER_V1,v2.2,0.8228,0.8178,0.8218,0.8013,0.8737,1816,17.51,0.2794,0.2959,3.17,Regression,False,OK
MON-003108,2026-02-01,20:00,CREDIT_LIMIT_OPTIMIZER_V1,v1.1,0.7914,0.7913,0.795,0.7756,0.8305,1810,17.5,0.1861,0.3371,0.02,Regression,True,WARNING
MON-003109,2026-02-02,08:00,CREDIT_LIMIT_OPTIMIZER_V1,v1.9,0.811,0.8056,0.8388,0.7925,0.8622,642,30.02,0.3523,0.165,1.99,Regression,True,WARNING
MON-003110,2026-02-02,20:00,CREDIT_LIMIT_OPTIMIZER_V1,v1.2,0.7875,0.7901,0.755,0.7807,0.8429,6813,14.81,0.0774,0.5481,0.09,Regression,True,WARNING
MON-003111,2026-02-03,08:00,CREDIT_LIMIT_OPTIMIZER_V1,v1.7,0.8225,0.8321,0.8117,0.8057,0.8575,4077,20.91,0.0461,0.1408,3.73,Regression,False,OK
MON-003112,2026-02-03,20:00,CREDIT_LIMIT_OPTIMIZER_V1,v2.2,0.7868,0.7861,0.8077,0.7733,0.8465,2169,15.38,0.4294,0.4758,5.15,Regression,True,WARNING
MON-003113,2026-02-04,08:00,CREDIT_LIMIT_OPTIMIZER_V1,v1.4,0.8036,0.7907,0.7998,0.7828,0.8533,905,10.32,0.3319,0.445,2.03,Regression,True,WARNING
MON-003114,2026-02-04,20:00,CREDIT_LIMIT_OPTIMIZER_V1,v3.5,0.7918,0.796,0.7889,0.7956,0.852,1517,22.46,0.4612,0.1695,4.88,Regression,True,WARNING
MON-003115,2026-02-05,08:00,CREDIT_LIMIT_OPTIMIZER_V1,v2.7,0.7817,0.7756,0.7919,0.7579,0.8285,4827,25.08,0.3716,0.2451,4.23,Regression,True,WARNING
MON-003116,2026-02-05,20:00,CREDIT_LIMIT_OPTIMIZER_V1,v4.6,0.7899,0.7992,0.7712,0.7949,0.8583,4362,29.81,0.4896,0.0893,0.86,Regression,True,WARNING
MON-003117,2026-02-06,08:00,CREDIT_LIMIT_OPTIMIZER_V1,v1.8,0.7944,0.8131,0.8076,0.7767,0.8591,2727,25.38,0.3974,0.1769,0.94,Regression,True,WARNING
MON-003118,2026-02-06,20:00,CREDIT_LIMIT_OPTIMIZER_V1,v3.3,0.8262,0.8369,0.8208,0.8187,0.8762,4976,15.92,0.3835,0.2814,0.78,Regression,True,WARNING
MON-003119,2026-02-07,08:00,CREDIT_LIMIT_OPTIMIZER_V1,v4.0,0.7918,0.7897,0.7894,0.7772,0.8402,22889,51.01,0.5572,0.1568,1.9,Regression,True,WARNING
MON-003120,2026-02-07,20:00,CREDIT_LIMIT_OPTIMIZER_V1,v3.2,0.8027,0.8038,0.7905,0.775,0.8285,8970,19.93,0.0415,0.382,0.79,Regression,False,OK
MON-003121,2026-02-08,08:00,CREDIT_LIMIT_OPTIMIZER_V1,v4.3,0.7878,0.7868,0.7953,0.7673,0.8357,816,20.66,0.1203,0.3529,1.14,Regression,True,WARNING
MON-003122,2026-02-08,20:00,CREDIT_LIMIT_OPTIMIZER_V1,v3.1,0.8196,0.8107,0.8149,0.8142,0.8724,16164,11.35,0.1441,0.2063,0.85,Regression,False,OK
MON-003123,2026-02-09,08:00,CREDIT_LIMIT_OPTIMIZER_V1,v1.0,0.8223,0.817,0.8265,0.7956,0.8722,2327,14.44,0.1994,0.1162,3.37,Regression,False,OK
MON-003124,2026-02-09,20:00,CREDIT_LIMIT_OPTIMIZER_V1,v3.6,0.8169,0.8153,0.8113,0.7752,0.8687,6328,36.24,0.2915,0.3133,1.52,Regression,False,OK
MON-003125,2026-02-10,08:00,CREDIT_LIMIT_OPTIMIZER_V1,v2.7,0.7941,0.7919,0.7934,0.7605,0.8489,2222,25.79,0.2235,0.1855,2.45,Regression,True,WARNING
MON-003126,2026-02-10,20:00,CREDIT_LIMIT_OPTIMIZER_V1,v4.6,0.7879,0.7756,0.7795,0.7722,0.8349,509,11.46,0.2848,0.0646,1.68,Regression,True,WARNING
MON-003127,2026-02-11,08:00,CREDIT_LIMIT_OPTIMIZER_V1,v3.7,0.7827,0.7832,0.7775,0.7574,0.8348,3740,11.23,0.477,0.1462,0.77,Regression,True,WARNING
MON-003128,2026-02-11,20:00,CREDIT_LIMIT_OPTIMIZER_V1,v2.5,0.8165,0.8159,0.8036,0.8007,0.8601,11495,26.67,0.4589,0.0625,1.21,Regression,True,WARNING
MON-003129,2026-02-12,08:00,CREDIT_LIMIT_OPTIMIZER_V1,v4.5,0.7919,0.7694,0.7771,0.7819,0.8298,1090,15.22,0.1115,0.0668,0.54,Regression,True,WARNING
MON-003130,2026-02-12,20:00,CREDIT_LIMIT_OPTIMIZER_V1,v2.0,0.8181,0.8169,0.8444,0.8079,0.8848,1945,43.63,0.1062,0.0834,0.46,Regression,False,OK
MON-003131,2026-02-13,08:00,CREDIT_LIMIT_OPTIMIZER_V1,v2.4,0.784,0.7605,0.7867,0.772,0.822,23073,100.62,0.4102,0.611,0.2,Regression,True,WARNING
MON-003132,2026-02-13,20:00,CREDIT_LIMIT_OPTIMIZER_V1,v4.1,0.7969,0.7867,0.7655,0.8008,0.8442,10771,21.9,0.1308,0.2704,0.12,Regression,True,WARNING
MON-003133,2026-02-14,08:00,CREDIT_LIMIT_OPTIMIZER_V1,v4.5,0.7919,0.7801,0.7902,0.7916,0.8494,7286,28.48,0.2413,0.2107,0.72,Regression,True,WARNING
MON-003134,2026-02-14,20:00,CREDIT_LIMIT_OPTIMIZER_V1,v2.0,0.7867,0.7844,0.8015,0.7617,0.8341,5879,27.97,0.3528,0.0746,1.1,Regression,True,WARNING
MON-003135,2026-02-15,08:00,CREDIT_LIMIT_OPTIMIZER_V1,v2.3,0.7661,0.7593,0.7411,0.7569,0.8218,4005,16.19,0.1525,0.1113,6.58,Regression,True,WARNING
MON-003136,2026-02-15,20:00,CREDIT_LIMIT_OPTIMIZER_V1,v4.4,0.7745,0.7712,0.7829,0.7646,0.8353,1234,13.56,0.2349,0.1635,0.17,Regression,True,WARNING
MON-003137,2026-02-16,08:00,CREDIT_LIMIT_OPTIMIZER_V1,v2.2,0.8235,0.8425,0.8226,0.7963,0.8743,1772,8.03,0.0989,0.1087,3.26,Regression,False,OK
MON-003138,2026-02-16,20:00,CREDIT_LIMIT_OPTIMIZER_V1,v4.0,0.7842,0.7746,0.7576,0.7632,0.8389,11145,29.81,0.1934,0.2518,0.44,Regression,True,WARNING
MON-003139,2026-02-17,08:00,CREDIT_LIMIT_OPTIMIZER_V1,v1.5,0.8144,0.8253,0.8048,0.7821,0.8699,2537,17.68,0.2709,0.1683,5.35,Regression,False,OK
MON-003140,2026-02-17,20:00,CREDIT_LIMIT_OPTIMIZER_V1,v3.9,0.8012,0.8072,0.798,0.7798,0.8428,503,12.04,0.6016,0.3489,1.05,Regression,True,WARNING
MON-003141,2026-02-18,08:00,CREDIT_LIMIT_OPTIMIZER_V1,v3.5,0.6577,0.6616,0.6385,0.6509,0.6938,3300,15.75,0.3943,0.0718,0.06,Regression,True,CRITICAL
MON-003142,2026-02-18,20:00,CREDIT_LIMIT_OPTIMIZER_V1,v1.1,0.7924,0.8047,0.7809,0.7871,0.8626,418,16.58,0.5171,0.1981,4.74,Regression,True,WARNING
MON-003143,2026-02-19,08:00,CREDIT_LIMIT_OPTIMIZER_V1,v4.8,0.7992,0.7947,0.8027,0.805,0.8536,1474,11.66,0.1869,0.2616,7.26,Regression,True,WARNING
MON-003144,2026-02-19,20:00,CREDIT_LIMIT_OPTIMIZER_V1,v2.3,0.8142,0.8127,0.8177,0.8057,0.8555,521,11.8,0.1248,0.237,0.94,Regression,False,OK
MON-003145,2026-02-20,08:00,CREDIT_LIMIT_OPTIMIZER_V1,v2.5,0.7763,0.7678,0.7828,0.7648,0.8472,2960,21.98,0.0168,0.4881,0.65,Regression,True,WARNING
MON-003146,2026-02-20,20:00,CREDIT_LIMIT_OPTIMIZER_V1,v3.8,0.7237,0.6999,0.7136,0.7272,0.7588,3819,13.04,0.3191,0.0932,0.17,Regression,True,CRITICAL
MON-003147,2026-02-21,08:00,CREDIT_LIMIT_OPTIMIZER_V1,v4.8,0.8085,0.8096,0.8247,0.8076,0.8498,13093,12.62,0.0386,0.0802,2.88,Regression,False,OK
MON-003148,2026-02-21,20:00,CREDIT_LIMIT_OPTIMIZER_V1,v2.6,0.8157,0.8329,0.8135,0.7939,0.861,5316,15.42,0.2468,0.3375,1.65,Regression,False,OK
MON-003149,2026-02-22,08:00,CREDIT_LIMIT_OPTIMIZER_V1,v1.7,0.821,0.8072,0.8144,0.8034,0.8808,1830,6.62,0.0815,0.519,1.38,Regression,False,OK
MON-003150,2026-02-22,20:00,CREDIT_LIMIT_OPTIMIZER_V1,v3.8,0.7971,0.7843,0.7935,0.788,0.8432,1196,9.21,0.5208,0.2215,0.46,Regression,True,WARNING
MON-003151,2026-02-23,08:00,CREDIT_LIMIT_OPTIMIZER_V1,v4.0,0.7727,0.7757,0.778,0.744,0.8217,4672,12.01,0.1042,0.0604,0.67,Regression,True,WARNING
MON-003152,2026-02-23,20:00,CREDIT_LIMIT_OPTIMIZER_V1,v3.5,0.8089,0.8066,0.8131,0.7965,0.8466,549,44.51,0.6034,0.1094,0.1,Regression,True,WARNING
MON-003153,2026-02-24,08:00,CREDIT_LIMIT_OPTIMIZER_V1,v1.6,0.7984,0.8134,0.7913,0.7867,0.8467,13565,31.47,0.1697,0.2677,1.48,Regression,True,WARNING
MON-003154,2026-02-24,20:00,CREDIT_LIMIT_OPTIMIZER_V1,v1.7,0.8248,0.8197,0.8388,0.8155,0.8721,4564,20.37,0.5397,0.2346,1.5,Regression,True,WARNING
MON-003155,2026-02-25,08:00,CREDIT_LIMIT_OPTIMIZER_V1,v4.7,0.8047,0.82,0.8014,0.7972,0.8387,922,30.73,0.2171,0.1071,0.66,Regression,False,OK
MON-003156,2026-02-25,20:00,CREDIT_LIMIT_OPTIMIZER_V1,v2.5,0.825,0.8294,0.8351,0.8052,0.8718,1321,30.94,0.2419,0.2061,2.16,Regression,False,OK
MON-003157,2026-02-26,08:00,CREDIT_LIMIT_OPTIMIZER_V1,v2.7,0.7902,0.8015,0.8105,0.7787,0.8312,1758,9.41,0.1916,0.0757,1.65,Regression,True,WARNING
MON-003158,2026-02-26,20:00,CREDIT_LIMIT_OPTIMIZER_V1,v3.4,0.8249,0.8169,0.8173,0.8044,0.8893,2723,9.82,0.427,0.301,4.98,Regression,True,WARNING
MON-003159,2026-02-27,08:00,CREDIT_LIMIT_OPTIMIZER_V1,v1.3,0.8038,0.8016,0.7979,0.7971,0.8565,4026,14.32,0.0715,0.1435,2.48,Regression,False,OK
MON-003160,2026-02-27,20:00,CREDIT_LIMIT_OPTIMIZER_V1,v3.6,0.809,0.8106,0.7921,0.7948,0.8737,2274,18.19,0.0761,0.0978,1.73,Regression,False,OK
MON-003161,2026-02-28,08:00,CREDIT_LIMIT_OPTIMIZER_V1,v3.0,0.7663,0.7698,0.752,0.7604,0.7972,4130,9.06,0.2008,0.168,1.43,Regression,True,WARNING
MON-003162,2026-02-28,20:00,CREDIT_LIMIT_OPTIMIZER_V1,v2.0,0.8228,0.8155,0.8328,0.7885,0.8625,1864,26.57,0.4458,0.1717,1.12,Regression,True,WARNING
MON-003163,2026-03-01,08:00,CREDIT_LIMIT_OPTIMIZER_V1,v2.7,0.7969,0.7919,0.8067,0.7683,0.8397,12618,22.92,0.4804,0.6003,0.02,Regression,True,WARNING
MON-003164,2026-03-01,20:00,CREDIT_LIMIT_OPTIMIZER_V1,v2.6,0.8105,0.8259,0.7827,0.7974,0.8523,6407,33.67,0.1353,0.1444,0.93,Regression,False,OK
MON-003165,2026-03-02,08:00,CREDIT_LIMIT_OPTIMIZER_V1,v1.6,0.794,0.803,0.7785,0.7658,0.8471,8891,14.21,0.1853,0.0398,6.76,Regression,True,WARNING
MON-003166,2026-03-02,20:00,CREDIT_LIMIT_OPTIMIZER_V1,v1.1,0.8236,0.8113,0.8442,0.817,0.8707,4289,12.24,0.4431,0.1846,1.37,Regression,True,WARNING
MON-003167,2026-03-03,08:00,CREDIT_LIMIT_OPTIMIZER_V1,v3.8,0.8051,0.8077,0.7922,0.799,0.845,9609,59.38,0.4599,0.1935,0.63,Regression,True,WARNING
MON-003168,2026-03-03,20:00,CREDIT_LIMIT_OPTIMIZER_V1,v4.0,0.8034,0.8155,0.7994,0.7919,0.8819,356,13.9,0.1075,0.4061,0.52,Regression,False,OK
MON-003169,2026-03-04,08:00,CREDIT_LIMIT_OPTIMIZER_V1,v3.9,0.8384,0.831,0.8389,0.8185,0.8903,2928,14.07,0.4417,0.169,13.8,Regression,True,WARNING
MON-003170,2026-03-04,20:00,CREDIT_LIMIT_OPTIMIZER_V1,v1.7,0.7506,0.7559,0.7529,0.7322,0.7804,13444,14.52,0.1625,0.054,0.47,Regression,True,WARNING
MON-003171,2026-03-05,08:00,CREDIT_LIMIT_OPTIMIZER_V1,v2.8,0.7923,0.798,0.7703,0.7852,0.8495,8175,29.32,0.3421,0.1414,5.19,Regression,True,WARNING
MON-003172,2026-03-05,20:00,CREDIT_LIMIT_OPTIMIZER_V1,v3.1,0.7973,0.7804,0.7996,0.7874,0.8713,5504,29.57,0.2861,0.0835,1.91,Regression,True,WARNING
MON-003173,2026-03-06,08:00,CREDIT_LIMIT_OPTIMIZER_V1,v2.6,0.7839,0.7761,0.7402,0.7597,0.8411,1490,16.85,0.309,0.0905,1.17,Regression,True,WARNING
MON-003174,2026-03-06,20:00,CREDIT_LIMIT_OPTIMIZER_V1,v3.2,0.807,0.8018,0.7971,0.795,0.8467,5917,34.54,0.0799,0.1237,0.24,Regression,False,OK
MON-003175,2026-03-07,08:00,CREDIT_LIMIT_OPTIMIZER_V1,v2.0,0.7736,0.7736,0.7682,0.7727,0.8191,4808,66.17,0.2131,0.0492,1.51,Regression,True,WARNING
MON-003176,2026-03-07,20:00,CREDIT_LIMIT_OPTIMIZER_V1,v4.1,0.7744,0.7689,0.7498,0.7645,0.8325,808,14.48,0.2795,0.0948,0.15,Regression,True,WARNING
MON-003177,2026-03-08,08:00,CREDIT_LIMIT_OPTIMIZER_V1,v3.3,0.8091,0.813,0.8189,0.7893,0.8497,8494,7.86,0.2147,0.1194,4.31,Regression,False,OK
MON-003178,2026-03-08,20:00,CREDIT_LIMIT_OPTIMIZER_V1,v4.0,0.7821,0.7789,0.7682,0.7642,0.8305,2489,17.94,0.4656,0.1013,0.07,Regression,True,WARNING
MON-003179,2026-03-09,08:00,CREDIT_LIMIT_OPTIMIZER_V1,v1.2,0.8106,0.795,0.8356,0.7907,0.8515,1111,23.46,0.2358,0.053,1.55,Regression,False,OK
MON-003180,2026-03-09,20:00,CREDIT_LIMIT_OPTIMIZER_V1,v3.2,0.7883,0.7612,0.7944,0.7682,0.8442,876,24.16,0.2444,0.0937,2.23,Regression,True,WARNING
MON-003181,2026-03-10,08:00,CREDIT_LIMIT_OPTIMIZER_V1,v3.4,0.6894,0.684,0.6856,0.6638,0.7475,1776,12.78,0.4002,0.1473,1.43,Regression,True,CRITICAL
MON-003182,2026-03-10,20:00,CREDIT_LIMIT_OPTIMIZER_V1,v4.2,0.7805,0.7821,0.7914,0.766,0.8438,3866,17.65,0.289,0.3198,2.14,Regression,True,WARNING
MON-003183,2026-03-11,08:00,CREDIT_LIMIT_OPTIMIZER_V1,v4.3,0.7812,0.7812,0.756,0.7503,0.8414,1906,24.98,0.4464,0.4483,0.29,Regression,True,WARNING
MON-003184,2026-03-11,20:00,CREDIT_LIMIT_OPTIMIZER_V1,v2.5,0.7917,0.7808,0.7943,0.7835,0.8559,1213,12.46,0.1476,0.4852,2.74,Regression,True,WARNING
MON-003185,2026-03-12,08:00,CREDIT_LIMIT_OPTIMIZER_V1,v1.4,0.7843,0.7926,0.7653,0.7654,0.8505,1497,27.07,0.6134,0.2462,0.84,Regression,True,WARNING
MON-003186,2026-03-12,20:00,CREDIT_LIMIT_OPTIMIZER_V1,v3.8,0.7977,0.7937,0.8099,0.7947,0.8337,3580,10.8,0.0727,0.108,1.32,Regression,True,WARNING
MON-003187,2026-03-13,08:00,CREDIT_LIMIT_OPTIMIZER_V1,v1.1,0.763,0.7715,0.7561,0.738,0.8052,7735,28.62,0.4116,0.0871,3.43,Regression,True,WARNING
MON-003188,2026-03-13,20:00,CREDIT_LIMIT_OPTIMIZER_V1,v2.1,0.7832,0.7921,0.7515,0.7663,0.8241,3168,17.22,0.1808,0.4302,0.45,Regression,True,WARNING
MON-003189,2026-03-14,08:00,CREDIT_LIMIT_OPTIMIZER_V1,v1.3,0.8252,0.8334,0.8045,0.8097,0.8768,17593,54.98,0.2646,0.2923,1.36,Regression,False,OK
MON-003190,2026-03-14,20:00,CREDIT_LIMIT_OPTIMIZER_V1,v1.4,0.775,0.7814,0.7749,0.7482,0.8187,1217,16.77,0.266,0.4288,2.62,Regression,True,WARNING
MON-003191,2026-03-15,08:00,CREDIT_LIMIT_OPTIMIZER_V1,v2.1,0.7869,0.775,0.7919,0.7759,0.8331,1565,30.92,0.0282,0.22,1.0,Regression,True,WARNING
MON-003192,2026-03-15,20:00,CREDIT_LIMIT_OPTIMIZER_V1,v4.5,0.8249,0.8229,0.8013,0.7972,0.8856,5211,19.28,0.1982,0.1821,3.31,Regression,False,OK
MON-003193,2026-03-16,08:00,CREDIT_LIMIT_OPTIMIZER_V1,v1.8,0.7993,0.8142,0.7711,0.7875,0.8548,2530,33.95,0.059,0.4699,0.59,Regression,True,WARNING
MON-003194,2026-03-16,20:00,CREDIT_LIMIT_OPTIMIZER_V1,v4.8,0.7656,0.7632,0.759,0.7649,0.8107,9307,40.12,0.0887,0.3037,0.39,Regression,True,WARNING
MON-003195,2026-03-17,08:00,CREDIT_LIMIT_OPTIMIZER_V1,v1.7,0.812,0.7966,0.8359,0.8016,0.8699,765,21.61,0.1829,0.3081,1.97,Regression,False,OK
MON-003196,2026-03-17,20:00,CREDIT_LIMIT_OPTIMIZER_V1,v3.1,0.8238,0.8309,0.8155,0.8029,0.8767,3983,20.36,0.4522,0.1271,5.14,Regression,True,WARNING
MON-003197,2026-03-18,08:00,CREDIT_LIMIT_OPTIMIZER_V1,v3.1,0.7996,0.8049,0.8027,0.795,0.8525,5936,34.86,0.063,0.1204,0.52,Regression,True,WARNING
MON-003198,2026-03-18,20:00,CREDIT_LIMIT_OPTIMIZER_V1,v3.2,0.7889,0.7878,0.7491,0.7959,0.8456,486,29.99,0.3295,0.5128,5.14,Regression,True,WARNING
MON-003199,2026-03-19,08:00,CREDIT_LIMIT_OPTIMIZER_V1,v4.3,0.7122,0.7093,0.7526,0.7004,0.7377,800,8.61,0.2899,0.2045,0.22,Regression,True,CRITICAL
MON-003200,2026-03-19,20:00,CREDIT_LIMIT_OPTIMIZER_V1,v3.0,0.7903,0.7926,0.7736,0.768,0.8313,1602,33.16,0.2399,0.1691,2.81,Regression,True,WARNING
